Open On-Chip Debugger 0.12.0
Licensed under GNU GPL v2
For bug reports, read
	http://openocd.org/doc/doxygen/bugs.html
run_rate48_probe
Info : STLINK V2J43M28 (API v2) VID:PID 0483:3752
Info : Target voltage: 3.256122
Info : Unable to match requested speed 1000 kHz, using 950 kHz
Info : Unable to match requested speed 1000 kHz, using 950 kHz
Info : clock speed 950 kHz
Info : stlink_dap_op_connect(connect)
Info : SWD DPIDR 0x6ba02477
Info : [stm32h7r3.cpu0] Cortex-M7 r1p2 processor detected
Info : [stm32h7r3.cpu0] target has 8 breakpoints, 4 watchpoints
Info : starting gdb server for stm32h7r3.cpu0 on 3333
Info : Listening on port 3333 for gdb connections
[stm32h7r3.cpu0] halted due to debug-request, current mode: Thread 
xPSR: 0x81000000 pc: 0x900004c0 msp: 0x200005d0
[stm32h7r3.cpu0] halted due to debug-request, current mode: Thread 
xPSR: 0x21000000 pc: 0x00000df6 msp: 0x2000e148
[stm32h7r3.cpu0] halted due to debug-request, current mode: Thread 
xPSR: 0x21000000 pc: 0x000004c4 msp: 0x2000e148
RATE_CHUNK 0 0x52454144 0x4000 0x46f33000 0x4000 0x2e7ee632 0x38895dc5
[stm32h7r3.cpu0] halted due to debug-request, current mode: Thread 
xPSR: 0x21000000 pc: 0x00000df2 msp: 0x2000e148
RATE_CHUNK 1 0x52454144 0x4000 0x46f33000 0x8000 0x2e97507e 0x38895dc5
[stm32h7r3.cpu0] halted due to debug-request, current mode: Thread 
xPSR: 0x25001c00 pc: 0x00000e04 msp: 0x2000e148
RATE_CHUNK 2 0x52454144 0x4000 0x46f33000 0xc000 0x2e72b039 0x38895dc5
[stm32h7r3.cpu0] halted due to debug-request, current mode: Thread 
xPSR: 0x21000000 pc: 0x00000e0e msp: 0x2000e148
RATE_CHUNK 3 0x52454144 0x4000 0x46f33000 0x10000 0x2e68d8d2 0x38895dc5
[stm32h7r3.cpu0] halted due to debug-request, current mode: Thread 
xPSR: 0x21001800 pc: 0x00000e08 msp: 0x2000e148
RATE_CHUNK 4 0x52454144 0x4000 0x46f33000 0x14000 0x2e6a157e 0x38895dc5
[stm32h7r3.cpu0] halted due to debug-request, current mode: Thread 
xPSR: 0x21000000 pc: 0x00000df6 msp: 0x2000e148
RATE_CHUNK 5 0x52454144 0x4000 0x46f33000 0x18000 0x2e6ab4eb 0x38895dc5
[stm32h7r3.cpu0] halted due to debug-request, current mode: Thread 
xPSR: 0x25001c00 pc: 0x00000e04 msp: 0x2000e148
RATE_CHUNK 6 0x52454144 0x4000 0x46f33000 0x1c000 0x2e68c688 0x38895dc5
[stm32h7r3.cpu0] halted due to debug-request, current mode: Thread 
xPSR: 0x21000000 pc: 0x00000e0e msp: 0x2000e148
RATE_CHUNK 7 0x52454144 0x4000 0x46f33000 0x20000 0x2e628734 0x38895dc5
[stm32h7r3.cpu0] halted due to debug-request, current mode: Thread 
xPSR: 0x21000000 pc: 0x00000e0e msp: 0x2000e148
RATE_CHUNK 8 0x52454144 0x4000 0x46f33000 0x24000 0x2e6303a4 0x38895dc5
[stm32h7r3.cpu0] halted due to debug-request, current mode: Thread 
xPSR: 0x21000000 pc: 0x00000e00 msp: 0x2000e148
RATE_CHUNK 9 0x52454144 0x4000 0x46f33000 0x28000 0x2e62612a 0x38895dc5
[stm32h7r3.cpu0] halted due to debug-request, current mode: Thread 
xPSR: 0x21000000 pc: 0x000004c0 msp: 0x2000e148
RATE_CHUNK 10 0x52454144 0x4000 0x46f33000 0x2c000 0x2e6254fd 0x38895dc5
[stm32h7r3.cpu0] halted due to debug-request, current mode: Thread 
xPSR: 0x21000000 pc: 0x00000e0e msp: 0x2000e148
RATE_CHUNK 11 0x52454144 0x4000 0x46f33000 0x30000 0x2e640175 0x38895dc5
[stm32h7r3.cpu0] halted due to debug-request, current mode: Thread 
xPSR: 0x21001800 pc: 0x00000e08 msp: 0x2000e148
RATE_CHUNK 12 0x52454144 0x4000 0x46f33000 0x34000 0x2e633fd1 0x38895dc5
[stm32h7r3.cpu0] halted due to debug-request, current mode: Thread 
xPSR: 0x21000000 pc: 0x00000e00 msp: 0x2000e148
RATE_CHUNK 13 0x52454144 0x4000 0x46f33000 0x38000 0x2e6bfabf 0xf7666f82
[stm32h7r3.cpu0] halted due to debug-request, current mode: Thread 
xPSR: 0x21001800 pc: 0x00000e08 msp: 0x2000e148
RATE_CHUNK 14 0x52454144 0x4000 0x46f33000 0x3c000 0x2e7cbe70 0x731de068
[stm32h7r3.cpu0] halted due to debug-request, current mode: Thread 
xPSR: 0x25001c00 pc: 0x00000e04 msp: 0x2000e148
RATE_CHUNK 15 0x52454144 0x4000 0x46f33000 0x40000 0x2e7d05b1 0x843538ee
[stm32h7r3.cpu0] halted due to debug-request, current mode: Thread 
xPSR: 0x25001c00 pc: 0x00000e04 msp: 0x2000e148
RATE_CHUNK 16 0x52454144 0x4000 0x46f33000 0x44000 0x2e7c9b91 0x720d2e9b
[stm32h7r3.cpu0] halted due to debug-request, current mode: Thread 
xPSR: 0x21000000 pc: 0x00000e00 msp: 0x2000e148
RATE_CHUNK 17 0x52454144 0x4000 0x46f33000 0x48000 0x2e7e6a03 0x7e0a9168
[stm32h7r3.cpu0] halted due to debug-request, current mode: Thread 
xPSR: 0x21000000 pc: 0x00000e0e msp: 0x2000e148
RATE_CHUNK 18 0x52454144 0x4000 0x46f33000 0x4c000 0x2eb96aed 0xce85baf9
[stm32h7r3.cpu0] halted due to debug-request, current mode: Thread 
xPSR: 0x21000000 pc: 0x00000e00 msp: 0x2000e148
RATE_CHUNK 19 0x52454144 0x4000 0x46f33000 0x50000 0x36640e26 0x3c9b78e5
[stm32h7r3.cpu0] halted due to debug-request, current mode: Thread 
xPSR: 0x21000000 pc: 0x00000dfc msp: 0x2000e148
RATE_CHUNK 20 0x52454144 0x4000 0x46f33000 0x54000 0x35feb816 0x1ec9e5d4
[stm32h7r3.cpu0] halted due to debug-request, current mode: Thread 
xPSR: 0x21000000 pc: 0x000004c0 msp: 0x2000e148
RATE_CHUNK 21 0x52454144 0x4000 0x46f33000 0x58000 0x35c5d2ca 0xf4f79403
[stm32h7r3.cpu0] halted due to debug-request, current mode: Thread 
xPSR: 0x21000000 pc: 0x000004c0 msp: 0x2000e148
RATE_CHUNK 22 0x52454144 0x4000 0x46f33000 0x5c000 0x35a3ac59 0xf24a5550
[stm32h7r3.cpu0] halted due to debug-request, current mode: Thread 
xPSR: 0x21000000 pc: 0x00000df2 msp: 0x2000e148
RATE_CHUNK 23 0x52454144 0x4000 0x46f33000 0x60000 0x367bb265 0xbb74f169
[stm32h7r3.cpu0] halted due to debug-request, current mode: Thread 
xPSR: 0x21000000 pc: 0x00000df6 msp: 0x2000e148
RATE_CHUNK 24 0x52454144 0x4000 0x46f33000 0x64000 0x35bd721c 0xc93df7fe
[stm32h7r3.cpu0] halted due to debug-request, current mode: Thread 
xPSR: 0x25001c00 pc: 0x00000e04 msp: 0x2000e148
RATE_CHUNK 25 0x52454144 0x4000 0x46f33000 0x68000 0x35b11a2b 0x7899c53f
[stm32h7r3.cpu0] halted due to debug-request, current mode: Thread 
xPSR: 0x25001c00 pc: 0x00000e04 msp: 0x2000e148
RATE_CHUNK 26 0x52454144 0x4000 0x46f33000 0x6c000 0x35e42993 0x21a1a47b
[stm32h7r3.cpu0] halted due to debug-request, current mode: Thread 
xPSR: 0x25001c00 pc: 0x00000e04 msp: 0x2000e148
RATE_CHUNK 27 0x52454144 0x4000 0x46f33000 0x70000 0x364230f0 0xb521f7ef
[stm32h7r3.cpu0] halted due to debug-request, current mode: Thread 
xPSR: 0x21000000 pc: 0x00000df2 msp: 0x2000e148
RATE_CHUNK 28 0x52454144 0x4000 0x46f33000 0x74000 0x3629ca61 0xfd0142a8
[stm32h7r3.cpu0] halted due to debug-request, current mode: Thread 
xPSR: 0x21000000 pc: 0x00000e0e msp: 0x2000e148
RATE_CHUNK 29 0x52454144 0x4000 0x46f33000 0x78000 0x36529b31 0xd561954c
[stm32h7r3.cpu0] halted due to debug-request, current mode: Thread 
xPSR: 0x21000000 pc: 0x000004c0 msp: 0x2000e148
RATE_CHUNK 30 0x52454144 0x4000 0x46f33000 0x7c000 0x36ebd74f 0x992c2543
[stm32h7r3.cpu0] halted due to debug-request, current mode: Thread 
xPSR: 0x21000000 pc: 0x00000e0e msp: 0x2000e148
RATE_CHUNK 31 0x52454144 0x4000 0x46f33000 0x80000 0x35975f1f 0xbeca9174
[stm32h7r3.cpu0] halted due to debug-request, current mode: Thread 
xPSR: 0x21000000 pc: 0x000004c4 msp: 0x2000e148
RATE_CHUNK 32 0x52454144 0x4000 0x46f33000 0x84000 0x35dcbd5f 0xdcb72803
[stm32h7r3.cpu0] halted due to debug-request, current mode: Thread 
xPSR: 0x21001800 pc: 0x00000e08 msp: 0x2000e148
RATE_CHUNK 33 0x52454144 0x4000 0x46f33000 0x88000 0x35e66bb9 0x44795bf3
[stm32h7r3.cpu0] halted due to debug-request, current mode: Thread 
xPSR: 0x21000000 pc: 0x00000e00 msp: 0x2000e148
RATE_CHUNK 34 0x52454144 0x4000 0x46f33000 0x8c000 0x34d37ff7 0x9b513319
[stm32h7r3.cpu0] halted due to debug-request, current mode: Thread 
xPSR: 0x21001800 pc: 0x00000e08 msp: 0x2000e148
RATE_CHUNK 35 0x52454144 0x4000 0x46f33000 0x90000 0x359e3f99 0x5654e1be
[stm32h7r3.cpu0] halted due to debug-request, current mode: Thread 
xPSR: 0x21000000 pc: 0x00000dfc msp: 0x2000e148
RATE_CHUNK 36 0x52454144 0x4000 0x46f33000 0x94000 0x35ed46de 0xbfbc5b74
[stm32h7r3.cpu0] halted due to debug-request, current mode: Thread 
xPSR: 0x21001800 pc: 0x00000e08 msp: 0x2000e148
RATE_CHUNK 37 0x52454144 0x4000 0x46f33000 0x98000 0x357357fe 0xde8a42da
[stm32h7r3.cpu0] halted due to debug-request, current mode: Thread 
xPSR: 0x21001800 pc: 0x00000e08 msp: 0x2000e148
RATE_CHUNK 38 0x52454144 0x4000 0x46f33000 0x9c000 0x3685faeb 0xb4a75134
[stm32h7r3.cpu0] halted due to debug-request, current mode: Thread 
xPSR: 0x21000000 pc: 0x00000e00 msp: 0x2000e148
RATE_CHUNK 39 0x52454144 0x4000 0x46f33000 0xa0000 0x35d1df20 0xe4726d4b
[stm32h7r3.cpu0] halted due to debug-request, current mode: Thread 
xPSR: 0x21000000 pc: 0x00000df6 msp: 0x2000e148
RATE_CHUNK 40 0x52454144 0x4000 0x46f33000 0xa4000 0x35d449de 0xd8d688a
[stm32h7r3.cpu0] halted due to debug-request, current mode: Thread 
xPSR: 0x21000000 pc: 0x00000df6 msp: 0x2000e148
RATE_CHUNK 41 0x52454144 0x4000 0x46f33000 0xa8000 0x35d6d3b1 0xdaf28cc3
[stm32h7r3.cpu0] halted due to debug-request, current mode: Thread 
xPSR: 0x21000000 pc: 0x000004c4 msp: 0x2000e148
RATE_CHUNK 42 0x52454144 0x4000 0x46f33000 0xac000 0x36597fef 0x74e85ed7
[stm32h7r3.cpu0] halted due to debug-request, current mode: Thread 
xPSR: 0x21000000 pc: 0x00000dfc msp: 0x2000e148
RATE_CHUNK 43 0x52454144 0x4000 0x46f33000 0xb0000 0x35b73eaa 0xa8c4d0a3
[stm32h7r3.cpu0] halted due to debug-request, current mode: Thread 
xPSR: 0x25001c00 pc: 0x00000e04 msp: 0x2000e148
RATE_CHUNK 44 0x52454144 0x4000 0x46f33000 0xb4000 0x35d3e612 0x3495e752
[stm32h7r3.cpu0] halted due to debug-request, current mode: Thread 
xPSR: 0x21000000 pc: 0x00000df6 msp: 0x2000e148
RATE_CHUNK 45 0x52454144 0x4000 0x46f33000 0xb8000 0x366cfd6d 0xa2a61fe4
[stm32h7r3.cpu0] halted due to debug-request, current mode: Thread 
xPSR: 0x21001800 pc: 0x00000e08 msp: 0x2000e148
RATE_CHUNK 46 0x52454144 0x4000 0x46f33000 0xbc000 0x3623780d 0xf230dff4
[stm32h7r3.cpu0] halted due to debug-request, current mode: Thread 
xPSR: 0x21000000 pc: 0x000004c0 msp: 0x2000e148
RATE_CHUNK 47 0x52454144 0x4000 0x46f33000 0xc0000 0x366c769c 0x41f57fdc
[stm32h7r3.cpu0] halted due to debug-request, current mode: Thread 
xPSR: 0x21000000 pc: 0x00000df2 msp: 0x2000e148
RATE_CHUNK 48 0x52454144 0x4000 0x46f33000 0xc4000 0x36f63c08 0xc42180b1
[stm32h7r3.cpu0] halted due to debug-request, current mode: Thread 
xPSR: 0x21000000 pc: 0x00000df2 msp: 0x2000e148
RATE_CHUNK 49 0x52454144 0x4000 0x46f33000 0xc8000 0x36337afc 0xc72550f6
[stm32h7r3.cpu0] halted due to debug-request, current mode: Thread 
xPSR: 0x21000000 pc: 0x00000df6 msp: 0x2000e148
RATE_CHUNK 50 0x52454144 0x4000 0x46f33000 0xcc000 0x3577e21b 0x1acc44b9
[stm32h7r3.cpu0] halted due to debug-request, current mode: Thread 
xPSR: 0x21000000 pc: 0x00000df6 msp: 0x2000e148
RATE_CHUNK 51 0x52454144 0x4000 0x46f33000 0xd0000 0x35defe63 0xd029d45d
[stm32h7r3.cpu0] halted due to debug-request, current mode: Thread 
xPSR: 0x21000000 pc: 0x00000e0e msp: 0x2000e148
RATE_CHUNK 52 0x52454144 0x4000 0x46f33000 0xd4000 0x35c637b4 0xd06ec44b
[stm32h7r3.cpu0] halted due to debug-request, current mode: Thread 
xPSR: 0x25001c00 pc: 0x00000e04 msp: 0x2000e148
RATE_CHUNK 53 0x52454144 0x4000 0x46f33000 0xd8000 0x363a921b 0xb7b62f4b
[stm32h7r3.cpu0] halted due to debug-request, current mode: Thread 
xPSR: 0x21000000 pc: 0x000004c0 msp: 0x2000e148
RATE_CHUNK 54 0x52454144 0x4000 0x46f33000 0xdc000 0x35cb174f 0xc8e7e44b
[stm32h7r3.cpu0] halted due to debug-request, current mode: Thread 
xPSR: 0x21000000 pc: 0x000004c0 msp: 0x2000e148
RATE_CHUNK 55 0x52454144 0x4000 0x46f33000 0xe0000 0x35f77917 0xfa12fbc5
[stm32h7r3.cpu0] halted due to debug-request, current mode: Thread 
xPSR: 0x21000000 pc: 0x00000e0e msp: 0x2000e148
RATE_CHUNK 56 0x52454144 0x4000 0x46f33000 0xe4000 0x359d9e1f 0xc1c0a53
[stm32h7r3.cpu0] halted due to debug-request, current mode: Thread 
xPSR: 0x21000000 pc: 0x00000df6 msp: 0x2000e148
RATE_CHUNK 57 0x52454144 0x4000 0x46f33000 0xe8000 0x3646ca2b 0xedd94e2e
[stm32h7r3.cpu0] halted due to debug-request, current mode: Thread 
xPSR: 0x21000000 pc: 0x000004c4 msp: 0x2000e148
RATE_CHUNK 58 0x52454144 0x4000 0x46f33000 0xec000 0x35daee87 0xd0615310
[stm32h7r3.cpu0] halted due to debug-request, current mode: Thread 
xPSR: 0x21000000 pc: 0x000004c4 msp: 0x2000e148
RATE_CHUNK 59 0x52454144 0x4000 0x46f33000 0xf0000 0x3649b971 0xd1e9ec4a
[stm32h7r3.cpu0] halted due to debug-request, current mode: Thread 
xPSR: 0x21000000 pc: 0x00000e0e msp: 0x2000e148
RATE_CHUNK 60 0x52454144 0x4000 0x46f33000 0xf4000 0x36130b6d 0x119bb009
[stm32h7r3.cpu0] halted due to debug-request, current mode: Thread 
xPSR: 0x21000000 pc: 0x00000dfc msp: 0x2000e148
RATE_CHUNK 61 0x52454144 0x4000 0x46f33000 0xf8000 0x360783a4 0xa0fe2db8
[stm32h7r3.cpu0] halted due to debug-request, current mode: Thread 
xPSR: 0x21000000 pc: 0x00000df2 msp: 0x2000e148
RATE_CHUNK 62 0x52454144 0x4000 0x46f33000 0xfc000 0x35294a43 0xd7924aef
[stm32h7r3.cpu0] halted due to debug-request, current mode: Thread 
xPSR: 0x21000000 pc: 0x00000e0e msp: 0x2000e148
RATE_CHUNK 63 0x52454144 0x4000 0x46f33000 0x100000 0x35cbbc69 0x43f79f05
[stm32h7r3.cpu0] halted due to debug-request, current mode: Thread 
xPSR: 0x21000000 pc: 0x00000e0e msp: 0x2000e148
RATE_CHUNK 64 0x52454144 0x4000 0x46f33000 0x104000 0x3572a830 0x87a10521
[stm32h7r3.cpu0] halted due to debug-request, current mode: Thread 
xPSR: 0x25001c00 pc: 0x00000e04 msp: 0x2000e148
RATE_CHUNK 65 0x52454144 0x4000 0x46f33000 0x108000 0x3662dc4c 0x98697395
[stm32h7r3.cpu0] halted due to debug-request, current mode: Thread 
xPSR: 0x21000000 pc: 0x00000e0e msp: 0x2000e148
RATE_CHUNK 66 0x52454144 0x4000 0x46f33000 0x10c000 0x35474bdd 0xedbae909
[stm32h7r3.cpu0] halted due to debug-request, current mode: Thread 
xPSR: 0x21000000 pc: 0x00000df6 msp: 0x2000e148
RATE_CHUNK 67 0x52454144 0x4000 0x46f33000 0x110000 0x35ba57c2 0x514747ec
[stm32h7r3.cpu0] halted due to debug-request, current mode: Thread 
xPSR: 0x21000000 pc: 0x000004c0 msp: 0x2000e148
RATE_CHUNK 68 0x52454144 0x4000 0x46f33000 0x114000 0x35635ba5 0x7bfb0ea1
[stm32h7r3.cpu0] halted due to debug-request, current mode: Thread 
xPSR: 0x21000000 pc: 0x00000dfc msp: 0x2000e148
RATE_CHUNK 69 0x52454144 0x4000 0x46f33000 0x118000 0x3539b2a3 0x98432b79
[stm32h7r3.cpu0] halted due to debug-request, current mode: Thread 
xPSR: 0x21001800 pc: 0x00000e08 msp: 0x2000e148
RATE_CHUNK 70 0x52454144 0x4000 0x46f33000 0x11c000 0x365dd9a1 0x2bf9ec90
[stm32h7r3.cpu0] halted due to debug-request, current mode: Thread 
xPSR: 0x21001800 pc: 0x00000e08 msp: 0x2000e148
RATE_CHUNK 71 0x52454144 0x4000 0x46f33000 0x120000 0x35bb6594 0x8f3bfe32
[stm32h7r3.cpu0] halted due to debug-request, current mode: Thread 
xPSR: 0x21001800 pc: 0x00000e08 msp: 0x2000e148
RATE_CHUNK 72 0x52454144 0x4000 0x46f33000 0x124000 0x35df90c4 0xcec1f16c
[stm32h7r3.cpu0] halted due to debug-request, current mode: Thread 
xPSR: 0x21000000 pc: 0x00000e0e msp: 0x2000e148
RATE_CHUNK 73 0x52454144 0x4000 0x46f33000 0x128000 0x34cee75d 0xc1d55bf2
[stm32h7r3.cpu0] halted due to debug-request, current mode: Thread 
xPSR: 0x21000000 pc: 0x000004c0 msp: 0x2000e148
RATE_CHUNK 74 0x52454144 0x4000 0x46f33000 0x12c000 0x361babef 0x5318e59c
[stm32h7r3.cpu0] halted due to debug-request, current mode: Thread 
xPSR: 0x21001800 pc: 0x00000e08 msp: 0x2000e148
RATE_CHUNK 75 0x52454144 0x4000 0x46f33000 0x130000 0x365ac81c 0x978dcb7f
[stm32h7r3.cpu0] halted due to debug-request, current mode: Thread 
xPSR: 0x21001800 pc: 0x00000e08 msp: 0x2000e148
RATE_CHUNK 76 0x52454144 0x4000 0x46f33000 0x134000 0x36de0f61 0xeeb56aa0
[stm32h7r3.cpu0] halted due to debug-request, current mode: Thread 
xPSR: 0x21000000 pc: 0x00000e0e msp: 0x2000e148
RATE_CHUNK 77 0x52454144 0x4000 0x46f33000 0x138000 0x35a30a41 0xebedd53e
[stm32h7r3.cpu0] halted due to debug-request, current mode: Thread 
xPSR: 0x25001c00 pc: 0x00000e04 msp: 0x2000e148
RATE_CHUNK 78 0x52454144 0x4000 0x46f33000 0x13c000 0x356855c3 0xfe82cee0
[stm32h7r3.cpu0] halted due to debug-request, current mode: Thread 
xPSR: 0x21000000 pc: 0x00000df2 msp: 0x2000e148
RATE_CHUNK 79 0x52454144 0x4000 0x46f33000 0x140000 0x35f8be38 0x40bc0d6
[stm32h7r3.cpu0] halted due to debug-request, current mode: Thread 
xPSR: 0x21000000 pc: 0x00000df2 msp: 0x2000e148
RATE_CHUNK 80 0x52454144 0x4000 0x46f33000 0x144000 0x35cda1b5 0x5b22a4f0
[stm32h7r3.cpu0] halted due to debug-request, current mode: Thread 
xPSR: 0x25001c00 pc: 0x00000e04 msp: 0x2000e148
RATE_CHUNK 81 0x52454144 0x4000 0x46f33000 0x148000 0x357d040e 0xfb588625
[stm32h7r3.cpu0] halted due to debug-request, current mode: Thread 
xPSR: 0x21000000 pc: 0x00000df2 msp: 0x2000e148
RATE_CHUNK 82 0x52454144 0x4000 0x46f33000 0x14c000 0x35ca7e7a 0xb40477a7
[stm32h7r3.cpu0] halted due to debug-request, current mode: Thread 
xPSR: 0x21000000 pc: 0x000004c4 msp: 0x2000e148
RATE_CHUNK 83 0x52454144 0x4000 0x46f33000 0x150000 0x35c0c200 0x47db8ce8
[stm32h7r3.cpu0] halted due to debug-request, current mode: Thread 
xPSR: 0x21000000 pc: 0x00000e0e msp: 0x2000e148
RATE_CHUNK 84 0x52454144 0x4000 0x46f33000 0x154000 0x35e3bc6c 0xd8245004
[stm32h7r3.cpu0] halted due to debug-request, current mode: Thread 
xPSR: 0x25001c00 pc: 0x00000e04 msp: 0x2000e148
RATE_CHUNK 85 0x52454144 0x4000 0x46f33000 0x158000 0x358b4b2f 0x9900f17
[stm32h7r3.cpu0] halted due to debug-request, current mode: Thread 
xPSR: 0x21001800 pc: 0x00000e08 msp: 0x2000e148
RATE_CHUNK 86 0x52454144 0x4000 0x46f33000 0x15c000 0x35b1ce51 0xa633aaa6
[stm32h7r3.cpu0] halted due to debug-request, current mode: Thread 
xPSR: 0x21000000 pc: 0x00000dfc msp: 0x2000e148
RATE_CHUNK 87 0x52454144 0x4000 0x46f33000 0x160000 0x3572372a 0x86262e12
[stm32h7r3.cpu0] halted due to debug-request, current mode: Thread 
xPSR: 0x21000000 pc: 0x00000e0e msp: 0x2000e148
RATE_CHUNK 88 0x52454144 0x4000 0x46f33000 0x164000 0x3607a0d6 0xc397e3f2
[stm32h7r3.cpu0] halted due to debug-request, current mode: Thread 
xPSR: 0x21000000 pc: 0x00000e0e msp: 0x2000e148
RATE_CHUNK 89 0x52454144 0x4000 0x46f33000 0x168000 0x3535f63f 0xafe8d7e3
[stm32h7r3.cpu0] halted due to debug-request, current mode: Thread 
xPSR: 0x21000000 pc: 0x00000dfc msp: 0x2000e148
RATE_CHUNK 90 0x52454144 0x4000 0x46f33000 0x16c000 0x36148dfb 0x58feadeb
[stm32h7r3.cpu0] halted due to debug-request, current mode: Thread 
xPSR: 0x25001c00 pc: 0x00000e04 msp: 0x2000e148
RATE_CHUNK 91 0x52454144 0x4000 0x46f33000 0x170000 0x362f6e7b 0xfc6d2885
[stm32h7r3.cpu0] halted due to debug-request, current mode: Thread 
xPSR: 0x21000000 pc: 0x00000dfc msp: 0x2000e148
RATE_CHUNK 92 0x52454144 0x4000 0x46f33000 0x174000 0x360b6ac5 0x4d7eba9a
[stm32h7r3.cpu0] halted due to debug-request, current mode: Thread 
xPSR: 0x25001c00 pc: 0x00000e04 msp: 0x2000e148
RATE_CHUNK 93 0x52454144 0x4000 0x46f33000 0x178000 0x3540cd1d 0x7b70b35e
[stm32h7r3.cpu0] halted due to debug-request, current mode: Thread 
xPSR: 0x21000000 pc: 0x00000dfc msp: 0x2000e148
RATE_CHUNK 94 0x52454144 0x4000 0x46f33000 0x17c000 0x35f3311c 0xd2f54877
[stm32h7r3.cpu0] halted due to debug-request, current mode: Thread 
xPSR: 0x21001800 pc: 0x00000e08 msp: 0x2000e148
RATE_CHUNK 95 0x52454144 0x4000 0x46f33000 0x180000 0x357a5e0a 0x7ebd5f0c
[stm32h7r3.cpu0] halted due to debug-request, current mode: Thread 
xPSR: 0x21001800 pc: 0x00000e08 msp: 0x2000e148
RATE_CHUNK 96 0x52454144 0x4000 0x46f33000 0x184000 0x352cfa3c 0x977daaaf
[stm32h7r3.cpu0] halted due to debug-request, current mode: Thread 
xPSR: 0x25001c00 pc: 0x00000e04 msp: 0x2000e148
RATE_CHUNK 97 0x52454144 0x4000 0x46f33000 0x188000 0x35f0ae8b 0x3acf01aa
[stm32h7r3.cpu0] halted due to debug-request, current mode: Thread 
xPSR: 0x21000000 pc: 0x00000e00 msp: 0x2000e148
RATE_CHUNK 98 0x52454144 0x4000 0x46f33000 0x18c000 0x361579ed 0x1086ba17
[stm32h7r3.cpu0] halted due to debug-request, current mode: Thread 
xPSR: 0x21000000 pc: 0x00000e00 msp: 0x2000e148
RATE_CHUNK 99 0x52454144 0x4000 0x46f33000 0x190000 0x370ed9e0 0xaaccdb
[stm32h7r3.cpu0] halted due to debug-request, current mode: Thread 
xPSR: 0x25001c00 pc: 0x00000e04 msp: 0x2000e148
RATE_CHUNK 100 0x52454144 0x4000 0x46f33000 0x194000 0x359864c9 0xb4e7100a
[stm32h7r3.cpu0] halted due to debug-request, current mode: Thread 
xPSR: 0x21000000 pc: 0x00000df6 msp: 0x2000e148
RATE_CHUNK 101 0x52454144 0x4000 0x46f33000 0x198000 0x35dada87 0x197fa6d8
[stm32h7r3.cpu0] halted due to debug-request, current mode: Thread 
xPSR: 0x21000000 pc: 0x000004c0 msp: 0x2000e148
RATE_CHUNK 102 0x52454144 0x4000 0x46f33000 0x19c000 0x35cf13b6 0x39685ed7
[stm32h7r3.cpu0] halted due to debug-request, current mode: Thread 
xPSR: 0x21001800 pc: 0x00000e08 msp: 0x2000e148
RATE_CHUNK 103 0x52454144 0x4000 0x46f33000 0x1a0000 0x366f5f2e 0xf6667207
[stm32h7r3.cpu0] halted due to debug-request, current mode: Thread 
xPSR: 0x21000000 pc: 0x00000df2 msp: 0x2000e148
RATE_CHUNK 104 0x52454144 0x4000 0x46f33000 0x1a4000 0x35e1f852 0x93dc36b2
[stm32h7r3.cpu0] halted due to debug-request, current mode: Thread 
xPSR: 0x21000000 pc: 0x00000df2 msp: 0x2000e148
RATE_CHUNK 105 0x52454144 0x4000 0x46f33000 0x1a8000 0x35a54d6f 0xcb2de055
[stm32h7r3.cpu0] halted due to debug-request, current mode: Thread 
xPSR: 0x21000000 pc: 0x00000e00 msp: 0x2000e148
RATE_CHUNK 106 0x52454144 0x4000 0x46f33000 0x1ac000 0x3645806c 0x11e7dd88
[stm32h7r3.cpu0] halted due to debug-request, current mode: Thread 
xPSR: 0x25001c00 pc: 0x00000e04 msp: 0x2000e148
RATE_CHUNK 107 0x52454144 0x4000 0x46f33000 0x1b0000 0x35d7535d 0xce0addc
[stm32h7r3.cpu0] halted due to debug-request, current mode: Thread 
xPSR: 0x21000000 pc: 0x000004c0 msp: 0x2000e148
RATE_CHUNK 108 0x52454144 0x4000 0x46f33000 0x1b4000 0x35ca9a3d 0x385a7b82
[stm32h7r3.cpu0] halted due to debug-request, current mode: Thread 
xPSR: 0x21000000 pc: 0x00000df6 msp: 0x2000e148
RATE_CHUNK 109 0x52454144 0x4000 0x46f33000 0x1b8000 0x36147921 0x3f8fad87
[stm32h7r3.cpu0] halted due to debug-request, current mode: Thread 
xPSR: 0x21000000 pc: 0x00000e0e msp: 0x2000e148
RATE_CHUNK 110 0x52454144 0x4000 0x46f33000 0x1bc000 0x35f0b6cd 0x1f871f62
[stm32h7r3.cpu0] halted due to debug-request, current mode: Thread 
xPSR: 0x25001c00 pc: 0x00000e04 msp: 0x2000e148
RATE_CHUNK 111 0x52454144 0x4000 0x46f33000 0x1c0000 0x3649ca30 0xb30a0641
[stm32h7r3.cpu0] halted due to debug-request, current mode: Thread 
xPSR: 0x21000000 pc: 0x00000e00 msp: 0x2000e148
RATE_CHUNK 112 0x52454144 0x4000 0x46f33000 0x1c4000 0x359e079d 0x30794c7d
[stm32h7r3.cpu0] halted due to debug-request, current mode: Thread 
xPSR: 0x21000000 pc: 0x00000e0e msp: 0x2000e148
RATE_CHUNK 113 0x52454144 0x4000 0x46f33000 0x1c8000 0x358cf828 0xce517e7b
[stm32h7r3.cpu0] halted due to debug-request, current mode: Thread 
xPSR: 0x21000000 pc: 0x00000dfc msp: 0x2000e148
RATE_CHUNK 114 0x52454144 0x4000 0x46f33000 0x1cc000 0x35dd0c09 0x14628a6c
[stm32h7r3.cpu0] halted due to debug-request, current mode: Thread 
xPSR: 0x21000000 pc: 0x00000e00 msp: 0x2000e148
RATE_CHUNK 115 0x52454144 0x4000 0x46f33000 0x1d0000 0x35d79b83 0x1e2b70d4
[stm32h7r3.cpu0] halted due to debug-request, current mode: Thread 
xPSR: 0x21000000 pc: 0x000004c4 msp: 0x2000e148
RATE_CHUNK 116 0x52454144 0x4000 0x46f33000 0x1d4000 0x3585d436 0x1bb45a74
[stm32h7r3.cpu0] halted due to debug-request, current mode: Thread 
xPSR: 0x21000000 pc: 0x00000e0e msp: 0x2000e148
RATE_CHUNK 117 0x52454144 0x4000 0x46f33000 0x1d8000 0x35ab1496 0x3541bc7a
[stm32h7r3.cpu0] halted due to debug-request, current mode: Thread 
xPSR: 0x21001800 pc: 0x00000e08 msp: 0x2000e148
RATE_CHUNK 118 0x52454144 0x4000 0x46f33000 0x1dc000 0x35bc1f45 0x5fa44663
[stm32h7r3.cpu0] halted due to debug-request, current mode: Thread 
xPSR: 0x21000000 pc: 0x00000df6 msp: 0x2000e148
RATE_CHUNK 119 0x52454144 0x4000 0x46f33000 0x1e0000 0x35ab9720 0xb7871758
[stm32h7r3.cpu0] halted due to debug-request, current mode: Thread 
xPSR: 0x21001800 pc: 0x00000e08 msp: 0x2000e148
RATE_CHUNK 120 0x52454144 0x4000 0x46f33000 0x1e4000 0x35f09df1 0xf61ab199
[stm32h7r3.cpu0] halted due to debug-request, current mode: Thread 
xPSR: 0x21000000 pc: 0x00000e00 msp: 0x2000e148
RATE_CHUNK 121 0x52454144 0x4000 0x46f33000 0x1e8000 0x361049a5 0xcfaff7b8
[stm32h7r3.cpu0] halted due to debug-request, current mode: Thread 
xPSR: 0x21000000 pc: 0x00000e00 msp: 0x2000e148
RATE_CHUNK 122 0x52454144 0x4000 0x46f33000 0x1ec000 0x3624a5f5 0x7fec567f
[stm32h7r3.cpu0] halted due to debug-request, current mode: Thread 
xPSR: 0x21001800 pc: 0x00000e08 msp: 0x2000e148
RATE_CHUNK 123 0x52454144 0x4000 0x46f33000 0x1f0000 0x35f58508 0x502befd5
[stm32h7r3.cpu0] halted due to debug-request, current mode: Thread 
xPSR: 0x21000000 pc: 0x00000e00 msp: 0x2000e148
RATE_CHUNK 124 0x52454144 0x4000 0x46f33000 0x1f4000 0x3662a6f4 0x4d741cbc
[stm32h7r3.cpu0] halted due to debug-request, current mode: Thread 
xPSR: 0x21000000 pc: 0x00000df6 msp: 0x2000e148
RATE_CHUNK 125 0x52454144 0x4000 0x46f33000 0x1f8000 0x35b09664 0xb308a578
[stm32h7r3.cpu0] halted due to debug-request, current mode: Thread 
xPSR: 0x21001800 pc: 0x00000e08 msp: 0x2000e148
RATE_CHUNK 126 0x52454144 0x4000 0x46f33000 0x1fc000 0x3666cb4f 0xd0387d5f
[stm32h7r3.cpu0] halted due to debug-request, current mode: Thread 
xPSR: 0x21000000 pc: 0x00000e00 msp: 0x2000e148
RATE_CHUNK 127 0x52454144 0x4000 0x46f33000 0x200000 0x35a84ad0 0x6ce481d0
[stm32h7r3.cpu0] halted due to debug-request, current mode: Thread 
xPSR: 0x21000000 pc: 0x00000dfc msp: 0x2000e148
RATE_CHUNK 128 0x52454144 0x4000 0x46f33000 0x204000 0x360b058b 0x2359caf6
[stm32h7r3.cpu0] halted due to debug-request, current mode: Thread 
xPSR: 0x21000000 pc: 0x000004c4 msp: 0x2000e148
RATE_CHUNK 129 0x52454144 0x4000 0x46f33000 0x208000 0x35c4e401 0x37ffc866
[stm32h7r3.cpu0] halted due to debug-request, current mode: Thread 
xPSR: 0x21000000 pc: 0x00000df6 msp: 0x2000e148
RATE_CHUNK 130 0x52454144 0x4000 0x46f33000 0x20c000 0x3655cc03 0x5df93c2c
[stm32h7r3.cpu0] halted due to debug-request, current mode: Thread 
xPSR: 0x21000000 pc: 0x00000dfc msp: 0x2000e148
RATE_CHUNK 131 0x52454144 0x4000 0x46f33000 0x210000 0x3535a0c9 0x61ef8eca
[stm32h7r3.cpu0] halted due to debug-request, current mode: Thread 
xPSR: 0x21000000 pc: 0x00000df2 msp: 0x2000e148
RATE_CHUNK 132 0x52454144 0x4000 0x46f33000 0x214000 0x355eaf75 0x47b82851
[stm32h7r3.cpu0] halted due to debug-request, current mode: Thread 
xPSR: 0x21000000 pc: 0x00000dfc msp: 0x2000e148
RATE_CHUNK 133 0x52454144 0x4000 0x46f33000 0x218000 0x3562e30d 0xb19e6a77
[stm32h7r3.cpu0] halted due to debug-request, current mode: Thread 
xPSR: 0x21000000 pc: 0x00000dfc msp: 0x2000e148
RATE_CHUNK 134 0x52454144 0x4000 0x46f33000 0x21c000 0x35c49954 0xf24c7ca3
[stm32h7r3.cpu0] halted due to debug-request, current mode: Thread 
xPSR: 0x21001800 pc: 0x00000e08 msp: 0x2000e148
RATE_CHUNK 135 0x52454144 0x4000 0x46f33000 0x220000 0x3564a6fb 0x69367c5
[stm32h7r3.cpu0] halted due to debug-request, current mode: Thread 
xPSR: 0x21000000 pc: 0x00000dfc msp: 0x2000e148
RATE_CHUNK 136 0x52454144 0x4000 0x46f33000 0x224000 0x356d86c5 0x170e0332
[stm32h7r3.cpu0] halted due to debug-request, current mode: Thread 
xPSR: 0x21000000 pc: 0x00000df2 msp: 0x2000e148
RATE_CHUNK 137 0x52454144 0x4000 0x46f33000 0x228000 0x3649f942 0x9c9a4b78
[stm32h7r3.cpu0] halted due to debug-request, current mode: Thread 
xPSR: 0x21000000 pc: 0x000004c4 msp: 0x2000e148
RATE_CHUNK 138 0x52454144 0x4000 0x46f33000 0x22c000 0x35cb4f51 0x6c0289c9
[stm32h7r3.cpu0] halted due to debug-request, current mode: Thread 
xPSR: 0x21000000 pc: 0x00000df2 msp: 0x2000e148
RATE_CHUNK 139 0x52454144 0x4000 0x46f33000 0x230000 0x3693ca85 0x1a34078b
[stm32h7r3.cpu0] halted due to debug-request, current mode: Thread 
xPSR: 0x21001800 pc: 0x00000e08 msp: 0x2000e148
RATE_CHUNK 140 0x52454144 0x4000 0x46f33000 0x234000 0x365503eb 0xd10439e5
[stm32h7r3.cpu0] halted due to debug-request, current mode: Thread 
xPSR: 0x21000000 pc: 0x000004c0 msp: 0x2000e148
RATE_CHUNK 141 0x52454144 0x4000 0x46f33000 0x238000 0x368e5cc9 0xbdbfa72c
[stm32h7r3.cpu0] halted due to debug-request, current mode: Thread 
xPSR: 0x21000000 pc: 0x00000df2 msp: 0x2000e148
RATE_CHUNK 142 0x52454144 0x4000 0x46f33000 0x23c000 0x36bafef0 0xd242d165
[stm32h7r3.cpu0] halted due to debug-request, current mode: Thread 
xPSR: 0x25001c00 pc: 0x00000e04 msp: 0x2000e148
RATE_CHUNK 143 0x52454144 0x4000 0x46f33000 0x240000 0x360bae6c 0x164be33b
[stm32h7r3.cpu0] halted due to debug-request, current mode: Thread 
xPSR: 0x21000000 pc: 0x00000dfc msp: 0x2000e148
RATE_CHUNK 144 0x52454144 0x4000 0x46f33000 0x244000 0x35b97144 0x40657019
[stm32h7r3.cpu0] halted due to debug-request, current mode: Thread 
xPSR: 0x21000000 pc: 0x00000df2 msp: 0x2000e148
RATE_CHUNK 145 0x52454144 0x4000 0x46f33000 0x248000 0x35d9a145 0x7d430136
[stm32h7r3.cpu0] halted due to debug-request, current mode: Thread 
xPSR: 0x21000000 pc: 0x000004c0 msp: 0x2000e148
RATE_CHUNK 146 0x52454144 0x4000 0x46f33000 0x24c000 0x33e82f02 0xf71d1e09
[stm32h7r3.cpu0] halted due to debug-request, current mode: Thread 
xPSR: 0x21000000 pc: 0x000004c0 msp: 0x2000e148
RATE_CHUNK 147 0x52454144 0x4000 0x46f33000 0x250000 0x32ab2327 0x836ab264
[stm32h7r3.cpu0] halted due to debug-request, current mode: Thread 
xPSR: 0x21000000 pc: 0x000004c4 msp: 0x2000e148
RATE_CHUNK 148 0x52454144 0x4000 0x46f33000 0x254000 0x33af26a1 0xdcc6e57
[stm32h7r3.cpu0] halted due to debug-request, current mode: Thread 
xPSR: 0x21000000 pc: 0x00000e0e msp: 0x2000e148
RATE_CHUNK 149 0x52454144 0x4000 0x46f33000 0x258000 0x35da197d 0x50598051
[stm32h7r3.cpu0] halted due to debug-request, current mode: Thread 
xPSR: 0x21000000 pc: 0x00000e0e msp: 0x2000e148
RATE_CHUNK 150 0x52454144 0x4000 0x46f33000 0x25c000 0x33fde3f6 0xb88d0f59
[stm32h7r3.cpu0] halted due to debug-request, current mode: Thread 
xPSR: 0x21000000 pc: 0x00000dfc msp: 0x2000e148
RATE_CHUNK 151 0x52454144 0x4000 0x46f33000 0x260000 0x33d192e4 0xa233ea38
[stm32h7r3.cpu0] halted due to debug-request, current mode: Thread 
xPSR: 0x25001c00 pc: 0x00000e04 msp: 0x2000e148
RATE_CHUNK 152 0x52454144 0x4000 0x46f33000 0x264000 0x342faad0 0x766defe6
[stm32h7r3.cpu0] halted due to debug-request, current mode: Thread 
xPSR: 0x25001c00 pc: 0x00000e04 msp: 0x2000e148
RATE_CHUNK 153 0x52454144 0x4000 0x46f33000 0x268000 0x36922c4c 0x1da4f797
[stm32h7r3.cpu0] halted due to debug-request, current mode: Thread 
xPSR: 0x21000000 pc: 0x00000dfc msp: 0x2000e148
RATE_CHUNK 154 0x52454144 0x4000 0x46f33000 0x26c000 0x31ef430b 0x67a21a83
[stm32h7r3.cpu0] halted due to debug-request, current mode: Thread 
xPSR: 0x21000000 pc: 0x00000e0e msp: 0x2000e148
RATE_CHUNK 155 0x52454144 0x4000 0x46f33000 0x270000 0x3330d816 0x5a5f5202
[stm32h7r3.cpu0] halted due to debug-request, current mode: Thread 
xPSR: 0x21000000 pc: 0x00000e00 msp: 0x2000e148
RATE_CHUNK 156 0x52454144 0x4000 0x46f33000 0x274000 0x36017400 0xd5935676
[stm32h7r3.cpu0] halted due to debug-request, current mode: Thread 
xPSR: 0x21000000 pc: 0x00000dfc msp: 0x2000e148
RATE_CHUNK 157 0x52454144 0x4000 0x46f33000 0x278000 0x364f3227 0xeb0eb8a2
[stm32h7r3.cpu0] halted due to debug-request, current mode: Thread 
xPSR: 0x21000000 pc: 0x000004c0 msp: 0x2000e148
RATE_CHUNK 158 0x52454144 0x4000 0x46f33000 0x27c000 0x366b498a 0xc8431b9c
[stm32h7r3.cpu0] halted due to debug-request, current mode: Thread 
xPSR: 0x21000000 pc: 0x00000df6 msp: 0x2000e148
RATE_CHUNK 159 0x52454144 0x4000 0x46f33000 0x280000 0x3695403d 0x3e8a3e54
[stm32h7r3.cpu0] halted due to debug-request, current mode: Thread 
xPSR: 0x25001c00 pc: 0x00000e04 msp: 0x2000e148
RATE_CHUNK 160 0x52454144 0x4000 0x46f33000 0x284000 0x3503d74e 0xd31ceeac
[stm32h7r3.cpu0] halted due to debug-request, current mode: Thread 
xPSR: 0x21000000 pc: 0x00000dfc msp: 0x2000e148
RATE_CHUNK 161 0x52454144 0x4000 0x46f33000 0x288000 0x34bd5f7a 0x192002c1
[stm32h7r3.cpu0] halted due to debug-request, current mode: Thread 
xPSR: 0x21000000 pc: 0x00000df6 msp: 0x2000e148
RATE_CHUNK 162 0x52454144 0x4000 0x46f33000 0x28c000 0x319d6572 0x8edc2d91
[stm32h7r3.cpu0] halted due to debug-request, current mode: Thread 
xPSR: 0x21000000 pc: 0x00000dfc msp: 0x2000e148
RATE_CHUNK 163 0x52454144 0x4000 0x46f33000 0x290000 0x34653f9f 0x68cc3a67
[stm32h7r3.cpu0] halted due to debug-request, current mode: Thread 
xPSR: 0x21000000 pc: 0x000004c4 msp: 0x2000e148
RATE_CHUNK 164 0x52454144 0x4000 0x46f33000 0x294000 0x34f4203c 0x495f1cda
[stm32h7r3.cpu0] halted due to debug-request, current mode: Thread 
xPSR: 0x25001c00 pc: 0x00000e04 msp: 0x2000e148
RATE_CHUNK 165 0x52454144 0x4000 0x46f33000 0x298000 0x35754db7 0x7c6e8a11
[stm32h7r3.cpu0] halted due to debug-request, current mode: Thread 
xPSR: 0x21001800 pc: 0x00000e08 msp: 0x2000e148
RATE_CHUNK 166 0x52454144 0x4000 0x46f33000 0x29c000 0x3208e991 0x8f5f8da9
[stm32h7r3.cpu0] halted due to debug-request, current mode: Thread 
xPSR: 0x21000000 pc: 0x000004c0 msp: 0x2000e148
RATE_CHUNK 167 0x52454144 0x4000 0x46f33000 0x2a0000 0x33cda46c 0x511d2471
[stm32h7r3.cpu0] halted due to debug-request, current mode: Thread 
xPSR: 0x21000000 pc: 0x000004c4 msp: 0x2000e148
RATE_CHUNK 168 0x52454144 0x4000 0x46f33000 0x2a4000 0x3486a62e 0x884e2692
[stm32h7r3.cpu0] halted due to debug-request, current mode: Thread 
xPSR: 0x21001800 pc: 0x00000e08 msp: 0x2000e148
RATE_CHUNK 169 0x52454144 0x4000 0x46f33000 0x2a8000 0x33f8655e 0xd5c79aec
[stm32h7r3.cpu0] halted due to debug-request, current mode: Thread 
xPSR: 0x21000000 pc: 0x00000e00 msp: 0x2000e148
RATE_CHUNK 170 0x52454144 0x4000 0x46f33000 0x2ac000 0x336dc880 0xee4bd440
[stm32h7r3.cpu0] halted due to debug-request, current mode: Thread 
xPSR: 0x21000000 pc: 0x000004c4 msp: 0x2000e148
RATE_CHUNK 171 0x52454144 0x4000 0x46f33000 0x2b0000 0x34985a1b 0xacc1ada9
[stm32h7r3.cpu0] halted due to debug-request, current mode: Thread 
xPSR: 0x25001c00 pc: 0x00000e04 msp: 0x2000e148
RATE_CHUNK 172 0x52454144 0x4000 0x46f33000 0x2b4000 0x36c3af7c 0xf4271072
[stm32h7r3.cpu0] halted due to debug-request, current mode: Thread 
xPSR: 0x21000000 pc: 0x00000e0e msp: 0x2000e148
RATE_CHUNK 173 0x52454144 0x4000 0x46f33000 0x2b8000 0x35a94a58 0x868aaa3a
[stm32h7r3.cpu0] halted due to debug-request, current mode: Thread 
xPSR: 0x21001800 pc: 0x00000e08 msp: 0x2000e148
RATE_CHUNK 174 0x52454144 0x4000 0x46f33000 0x2bc000 0x3612fcf1 0x1d171db5
[stm32h7r3.cpu0] halted due to debug-request, current mode: Thread 
xPSR: 0x21000000 pc: 0x00000e00 msp: 0x2000e148
RATE_CHUNK 175 0x52454144 0x4000 0x46f33000 0x2c0000 0x35dd7b0c 0x56bacc4e
[stm32h7r3.cpu0] halted due to debug-request, current mode: Thread 
xPSR: 0x21000000 pc: 0x00000df2 msp: 0x2000e148
RATE_CHUNK 176 0x52454144 0x4000 0x46f33000 0x2c4000 0x35537941 0xfc0694d
[stm32h7r3.cpu0] halted due to debug-request, current mode: Thread 
xPSR: 0x21000000 pc: 0x00000e00 msp: 0x2000e148
RATE_CHUNK 177 0x52454144 0x4000 0x46f33000 0x2c8000 0x355421fd 0x201d25e
[stm32h7r3.cpu0] halted due to debug-request, current mode: Thread 
xPSR: 0x21000000 pc: 0x00000df2 msp: 0x2000e148
RATE_CHUNK 178 0x52454144 0x4000 0x46f33000 0x2cc000 0x3541371a 0x3f8a5e51
[stm32h7r3.cpu0] halted due to debug-request, current mode: Thread 
xPSR: 0x21000000 pc: 0x00000df2 msp: 0x2000e148
RATE_CHUNK 179 0x52454144 0x4000 0x46f33000 0x2d0000 0x3574a5d4 0x6d31ee5e
[stm32h7r3.cpu0] halted due to debug-request, current mode: Thread 
xPSR: 0x21000000 pc: 0x00000e00 msp: 0x2000e148
RATE_CHUNK 180 0x52454144 0x4000 0x46f33000 0x2d4000 0x3579d639 0x4cc99136
[stm32h7r3.cpu0] halted due to debug-request, current mode: Thread 
xPSR: 0x21000000 pc: 0x00000e00 msp: 0x2000e148
RATE_CHUNK 181 0x52454144 0x4000 0x46f33000 0x2d8000 0x3507ebc6 0xfa6f7f54
[stm32h7r3.cpu0] halted due to debug-request, current mode: Thread 
xPSR: 0x21000000 pc: 0x00000e00 msp: 0x2000e148
RATE_CHUNK 182 0x52454144 0x4000 0x46f33000 0x2dc000 0x34fabc81 0xcbb04af3
[stm32h7r3.cpu0] halted due to debug-request, current mode: Thread 
xPSR: 0x21000000 pc: 0x00000df2 msp: 0x2000e148
RATE_CHUNK 183 0x52454144 0x4000 0x46f33000 0x2e0000 0x34f13e69 0x97cddd31
[stm32h7r3.cpu0] halted due to debug-request, current mode: Thread 
xPSR: 0x25001c00 pc: 0x00000e04 msp: 0x2000e148
RATE_CHUNK 184 0x52454144 0x4000 0x46f33000 0x2e4000 0x3551cadf 0x4b9d5e94
[stm32h7r3.cpu0] halted due to debug-request, current mode: Thread 
xPSR: 0x21000000 pc: 0x00000df6 msp: 0x2000e148
RATE_CHUNK 185 0x52454144 0x4000 0x46f33000 0x2e8000 0x34c3f206 0xc2f7e823
[stm32h7r3.cpu0] halted due to debug-request, current mode: Thread 
xPSR: 0x21000000 pc: 0x00000df2 msp: 0x2000e148
RATE_CHUNK 186 0x52454144 0x4000 0x46f33000 0x2ec000 0x3556c307 0xa236c904
[stm32h7r3.cpu0] halted due to debug-request, current mode: Thread 
xPSR: 0x21000000 pc: 0x00000df6 msp: 0x2000e148
RATE_CHUNK 187 0x52454144 0x4000 0x46f33000 0x2f0000 0x355bea69 0xce100434
[stm32h7r3.cpu0] halted due to debug-request, current mode: Thread 
xPSR: 0x21000000 pc: 0x00000e0e msp: 0x2000e148
RATE_CHUNK 188 0x52454144 0x4000 0x46f33000 0x2f4000 0x34b0e1a2 0x11609ffc
[stm32h7r3.cpu0] halted due to debug-request, current mode: Thread 
xPSR: 0x21000000 pc: 0x000004c4 msp: 0x2000e148
RATE_CHUNK 189 0x52454144 0x4000 0x46f33000 0x2f8000 0x35166b4d 0xcda91565
[stm32h7r3.cpu0] halted due to debug-request, current mode: Thread 
xPSR: 0x21000000 pc: 0x00000dfc msp: 0x2000e148
RATE_CHUNK 190 0x52454144 0x4000 0x46f33000 0x2fc000 0x347ca87f 0xf4183e67
[stm32h7r3.cpu0] halted due to debug-request, current mode: Thread 
xPSR: 0x25001c00 pc: 0x00000e04 msp: 0x2000e148
RATE_CHUNK 191 0x52454144 0x4000 0x46f33000 0x300000 0x34e3770c 0x4a8b5fdc
[stm32h7r3.cpu0] halted due to debug-request, current mode: Thread 
xPSR: 0x21000000 pc: 0x00000dfc msp: 0x2000e148
RATE_CHUNK 192 0x52454144 0x4000 0x46f33000 0x304000 0x3573ac15 0xe44839a3
[stm32h7r3.cpu0] halted due to debug-request, current mode: Thread 
xPSR: 0x21000000 pc: 0x00000e00 msp: 0x2000e148
RATE_CHUNK 193 0x52454144 0x4000 0x46f33000 0x308000 0x3580550a 0xc4a32ea5
[stm32h7r3.cpu0] halted due to debug-request, current mode: Thread 
xPSR: 0x21000000 pc: 0x00000df2 msp: 0x2000e148
RATE_CHUNK 194 0x52454144 0x4000 0x46f33000 0x30c000 0x35457e3c 0xf4e1c724
[stm32h7r3.cpu0] halted due to debug-request, current mode: Thread 
xPSR: 0x21000000 pc: 0x000004c0 msp: 0x2000e148
RATE_CHUNK 195 0x52454144 0x4000 0x46f33000 0x310000 0x357fddb8 0xf2e02a07
[stm32h7r3.cpu0] halted due to debug-request, current mode: Thread 
xPSR: 0x21000000 pc: 0x00000df2 msp: 0x2000e148
RATE_CHUNK 196 0x52454144 0x4000 0x46f33000 0x314000 0x34fe7c30 0x9de8c5a5
[stm32h7r3.cpu0] halted due to debug-request, current mode: Thread 
xPSR: 0x25001c00 pc: 0x00000e04 msp: 0x2000e148
RATE_CHUNK 197 0x52454144 0x4000 0x46f33000 0x318000 0x35267090 0x6633cbfa
[stm32h7r3.cpu0] halted due to debug-request, current mode: Thread 
xPSR: 0x25001c00 pc: 0x00000e04 msp: 0x2000e148
RATE_CHUNK 198 0x52454144 0x4000 0x46f33000 0x31c000 0x34ed1501 0x700bec1e
[stm32h7r3.cpu0] halted due to debug-request, current mode: Thread 
xPSR: 0x21000000 pc: 0x00000dfc msp: 0x2000e148
RATE_CHUNK 199 0x52454144 0x4000 0x46f33000 0x320000 0x354ce8a9 0xbf9ad324
[stm32h7r3.cpu0] halted due to debug-request, current mode: Thread 
xPSR: 0x21000000 pc: 0x00000df6 msp: 0x2000e148
RATE_CHUNK 200 0x52454144 0x4000 0x46f33000 0x324000 0x3500835f 0xa7c56860
[stm32h7r3.cpu0] halted due to debug-request, current mode: Thread 
xPSR: 0x21001800 pc: 0x00000e08 msp: 0x2000e148
RATE_CHUNK 201 0x52454144 0x4000 0x46f33000 0x328000 0x35271a0c 0x40e3c758
[stm32h7r3.cpu0] halted due to debug-request, current mode: Thread 
xPSR: 0x21001800 pc: 0x00000e08 msp: 0x2000e148
RATE_CHUNK 202 0x52454144 0x4000 0x46f33000 0x32c000 0x35797f9a 0x76afcebd
[stm32h7r3.cpu0] halted due to debug-request, current mode: Thread 
xPSR: 0x21000000 pc: 0x000004c4 msp: 0x2000e148
RATE_CHUNK 203 0x52454144 0x4000 0x46f33000 0x330000 0x34ab8f76 0xc7b47e6b
[stm32h7r3.cpu0] halted due to debug-request, current mode: Thread 
xPSR: 0x21000000 pc: 0x000004c4 msp: 0x2000e148
RATE_CHUNK 204 0x52454144 0x4000 0x46f33000 0x334000 0x34fe96b1 0xe51dcc0b
[stm32h7r3.cpu0] halted due to debug-request, current mode: Thread 
xPSR: 0x21001800 pc: 0x00000e08 msp: 0x2000e148
RATE_CHUNK 205 0x52454144 0x4000 0x46f33000 0x338000 0x34f5f640 0xc219d83e
[stm32h7r3.cpu0] halted due to debug-request, current mode: Thread 
xPSR: 0x21000000 pc: 0x000004c4 msp: 0x2000e148
RATE_CHUNK 206 0x52454144 0x4000 0x46f33000 0x33c000 0x34b226ed 0x58240bc
[stm32h7r3.cpu0] halted due to debug-request, current mode: Thread 
xPSR: 0x21000000 pc: 0x000004c0 msp: 0x2000e148
RATE_CHUNK 207 0x52454144 0x4000 0x46f33000 0x340000 0x35831427 0xc06eec30
[stm32h7r3.cpu0] halted due to debug-request, current mode: Thread 
xPSR: 0x21001800 pc: 0x00000e08 msp: 0x2000e148
RATE_CHUNK 208 0x52454144 0x4000 0x46f33000 0x344000 0x35cb7d01 0x1ca58ab4
[stm32h7r3.cpu0] halted due to debug-request, current mode: Thread 
xPSR: 0x21000000 pc: 0x00000df2 msp: 0x2000e148
RATE_CHUNK 209 0x52454144 0x4000 0x46f33000 0x348000 0x35b3f04e 0x451cdee9
[stm32h7r3.cpu0] halted due to debug-request, current mode: Thread 
xPSR: 0x21000000 pc: 0x00000dfc msp: 0x2000e148
RATE_CHUNK 210 0x52454144 0x4000 0x46f33000 0x34c000 0x35ebce6e 0x3c34c56b
[stm32h7r3.cpu0] halted due to debug-request, current mode: Thread 
xPSR: 0x21000000 pc: 0x00000e00 msp: 0x2000e148
RATE_CHUNK 211 0x52454144 0x4000 0x46f33000 0x350000 0x358aa5ca 0xc56574c5
[stm32h7r3.cpu0] halted due to debug-request, current mode: Thread 
xPSR: 0x21000000 pc: 0x00000dfc msp: 0x2000e148
RATE_CHUNK 212 0x52454144 0x4000 0x46f33000 0x354000 0x35c261ec 0x90fe8e7f
[stm32h7r3.cpu0] halted due to debug-request, current mode: Thread 
xPSR: 0x21000000 pc: 0x00000df2 msp: 0x2000e148
RATE_CHUNK 213 0x52454144 0x4000 0x46f33000 0x358000 0x355ff855 0x65a6e88f
[stm32h7r3.cpu0] halted due to debug-request, current mode: Thread 
xPSR: 0x21000000 pc: 0x00000e0e msp: 0x2000e148
RATE_CHUNK 214 0x52454144 0x4000 0x46f33000 0x35c000 0x362558a1 0x8e25998c
[stm32h7r3.cpu0] halted due to debug-request, current mode: Thread 
xPSR: 0x21000000 pc: 0x000004c4 msp: 0x2000e148
RATE_CHUNK 215 0x52454144 0x4000 0x46f33000 0x360000 0x34ff7837 0x45e3bc34
[stm32h7r3.cpu0] halted due to debug-request, current mode: Thread 
xPSR: 0x21000000 pc: 0x000004c4 msp: 0x2000e148
RATE_CHUNK 216 0x52454144 0x4000 0x46f33000 0x364000 0x3640b0cc 0xe7d9dfb9
[stm32h7r3.cpu0] halted due to debug-request, current mode: Thread 
xPSR: 0x21000000 pc: 0x000004c4 msp: 0x2000e148
RATE_CHUNK 217 0x52454144 0x4000 0x46f33000 0x368000 0x36056edd 0x49e4f688
[stm32h7r3.cpu0] halted due to debug-request, current mode: Thread 
xPSR: 0x21000000 pc: 0x00000e0e msp: 0x2000e148
RATE_CHUNK 218 0x52454144 0x4000 0x46f33000 0x36c000 0x36235ea1 0xb8422771
[stm32h7r3.cpu0] halted due to debug-request, current mode: Thread 
xPSR: 0x21000000 pc: 0x00000dfc msp: 0x2000e148
RATE_CHUNK 219 0x52454144 0x4000 0x46f33000 0x370000 0x354c896b 0x9b1ef5a
[stm32h7r3.cpu0] halted due to debug-request, current mode: Thread 
xPSR: 0x21001800 pc: 0x00000e08 msp: 0x2000e148
RATE_CHUNK 220 0x52454144 0x4000 0x46f33000 0x374000 0x35e76ede 0x4af40655
[stm32h7r3.cpu0] halted due to debug-request, current mode: Thread 
xPSR: 0x21000000 pc: 0x000004c0 msp: 0x2000e148
RATE_CHUNK 221 0x52454144 0x4000 0x46f33000 0x378000 0x35838bad 0x4770f959
[stm32h7r3.cpu0] halted due to debug-request, current mode: Thread 
xPSR: 0x21000000 pc: 0x000004c4 msp: 0x2000e148
RATE_CHUNK 222 0x52454144 0x4000 0x46f33000 0x37c000 0x35419667 0x960a0fde
[stm32h7r3.cpu0] halted due to debug-request, current mode: Thread 
xPSR: 0x21000000 pc: 0x000004c0 msp: 0x2000e148
RATE_CHUNK 223 0x52454144 0x4000 0x46f33000 0x380000 0x35d8b827 0xc7b00f55
[stm32h7r3.cpu0] halted due to debug-request, current mode: Thread 
xPSR: 0x21000000 pc: 0x00000dfc msp: 0x2000e148
RATE_CHUNK 224 0x52454144 0x4000 0x46f33000 0x384000 0x360d2a2b 0x7dc5b273
[stm32h7r3.cpu0] halted due to debug-request, current mode: Thread 
xPSR: 0x21000000 pc: 0x00000df2 msp: 0x2000e148
RATE_CHUNK 225 0x52454144 0x4000 0x46f33000 0x388000 0x365dbbcb 0xe879f3e9
[stm32h7r3.cpu0] halted due to debug-request, current mode: Thread 
xPSR: 0x21000000 pc: 0x000004c4 msp: 0x2000e148
RATE_CHUNK 226 0x52454144 0x4000 0x46f33000 0x38c000 0x354c8757 0x5267a05d
[stm32h7r3.cpu0] halted due to debug-request, current mode: Thread 
xPSR: 0x21001800 pc: 0x00000e08 msp: 0x2000e148
RATE_CHUNK 227 0x52454144 0x4000 0x46f33000 0x390000 0x35d37b49 0x15e9d1e0
[stm32h7r3.cpu0] halted due to debug-request, current mode: Thread 
xPSR: 0x25001c00 pc: 0x00000e04 msp: 0x2000e148
RATE_CHUNK 228 0x52454144 0x4000 0x46f33000 0x394000 0x359e7634 0xd02556d7
[stm32h7r3.cpu0] halted due to debug-request, current mode: Thread 
xPSR: 0x21000000 pc: 0x00000e00 msp: 0x2000e148
RATE_CHUNK 229 0x52454144 0x4000 0x46f33000 0x398000 0x35ed37b9 0x9611c918
[stm32h7r3.cpu0] halted due to debug-request, current mode: Thread 
xPSR: 0x25001c00 pc: 0x00000e04 msp: 0x2000e148
RATE_CHUNK 230 0x52454144 0x4000 0x46f33000 0x39c000 0x360b5c07 0x99870fde
[stm32h7r3.cpu0] halted due to debug-request, current mode: Thread 
xPSR: 0x21000000 pc: 0x00000df6 msp: 0x2000e148
RATE_CHUNK 231 0x52454144 0x4000 0x46f33000 0x3a0000 0x364bb144 0xd0eff6e
[stm32h7r3.cpu0] halted due to debug-request, current mode: Thread 
xPSR: 0x21000000 pc: 0x00000df2 msp: 0x2000e148
RATE_CHUNK 232 0x52454144 0x4000 0x46f33000 0x3a4000 0x363253fa 0xc624a13b
[stm32h7r3.cpu0] halted due to debug-request, current mode: Thread 
xPSR: 0x21000000 pc: 0x00000df2 msp: 0x2000e148
RATE_CHUNK 233 0x52454144 0x4000 0x46f33000 0x3a8000 0x35c77438 0x7f59130f
[stm32h7r3.cpu0] halted due to debug-request, current mode: Thread 
xPSR: 0x21000000 pc: 0x00000e0e msp: 0x2000e148
RATE_CHUNK 234 0x52454144 0x4000 0x46f33000 0x3ac000 0x359cb651 0x2390a0df
[stm32h7r3.cpu0] halted due to debug-request, current mode: Thread 
xPSR: 0x21000000 pc: 0x00000e0e msp: 0x2000e148
RATE_CHUNK 235 0x52454144 0x4000 0x46f33000 0x3b0000 0x36e19dcb 0x1596157a
[stm32h7r3.cpu0] halted due to debug-request, current mode: Thread 
xPSR: 0x21000000 pc: 0x000004c0 msp: 0x2000e148
RATE_CHUNK 236 0x52454144 0x4000 0x46f33000 0x3b4000 0x3633fcef 0xc13eb8ab
[stm32h7r3.cpu0] halted due to debug-request, current mode: Thread 
xPSR: 0x21000000 pc: 0x000004c0 msp: 0x2000e148
RATE_CHUNK 237 0x52454144 0x4000 0x46f33000 0x3b8000 0x360636b5 0xc560026f
[stm32h7r3.cpu0] halted due to debug-request, current mode: Thread 
xPSR: 0x21000000 pc: 0x00000dfc msp: 0x2000e148
RATE_CHUNK 238 0x52454144 0x4000 0x46f33000 0x3bc000 0x32592d0f 0xf0ec9b5c
[stm32h7r3.cpu0] halted due to debug-request, current mode: Thread 
xPSR: 0x21001800 pc: 0x00000e08 msp: 0x2000e148
RATE_CHUNK 239 0x52454144 0x4000 0x46f33000 0x3c0000 0x3474579e 0x41d7101c
[stm32h7r3.cpu0] halted due to debug-request, current mode: Thread 
xPSR: 0x21000000 pc: 0x00000df2 msp: 0x2000e148
RATE_CHUNK 240 0x52454144 0x4000 0x46f33000 0x3c4000 0x35d8e8ca 0xca26c0ff
[stm32h7r3.cpu0] halted due to debug-request, current mode: Thread 
xPSR: 0x21001800 pc: 0x00000e08 msp: 0x2000e148
RATE_CHUNK 241 0x52454144 0x4000 0x46f33000 0x3c8000 0x3664fb9f 0xf3d1be3b
[stm32h7r3.cpu0] halted due to debug-request, current mode: Thread 
xPSR: 0x21000000 pc: 0x000004c0 msp: 0x2000e148
RATE_CHUNK 242 0x52454144 0x4000 0x46f33000 0x3cc000 0x30b4a290 0x62348f08
[stm32h7r3.cpu0] halted due to debug-request, current mode: Thread 
xPSR: 0x25001c00 pc: 0x00000e04 msp: 0x2000e148
RATE_CHUNK 243 0x52454144 0x4000 0x46f33000 0x3d0000 0x35e0a194 0x56c1acbe
[stm32h7r3.cpu0] halted due to debug-request, current mode: Thread 
xPSR: 0x21000000 pc: 0x00000df6 msp: 0x2000e148
RATE_CHUNK 244 0x52454144 0x4000 0x46f33000 0x3d4000 0x362f86ef 0xbd105622
[stm32h7r3.cpu0] halted due to debug-request, current mode: Thread 
xPSR: 0x25001c00 pc: 0x00000e04 msp: 0x2000e148
RATE_CHUNK 245 0x52454144 0x4000 0x46f33000 0x3d8000 0x363fce80 0x9c5987f0
[stm32h7r3.cpu0] halted due to debug-request, current mode: Thread 
xPSR: 0x21000000 pc: 0x00000e00 msp: 0x2000e148
RATE_CHUNK 246 0x52454144 0x4000 0x46f33000 0x3dc000 0x3318e008 0xb80cdac0
[stm32h7r3.cpu0] halted due to debug-request, current mode: Thread 
xPSR: 0x25001c00 pc: 0x00000e04 msp: 0x2000e148
RATE_CHUNK 247 0x52454144 0x4000 0x46f33000 0x3e0000 0x36500a40 0x84d748ed
[stm32h7r3.cpu0] halted due to debug-request, current mode: Thread 
xPSR: 0x21000000 pc: 0x000004c4 msp: 0x2000e148
RATE_CHUNK 248 0x52454144 0x4000 0x46f33000 0x3e4000 0x3677b372 0xaef233a8
[stm32h7r3.cpu0] halted due to debug-request, current mode: Thread 
xPSR: 0x21000000 pc: 0x00000e00 msp: 0x2000e148
RATE_CHUNK 249 0x52454144 0x4000 0x46f33000 0x3e8000 0x36375e5d 0xd8a54343
[stm32h7r3.cpu0] halted due to debug-request, current mode: Thread 
xPSR: 0x21000000 pc: 0x00000dfc msp: 0x2000e148
RATE_CHUNK 250 0x52454144 0x4000 0x46f33000 0x3ec000 0x35cd3296 0x14a9de70
[stm32h7r3.cpu0] halted due to debug-request, current mode: Thread 
xPSR: 0x21000000 pc: 0x00000df2 msp: 0x2000e148
RATE_CHUNK 251 0x52454144 0x4000 0x46f33000 0x3f0000 0x36b66e44 0x638647a8
[stm32h7r3.cpu0] halted due to debug-request, current mode: Thread 
xPSR: 0x25001c00 pc: 0x00000e04 msp: 0x2000e148
RATE_CHUNK 252 0x52454144 0x4000 0x46f33000 0x3f4000 0x364efe05 0xd194cabf
[stm32h7r3.cpu0] halted due to debug-request, current mode: Thread 
xPSR: 0x21000000 pc: 0x000004c4 msp: 0x2000e148
RATE_CHUNK 253 0x52454144 0x4000 0x46f33000 0x3f8000 0x34c861ef 0x37d13024
[stm32h7r3.cpu0] halted due to debug-request, current mode: Thread 
xPSR: 0x21000000 pc: 0x00000e0e msp: 0x2000e148
RATE_CHUNK 254 0x52454144 0x4000 0x46f33000 0x3fc000 0x338812b8 0xc883387f
[stm32h7r3.cpu0] halted due to debug-request, current mode: Thread 
xPSR: 0x21000000 pc: 0x00000e0e msp: 0x2000e148
RATE_CHUNK 255 0x52454144 0x4000 0x46f33000 0x400000 0x3686edcd 0x4f3f95c9
[stm32h7r3.cpu0] halted due to debug-request, current mode: Thread 
xPSR: 0x21000000 pc: 0x00000e0e msp: 0x2000e148
RATE_CHUNK 256 0x52454144 0x4000 0x46f33000 0x404000 0x368d4642 0xdf2ecdcb
[stm32h7r3.cpu0] halted due to debug-request, current mode: Thread 
xPSR: 0x21000000 pc: 0x000004c0 msp: 0x2000e148
RATE_CHUNK 257 0x52454144 0x4000 0x46f33000 0x408000 0x35563696 0xf8ad1bef
[stm32h7r3.cpu0] halted due to debug-request, current mode: Thread 
xPSR: 0x21000000 pc: 0x00000df6 msp: 0x2000e148
RATE_CHUNK 258 0x52454144 0x4000 0x46f33000 0x40c000 0x34b97993 0x47d375f7
[stm32h7r3.cpu0] halted due to debug-request, current mode: Thread 
xPSR: 0x21001800 pc: 0x00000e08 msp: 0x2000e148
RATE_CHUNK 259 0x52454144 0x4000 0x46f33000 0x410000 0x36a9cdb5 0xa90225ee
[stm32h7r3.cpu0] halted due to debug-request, current mode: Thread 
xPSR: 0x21000000 pc: 0x00000e0e msp: 0x2000e148
RATE_CHUNK 260 0x52454144 0x4000 0x46f33000 0x414000 0x363b035a 0x3db137ae
[stm32h7r3.cpu0] halted due to debug-request, current mode: Thread 
xPSR: 0x21000000 pc: 0x00000df2 msp: 0x2000e148
RATE_CHUNK 261 0x52454144 0x4000 0x46f33000 0x418000 0x330c6698 0xee3dff30
[stm32h7r3.cpu0] halted due to debug-request, current mode: Thread 
xPSR: 0x25001c00 pc: 0x00000e04 msp: 0x2000e148
RATE_CHUNK 262 0x52454144 0x4000 0x46f33000 0x41c000 0x35e4e49e 0xc138562e
[stm32h7r3.cpu0] halted due to debug-request, current mode: Thread 
xPSR: 0x21000000 pc: 0x00000e00 msp: 0x2000e148
RATE_CHUNK 263 0x52454144 0x4000 0x46f33000 0x420000 0x36afbcd2 0xac1cabea
[stm32h7r3.cpu0] halted due to debug-request, current mode: Thread 
xPSR: 0x21000000 pc: 0x00000df6 msp: 0x2000e148
RATE_CHUNK 264 0x52454144 0x4000 0x46f33000 0x424000 0x364bb57a 0x7942e784
[stm32h7r3.cpu0] halted due to debug-request, current mode: Thread 
xPSR: 0x21000000 pc: 0x00000e00 msp: 0x2000e148
RATE_CHUNK 265 0x52454144 0x4000 0x46f33000 0x428000 0x3633d0be 0x4e0bff7d
[stm32h7r3.cpu0] halted due to debug-request, current mode: Thread 
xPSR: 0x21000000 pc: 0x000004c0 msp: 0x2000e148
RATE_CHUNK 266 0x52454144 0x4000 0x46f33000 0x42c000 0x3691050e 0x378d1a06
[stm32h7r3.cpu0] halted due to debug-request, current mode: Thread 
xPSR: 0x21000000 pc: 0x00000df2 msp: 0x2000e148
RATE_CHUNK 267 0x52454144 0x4000 0x46f33000 0x430000 0x3617632c 0xf1589699
[stm32h7r3.cpu0] halted due to debug-request, current mode: Thread 
xPSR: 0x21000000 pc: 0x00000e00 msp: 0x2000e148
RATE_CHUNK 268 0x52454144 0x4000 0x46f33000 0x434000 0x37dca5f9 0x18c6e50e
[stm32h7r3.cpu0] halted due to debug-request, current mode: Thread 
xPSR: 0x21001800 pc: 0x00000e08 msp: 0x2000e148
RATE_CHUNK 269 0x52454144 0x4000 0x46f33000 0x438000 0x37d2e437 0x6e41c1a3
[stm32h7r3.cpu0] halted due to debug-request, current mode: Thread 
xPSR: 0x21001800 pc: 0x00000e08 msp: 0x2000e148
RATE_CHUNK 270 0x52454144 0x4000 0x46f33000 0x43c000 0x360f83ab 0xebb436f
[stm32h7r3.cpu0] halted due to debug-request, current mode: Thread 
xPSR: 0x25001c00 pc: 0x00000e04 msp: 0x2000e148
RATE_CHUNK 271 0x52454144 0x4000 0x46f33000 0x440000 0x365ebaf5 0xfc8d0b5f
[stm32h7r3.cpu0] halted due to debug-request, current mode: Thread 
xPSR: 0x21000000 pc: 0x000004c4 msp: 0x2000e148
RATE_CHUNK 272 0x52454144 0x4000 0x46f33000 0x444000 0x37504442 0x8383df24
[stm32h7r3.cpu0] halted due to debug-request, current mode: Thread 
xPSR: 0x21000000 pc: 0x00000e00 msp: 0x2000e148
RATE_CHUNK 273 0x52454144 0x4000 0x46f33000 0x448000 0x3727bfb7 0x14c91aec
[stm32h7r3.cpu0] halted due to debug-request, current mode: Thread 
xPSR: 0x21001800 pc: 0x00000e08 msp: 0x2000e148
RATE_CHUNK 274 0x52454144 0x4000 0x46f33000 0x44c000 0x360907e2 0x6883442
[stm32h7r3.cpu0] halted due to debug-request, current mode: Thread 
xPSR: 0x21001800 pc: 0x00000e08 msp: 0x2000e148
RATE_CHUNK 275 0x52454144 0x4000 0x46f33000 0x450000 0x365a3d12 0x8ffa0268
[stm32h7r3.cpu0] halted due to debug-request, current mode: Thread 
xPSR: 0x21000000 pc: 0x00000dfc msp: 0x2000e148
RATE_CHUNK 276 0x52454144 0x4000 0x46f33000 0x454000 0x3853dbcb 0x3d1216c8
[stm32h7r3.cpu0] halted due to debug-request, current mode: Thread 
xPSR: 0x21001800 pc: 0x00000e08 msp: 0x2000e148
RATE_CHUNK 277 0x52454144 0x4000 0x46f33000 0x458000 0x374d8816 0xa91dd6b7
[stm32h7r3.cpu0] halted due to debug-request, current mode: Thread 
xPSR: 0x21000000 pc: 0x000004c0 msp: 0x2000e148
RATE_CHUNK 278 0x52454144 0x4000 0x46f33000 0x45c000 0x3702ab59 0x928e1d4a
[stm32h7r3.cpu0] halted due to debug-request, current mode: Thread 
xPSR: 0x21000000 pc: 0x000004c4 msp: 0x2000e148
RATE_CHUNK 279 0x52454144 0x4000 0x46f33000 0x460000 0x3679d18f 0x7e3485d4
[stm32h7r3.cpu0] halted due to debug-request, current mode: Thread 
xPSR: 0x25001c00 pc: 0x00000e04 msp: 0x2000e148
RATE_CHUNK 280 0x52454144 0x4000 0x46f33000 0x464000 0x36d4fb68 0xa6e3e394
[stm32h7r3.cpu0] halted due to debug-request, current mode: Thread 
xPSR: 0x21000000 pc: 0x000004c0 msp: 0x2000e148
RATE_CHUNK 281 0x52454144 0x4000 0x46f33000 0x468000 0x372dddac 0xac4edce
[stm32h7r3.cpu0] halted due to debug-request, current mode: Thread 
xPSR: 0x21000000 pc: 0x00000df6 msp: 0x2000e148
RATE_CHUNK 282 0x52454144 0x4000 0x46f33000 0x46c000 0x357f8bc7 0x17171f29
[stm32h7r3.cpu0] halted due to debug-request, current mode: Thread 
xPSR: 0x21000000 pc: 0x00000dfc msp: 0x2000e148
RATE_CHUNK 283 0x52454144 0x4000 0x46f33000 0x470000 0x366af384 0x6ffd2528
[stm32h7r3.cpu0] halted due to debug-request, current mode: Thread 
xPSR: 0x21000000 pc: 0x00000e00 msp: 0x2000e148
RATE_CHUNK 284 0x52454144 0x4000 0x46f33000 0x474000 0x37825f15 0xcae8a9b
[stm32h7r3.cpu0] halted due to debug-request, current mode: Thread 
xPSR: 0x21000000 pc: 0x00000e00 msp: 0x2000e148
RATE_CHUNK 285 0x52454144 0x4000 0x46f33000 0x478000 0x3603a8e8 0x29f3920e
[stm32h7r3.cpu0] halted due to debug-request, current mode: Thread 
xPSR: 0x25001c00 pc: 0x00000e04 msp: 0x2000e148
RATE_CHUNK 286 0x52454144 0x4000 0x46f33000 0x47c000 0x35cfcd4e 0x6c7be13f
[stm32h7r3.cpu0] halted due to debug-request, current mode: Thread 
xPSR: 0x21000000 pc: 0x000004c4 msp: 0x2000e148
RATE_CHUNK 287 0x52454144 0x4000 0x46f33000 0x480000 0x36a6f9cf 0xe1bb11e0
[stm32h7r3.cpu0] halted due to debug-request, current mode: Thread 
xPSR: 0x25001c00 pc: 0x00000e04 msp: 0x2000e148
RATE_CHUNK 288 0x52454144 0x4000 0x46f33000 0x484000 0x37e51f21 0x40300d4a
[stm32h7r3.cpu0] halted due to debug-request, current mode: Thread 
xPSR: 0x21000000 pc: 0x00000df2 msp: 0x2000e148
RATE_CHUNK 289 0x52454144 0x4000 0x46f33000 0x488000 0x35da41e9 0x8b1386bb
[stm32h7r3.cpu0] halted due to debug-request, current mode: Thread 
xPSR: 0x21000000 pc: 0x00000df6 msp: 0x2000e148
RATE_CHUNK 290 0x52454144 0x4000 0x46f33000 0x48c000 0x35aec34d 0xa0bf3256
[stm32h7r3.cpu0] halted due to debug-request, current mode: Thread 
xPSR: 0x21001800 pc: 0x00000e08 msp: 0x2000e148
RATE_CHUNK 291 0x52454144 0x4000 0x46f33000 0x490000 0x36e710b9 0xc793cbda
[stm32h7r3.cpu0] halted due to debug-request, current mode: Thread 
xPSR: 0x21000000 pc: 0x00000dfc msp: 0x2000e148
RATE_CHUNK 292 0x52454144 0x4000 0x46f33000 0x494000 0x386cdbc8 0x19714f4c
[stm32h7r3.cpu0] halted due to debug-request, current mode: Thread 
xPSR: 0x21000000 pc: 0x00000df6 msp: 0x2000e148
RATE_CHUNK 293 0x52454144 0x4000 0x46f33000 0x498000 0x36872557 0x45b937c7
[stm32h7r3.cpu0] halted due to debug-request, current mode: Thread 
xPSR: 0x21000000 pc: 0x000004c4 msp: 0x2000e148
RATE_CHUNK 294 0x52454144 0x4000 0x46f33000 0x49c000 0x350fd7a5 0x4cefb467
[stm32h7r3.cpu0] halted due to debug-request, current mode: Thread 
xPSR: 0x25001c00 pc: 0x00000e04 msp: 0x2000e148
RATE_CHUNK 295 0x52454144 0x4000 0x46f33000 0x4a0000 0x34960caf 0x63c3b628
[stm32h7r3.cpu0] halted due to debug-request, current mode: Thread 
xPSR: 0x21000000 pc: 0x00000df6 msp: 0x2000e148
RATE_CHUNK 296 0x52454144 0x4000 0x46f33000 0x4a4000 0x34aad5c6 0xc12b0b4
[stm32h7r3.cpu0] halted due to debug-request, current mode: Thread 
xPSR: 0x25001c00 pc: 0x00000e04 msp: 0x2000e148
RATE_CHUNK 297 0x52454144 0x4000 0x46f33000 0x4a8000 0x351b1206 0xa4b4f517
[stm32h7r3.cpu0] halted due to debug-request, current mode: Thread 
xPSR: 0x21000000 pc: 0x00000df2 msp: 0x2000e148
RATE_CHUNK 298 0x52454144 0x4000 0x46f33000 0x4ac000 0x351127e0 0xdd0a3ae1
[stm32h7r3.cpu0] halted due to debug-request, current mode: Thread 
xPSR: 0x21000000 pc: 0x00000df6 msp: 0x2000e148
RATE_CHUNK 299 0x52454144 0x4000 0x46f33000 0x4b0000 0x34ee7cc2 0x8c7b8966
[stm32h7r3.cpu0] halted due to debug-request, current mode: Thread 
xPSR: 0x21000000 pc: 0x00000dfc msp: 0x2000e148
RATE_CHUNK 300 0x52454144 0x4000 0x46f33000 0x4b4000 0x35285a1d 0x66517151
[stm32h7r3.cpu0] halted due to debug-request, current mode: Thread 
xPSR: 0x21000000 pc: 0x00000dfc msp: 0x2000e148
RATE_CHUNK 301 0x52454144 0x4000 0x46f33000 0x4b8000 0x340d7ac9 0x1f5a2d7d
[stm32h7r3.cpu0] halted due to debug-request, current mode: Thread 
xPSR: 0x25001c00 pc: 0x00000e04 msp: 0x2000e148
RATE_CHUNK 302 0x52454144 0x4000 0x46f33000 0x4bc000 0x361b82d0 0xd156846d
[stm32h7r3.cpu0] halted due to debug-request, current mode: Thread 
xPSR: 0x21000000 pc: 0x000004c0 msp: 0x2000e148
RATE_CHUNK 303 0x52454144 0x4000 0x46f33000 0x4c0000 0x34f0051f 0x5c17d6c1
[stm32h7r3.cpu0] halted due to debug-request, current mode: Thread 
xPSR: 0x21000000 pc: 0x000004c4 msp: 0x2000e148
RATE_CHUNK 304 0x52454144 0x4000 0x46f33000 0x4c4000 0x3186e948 0xca5b3cda
[stm32h7r3.cpu0] halted due to debug-request, current mode: Thread 
xPSR: 0x21000000 pc: 0x00000dfc msp: 0x2000e148
RATE_CHUNK 305 0x52454144 0x4000 0x46f33000 0x4c8000 0x319d79bb 0xf634429
[stm32h7r3.cpu0] halted due to debug-request, current mode: Thread 
xPSR: 0x25001c00 pc: 0x00000e04 msp: 0x2000e148
RATE_CHUNK 306 0x52454144 0x4000 0x46f33000 0x4cc000 0x30c49fd1 0x7e82fd5
[stm32h7r3.cpu0] halted due to debug-request, current mode: Thread 
xPSR: 0x21000000 pc: 0x00000df2 msp: 0x2000e148
RATE_CHUNK 307 0x52454144 0x4000 0x46f33000 0x4d0000 0x329a08c6 0xe450dde9
[stm32h7r3.cpu0] halted due to debug-request, current mode: Thread 
xPSR: 0x25001c00 pc: 0x00000e04 msp: 0x2000e148
RATE_CHUNK 308 0x52454144 0x4000 0x46f33000 0x4d4000 0x35caf304 0x267b8e1b
[stm32h7r3.cpu0] halted due to debug-request, current mode: Thread 
xPSR: 0x21001800 pc: 0x00000e08 msp: 0x2000e148
RATE_CHUNK 309 0x52454144 0x4000 0x46f33000 0x4d8000 0x34687cdc 0xe90aa07f
[stm32h7r3.cpu0] halted due to debug-request, current mode: Thread 
xPSR: 0x21000000 pc: 0x00000df6 msp: 0x2000e148
RATE_CHUNK 310 0x52454144 0x4000 0x46f33000 0x4dc000 0x32054754 0x3179e763
[stm32h7r3.cpu0] halted due to debug-request, current mode: Thread 
xPSR: 0x25001c00 pc: 0x00000e04 msp: 0x2000e148
RATE_CHUNK 311 0x52454144 0x4000 0x46f33000 0x4e0000 0x3252676f 0x2553d503
[stm32h7r3.cpu0] halted due to debug-request, current mode: Thread 
xPSR: 0x21000000 pc: 0x000004c4 msp: 0x2000e148
RATE_CHUNK 312 0x52454144 0x4000 0x46f33000 0x4e4000 0x325ba678 0x38895dc5
[stm32h7r3.cpu0] halted due to debug-request, current mode: Thread 
xPSR: 0x21000000 pc: 0x00000dfc msp: 0x2000e148
RATE_CHUNK 313 0x52454144 0x4000 0x46f33000 0x4e8000 0x326db902 0x38895dc5
[stm32h7r3.cpu0] halted due to debug-request, current mode: Thread 
xPSR: 0x25001c00 pc: 0x00000e04 msp: 0x2000e148
RATE_CHUNK 314 0x52454144 0x4000 0x46f33000 0x4ec000 0x326ed857 0x38895dc5
[stm32h7r3.cpu0] halted due to debug-request, current mode: Thread 
xPSR: 0x21000000 pc: 0x00000df2 msp: 0x2000e148
RATE_CHUNK 315 0x52454144 0x4000 0x46f33000 0x4f0000 0x326c6f0a 0x38895dc5
[stm32h7r3.cpu0] halted due to debug-request, current mode: Thread 
xPSR: 0x21000000 pc: 0x000004c0 msp: 0x2000e148
RATE_CHUNK 316 0x52454144 0x4000 0x46f33000 0x4f4000 0x3276ffb2 0x38895dc5
[stm32h7r3.cpu0] halted due to debug-request, current mode: Thread 
xPSR: 0x21001800 pc: 0x00000e08 msp: 0x2000e148
RATE_CHUNK 317 0x52454144 0x4000 0x46f33000 0x4f8000 0x35b44b9a 0xbe309ba4
[stm32h7r3.cpu0] halted due to debug-request, current mode: Thread 
xPSR: 0x21001800 pc: 0x00000e08 msp: 0x2000e148
RATE_CHUNK 318 0x52454144 0x4000 0x46f33000 0x4fc000 0x35bad45d 0x212fd724
[stm32h7r3.cpu0] halted due to debug-request, current mode: Thread 
xPSR: 0x25001c00 pc: 0x00000e04 msp: 0x2000e148
RATE_CHUNK 319 0x52454144 0x4000 0x46f33000 0x500000 0x32a86b03 0x68f9b22b
[stm32h7r3.cpu0] halted due to debug-request, current mode: Thread 
xPSR: 0x25001c00 pc: 0x00000e04 msp: 0x2000e148
RATE_CHUNK 320 0x52454144 0x4000 0x46f33000 0x504000 0x322ee650 0x42d6b402
[stm32h7r3.cpu0] halted due to debug-request, current mode: Thread 
xPSR: 0x21000000 pc: 0x00000dfc msp: 0x2000e148
RATE_CHUNK 321 0x52454144 0x4000 0x46f33000 0x508000 0x3252c669 0x38895dc5
[stm32h7r3.cpu0] halted due to debug-request, current mode: Thread 
xPSR: 0x21000000 pc: 0x00000df2 msp: 0x2000e148
RATE_CHUNK 322 0x52454144 0x4000 0x46f33000 0x50c000 0x32d519a5 0x43d7963e
[stm32h7r3.cpu0] halted due to debug-request, current mode: Thread 
xPSR: 0x21001800 pc: 0x00000e08 msp: 0x2000e148
RATE_CHUNK 323 0x52454144 0x4000 0x46f33000 0x510000 0x3612ff79 0xe407c27f
[stm32h7r3.cpu0] halted due to debug-request, current mode: Thread 
xPSR: 0x21000000 pc: 0x00000dfc msp: 0x2000e148
RATE_CHUNK 324 0x52454144 0x4000 0x46f33000 0x514000 0x3569534e 0xc3e17a8a
[stm32h7r3.cpu0] halted due to debug-request, current mode: Thread 
xPSR: 0x21000000 pc: 0x00000e00 msp: 0x2000e148
RATE_CHUNK 325 0x52454144 0x4000 0x46f33000 0x518000 0x32014fd2 0xde6d000b
[stm32h7r3.cpu0] halted due to debug-request, current mode: Thread 
xPSR: 0x21000000 pc: 0x00000e00 msp: 0x2000e148
RATE_CHUNK 326 0x52454144 0x4000 0x46f33000 0x51c000 0x324aa68f 0x86679e15
[stm32h7r3.cpu0] halted due to debug-request, current mode: Thread 
xPSR: 0x21001800 pc: 0x00000e08 msp: 0x2000e148
RATE_CHUNK 327 0x52454144 0x4000 0x46f33000 0x520000 0x3253e078 0x38895dc5
[stm32h7r3.cpu0] halted due to debug-request, current mode: Thread 
xPSR: 0x21000000 pc: 0x000004c4 msp: 0x2000e148
RATE_CHUNK 328 0x52454144 0x4000 0x46f33000 0x524000 0x32641370 0x62d4515e
[stm32h7r3.cpu0] halted due to debug-request, current mode: Thread 
xPSR: 0x21000000 pc: 0x00000dfc msp: 0x2000e148
RATE_CHUNK 329 0x52454144 0x4000 0x46f33000 0x528000 0x325235d5 0x621df695
[stm32h7r3.cpu0] halted due to debug-request, current mode: Thread 
xPSR: 0x21001800 pc: 0x00000e08 msp: 0x2000e148
RATE_CHUNK 330 0x52454144 0x4000 0x46f33000 0x52c000 0x3463ecc1 0xe7b001a
[stm32h7r3.cpu0] halted due to debug-request, current mode: Thread 
xPSR: 0x21000000 pc: 0x00000e00 msp: 0x2000e148
RATE_CHUNK 331 0x52454144 0x4000 0x46f33000 0x530000 0x35b786c9 0x379f2477
[stm32h7r3.cpu0] halted due to debug-request, current mode: Thread 
xPSR: 0x21001800 pc: 0x00000e08 msp: 0x2000e148
RATE_CHUNK 332 0x52454144 0x4000 0x46f33000 0x534000 0x35784a6f 0x8a5b8842
[stm32h7r3.cpu0] halted due to debug-request, current mode: Thread 
xPSR: 0x21000000 pc: 0x00000df6 msp: 0x2000e148
RATE_CHUNK 333 0x52454144 0x4000 0x46f33000 0x538000 0x35c1f47b 0xf59ef65f
[stm32h7r3.cpu0] halted due to debug-request, current mode: Thread 
xPSR: 0x21000000 pc: 0x00000dfc msp: 0x2000e148
RATE_CHUNK 334 0x52454144 0x4000 0x46f33000 0x53c000 0x33937afd 0x5732a79d
[stm32h7r3.cpu0] halted due to debug-request, current mode: Thread 
xPSR: 0x21000000 pc: 0x00000df6 msp: 0x2000e148
RATE_CHUNK 335 0x52454144 0x4000 0x46f33000 0x540000 0x3252946b 0x38895dc5
[stm32h7r3.cpu0] halted due to debug-request, current mode: Thread 
xPSR: 0x21000000 pc: 0x00000df2 msp: 0x2000e148
RATE_CHUNK 336 0x52454144 0x4000 0x46f33000 0x544000 0x325656d4 0x38895dc5
[stm32h7r3.cpu0] halted due to debug-request, current mode: Thread 
xPSR: 0x21001800 pc: 0x00000e08 msp: 0x2000e148
RATE_CHUNK 337 0x52454144 0x4000 0x46f33000 0x548000 0x3254b8d1 0x38895dc5
[stm32h7r3.cpu0] halted due to debug-request, current mode: Thread 
xPSR: 0x21000000 pc: 0x000004c0 msp: 0x2000e148
RATE_CHUNK 338 0x52454144 0x4000 0x46f33000 0x54c000 0x35a00579 0x1f6d7482
[stm32h7r3.cpu0] halted due to debug-request, current mode: Thread 
xPSR: 0x21000000 pc: 0x00000dfc msp: 0x2000e148
RATE_CHUNK 339 0x52454144 0x4000 0x46f33000 0x550000 0x35b24a63 0xd510fdc1
[stm32h7r3.cpu0] halted due to debug-request, current mode: Thread 
xPSR: 0x21000000 pc: 0x00000dfc msp: 0x2000e148
RATE_CHUNK 340 0x52454144 0x4000 0x46f33000 0x554000 0x32bef13f 0xaf766f09
[stm32h7r3.cpu0] halted due to debug-request, current mode: Thread 
xPSR: 0x21000000 pc: 0x00000dfc msp: 0x2000e148
RATE_CHUNK 341 0x52454144 0x4000 0x46f33000 0x558000 0x322cced7 0xb4a2e326
[stm32h7r3.cpu0] halted due to debug-request, current mode: Thread 
xPSR: 0x21000000 pc: 0x00000df2 msp: 0x2000e148
RATE_CHUNK 342 0x52454144 0x4000 0x46f33000 0x55c000 0x32511746 0xb95f31cc
[stm32h7r3.cpu0] halted due to debug-request, current mode: Thread 
xPSR: 0x21000000 pc: 0x000004c0 msp: 0x2000e148
RATE_CHUNK 343 0x52454144 0x4000 0x46f33000 0x560000 0x326632c2 0x38895dc5
[stm32h7r3.cpu0] halted due to debug-request, current mode: Thread 
xPSR: 0x21000000 pc: 0x00000e0e msp: 0x2000e148
RATE_CHUNK 344 0x52454144 0x4000 0x46f33000 0x564000 0x326c002c 0x38895dc5
[stm32h7r3.cpu0] halted due to debug-request, current mode: Thread 
xPSR: 0x21000000 pc: 0x00000e00 msp: 0x2000e148
RATE_CHUNK 345 0x52454144 0x4000 0x46f33000 0x568000 0x326bd614 0x38895dc5
[stm32h7r3.cpu0] halted due to debug-request, current mode: Thread 
xPSR: 0x21001800 pc: 0x00000e08 msp: 0x2000e148
RATE_CHUNK 346 0x52454144 0x4000 0x46f33000 0x56c000 0x326af648 0x38895dc5
[stm32h7r3.cpu0] halted due to debug-request, current mode: Thread 
xPSR: 0x21000000 pc: 0x00000df6 msp: 0x2000e148
RATE_CHUNK 347 0x52454144 0x4000 0x46f33000 0x570000 0x338b8511 0x87d31cca
[stm32h7r3.cpu0] halted due to debug-request, current mode: Thread 
xPSR: 0x21000000 pc: 0x000004c0 msp: 0x2000e148
RATE_CHUNK 348 0x52454144 0x4000 0x46f33000 0x574000 0x36146cee 0xa18b9131
[stm32h7r3.cpu0] halted due to debug-request, current mode: Thread 
xPSR: 0x21001800 pc: 0x00000e08 msp: 0x2000e148
RATE_CHUNK 349 0x52454144 0x4000 0x46f33000 0x578000 0x34c59524 0x1ee643e9
[stm32h7r3.cpu0] halted due to debug-request, current mode: Thread 
xPSR: 0x21000000 pc: 0x000004c0 msp: 0x2000e148
RATE_CHUNK 350 0x52454144 0x4000 0x46f33000 0x57c000 0x31f695fc 0x75014b64
[stm32h7r3.cpu0] halted due to debug-request, current mode: Thread 
xPSR: 0x21001800 pc: 0x00000e08 msp: 0x2000e148
RATE_CHUNK 351 0x52454144 0x4000 0x46f33000 0x580000 0x32524d99 0x75dbf154
[stm32h7r3.cpu0] halted due to debug-request, current mode: Thread 
xPSR: 0x21000000 pc: 0x00000e00 msp: 0x2000e148
RATE_CHUNK 352 0x52454144 0x4000 0x46f33000 0x584000 0x325976da 0x38895dc5
[stm32h7r3.cpu0] halted due to debug-request, current mode: Thread 
xPSR: 0x21000000 pc: 0x000004c4 msp: 0x2000e148
RATE_CHUNK 353 0x52454144 0x4000 0x46f33000 0x588000 0x3484fd33 0xddc3e342
[stm32h7r3.cpu0] halted due to debug-request, current mode: Thread 
xPSR: 0x21000000 pc: 0x00000df6 msp: 0x2000e148
RATE_CHUNK 354 0x52454144 0x4000 0x46f33000 0x58c000 0x35c3abdd 0xf19d84aa
[stm32h7r3.cpu0] halted due to debug-request, current mode: Thread 
xPSR: 0x21000000 pc: 0x00000e00 msp: 0x2000e148
RATE_CHUNK 355 0x52454144 0x4000 0x46f33000 0x590000 0x33e8471f 0xabacda97
[stm32h7r3.cpu0] halted due to debug-request, current mode: Thread 
xPSR: 0x21000000 pc: 0x00000e0e msp: 0x2000e148
RATE_CHUNK 356 0x52454144 0x4000 0x46f33000 0x594000 0x32161fa5 0xa9d0ea87
[stm32h7r3.cpu0] halted due to debug-request, current mode: Thread 
xPSR: 0x21001800 pc: 0x00000e08 msp: 0x2000e148
RATE_CHUNK 357 0x52454144 0x4000 0x46f33000 0x598000 0x323506eb 0xd35de559
[stm32h7r3.cpu0] halted due to debug-request, current mode: Thread 
xPSR: 0x21000000 pc: 0x000004c4 msp: 0x2000e148
RATE_CHUNK 358 0x52454144 0x4000 0x46f33000 0x59c000 0x32508641 0x3bc2f14b
[stm32h7r3.cpu0] halted due to debug-request, current mode: Thread 
xPSR: 0x21000000 pc: 0x00000df6 msp: 0x2000e148
RATE_CHUNK 359 0x52454144 0x4000 0x46f33000 0x5a0000 0x324f9641 0xc482cb28
[stm32h7r3.cpu0] halted due to debug-request, current mode: Thread 
xPSR: 0x21000000 pc: 0x00000e00 msp: 0x2000e148
RATE_CHUNK 360 0x52454144 0x4000 0x46f33000 0x5a4000 0x326eaa3f 0xec4af922
[stm32h7r3.cpu0] halted due to debug-request, current mode: Thread 
xPSR: 0x21000000 pc: 0x00000df6 msp: 0x2000e148
RATE_CHUNK 361 0x52454144 0x4000 0x46f33000 0x5a8000 0x37674506 0xb3e873d
[stm32h7r3.cpu0] halted due to debug-request, current mode: Thread 
xPSR: 0x21000000 pc: 0x00000df6 msp: 0x2000e148
RATE_CHUNK 362 0x52454144 0x4000 0x46f33000 0x5ac000 0x376ec217 0xcda58598
[stm32h7r3.cpu0] halted due to debug-request, current mode: Thread 
xPSR: 0x21000000 pc: 0x00000e00 msp: 0x2000e148
RATE_CHUNK 363 0x52454144 0x4000 0x46f33000 0x5b0000 0x38a05663 0xd4726b25
[stm32h7r3.cpu0] halted due to debug-request, current mode: Thread 
xPSR: 0x21001800 pc: 0x00000e08 msp: 0x2000e148
RATE_CHUNK 364 0x52454144 0x4000 0x46f33000 0x5b4000 0x37e9c078 0x4660235
[stm32h7r3.cpu0] halted due to debug-request, current mode: Thread 
xPSR: 0x21000000 pc: 0x000004c4 msp: 0x2000e148
RATE_CHUNK 365 0x52454144 0x4000 0x46f33000 0x5b8000 0x379eaba9 0x8f31f1de
[stm32h7r3.cpu0] halted due to debug-request, current mode: Thread 
xPSR: 0x21001800 pc: 0x00000e08 msp: 0x2000e148
RATE_CHUNK 366 0x52454144 0x4000 0x46f33000 0x5bc000 0x372de261 0x9a35132a
[stm32h7r3.cpu0] halted due to debug-request, current mode: Thread 
xPSR: 0x21000000 pc: 0x00000e0e msp: 0x2000e148
RATE_CHUNK 367 0x52454144 0x4000 0x46f33000 0x5c0000 0x37853bde 0x285ede4
[stm32h7r3.cpu0] halted due to debug-request, current mode: Thread 
xPSR: 0x25001c00 pc: 0x00000e04 msp: 0x2000e148
RATE_CHUNK 368 0x52454144 0x4000 0x46f33000 0x5c4000 0x371618d7 0x3fff0a33
[stm32h7r3.cpu0] halted due to debug-request, current mode: Thread 
xPSR: 0x21000000 pc: 0x000004c4 msp: 0x2000e148
RATE_CHUNK 369 0x52454144 0x4000 0x46f33000 0x5c8000 0x36ec826f 0x336403da
[stm32h7r3.cpu0] halted due to debug-request, current mode: Thread 
xPSR: 0x21000000 pc: 0x00000e00 msp: 0x2000e148
RATE_CHUNK 370 0x52454144 0x4000 0x46f33000 0x5cc000 0x36d51ae6 0x2377d59c
[stm32h7r3.cpu0] halted due to debug-request, current mode: Thread 
xPSR: 0x21000000 pc: 0x00000df2 msp: 0x2000e148
RATE_CHUNK 371 0x52454144 0x4000 0x46f33000 0x5d0000 0x3674a166 0xd184318c
[stm32h7r3.cpu0] halted due to debug-request, current mode: Thread 
xPSR: 0x21000000 pc: 0x000004c0 msp: 0x2000e148
RATE_CHUNK 372 0x52454144 0x4000 0x46f33000 0x5d4000 0x36139c53 0x3bcf3945
[stm32h7r3.cpu0] halted due to debug-request, current mode: Thread 
xPSR: 0x21000000 pc: 0x00000df2 msp: 0x2000e148
RATE_CHUNK 373 0x52454144 0x4000 0x46f33000 0x5d8000 0x35b146a2 0xa9eafaa
[stm32h7r3.cpu0] halted due to debug-request, current mode: Thread 
xPSR: 0x25001c00 pc: 0x00000e04 msp: 0x2000e148
RATE_CHUNK 374 0x52454144 0x4000 0x46f33000 0x5dc000 0x3714b92c 0x3bc8495
[stm32h7r3.cpu0] halted due to debug-request, current mode: Thread 
xPSR: 0x25001c00 pc: 0x00000e04 msp: 0x2000e148
RATE_CHUNK 375 0x52454144 0x4000 0x46f33000 0x5e0000 0x37524978 0x95cb13bf
[stm32h7r3.cpu0] halted due to debug-request, current mode: Thread 
xPSR: 0x21000000 pc: 0x00000e0e msp: 0x2000e148
RATE_CHUNK 376 0x52454144 0x4000 0x46f33000 0x5e4000 0x3709a256 0x83d9391
[stm32h7r3.cpu0] halted due to debug-request, current mode: Thread 
xPSR: 0x21001800 pc: 0x00000e08 msp: 0x2000e148
RATE_CHUNK 377 0x52454144 0x4000 0x46f33000 0x5e8000 0x370a3baf 0xd82cfb67
[stm32h7r3.cpu0] halted due to debug-request, current mode: Thread 
xPSR: 0x21000000 pc: 0x00000df2 msp: 0x2000e148
RATE_CHUNK 378 0x52454144 0x4000 0x46f33000 0x5ec000 0x37d53dd8 0x9dcdd96b
[stm32h7r3.cpu0] halted due to debug-request, current mode: Thread 
xPSR: 0x21000000 pc: 0x00000e0e msp: 0x2000e148
RATE_CHUNK 379 0x52454144 0x4000 0x46f33000 0x5f0000 0x38116a89 0xf813fa85
[stm32h7r3.cpu0] halted due to debug-request, current mode: Thread 
xPSR: 0x21000000 pc: 0x000004c4 msp: 0x2000e148
RATE_CHUNK 380 0x52454144 0x4000 0x46f33000 0x5f4000 0x372b90ed 0x14ccaa88
[stm32h7r3.cpu0] halted due to debug-request, current mode: Thread 
xPSR: 0x21000000 pc: 0x00000e00 msp: 0x2000e148
RATE_CHUNK 381 0x52454144 0x4000 0x46f33000 0x5f8000 0x370637cf 0x1584d657
[stm32h7r3.cpu0] halted due to debug-request, current mode: Thread 
xPSR: 0x21000000 pc: 0x00000dfc msp: 0x2000e148
RATE_CHUNK 382 0x52454144 0x4000 0x46f33000 0x5fc000 0x36e103d4 0x95bc8aab
[stm32h7r3.cpu0] halted due to debug-request, current mode: Thread 
xPSR: 0x25001c00 pc: 0x00000e04 msp: 0x2000e148
RATE_CHUNK 383 0x52454144 0x4000 0x46f33000 0x600000 0x36690fd9 0x6bcf2ab8
[stm32h7r3.cpu0] halted due to debug-request, current mode: Thread 
xPSR: 0x21000000 pc: 0x00000e0e msp: 0x2000e148
RATE_CHUNK 384 0x52454144 0x4000 0x46f33000 0x604000 0x365b5325 0x8acb8e11
[stm32h7r3.cpu0] halted due to debug-request, current mode: Thread 
xPSR: 0x21000000 pc: 0x00000df2 msp: 0x2000e148
RATE_CHUNK 385 0x52454144 0x4000 0x46f33000 0x608000 0x36147af1 0x97ff81dd
[stm32h7r3.cpu0] halted due to debug-request, current mode: Thread 
xPSR: 0x21000000 pc: 0x000004c0 msp: 0x2000e148
RATE_CHUNK 386 0x52454144 0x4000 0x46f33000 0x60c000 0x35a2aa75 0x5beacf77
[stm32h7r3.cpu0] halted due to debug-request, current mode: Thread 
xPSR: 0x21000000 pc: 0x00000e0e msp: 0x2000e148
RATE_CHUNK 387 0x52454144 0x4000 0x46f33000 0x610000 0x354f4b83 0xa4f0c4f6
[stm32h7r3.cpu0] halted due to debug-request, current mode: Thread 
xPSR: 0x21000000 pc: 0x00000df6 msp: 0x2000e148
RATE_CHUNK 388 0x52454144 0x4000 0x46f33000 0x614000 0x359535f1 0x5c2e3419
[stm32h7r3.cpu0] halted due to debug-request, current mode: Thread 
xPSR: 0x21000000 pc: 0x00000df2 msp: 0x2000e148
RATE_CHUNK 389 0x52454144 0x4000 0x46f33000 0x618000 0x36077a35 0x8ec14d8e
[stm32h7r3.cpu0] halted due to debug-request, current mode: Thread 
xPSR: 0x21000000 pc: 0x00000e0e msp: 0x2000e148
RATE_CHUNK 390 0x52454144 0x4000 0x46f33000 0x61c000 0x36864eaa 0x1853606d
[stm32h7r3.cpu0] halted due to debug-request, current mode: Thread 
xPSR: 0x21000000 pc: 0x00000df6 msp: 0x2000e148
RATE_CHUNK 391 0x52454144 0x4000 0x46f33000 0x620000 0x3658aff7 0x630046db
[stm32h7r3.cpu0] halted due to debug-request, current mode: Thread 
xPSR: 0x21000000 pc: 0x000004c4 msp: 0x2000e148
RATE_CHUNK 392 0x52454144 0x4000 0x46f33000 0x624000 0x36cb4535 0x949f73ee
[stm32h7r3.cpu0] halted due to debug-request, current mode: Thread 
xPSR: 0x25001c00 pc: 0x00000e04 msp: 0x2000e148
RATE_CHUNK 393 0x52454144 0x4000 0x46f33000 0x628000 0x36cc363f 0x878c16d9
[stm32h7r3.cpu0] halted due to debug-request, current mode: Thread 
xPSR: 0x21000000 pc: 0x000004c0 msp: 0x2000e148
RATE_CHUNK 394 0x52454144 0x4000 0x46f33000 0x62c000 0x383fdc4a 0x7ab1096f
[stm32h7r3.cpu0] halted due to debug-request, current mode: Thread 
xPSR: 0x21001800 pc: 0x00000e08 msp: 0x2000e148
RATE_CHUNK 395 0x52454144 0x4000 0x46f33000 0x630000 0x37bae1f2 0xabf5953e
[stm32h7r3.cpu0] halted due to debug-request, current mode: Thread 
xPSR: 0x21001800 pc: 0x00000e08 msp: 0x2000e148
RATE_CHUNK 396 0x52454144 0x4000 0x46f33000 0x634000 0x374ebd24 0xa8c3f725
[stm32h7r3.cpu0] halted due to debug-request, current mode: Thread 
xPSR: 0x21000000 pc: 0x00000e00 msp: 0x2000e148
RATE_CHUNK 397 0x52454144 0x4000 0x46f33000 0x638000 0x36e898fb 0x9a608893
[stm32h7r3.cpu0] halted due to debug-request, current mode: Thread 
xPSR: 0x21000000 pc: 0x00000df6 msp: 0x2000e148
RATE_CHUNK 398 0x52454144 0x4000 0x46f33000 0x63c000 0x3676b8b6 0xa1420551
[stm32h7r3.cpu0] halted due to debug-request, current mode: Thread 
xPSR: 0x21000000 pc: 0x00000dfc msp: 0x2000e148
RATE_CHUNK 399 0x52454144 0x4000 0x46f33000 0x640000 0x36a5c83c 0x7e0594dc
[stm32h7r3.cpu0] halted due to debug-request, current mode: Thread 
xPSR: 0x21000000 pc: 0x00000df2 msp: 0x2000e148
RATE_CHUNK 400 0x52454144 0x4000 0x46f33000 0x644000 0x36366b87 0xe5297b8c
[stm32h7r3.cpu0] halted due to debug-request, current mode: Thread 
xPSR: 0x21000000 pc: 0x00000dfc msp: 0x2000e148
RATE_CHUNK 401 0x52454144 0x4000 0x46f33000 0x648000 0x35fdfc42 0x4d7daefb
[stm32h7r3.cpu0] halted due to debug-request, current mode: Thread 
xPSR: 0x21000000 pc: 0x000004c4 msp: 0x2000e148
RATE_CHUNK 402 0x52454144 0x4000 0x46f33000 0x64c000 0x35c84a46 0x64c7235a
[stm32h7r3.cpu0] halted due to debug-request, current mode: Thread 
xPSR: 0x21000000 pc: 0x00000e0e msp: 0x2000e148
RATE_CHUNK 403 0x52454144 0x4000 0x46f33000 0x650000 0x3563928d 0x6a87b5d6
[stm32h7r3.cpu0] halted due to debug-request, current mode: Thread 
xPSR: 0x21000000 pc: 0x00000df6 msp: 0x2000e148
RATE_CHUNK 404 0x52454144 0x4000 0x46f33000 0x654000 0x351b9c4d 0x3269e504
[stm32h7r3.cpu0] halted due to debug-request, current mode: Thread 
xPSR: 0x21000000 pc: 0x00000df6 msp: 0x2000e148
RATE_CHUNK 405 0x52454144 0x4000 0x46f33000 0x658000 0x37c76c3d 0x9b88dbdc
[stm32h7r3.cpu0] halted due to debug-request, current mode: Thread 
xPSR: 0x21000000 pc: 0x00000e00 msp: 0x2000e148
RATE_CHUNK 406 0x52454144 0x4000 0x46f33000 0x65c000 0x36681209 0x6443bfd3
[stm32h7r3.cpu0] halted due to debug-request, current mode: Thread 
xPSR: 0x21000000 pc: 0x00000df2 msp: 0x2000e148
RATE_CHUNK 407 0x52454144 0x4000 0x46f33000 0x660000 0x3779c731 0x812ed1f8
[stm32h7r3.cpu0] halted due to debug-request, current mode: Thread 
xPSR: 0x21000000 pc: 0x00000e00 msp: 0x2000e148
RATE_CHUNK 408 0x52454144 0x4000 0x46f33000 0x664000 0x36a4f118 0x181eaee2
[stm32h7r3.cpu0] halted due to debug-request, current mode: Thread 
xPSR: 0x21000000 pc: 0x000004c4 msp: 0x2000e148
RATE_CHUNK 409 0x52454144 0x4000 0x46f33000 0x668000 0x38022b71 0x9281c8a4
[stm32h7r3.cpu0] halted due to debug-request, current mode: Thread 
xPSR: 0x21000000 pc: 0x00000df6 msp: 0x2000e148
RATE_CHUNK 410 0x52454144 0x4000 0x46f33000 0x66c000 0x379127ec 0x493749d2
[stm32h7r3.cpu0] halted due to debug-request, current mode: Thread 
xPSR: 0x21001800 pc: 0x00000e08 msp: 0x2000e148
RATE_CHUNK 411 0x52454144 0x4000 0x46f33000 0x670000 0x36e47ba9 0xa47d04d1
[stm32h7r3.cpu0] halted due to debug-request, current mode: Thread 
xPSR: 0x21000000 pc: 0x00000df6 msp: 0x2000e148
RATE_CHUNK 412 0x52454144 0x4000 0x46f33000 0x674000 0x36cf1a7b 0x8f8317f8
[stm32h7r3.cpu0] halted due to debug-request, current mode: Thread 
xPSR: 0x21000000 pc: 0x000004c4 msp: 0x2000e148
RATE_CHUNK 413 0x52454144 0x4000 0x46f33000 0x678000 0x364430f3 0x460c4469
[stm32h7r3.cpu0] halted due to debug-request, current mode: Thread 
xPSR: 0x21000000 pc: 0x00000df2 msp: 0x2000e148
RATE_CHUNK 414 0x52454144 0x4000 0x46f33000 0x67c000 0x367f1253 0xe1aa01a2
[stm32h7r3.cpu0] halted due to debug-request, current mode: Thread 
xPSR: 0x21000000 pc: 0x00000dfc msp: 0x2000e148
RATE_CHUNK 415 0x52454144 0x4000 0x46f33000 0x680000 0x360153c6 0x2d1d46da
[stm32h7r3.cpu0] halted due to debug-request, current mode: Thread 
xPSR: 0x21000000 pc: 0x00000df2 msp: 0x2000e148
RATE_CHUNK 416 0x52454144 0x4000 0x46f33000 0x684000 0x35c766bf 0x2b53e119
[stm32h7r3.cpu0] halted due to debug-request, current mode: Thread 
xPSR: 0x21000000 pc: 0x000004c4 msp: 0x2000e148
RATE_CHUNK 417 0x52454144 0x4000 0x46f33000 0x688000 0x35de7320 0xe20df65e
[stm32h7r3.cpu0] halted due to debug-request, current mode: Thread 
xPSR: 0x25001c00 pc: 0x00000e04 msp: 0x2000e148
RATE_CHUNK 418 0x52454144 0x4000 0x46f33000 0x68c000 0x35cf2190 0xf0008f59
[stm32h7r3.cpu0] halted due to debug-request, current mode: Thread 
xPSR: 0x21000000 pc: 0x00000e0e msp: 0x2000e148
RATE_CHUNK 419 0x52454144 0x4000 0x46f33000 0x690000 0x354c1526 0x6e68082b
[stm32h7r3.cpu0] halted due to debug-request, current mode: Thread 
xPSR: 0x21000000 pc: 0x00000df2 msp: 0x2000e148
RATE_CHUNK 420 0x52454144 0x4000 0x46f33000 0x694000 0x3683e99c 0x15dc0c1c
[stm32h7r3.cpu0] halted due to debug-request, current mode: Thread 
xPSR: 0x21000000 pc: 0x000004c0 msp: 0x2000e148
RATE_CHUNK 421 0x52454144 0x4000 0x46f33000 0x698000 0x35f412ff 0x8b2fc64b
[stm32h7r3.cpu0] halted due to debug-request, current mode: Thread 
xPSR: 0x21000000 pc: 0x00000df2 msp: 0x2000e148
RATE_CHUNK 422 0x52454144 0x4000 0x46f33000 0x69c000 0x37526240 0x1fefc31a
[stm32h7r3.cpu0] halted due to debug-request, current mode: Thread 
xPSR: 0x25001c00 pc: 0x00000e04 msp: 0x2000e148
RATE_CHUNK 423 0x52454144 0x4000 0x46f33000 0x6a0000 0x3614b729 0x3cbf149
[stm32h7r3.cpu0] halted due to debug-request, current mode: Thread 
xPSR: 0x21000000 pc: 0x000004c0 msp: 0x2000e148
RATE_CHUNK 424 0x52454144 0x4000 0x46f33000 0x6a4000 0x37e03ebc 0x25d0464
[stm32h7r3.cpu0] halted due to debug-request, current mode: Thread 
xPSR: 0x21000000 pc: 0x000004c0 msp: 0x2000e148
RATE_CHUNK 425 0x52454144 0x4000 0x46f33000 0x6a8000 0x369521bf 0x2419566a
[stm32h7r3.cpu0] halted due to debug-request, current mode: Thread 
xPSR: 0x21000000 pc: 0x000004c4 msp: 0x2000e148
RATE_CHUNK 426 0x52454144 0x4000 0x46f33000 0x6ac000 0x35e61fe0 0x94651e05
[stm32h7r3.cpu0] halted due to debug-request, current mode: Thread 
xPSR: 0x21000000 pc: 0x00000df6 msp: 0x2000e148
RATE_CHUNK 427 0x52454144 0x4000 0x46f33000 0x6b0000 0x35bc9b12 0xa8527eef
[stm32h7r3.cpu0] halted due to debug-request, current mode: Thread 
xPSR: 0x21000000 pc: 0x00000df6 msp: 0x2000e148
RATE_CHUNK 428 0x52454144 0x4000 0x46f33000 0x6b4000 0x384fb59c 0xde3ed130
[stm32h7r3.cpu0] halted due to debug-request, current mode: Thread 
xPSR: 0x21000000 pc: 0x000004c4 msp: 0x2000e148
RATE_CHUNK 429 0x52454144 0x4000 0x46f33000 0x6b8000 0x35d29b01 0x501443ba
[stm32h7r3.cpu0] halted due to debug-request, current mode: Thread 
xPSR: 0x21000000 pc: 0x00000df6 msp: 0x2000e148
RATE_CHUNK 430 0x52454144 0x4000 0x46f33000 0x6bc000 0x35e5cd1f 0xfce45768
[stm32h7r3.cpu0] halted due to debug-request, current mode: Thread 
xPSR: 0x25001c00 pc: 0x00000e04 msp: 0x2000e148
RATE_CHUNK 431 0x52454144 0x4000 0x46f33000 0x6c0000 0x375164d6 0x6eeae4a0
[stm32h7r3.cpu0] halted due to debug-request, current mode: Thread 
xPSR: 0x21000000 pc: 0x00000df6 msp: 0x2000e148
RATE_CHUNK 432 0x52454144 0x4000 0x46f33000 0x6c4000 0x37fd3833 0x4b590a1d
[stm32h7r3.cpu0] halted due to debug-request, current mode: Thread 
xPSR: 0x25001c00 pc: 0x00000e04 msp: 0x2000e148
RATE_CHUNK 433 0x52454144 0x4000 0x46f33000 0x6c8000 0x364c83a9 0x291d8196
[stm32h7r3.cpu0] halted due to debug-request, current mode: Thread 
xPSR: 0x21000000 pc: 0x00000df6 msp: 0x2000e148
RATE_CHUNK 434 0x52454144 0x4000 0x46f33000 0x6cc000 0x35741ef2 0xe6914188
[stm32h7r3.cpu0] halted due to debug-request, current mode: Thread 
xPSR: 0x21000000 pc: 0x00000dfc msp: 0x2000e148
RATE_CHUNK 435 0x52454144 0x4000 0x46f33000 0x6d0000 0x368961f2 0xa4d6f11c
[stm32h7r3.cpu0] halted due to debug-request, current mode: Thread 
xPSR: 0x25001c00 pc: 0x00000e04 msp: 0x2000e148
RATE_CHUNK 436 0x52454144 0x4000 0x46f33000 0x6d4000 0x367872fc 0x995ca0bf
[stm32h7r3.cpu0] halted due to debug-request, current mode: Thread 
xPSR: 0x21000000 pc: 0x00000e00 msp: 0x2000e148
RATE_CHUNK 437 0x52454144 0x4000 0x46f33000 0x6d8000 0x36011eed 0x9d8a1e25
[stm32h7r3.cpu0] halted due to debug-request, current mode: Thread 
xPSR: 0x21001800 pc: 0x00000e08 msp: 0x2000e148
RATE_CHUNK 438 0x52454144 0x4000 0x46f33000 0x6dc000 0x35acf584 0x84320352
[stm32h7r3.cpu0] halted due to debug-request, current mode: Thread 
xPSR: 0x21000000 pc: 0x00000dfc msp: 0x2000e148
RATE_CHUNK 439 0x52454144 0x4000 0x46f33000 0x6e0000 0x3769e344 0xa6538e23
[stm32h7r3.cpu0] halted due to debug-request, current mode: Thread 
xPSR: 0x21000000 pc: 0x00000e0e msp: 0x2000e148
RATE_CHUNK 440 0x52454144 0x4000 0x46f33000 0x6e4000 0x36e3591a 0x96014e2a
[stm32h7r3.cpu0] halted due to debug-request, current mode: Thread 
xPSR: 0x25001c00 pc: 0x00000e04 msp: 0x2000e148
RATE_CHUNK 441 0x52454144 0x4000 0x46f33000 0x6e8000 0x35c99661 0xe88bdaf
[stm32h7r3.cpu0] halted due to debug-request, current mode: Thread 
xPSR: 0x21000000 pc: 0x00000e0e msp: 0x2000e148
RATE_CHUNK 442 0x52454144 0x4000 0x46f33000 0x6ec000 0x360af0b5 0x805774d8
[stm32h7r3.cpu0] halted due to debug-request, current mode: Thread 
xPSR: 0x21000000 pc: 0x00000e0e msp: 0x2000e148
RATE_CHUNK 443 0x52454144 0x4000 0x46f33000 0x6f0000 0x376fc1d1 0xfd550a45
[stm32h7r3.cpu0] halted due to debug-request, current mode: Thread 
xPSR: 0x21000000 pc: 0x00000df2 msp: 0x2000e148
RATE_CHUNK 444 0x52454144 0x4000 0x46f33000 0x6f4000 0x3671cbe0 0x723b25d8
[stm32h7r3.cpu0] halted due to debug-request, current mode: Thread 
xPSR: 0x21000000 pc: 0x00000dfc msp: 0x2000e148
RATE_CHUNK 445 0x52454144 0x4000 0x46f33000 0x6f8000 0x35a016d2 0x88b5c99d
[stm32h7r3.cpu0] halted due to debug-request, current mode: Thread 
xPSR: 0x25001c00 pc: 0x00000e04 msp: 0x2000e148
RATE_CHUNK 446 0x52454144 0x4000 0x46f33000 0x6fc000 0x36f5d51b 0xc6dbc6dd
[stm32h7r3.cpu0] halted due to debug-request, current mode: Thread 
xPSR: 0x21000000 pc: 0x000004c0 msp: 0x2000e148
RATE_CHUNK 447 0x52454144 0x4000 0x46f33000 0x700000 0x38fcb617 0xabc321b7
[stm32h7r3.cpu0] halted due to debug-request, current mode: Thread 
xPSR: 0x21000000 pc: 0x00000e00 msp: 0x2000e148
RATE_CHUNK 448 0x52454144 0x4000 0x46f33000 0x704000 0x369b60b2 0x699d3556
[stm32h7r3.cpu0] halted due to debug-request, current mode: Thread 
xPSR: 0x21000000 pc: 0x00000df6 msp: 0x2000e148
RATE_CHUNK 449 0x52454144 0x4000 0x46f33000 0x708000 0x35927114 0xee31c378
[stm32h7r3.cpu0] halted due to debug-request, current mode: Thread 
xPSR: 0x21000000 pc: 0x000004c4 msp: 0x2000e148
RATE_CHUNK 450 0x52454144 0x4000 0x46f33000 0x70c000 0x361f989d 0x93e2134d
[stm32h7r3.cpu0] halted due to debug-request, current mode: Thread 
xPSR: 0x21000000 pc: 0x000004c4 msp: 0x2000e148
RATE_CHUNK 451 0x52454144 0x4000 0x46f33000 0x710000 0x34e175cf 0x414030c6
[stm32h7r3.cpu0] halted due to debug-request, current mode: Thread 
xPSR: 0x21000000 pc: 0x00000e0e msp: 0x2000e148
RATE_CHUNK 452 0x52454144 0x4000 0x46f33000 0x714000 0x346f9fd1 0xb173a773
[stm32h7r3.cpu0] halted due to debug-request, current mode: Thread 
xPSR: 0x21000000 pc: 0x00000e00 msp: 0x2000e148
RATE_CHUNK 453 0x52454144 0x4000 0x46f33000 0x718000 0x351ca0e3 0xa6d2b6d5
[stm32h7r3.cpu0] halted due to debug-request, current mode: Thread 
xPSR: 0x21000000 pc: 0x00000e0e msp: 0x2000e148
RATE_CHUNK 454 0x52454144 0x4000 0x46f33000 0x71c000 0x351134e0 0x9d63887c
[stm32h7r3.cpu0] halted due to debug-request, current mode: Thread 
xPSR: 0x21000000 pc: 0x000004c0 msp: 0x2000e148
RATE_CHUNK 455 0x52454144 0x4000 0x46f33000 0x720000 0x380817fa 0x77e623c1
[stm32h7r3.cpu0] halted due to debug-request, current mode: Thread 
xPSR: 0x21001800 pc: 0x00000e08 msp: 0x2000e148
RATE_CHUNK 456 0x52454144 0x4000 0x46f33000 0x724000 0x36443c1b 0xaf8b0734
[stm32h7r3.cpu0] halted due to debug-request, current mode: Thread 
xPSR: 0x21000000 pc: 0x000004c0 msp: 0x2000e148
RATE_CHUNK 457 0x52454144 0x4000 0x46f33000 0x728000 0x35810a26 0x5e4f0296
[stm32h7r3.cpu0] halted due to debug-request, current mode: Thread 
xPSR: 0x21000000 pc: 0x00000dfc msp: 0x2000e148
RATE_CHUNK 458 0x52454144 0x4000 0x46f33000 0x72c000 0x370d7058 0x4cefa9bd
[stm32h7r3.cpu0] halted due to debug-request, current mode: Thread 
xPSR: 0x21000000 pc: 0x00000df2 msp: 0x2000e148
RATE_CHUNK 459 0x52454144 0x4000 0x46f33000 0x730000 0x371c1436 0x817543e5
[stm32h7r3.cpu0] halted due to debug-request, current mode: Thread 
xPSR: 0x21000000 pc: 0x00000e0e msp: 0x2000e148
RATE_CHUNK 460 0x52454144 0x4000 0x46f33000 0x734000 0x35d65f41 0xeb8d2330
[stm32h7r3.cpu0] halted due to debug-request, current mode: Thread 
xPSR: 0x21000000 pc: 0x00000dfc msp: 0x2000e148
RATE_CHUNK 461 0x52454144 0x4000 0x46f33000 0x738000 0x367516cd 0x7f7029d9
[stm32h7r3.cpu0] halted due to debug-request, current mode: Thread 
xPSR: 0x21000000 pc: 0x00000df6 msp: 0x2000e148
RATE_CHUNK 462 0x52454144 0x4000 0x46f33000 0x73c000 0x3806fe2e 0x48565f35
[stm32h7r3.cpu0] halted due to debug-request, current mode: Thread 
xPSR: 0x21000000 pc: 0x00000df6 msp: 0x2000e148
RATE_CHUNK 463 0x52454144 0x4000 0x46f33000 0x740000 0x378ab513 0xbbf20d9e
[stm32h7r3.cpu0] halted due to debug-request, current mode: Thread 
xPSR: 0x21000000 pc: 0x00000df6 msp: 0x2000e148
RATE_CHUNK 464 0x52454144 0x4000 0x46f33000 0x744000 0x35fc9732 0x5452062b
[stm32h7r3.cpu0] halted due to debug-request, current mode: Thread 
xPSR: 0x21000000 pc: 0x00000df2 msp: 0x2000e148
RATE_CHUNK 465 0x52454144 0x4000 0x46f33000 0x748000 0x35c3983b 0x6de7ff01
[stm32h7r3.cpu0] halted due to debug-request, current mode: Thread 
xPSR: 0x21000000 pc: 0x000004c0 msp: 0x2000e148
RATE_CHUNK 466 0x52454144 0x4000 0x46f33000 0x74c000 0x35e901c3 0x16988f6
[stm32h7r3.cpu0] halted due to debug-request, current mode: Thread 
xPSR: 0x21000000 pc: 0x00000df6 msp: 0x2000e148
RATE_CHUNK 467 0x52454144 0x4000 0x46f33000 0x750000 0x3606e5ac 0x7062fe0a
[stm32h7r3.cpu0] halted due to debug-request, current mode: Thread 
xPSR: 0x21000000 pc: 0x00000e0e msp: 0x2000e148
RATE_CHUNK 468 0x52454144 0x4000 0x46f33000 0x754000 0x364e4abc 0x6ca84e1b
[stm32h7r3.cpu0] halted due to debug-request, current mode: Thread 
xPSR: 0x21000000 pc: 0x00000e00 msp: 0x2000e148
RATE_CHUNK 469 0x52454144 0x4000 0x46f33000 0x758000 0x35c57b90 0xa4054889
[stm32h7r3.cpu0] halted due to debug-request, current mode: Thread 
xPSR: 0x21000000 pc: 0x00000df6 msp: 0x2000e148
RATE_CHUNK 470 0x52454144 0x4000 0x46f33000 0x75c000 0x385a4ac2 0x815cbf78
[stm32h7r3.cpu0] halted due to debug-request, current mode: Thread 
xPSR: 0x21000000 pc: 0x00000df2 msp: 0x2000e148
RATE_CHUNK 471 0x52454144 0x4000 0x46f33000 0x760000 0x35bfdc05 0x75d1b6a6
[stm32h7r3.cpu0] halted due to debug-request, current mode: Thread 
xPSR: 0x21000000 pc: 0x00000df6 msp: 0x2000e148
RATE_CHUNK 472 0x52454144 0x4000 0x46f33000 0x764000 0x35329c06 0x8821f16e
[stm32h7r3.cpu0] halted due to debug-request, current mode: Thread 
xPSR: 0x25001c00 pc: 0x00000e04 msp: 0x2000e148
RATE_CHUNK 473 0x52454144 0x4000 0x46f33000 0x768000 0x363c2f16 0x6d74cd70
[stm32h7r3.cpu0] halted due to debug-request, current mode: Thread 
xPSR: 0x21000000 pc: 0x00000e00 msp: 0x2000e148
RATE_CHUNK 474 0x52454144 0x4000 0x46f33000 0x76c000 0x37fc1f9b 0x2b875702
[stm32h7r3.cpu0] halted due to debug-request, current mode: Thread 
xPSR: 0x21000000 pc: 0x00000df2 msp: 0x2000e148
RATE_CHUNK 475 0x52454144 0x4000 0x46f33000 0x770000 0x3617b60d 0x2c0fb1d3
[stm32h7r3.cpu0] halted due to debug-request, current mode: Thread 
xPSR: 0x21000000 pc: 0x00000e0e msp: 0x2000e148
RATE_CHUNK 476 0x52454144 0x4000 0x46f33000 0x774000 0x36204179 0x36867162
[stm32h7r3.cpu0] halted due to debug-request, current mode: Thread 
xPSR: 0x21000000 pc: 0x00000df2 msp: 0x2000e148
RATE_CHUNK 477 0x52454144 0x4000 0x46f33000 0x778000 0x382576ec 0x1cb5da69
[stm32h7r3.cpu0] halted due to debug-request, current mode: Thread 
xPSR: 0x21000000 pc: 0x00000df6 msp: 0x2000e148
RATE_CHUNK 478 0x52454144 0x4000 0x46f33000 0x77c000 0x37a377d9 0x9c1a949a
[stm32h7r3.cpu0] halted due to debug-request, current mode: Thread 
xPSR: 0x21000000 pc: 0x00000e0e msp: 0x2000e148
RATE_CHUNK 479 0x52454144 0x4000 0x46f33000 0x780000 0x35e05789 0xe4c3af53
[stm32h7r3.cpu0] halted due to debug-request, current mode: Thread 
xPSR: 0x21000000 pc: 0x00000df6 msp: 0x2000e148
RATE_CHUNK 480 0x52454144 0x4000 0x46f33000 0x784000 0x35cc9c74 0xbd516077
[stm32h7r3.cpu0] halted due to debug-request, current mode: Thread 
xPSR: 0x21000000 pc: 0x00000df2 msp: 0x2000e148
RATE_CHUNK 481 0x52454144 0x4000 0x46f33000 0x788000 0x358bed69 0xa80fcbff
[stm32h7r3.cpu0] halted due to debug-request, current mode: Thread 
xPSR: 0x21001800 pc: 0x00000e08 msp: 0x2000e148
RATE_CHUNK 482 0x52454144 0x4000 0x46f33000 0x78c000 0x3479c6b4 0x5cfb7788
[stm32h7r3.cpu0] halted due to debug-request, current mode: Thread 
xPSR: 0x21000000 pc: 0x00000e0e msp: 0x2000e148
RATE_CHUNK 483 0x52454144 0x4000 0x46f33000 0x790000 0x344c3896 0x4cc5b08a
[stm32h7r3.cpu0] halted due to debug-request, current mode: Thread 
xPSR: 0x25001c00 pc: 0x00000e04 msp: 0x2000e148
RATE_CHUNK 484 0x52454144 0x4000 0x46f33000 0x794000 0x345b459f 0x6ede746a
[stm32h7r3.cpu0] halted due to debug-request, current mode: Thread 
xPSR: 0x21000000 pc: 0x000004c4 msp: 0x2000e148
RATE_CHUNK 485 0x52454144 0x4000 0x46f33000 0x798000 0x347a7ed5 0x448d31ee
[stm32h7r3.cpu0] halted due to debug-request, current mode: Thread 
xPSR: 0x21000000 pc: 0x000004c4 msp: 0x2000e148
RATE_CHUNK 486 0x52454144 0x4000 0x46f33000 0x79c000 0x340083a6 0xfb5740a9
[stm32h7r3.cpu0] halted due to debug-request, current mode: Thread 
xPSR: 0x21000000 pc: 0x000004c4 msp: 0x2000e148
RATE_CHUNK 487 0x52454144 0x4000 0x46f33000 0x7a0000 0x33bd4407 0xe8bd28d2
[stm32h7r3.cpu0] halted due to debug-request, current mode: Thread 
xPSR: 0x21000000 pc: 0x00000e00 msp: 0x2000e148
RATE_CHUNK 488 0x52454144 0x4000 0x46f33000 0x7a4000 0x33c345d5 0xe5d991d6
[stm32h7r3.cpu0] halted due to debug-request, current mode: Thread 
xPSR: 0x21000000 pc: 0x00000e0e msp: 0x2000e148
RATE_CHUNK 489 0x52454144 0x4000 0x46f33000 0x7a8000 0x3432ff8e 0x262e2d0c
[stm32h7r3.cpu0] halted due to debug-request, current mode: Thread 
xPSR: 0x21000000 pc: 0x00000df2 msp: 0x2000e148
RATE_CHUNK 490 0x52454144 0x4000 0x46f33000 0x7ac000 0x337a6fd7 0x4247c823
[stm32h7r3.cpu0] halted due to debug-request, current mode: Thread 
xPSR: 0x21000000 pc: 0x00000e0e msp: 0x2000e148
RATE_CHUNK 491 0x52454144 0x4000 0x46f33000 0x7b0000 0x340b9963 0x4cd4b4f9
[stm32h7r3.cpu0] halted due to debug-request, current mode: Thread 
xPSR: 0x21000000 pc: 0x00000e00 msp: 0x2000e148
RATE_CHUNK 492 0x52454144 0x4000 0x46f33000 0x7b4000 0x33f378d3 0x55fccce5
[stm32h7r3.cpu0] halted due to debug-request, current mode: Thread 
xPSR: 0x21000000 pc: 0x00000e00 msp: 0x2000e148
RATE_CHUNK 493 0x52454144 0x4000 0x46f33000 0x7b8000 0x3471beda 0xff11d393
[stm32h7r3.cpu0] halted due to debug-request, current mode: Thread 
xPSR: 0x21000000 pc: 0x00000dfc msp: 0x2000e148
RATE_CHUNK 494 0x52454144 0x4000 0x46f33000 0x7bc000 0x3552673b 0x90b9acf1
[stm32h7r3.cpu0] halted due to debug-request, current mode: Thread 
xPSR: 0x21000000 pc: 0x000004c4 msp: 0x2000e148
RATE_CHUNK 495 0x52454144 0x4000 0x46f33000 0x7c0000 0x3732f877 0x361e1499
[stm32h7r3.cpu0] halted due to debug-request, current mode: Thread 
xPSR: 0x21000000 pc: 0x00000e0e msp: 0x2000e148
RATE_CHUNK 496 0x52454144 0x4000 0x46f33000 0x7c4000 0x356de127 0x67169170
[stm32h7r3.cpu0] halted due to debug-request, current mode: Thread 
xPSR: 0x21000000 pc: 0x00000e0e msp: 0x2000e148
RATE_CHUNK 497 0x52454144 0x4000 0x46f33000 0x7c8000 0x358e689b 0x88993dae
[stm32h7r3.cpu0] halted due to debug-request, current mode: Thread 
xPSR: 0x21001800 pc: 0x00000e08 msp: 0x2000e148
RATE_CHUNK 498 0x52454144 0x4000 0x46f33000 0x7cc000 0x35cb3f89 0x580d913
[stm32h7r3.cpu0] halted due to debug-request, current mode: Thread 
xPSR: 0x21000000 pc: 0x00000df2 msp: 0x2000e148
RATE_CHUNK 499 0x52454144 0x4000 0x46f33000 0x7d0000 0x35837ec2 0x7d04813a
[stm32h7r3.cpu0] halted due to debug-request, current mode: Thread 
xPSR: 0x21001800 pc: 0x00000e08 msp: 0x2000e148
RATE_CHUNK 500 0x52454144 0x4000 0x46f33000 0x7d4000 0x35fe7dab 0xdcd7e71
[stm32h7r3.cpu0] halted due to debug-request, current mode: Thread 
xPSR: 0x21000000 pc: 0x000004c0 msp: 0x2000e148
RATE_CHUNK 501 0x52454144 0x4000 0x46f33000 0x7d8000 0x357b577d 0x55a015cc
[stm32h7r3.cpu0] halted due to debug-request, current mode: Thread 
xPSR: 0x21000000 pc: 0x00000df6 msp: 0x2000e148
RATE_CHUNK 502 0x52454144 0x4000 0x46f33000 0x7dc000 0x3590d6e2 0x987a62ca
[stm32h7r3.cpu0] halted due to debug-request, current mode: Thread 
xPSR: 0x21000000 pc: 0x000004c4 msp: 0x2000e148
RATE_CHUNK 503 0x52454144 0x4000 0x46f33000 0x7e0000 0x35ba9c03 0x14a2054
[stm32h7r3.cpu0] halted due to debug-request, current mode: Thread 
xPSR: 0x25001c00 pc: 0x00000e04 msp: 0x2000e148
RATE_CHUNK 504 0x52454144 0x4000 0x46f33000 0x7e4000 0x35d99623 0x22230266
[stm32h7r3.cpu0] halted due to debug-request, current mode: Thread 
xPSR: 0x21000000 pc: 0x000004c0 msp: 0x2000e148
RATE_CHUNK 505 0x52454144 0x4000 0x46f33000 0x7e8000 0x357ea65a 0x9a0b374c
[stm32h7r3.cpu0] halted due to debug-request, current mode: Thread 
xPSR: 0x21001800 pc: 0x00000e08 msp: 0x2000e148
RATE_CHUNK 506 0x52454144 0x4000 0x46f33000 0x7ec000 0x35b48df7 0x3716687
[stm32h7r3.cpu0] halted due to debug-request, current mode: Thread 
xPSR: 0x21000000 pc: 0x000004c0 msp: 0x2000e148
RATE_CHUNK 507 0x52454144 0x4000 0x46f33000 0x7f0000 0x360d307a 0x3a647e21
[stm32h7r3.cpu0] halted due to debug-request, current mode: Thread 
xPSR: 0x21000000 pc: 0x00000df2 msp: 0x2000e148
RATE_CHUNK 508 0x52454144 0x4000 0x46f33000 0x7f4000 0x3653bff1 0x65652652
[stm32h7r3.cpu0] halted due to debug-request, current mode: Thread 
xPSR: 0x21000000 pc: 0x00000df6 msp: 0x2000e148
RATE_CHUNK 509 0x52454144 0x4000 0x46f33000 0x7f8000 0x359ae124 0xf0a6de4d
[stm32h7r3.cpu0] halted due to debug-request, current mode: Thread 
xPSR: 0x21001800 pc: 0x00000e08 msp: 0x2000e148
RATE_CHUNK 510 0x52454144 0x4000 0x46f33000 0x7fc000 0x358ab0f7 0x65c29210
[stm32h7r3.cpu0] halted due to debug-request, current mode: Thread 
xPSR: 0x21000000 pc: 0x000004c0 msp: 0x2000e148
RATE_CHUNK 511 0x52454144 0x4000 0x46f33000 0x800000 0x35a9443e 0x77b4b497
[stm32h7r3.cpu0] halted due to debug-request, current mode: Thread 
xPSR: 0x21000000 pc: 0x00000df6 msp: 0x2000e148
RATE_CHUNK 512 0x52454144 0x4000 0x46f33000 0x804000 0x35570fc0 0xb3d6c2d7
[stm32h7r3.cpu0] halted due to debug-request, current mode: Thread 
xPSR: 0x21000000 pc: 0x00000e0e msp: 0x2000e148
RATE_CHUNK 513 0x52454144 0x4000 0x46f33000 0x808000 0x35d175da 0x2602784
[stm32h7r3.cpu0] halted due to debug-request, current mode: Thread 
xPSR: 0x21000000 pc: 0x00000e0e msp: 0x2000e148
RATE_CHUNK 514 0x52454144 0x4000 0x46f33000 0x80c000 0x35edfa56 0x2eb99cc6
[stm32h7r3.cpu0] halted due to debug-request, current mode: Thread 
xPSR: 0x21000000 pc: 0x00000e00 msp: 0x2000e148
RATE_CHUNK 515 0x52454144 0x4000 0x46f33000 0x810000 0x360e95a4 0x32cb28b0
[stm32h7r3.cpu0] halted due to debug-request, current mode: Thread 
xPSR: 0x21000000 pc: 0x00000dfc msp: 0x2000e148
RATE_CHUNK 516 0x52454144 0x4000 0x46f33000 0x814000 0x36ca2b19 0x40ccc15f
[stm32h7r3.cpu0] halted due to debug-request, current mode: Thread 
xPSR: 0x21000000 pc: 0x00000dfc msp: 0x2000e148
RATE_CHUNK 517 0x52454144 0x4000 0x46f33000 0x818000 0x35b7e7f4 0x3268dee1
[stm32h7r3.cpu0] halted due to debug-request, current mode: Thread 
xPSR: 0x21000000 pc: 0x00000e00 msp: 0x2000e148
RATE_CHUNK 518 0x52454144 0x4000 0x46f33000 0x81c000 0x35eb4199 0x278165c
[stm32h7r3.cpu0] halted due to debug-request, current mode: Thread 
xPSR: 0x21000000 pc: 0x000004c4 msp: 0x2000e148
RATE_CHUNK 519 0x52454144 0x4000 0x46f33000 0x820000 0x360b3e06 0x39d64ee2
[stm32h7r3.cpu0] halted due to debug-request, current mode: Thread 
xPSR: 0x21000000 pc: 0x00000e0e msp: 0x2000e148
RATE_CHUNK 520 0x52454144 0x4000 0x46f33000 0x824000 0x35ee26f6 0x4accf241
[stm32h7r3.cpu0] halted due to debug-request, current mode: Thread 
xPSR: 0x21000000 pc: 0x000004c4 msp: 0x2000e148
RATE_CHUNK 521 0x52454144 0x4000 0x46f33000 0x828000 0x35eb573d 0xa4b4ac15
[stm32h7r3.cpu0] halted due to debug-request, current mode: Thread 
xPSR: 0x21001800 pc: 0x00000e08 msp: 0x2000e148
RATE_CHUNK 522 0x52454144 0x4000 0x46f33000 0x82c000 0x358babb4 0x557a67fb
[stm32h7r3.cpu0] halted due to debug-request, current mode: Thread 
xPSR: 0x21000000 pc: 0x00000e0e msp: 0x2000e148
RATE_CHUNK 523 0x52454144 0x4000 0x46f33000 0x830000 0x369d2781 0xb3965591
[stm32h7r3.cpu0] halted due to debug-request, current mode: Thread 
xPSR: 0x21001800 pc: 0x00000e08 msp: 0x2000e148
RATE_CHUNK 524 0x52454144 0x4000 0x46f33000 0x834000 0x3579c359 0x241fc286
[stm32h7r3.cpu0] halted due to debug-request, current mode: Thread 
xPSR: 0x21001800 pc: 0x00000e08 msp: 0x2000e148
RATE_CHUNK 525 0x52454144 0x4000 0x46f33000 0x838000 0x3611a62b 0xd08392cd
[stm32h7r3.cpu0] halted due to debug-request, current mode: Thread 
xPSR: 0x21000000 pc: 0x00000e00 msp: 0x2000e148
RATE_CHUNK 526 0x52454144 0x4000 0x46f33000 0x83c000 0x349f1148 0x61a9f8bf
[stm32h7r3.cpu0] halted due to debug-request, current mode: Thread 
xPSR: 0x21000000 pc: 0x00000df6 msp: 0x2000e148
RATE_CHUNK 527 0x52454144 0x4000 0x46f33000 0x840000 0x34d95dd5 0xddd4931a
[stm32h7r3.cpu0] halted due to debug-request, current mode: Thread 
xPSR: 0x21001800 pc: 0x00000e08 msp: 0x2000e148
RATE_CHUNK 528 0x52454144 0x4000 0x46f33000 0x844000 0x35d6f5ef 0x6cfa3e11
[stm32h7r3.cpu0] halted due to debug-request, current mode: Thread 
xPSR: 0x21000000 pc: 0x00000df2 msp: 0x2000e148
RATE_CHUNK 529 0x52454144 0x4000 0x46f33000 0x848000 0x35bbd24d 0xc45d636
[stm32h7r3.cpu0] halted due to debug-request, current mode: Thread 
xPSR: 0x21000000 pc: 0x00000df6 msp: 0x2000e148
RATE_CHUNK 530 0x52454144 0x4000 0x46f33000 0x84c000 0x3575ff8c 0xd9cb0551
[stm32h7r3.cpu0] halted due to debug-request, current mode: Thread 
xPSR: 0x21001800 pc: 0x00000e08 msp: 0x2000e148
RATE_CHUNK 531 0x52454144 0x4000 0x46f33000 0x850000 0x364c35b3 0x269f6d84
[stm32h7r3.cpu0] halted due to debug-request, current mode: Thread 
xPSR: 0x21000000 pc: 0x00000dfc msp: 0x2000e148
RATE_CHUNK 532 0x52454144 0x4000 0x46f33000 0x854000 0x35a981db 0x6a88fd94
[stm32h7r3.cpu0] halted due to debug-request, current mode: Thread 
xPSR: 0x21000000 pc: 0x00000dfc msp: 0x2000e148
RATE_CHUNK 533 0x52454144 0x4000 0x46f33000 0x858000 0x35b9a0f2 0xc688acee
[stm32h7r3.cpu0] halted due to debug-request, current mode: Thread 
xPSR: 0x25001c00 pc: 0x00000e04 msp: 0x2000e148
RATE_CHUNK 534 0x52454144 0x4000 0x46f33000 0x85c000 0x35180d8b 0x330925e3
[stm32h7r3.cpu0] halted due to debug-request, current mode: Thread 
xPSR: 0x21000000 pc: 0x00000e0e msp: 0x2000e148
RATE_CHUNK 535 0x52454144 0x4000 0x46f33000 0x860000 0x36724b99 0x783c5843
[stm32h7r3.cpu0] halted due to debug-request, current mode: Thread 
xPSR: 0x21001800 pc: 0x00000e08 msp: 0x2000e148
RATE_CHUNK 536 0x52454144 0x4000 0x46f33000 0x864000 0x358e4549 0x2b7d9d3b
[stm32h7r3.cpu0] halted due to debug-request, current mode: Thread 
xPSR: 0x21000000 pc: 0x00000df2 msp: 0x2000e148
RATE_CHUNK 537 0x52454144 0x4000 0x46f33000 0x868000 0x35deec49 0x36fdcfd
[stm32h7r3.cpu0] halted due to debug-request, current mode: Thread 
xPSR: 0x21000000 pc: 0x00000df6 msp: 0x2000e148
RATE_CHUNK 538 0x52454144 0x4000 0x46f33000 0x86c000 0x3653134d 0x60b6a109
[stm32h7r3.cpu0] halted due to debug-request, current mode: Thread 
xPSR: 0x25001c00 pc: 0x00000e04 msp: 0x2000e148
RATE_CHUNK 539 0x52454144 0x4000 0x46f33000 0x870000 0x35c7c992 0xc3fd13f2
[stm32h7r3.cpu0] halted due to debug-request, current mode: Thread 
xPSR: 0x21000000 pc: 0x000004c0 msp: 0x2000e148
RATE_CHUNK 540 0x52454144 0x4000 0x46f33000 0x874000 0x362575f1 0xea4f4d02
[stm32h7r3.cpu0] halted due to debug-request, current mode: Thread 
xPSR: 0x21000000 pc: 0x00000e0e msp: 0x2000e148
RATE_CHUNK 541 0x52454144 0x4000 0x46f33000 0x878000 0x36476008 0x18e68fb1
[stm32h7r3.cpu0] halted due to debug-request, current mode: Thread 
xPSR: 0x21000000 pc: 0x00000df6 msp: 0x2000e148
RATE_CHUNK 542 0x52454144 0x4000 0x46f33000 0x87c000 0x35f61102 0x3cb185b
[stm32h7r3.cpu0] halted due to debug-request, current mode: Thread 
xPSR: 0x21000000 pc: 0x00000df2 msp: 0x2000e148
RATE_CHUNK 543 0x52454144 0x4000 0x46f33000 0x880000 0x358e56bc 0xaa6696ff
[stm32h7r3.cpu0] halted due to debug-request, current mode: Thread 
xPSR: 0x21000000 pc: 0x00000e0e msp: 0x2000e148
RATE_CHUNK 544 0x52454144 0x4000 0x46f33000 0x884000 0x35ff0b7a 0xce28183e
[stm32h7r3.cpu0] halted due to debug-request, current mode: Thread 
xPSR: 0x21001800 pc: 0x00000e08 msp: 0x2000e148
RATE_CHUNK 545 0x52454144 0x4000 0x46f33000 0x888000 0x35e1fd06 0xbfc7c1f8
[stm32h7r3.cpu0] halted due to debug-request, current mode: Thread 
xPSR: 0x21000000 pc: 0x00000dfc msp: 0x2000e148
RATE_CHUNK 546 0x52454144 0x4000 0x46f33000 0x88c000 0x36f60fc3 0xe921e901
[stm32h7r3.cpu0] halted due to debug-request, current mode: Thread 
xPSR: 0x21000000 pc: 0x00000df6 msp: 0x2000e148
RATE_CHUNK 547 0x52454144 0x4000 0x46f33000 0x890000 0x34ebb841 0xa43f39b8
[stm32h7r3.cpu0] halted due to debug-request, current mode: Thread 
xPSR: 0x21000000 pc: 0x00000df6 msp: 0x2000e148
RATE_CHUNK 548 0x52454144 0x4000 0x46f33000 0x894000 0x3543a13a 0xca421d70
[stm32h7r3.cpu0] halted due to debug-request, current mode: Thread 
xPSR: 0x21000000 pc: 0x000004c4 msp: 0x2000e148
RATE_CHUNK 549 0x52454144 0x4000 0x46f33000 0x898000 0x356d207a 0xe14f5bb8
[stm32h7r3.cpu0] halted due to debug-request, current mode: Thread 
xPSR: 0x21000000 pc: 0x00000df6 msp: 0x2000e148
RATE_CHUNK 550 0x52454144 0x4000 0x46f33000 0x89c000 0x35e2d418 0xaed4ae1d
[stm32h7r3.cpu0] halted due to debug-request, current mode: Thread 
xPSR: 0x21001800 pc: 0x00000e08 msp: 0x2000e148
RATE_CHUNK 551 0x52454144 0x4000 0x46f33000 0x8a0000 0x356c664a 0x525beeb2
[stm32h7r3.cpu0] halted due to debug-request, current mode: Thread 
xPSR: 0x21001800 pc: 0x00000e08 msp: 0x2000e148
RATE_CHUNK 552 0x52454144 0x4000 0x46f33000 0x8a4000 0x35925a0c 0xcb345467
[stm32h7r3.cpu0] halted due to debug-request, current mode: Thread 
xPSR: 0x21000000 pc: 0x00000df6 msp: 0x2000e148
RATE_CHUNK 553 0x52454144 0x4000 0x46f33000 0x8a8000 0x35b1d3b1 0xa8da0cef
[stm32h7r3.cpu0] halted due to debug-request, current mode: Thread 
xPSR: 0x21000000 pc: 0x000004c0 msp: 0x2000e148
RATE_CHUNK 554 0x52454144 0x4000 0x46f33000 0x8ac000 0x35e9cb0d 0x76062c35
[stm32h7r3.cpu0] halted due to debug-request, current mode: Thread 
xPSR: 0x21000000 pc: 0x000004c4 msp: 0x2000e148
RATE_CHUNK 555 0x52454144 0x4000 0x46f33000 0x8b0000 0x3619ff13 0x46bf88a6
[stm32h7r3.cpu0] halted due to debug-request, current mode: Thread 
xPSR: 0x25001c00 pc: 0x00000e04 msp: 0x2000e148
RATE_CHUNK 556 0x52454144 0x4000 0x46f33000 0x8b4000 0x369bef81 0x6e29e27f
[stm32h7r3.cpu0] halted due to debug-request, current mode: Thread 
xPSR: 0x25001c00 pc: 0x00000e04 msp: 0x2000e148
RATE_CHUNK 557 0x52454144 0x4000 0x46f33000 0x8b8000 0x35da737b 0x4a06a485
[stm32h7r3.cpu0] halted due to debug-request, current mode: Thread 
xPSR: 0x21000000 pc: 0x00000df2 msp: 0x2000e148
RATE_CHUNK 558 0x52454144 0x4000 0x46f33000 0x8bc000 0x360f5b99 0x7d5834e5
[stm32h7r3.cpu0] halted due to debug-request, current mode: Thread 
xPSR: 0x21000000 pc: 0x00000df2 msp: 0x2000e148
RATE_CHUNK 559 0x52454144 0x4000 0x46f33000 0x8c0000 0x35147e83 0x1cc8f309
[stm32h7r3.cpu0] halted due to debug-request, current mode: Thread 
xPSR: 0x21000000 pc: 0x00000df2 msp: 0x2000e148
RATE_CHUNK 560 0x52454144 0x4000 0x46f33000 0x8c4000 0x316e0e56 0xbe567ac3
[stm32h7r3.cpu0] halted due to debug-request, current mode: Thread 
xPSR: 0x21000000 pc: 0x000004c0 msp: 0x2000e148
RATE_CHUNK 561 0x52454144 0x4000 0x46f33000 0x8c8000 0x31453a96 0xa62f78b0
[stm32h7r3.cpu0] halted due to debug-request, current mode: Thread 
xPSR: 0x25001c00 pc: 0x00000e04 msp: 0x2000e148
RATE_CHUNK 562 0x52454144 0x4000 0x46f33000 0x8cc000 0x303e2110 0x5dc1aef4
[stm32h7r3.cpu0] halted due to debug-request, current mode: Thread 
xPSR: 0x21000000 pc: 0x00000df2 msp: 0x2000e148
RATE_CHUNK 563 0x52454144 0x4000 0x46f33000 0x8d0000 0x3258825f 0x8166e3f0
[stm32h7r3.cpu0] halted due to debug-request, current mode: Thread 
xPSR: 0x21000000 pc: 0x000004c0 msp: 0x2000e148
RATE_CHUNK 564 0x52454144 0x4000 0x46f33000 0x8d4000 0x35e83384 0x9bfcf0bf
[stm32h7r3.cpu0] halted due to debug-request, current mode: Thread 
xPSR: 0x21001800 pc: 0x00000e08 msp: 0x2000e148
RATE_CHUNK 565 0x52454144 0x4000 0x46f33000 0x8d8000 0x3471e41f 0x83a600b4
[stm32h7r3.cpu0] halted due to debug-request, current mode: Thread 
xPSR: 0x21000000 pc: 0x00000e0e msp: 0x2000e148
RATE_CHUNK 566 0x52454144 0x4000 0x46f33000 0x8dc000 0x32034e34 0x202940cd
[stm32h7r3.cpu0] halted due to debug-request, current mode: Thread 
xPSR: 0x21000000 pc: 0x000004c0 msp: 0x2000e148
RATE_CHUNK 567 0x52454144 0x4000 0x46f33000 0x8e0000 0x32526309 0x9a4d5b68
[stm32h7r3.cpu0] halted due to debug-request, current mode: Thread 
xPSR: 0x21000000 pc: 0x00000e00 msp: 0x2000e148
RATE_CHUNK 568 0x52454144 0x4000 0x46f33000 0x8e4000 0x325b28cd 0x38895dc5
[stm32h7r3.cpu0] halted due to debug-request, current mode: Thread 
xPSR: 0x21000000 pc: 0x00000df6 msp: 0x2000e148
RATE_CHUNK 569 0x52454144 0x4000 0x46f33000 0x8e8000 0x326e265f 0x38895dc5
[stm32h7r3.cpu0] halted due to debug-request, current mode: Thread 
xPSR: 0x21000000 pc: 0x00000df6 msp: 0x2000e148
RATE_CHUNK 570 0x52454144 0x4000 0x46f33000 0x8ec000 0x326d25b3 0x38895dc5
[stm32h7r3.cpu0] halted due to debug-request, current mode: Thread 
xPSR: 0x21000000 pc: 0x00000e0e msp: 0x2000e148
RATE_CHUNK 571 0x52454144 0x4000 0x46f33000 0x8f0000 0x326c0ccb 0x38895dc5
[stm32h7r3.cpu0] halted due to debug-request, current mode: Thread 
xPSR: 0x21000000 pc: 0x00000dfc msp: 0x2000e148
RATE_CHUNK 572 0x52454144 0x4000 0x46f33000 0x8f4000 0x327460dd 0x38895dc5
[stm32h7r3.cpu0] halted due to debug-request, current mode: Thread 
xPSR: 0x21000000 pc: 0x00000e0e msp: 0x2000e148
RATE_CHUNK 573 0x52454144 0x4000 0x46f33000 0x8f8000 0x35a1773c 0x9863189e
[stm32h7r3.cpu0] halted due to debug-request, current mode: Thread 
xPSR: 0x21000000 pc: 0x00000e00 msp: 0x2000e148
RATE_CHUNK 574 0x52454144 0x4000 0x46f33000 0x8fc000 0x35b438f4 0xfe4ae428
[stm32h7r3.cpu0] halted due to debug-request, current mode: Thread 
xPSR: 0x21000000 pc: 0x00000df2 msp: 0x2000e148
RATE_CHUNK 575 0x52454144 0x4000 0x46f33000 0x900000 0x32c65458 0x6ebd6ca9
[stm32h7r3.cpu0] halted due to debug-request, current mode: Thread 
xPSR: 0x21001800 pc: 0x00000e08 msp: 0x2000e148
RATE_CHUNK 576 0x52454144 0x4000 0x46f33000 0x904000 0x322b7619 0x806cff4a
[stm32h7r3.cpu0] halted due to debug-request, current mode: Thread 
xPSR: 0x21000000 pc: 0x00000e00 msp: 0x2000e148
RATE_CHUNK 577 0x52454144 0x4000 0x46f33000 0x908000 0x325291f6 0xcdc9e942
[stm32h7r3.cpu0] halted due to debug-request, current mode: Thread 
xPSR: 0x21001800 pc: 0x00000e08 msp: 0x2000e148
RATE_CHUNK 578 0x52454144 0x4000 0x46f33000 0x90c000 0x32b924e5 0xbc0c0469
[stm32h7r3.cpu0] halted due to debug-request, current mode: Thread 
xPSR: 0x21000000 pc: 0x00000dfc msp: 0x2000e148
RATE_CHUNK 579 0x52454144 0x4000 0x46f33000 0x910000 0x36044cd0 0x939f24d5
[stm32h7r3.cpu0] halted due to debug-request, current mode: Thread 
xPSR: 0x21000000 pc: 0x00000e0e msp: 0x2000e148
RATE_CHUNK 580 0x52454144 0x4000 0x46f33000 0x914000 0x358ddb6b 0xb988649c
[stm32h7r3.cpu0] halted due to debug-request, current mode: Thread 
xPSR: 0x21000000 pc: 0x00000df6 msp: 0x2000e148
RATE_CHUNK 581 0x52454144 0x4000 0x46f33000 0x918000 0x320b98d2 0x9d366a5c
[stm32h7r3.cpu0] halted due to debug-request, current mode: Thread 
xPSR: 0x21000000 pc: 0x00000dfc msp: 0x2000e148
RATE_CHUNK 582 0x52454144 0x4000 0x46f33000 0x91c000 0x3247d88a 0x4d72a738
[stm32h7r3.cpu0] halted due to debug-request, current mode: Thread 
xPSR: 0x21000000 pc: 0x00000df2 msp: 0x2000e148
RATE_CHUNK 583 0x52454144 0x4000 0x46f33000 0x920000 0x3252c2be 0x38895dc5
[stm32h7r3.cpu0] halted due to debug-request, current mode: Thread 
xPSR: 0x21000000 pc: 0x00000e0e msp: 0x2000e148
RATE_CHUNK 584 0x52454144 0x4000 0x46f33000 0x924000 0x3264fd2d 0xf79da7e4
[stm32h7r3.cpu0] halted due to debug-request, current mode: Thread 
xPSR: 0x21000000 pc: 0x00000e0e msp: 0x2000e148
RATE_CHUNK 585 0x52454144 0x4000 0x46f33000 0x928000 0x3251fb3d 0x1203adc7
[stm32h7r3.cpu0] halted due to debug-request, current mode: Thread 
xPSR: 0x21001800 pc: 0x00000e08 msp: 0x2000e148
RATE_CHUNK 586 0x52454144 0x4000 0x46f33000 0x92c000 0x344db7e3 0xd77e2f20
[stm32h7r3.cpu0] halted due to debug-request, current mode: Thread 
xPSR: 0x21000000 pc: 0x00000df6 msp: 0x2000e148
RATE_CHUNK 587 0x52454144 0x4000 0x46f33000 0x930000 0x35b58722 0xd5c15ed9
[stm32h7r3.cpu0] halted due to debug-request, current mode: Thread 
xPSR: 0x21000000 pc: 0x00000e00 msp: 0x2000e148
RATE_CHUNK 588 0x52454144 0x4000 0x46f33000 0x934000 0x3564d390 0x6a09085c
[stm32h7r3.cpu0] halted due to debug-request, current mode: Thread 
xPSR: 0x21000000 pc: 0x00000e0e msp: 0x2000e148
RATE_CHUNK 589 0x52454144 0x4000 0x46f33000 0x938000 0x35c4e8bf 0xf67f36f4
[stm32h7r3.cpu0] halted due to debug-request, current mode: Thread 
xPSR: 0x25001c00 pc: 0x00000e04 msp: 0x2000e148
RATE_CHUNK 590 0x52454144 0x4000 0x46f33000 0x93c000 0x33bbf647 0x57239020
[stm32h7r3.cpu0] halted due to debug-request, current mode: Thread 
xPSR: 0x21001800 pc: 0x00000e08 msp: 0x2000e148
RATE_CHUNK 591 0x52454144 0x4000 0x46f33000 0x940000 0x3252387c 0x38895dc5
[stm32h7r3.cpu0] halted due to debug-request, current mode: Thread 
xPSR: 0x21000000 pc: 0x00000df2 msp: 0x2000e148
RATE_CHUNK 592 0x52454144 0x4000 0x46f33000 0x944000 0x3256a672 0x38895dc5
[stm32h7r3.cpu0] halted due to debug-request, current mode: Thread 
xPSR: 0x21000000 pc: 0x00000dfc msp: 0x2000e148
RATE_CHUNK 593 0x52454144 0x4000 0x46f33000 0x948000 0x32559c3d 0x38895dc5
[stm32h7r3.cpu0] halted due to debug-request, current mode: Thread 
xPSR: 0x21000000 pc: 0x00000df2 msp: 0x2000e148
RATE_CHUNK 594 0x52454144 0x4000 0x46f33000 0x94c000 0x3589513f 0x367c3857
[stm32h7r3.cpu0] halted due to debug-request, current mode: Thread 
xPSR: 0x21000000 pc: 0x000004c4 msp: 0x2000e148
RATE_CHUNK 595 0x52454144 0x4000 0x46f33000 0x950000 0x35c3462c 0xfc0d3542
[stm32h7r3.cpu0] halted due to debug-request, current mode: Thread 
xPSR: 0x21000000 pc: 0x00000dfc msp: 0x2000e148
RATE_CHUNK 596 0x52454144 0x4000 0x46f33000 0x954000 0x32c8c677 0x89af8e93
[stm32h7r3.cpu0] halted due to debug-request, current mode: Thread 
xPSR: 0x21000000 pc: 0x00000dfc msp: 0x2000e148
RATE_CHUNK 597 0x52454144 0x4000 0x46f33000 0x958000 0x32298bf4 0x226f874d
[stm32h7r3.cpu0] halted due to debug-request, current mode: Thread 
xPSR: 0x21000000 pc: 0x000004c0 msp: 0x2000e148
RATE_CHUNK 598 0x52454144 0x4000 0x46f33000 0x95c000 0x3251174b 0x8aa51c46
[stm32h7r3.cpu0] halted due to debug-request, current mode: Thread 
xPSR: 0x21000000 pc: 0x00000dfc msp: 0x2000e148
RATE_CHUNK 599 0x52454144 0x4000 0x46f33000 0x960000 0x32654297 0x38895dc5
[stm32h7r3.cpu0] halted due to debug-request, current mode: Thread 
xPSR: 0x21000000 pc: 0x00000e0e msp: 0x2000e148
RATE_CHUNK 600 0x52454144 0x4000 0x46f33000 0x964000 0x326c0d61 0x38895dc5
[stm32h7r3.cpu0] halted due to debug-request, current mode: Thread 
xPSR: 0x21000000 pc: 0x00000df6 msp: 0x2000e148
RATE_CHUNK 601 0x52454144 0x4000 0x46f33000 0x968000 0x326be158 0x38895dc5
[stm32h7r3.cpu0] halted due to debug-request, current mode: Thread 
xPSR: 0x21000000 pc: 0x00000dfc msp: 0x2000e148
RATE_CHUNK 602 0x52454144 0x4000 0x46f33000 0x96c000 0x326b612d 0x38895dc5
[stm32h7r3.cpu0] halted due to debug-request, current mode: Thread 
xPSR: 0x21000000 pc: 0x00000dfc msp: 0x2000e148
RATE_CHUNK 603 0x52454144 0x4000 0x46f33000 0x970000 0x336add4b 0x6424f8f3
[stm32h7r3.cpu0] halted due to debug-request, current mode: Thread 
xPSR: 0x21000000 pc: 0x000004c0 msp: 0x2000e148
RATE_CHUNK 604 0x52454144 0x4000 0x46f33000 0x974000 0x361a3e6c 0x3caebd57
[stm32h7r3.cpu0] halted due to debug-request, current mode: Thread 
xPSR: 0x21000000 pc: 0x00000df2 msp: 0x2000e148
RATE_CHUNK 605 0x52454144 0x4000 0x46f33000 0x978000 0x34e72af5 0x2020bec3
[stm32h7r3.cpu0] halted due to debug-request, current mode: Thread 
xPSR: 0x21000000 pc: 0x000004c4 msp: 0x2000e148
RATE_CHUNK 606 0x52454144 0x4000 0x46f33000 0x97c000 0x31f294ca 0x9524feeb
[stm32h7r3.cpu0] halted due to debug-request, current mode: Thread 
xPSR: 0x21000000 pc: 0x00000dfc msp: 0x2000e148
RATE_CHUNK 607 0x52454144 0x4000 0x46f33000 0x980000 0x325310d6 0xdf0105a3
[stm32h7r3.cpu0] halted due to debug-request, current mode: Thread 
xPSR: 0x25001c00 pc: 0x00000e04 msp: 0x2000e148
RATE_CHUNK 608 0x52454144 0x4000 0x46f33000 0x984000 0x32585ed6 0x38895dc5
[stm32h7r3.cpu0] halted due to debug-request, current mode: Thread 
xPSR: 0x21001800 pc: 0x00000e08 msp: 0x2000e148
RATE_CHUNK 609 0x52454144 0x4000 0x46f33000 0x988000 0x345f3182 0xa74d635a
[stm32h7r3.cpu0] halted due to debug-request, current mode: Thread 
xPSR: 0x21000000 pc: 0x000004c4 msp: 0x2000e148
RATE_CHUNK 610 0x52454144 0x4000 0x46f33000 0x98c000 0x35bd2f16 0xadfaae33
[stm32h7r3.cpu0] halted due to debug-request, current mode: Thread 
xPSR: 0x21000000 pc: 0x00000e00 msp: 0x2000e148
RATE_CHUNK 611 0x52454144 0x4000 0x46f33000 0x990000 0x34186d5c 0x4930bbcf
[stm32h7r3.cpu0] halted due to debug-request, current mode: Thread 
xPSR: 0x21000000 pc: 0x00000e0e msp: 0x2000e148
RATE_CHUNK 612 0x52454144 0x4000 0x46f33000 0x994000 0x3211cf8c 0x643303b4
[stm32h7r3.cpu0] halted due to debug-request, current mode: Thread 
xPSR: 0x21000000 pc: 0x00000e00 msp: 0x2000e148
RATE_CHUNK 613 0x52454144 0x4000 0x46f33000 0x998000 0x3234e4b9 0x98248f65
[stm32h7r3.cpu0] halted due to debug-request, current mode: Thread 
xPSR: 0x21000000 pc: 0x000004c4 msp: 0x2000e148
RATE_CHUNK 614 0x52454144 0x4000 0x46f33000 0x99c000 0x3250c60a 0x1b995c2
[stm32h7r3.cpu0] halted due to debug-request, current mode: Thread 
xPSR: 0x21000000 pc: 0x00000df2 msp: 0x2000e148
RATE_CHUNK 615 0x52454144 0x4000 0x46f33000 0x9a0000 0x324fb00f 0xf026c3d3
[stm32h7r3.cpu0] halted due to debug-request, current mode: Thread 
xPSR: 0x21000000 pc: 0x00000df2 msp: 0x2000e148
RATE_CHUNK 616 0x52454144 0x4000 0x46f33000 0x9a4000 0x324208c8 0xd198b8fb
[stm32h7r3.cpu0] halted due to debug-request, current mode: Thread 
xPSR: 0x21000000 pc: 0x000004c4 msp: 0x2000e148
RATE_CHUNK 617 0x52454144 0x4000 0x46f33000 0x9a8000 0x37a9dfbc 0xb5f28f1f
[stm32h7r3.cpu0] halted due to debug-request, current mode: Thread 
xPSR: 0x21000000 pc: 0x00000df2 msp: 0x2000e148
RATE_CHUNK 618 0x52454144 0x4000 0x46f33000 0x9ac000 0x37790b27 0x3a41d083
[stm32h7r3.cpu0] halted due to debug-request, current mode: Thread 
xPSR: 0x25001c00 pc: 0x00000e04 msp: 0x2000e148
RATE_CHUNK 619 0x52454144 0x4000 0x46f33000 0x9b0000 0x38f313ae 0x37eb5908
[stm32h7r3.cpu0] halted due to debug-request, current mode: Thread 
xPSR: 0x21000000 pc: 0x00000df2 msp: 0x2000e148
RATE_CHUNK 620 0x52454144 0x4000 0x46f33000 0x9b4000 0x385940f4 0xc7a87823
[stm32h7r3.cpu0] halted due to debug-request, current mode: Thread 
xPSR: 0x21000000 pc: 0x00000df6 msp: 0x2000e148
RATE_CHUNK 621 0x52454144 0x4000 0x46f33000 0x9b8000 0x37c9255c 0xe4dae766
[stm32h7r3.cpu0] halted due to debug-request, current mode: Thread 
xPSR: 0x21000000 pc: 0x000004c0 msp: 0x2000e148
RATE_CHUNK 622 0x52454144 0x4000 0x46f33000 0x9bc000 0x3734ea7d 0x1e28448d
[stm32h7r3.cpu0] halted due to debug-request, current mode: Thread 
xPSR: 0x21000000 pc: 0x00000dfc msp: 0x2000e148
RATE_CHUNK 623 0x52454144 0x4000 0x46f33000 0x9c0000 0x3778d4a7 0xe80cd1d9
[stm32h7r3.cpu0] halted due to debug-request, current mode: Thread 
xPSR: 0x21000000 pc: 0x000004c0 msp: 0x2000e148
RATE_CHUNK 624 0x52454144 0x4000 0x46f33000 0x9c4000 0x37314013 0x5be22ef
[stm32h7r3.cpu0] halted due to debug-request, current mode: Thread 
xPSR: 0x25001c00 pc: 0x00000e04 msp: 0x2000e148
RATE_CHUNK 625 0x52454144 0x4000 0x46f33000 0x9c8000 0x36f84bbd 0x81d42a8
[stm32h7r3.cpu0] halted due to debug-request, current mode: Thread 
xPSR: 0x21000000 pc: 0x00000dfc msp: 0x2000e148
RATE_CHUNK 626 0x52454144 0x4000 0x46f33000 0x9cc000 0x36571991 0xa36c9d4f
[stm32h7r3.cpu0] halted due to debug-request, current mode: Thread 
xPSR: 0x21000000 pc: 0x00000dfc msp: 0x2000e148
RATE_CHUNK 627 0x52454144 0x4000 0x46f33000 0x9d0000 0x36539e69 0xe060e06a
[stm32h7r3.cpu0] halted due to debug-request, current mode: Thread 
xPSR: 0x21000000 pc: 0x000004c4 msp: 0x2000e148
RATE_CHUNK 628 0x52454144 0x4000 0x46f33000 0x9d4000 0x3650a161 0x955b966c
[stm32h7r3.cpu0] halted due to debug-request, current mode: Thread 
xPSR: 0x21000000 pc: 0x00000dfc msp: 0x2000e148
RATE_CHUNK 629 0x52454144 0x4000 0x46f33000 0x9d8000 0x35c56805 0x285532ea
[stm32h7r3.cpu0] halted due to debug-request, current mode: Thread 
xPSR: 0x21001800 pc: 0x00000e08 msp: 0x2000e148
RATE_CHUNK 630 0x52454144 0x4000 0x46f33000 0x9dc000 0x358449b3 0x88e50c09
[stm32h7r3.cpu0] halted due to debug-request, current mode: Thread 
xPSR: 0x21000000 pc: 0x000004c0 msp: 0x2000e148
RATE_CHUNK 631 0x52454144 0x4000 0x46f33000 0x9e0000 0x359e5954 0x944fad9a
[stm32h7r3.cpu0] halted due to debug-request, current mode: Thread 
xPSR: 0x25001c00 pc: 0x00000e04 msp: 0x2000e148
RATE_CHUNK 632 0x52454144 0x4000 0x46f33000 0x9e4000 0x35433a54 0x630aa15a
[stm32h7r3.cpu0] halted due to debug-request, current mode: Thread 
xPSR: 0x21001800 pc: 0x00000e08 msp: 0x2000e148
RATE_CHUNK 633 0x52454144 0x4000 0x46f33000 0x9e8000 0x3480c448 0xb54ed03f
[stm32h7r3.cpu0] halted due to debug-request, current mode: Thread 
xPSR: 0x21000000 pc: 0x000004c0 msp: 0x2000e148
RATE_CHUNK 634 0x52454144 0x4000 0x46f33000 0x9ec000 0x315c6d6c 0x77f1dc4f
[stm32h7r3.cpu0] halted due to debug-request, current mode: Thread 
xPSR: 0x21000000 pc: 0x00000df6 msp: 0x2000e148
RATE_CHUNK 635 0x52454144 0x4000 0x46f33000 0x9f0000 0x2fd95ae5 0x4cf5a792
[stm32h7r3.cpu0] halted due to debug-request, current mode: Thread 
xPSR: 0x21000000 pc: 0x00000e0e msp: 0x2000e148
RATE_CHUNK 636 0x52454144 0x4000 0x46f33000 0x9f4000 0x2fca1bbc 0xacd325f2
[stm32h7r3.cpu0] halted due to debug-request, current mode: Thread 
xPSR: 0x21000000 pc: 0x00000e00 msp: 0x2000e148
RATE_CHUNK 637 0x52454144 0x4000 0x46f33000 0x9f8000 0x2fc9e4af 0x38895dc5
[stm32h7r3.cpu0] halted due to debug-request, current mode: Thread 
xPSR: 0x21000000 pc: 0x00000e0e msp: 0x2000e148
RATE_CHUNK 638 0x52454144 0x4000 0x46f33000 0x9fc000 0x2fcbf4d8 0x38895dc5
[stm32h7r3.cpu0] halted due to debug-request, current mode: Thread 
xPSR: 0x21000000 pc: 0x000004c0 msp: 0x2000e148
RATE_CHUNK 639 0x52454144 0x4000 0x46f33000 0xa00000 0x2fcbb205 0x38895dc5
[stm32h7r3.cpu0] halted due to debug-request, current mode: Thread 
xPSR: 0x25001c00 pc: 0x00000e04 msp: 0x2000e148
RATE_CHUNK 640 0x52454144 0x4000 0x46f33000 0xa04000 0x2fcbeb77 0x38895dc5
[stm32h7r3.cpu0] halted due to debug-request, current mode: Thread 
xPSR: 0x21000000 pc: 0x000004c4 msp: 0x2000e148
RATE_CHUNK 641 0x52454144 0x4000 0x46f33000 0xa08000 0x2fcbd248 0x38895dc5
[stm32h7r3.cpu0] halted due to debug-request, current mode: Thread 
xPSR: 0x21000000 pc: 0x00000e0e msp: 0x2000e148
RATE_CHUNK 642 0x52454144 0x4000 0x46f33000 0xa0c000 0x2fcc096e 0x38895dc5
[stm32h7r3.cpu0] halted due to debug-request, current mode: Thread 
xPSR: 0x21000000 pc: 0x00000df6 msp: 0x2000e148
RATE_CHUNK 643 0x52454144 0x4000 0x46f33000 0xa10000 0x2fca7c3b 0x38895dc5
[stm32h7r3.cpu0] halted due to debug-request, current mode: Thread 
xPSR: 0x21000000 pc: 0x00000df2 msp: 0x2000e148
RATE_CHUNK 644 0x52454144 0x4000 0x46f33000 0xa14000 0x2fc904d6 0x38895dc5
[stm32h7r3.cpu0] halted due to debug-request, current mode: Thread 
xPSR: 0x21000000 pc: 0x000004c0 msp: 0x2000e148
RATE_CHUNK 645 0x52454144 0x4000 0x46f33000 0xa18000 0x2fc9c45c 0x38895dc5
[stm32h7r3.cpu0] halted due to debug-request, current mode: Thread 
xPSR: 0x21001800 pc: 0x00000e08 msp: 0x2000e148
RATE_CHUNK 646 0x52454144 0x4000 0x46f33000 0xa1c000 0x2fc8a6b4 0x38895dc5
[stm32h7r3.cpu0] halted due to debug-request, current mode: Thread 
xPSR: 0x25001c00 pc: 0x00000e04 msp: 0x2000e148
RATE_CHUNK 647 0x52454144 0x4000 0x46f33000 0xa20000 0x2fc70c11 0x38895dc5
[stm32h7r3.cpu0] halted due to debug-request, current mode: Thread 
xPSR: 0x21000000 pc: 0x00000e00 msp: 0x2000e148
RATE_CHUNK 648 0x52454144 0x4000 0x46f33000 0xa24000 0x2fc8add2 0x38895dc5
[stm32h7r3.cpu0] halted due to debug-request, current mode: Thread 
xPSR: 0x21000000 pc: 0x00000df2 msp: 0x2000e148
RATE_CHUNK 649 0x52454144 0x2817 0x46f33000 0xa26817 0x1df0d4df 0x86d3d4a0
[stm32h7r3.cpu0] halted due to debug-request, current mode: Thread 
xPSR: 0x61000000 pc: 0x00000e28 msp: 0x2000e148
RATE_COMPLETE
[stm32h7r3.cpu0] halted due to debug-request, current mode: Thread 
xPSR: 0x81000000 pc: 0x900006a8 msp: 0x200005d0
POST_RESET_PC pc (/32): 0x900006a8

POST_RESET_XPSR xPSR (/32): 0x81000000

POST_RESET_FAULTS 0x0 0x0
[stm32h7r3.cpu0] halted due to debug-request, current mode: Thread 
xPSR: 0x81000000 pc: 0x900004bc msp: 0x200005d0
POST_RESUME_PC pc (/32): 0x900004bc

PACK_RESET_VERIFIED
shutdown command invoked
