0.019086740911006927 0.47361044051853796 0.013126513065968201 0.00097748293595158837 0.013133967433753427 0.47372892863101179 0.01433718306350424 -1.5255917839008676e-33 0 0.00082032690376323831 0.41288822086104499 0.15510150694147995 0.13624501766378283 0.15517130200967807 0.41290997952213604 0.15670042948707802 6.1724088811953906e-05 0.19740063592179091 0.37767275862311284 0.19878064244141075 0.39492876621752343 0.13554967222564371 0.00082058834058406336 -0.15893790196846339 0.010097317743052461 0.1567587962757746 0.019086740911006927 0.014339853445736399 -0.15889151388807116 -2.6448702366368813 -2.7302106434096549e-05 -0.055348894417484813 -2.6448702366368808 -0.061063187376070298 0.38904989977894466 0.071891600213845816 0.38903174235304744 0.071821017829911918 0.071001072451716718 0.35054473057125946 0.19879437523996127 -0.15466954599879706 -0.061094563590869323 -0.035669917723725034 -1.0099760564405401e-07 3.7287586534697552e-08 3.7287586534691397e-08 -3.6291114036248918e-05 -2.5508139145674868e-05 -2.7752022465904711e-05 2.7153510005735854e-05 0.47372892863101179 0.41290997952213604 0.37767275862311284 -0.15893790196846339 0.44269073656803049 -2.6448702366369052
0.016668947413563728 0.54366669604558027 0.016585633424698112 0.0038159226641548204 0.016617088325967727 0.54414590632225202 0.016366260538315584 -9.0272952023130725e-33 0 -3.0721698318353202e-05 0.65682190287845288 0.18003272251491811 0.17518742907112814 0.18023862894897288 0.65702290631565496 0.17971171529361923 0.00031268876147001534 0.2314566633680703 0.47273027665504802 0.23061954594247724 0.58022559113637473 0.17315174392734495 -2.9927858227199919e-05 -0.48211383173967737 0.012758179557460088 0.17994768084289833 0.016668947413563728 0.016376302582570338 -0.48165160921721289 -8.8155640317202923 -0.00029856005299802184 -0.1846855102836891 -8.8155640317202906 -0.18493072530502946 0.57208581211932485 0.1036227976108447 0.57198792961862999 0.1032888646210105 0.098864493388841582 0.38658178143336686 0.23068856790070241 -0.46885384877875269 -0.18524322085080511 -0.0013468877249831698 -6.226485765821716e-09 -1.3964408326484584e-09 -1.396440832657984e-09 -4.1647189700231058e-05 -3.3214297792706493e-05 -3.317312521626176e-05 6.8291330632261343e-05 0.54414590632225202 0.65702290631565496 0.47273027665504802 -0.48211383173967737 1.357979820649706 -8.8155645650002707
0.0029733367264270782 0.13180246399128304 0.0065183719527553618 0.005361761100836482 0.0065679278396322278 0.13251369536867486 0.0056210472555136195 -6.339725498473019e-33 0 -0.00052696011499835094 0.36936658555410545 0.043665952109881133 0.040648370836613545 0.043920297954642272 0.36973536750233976 0.043277220740114475 0.00045719652979671593 0.073764283283418997 0.15478334199809976 0.073152381824595977 0.35080282794845674 0.038160106108147018 -0.00052647213191978266 -0.29537107838488541 0.0050141322713502775 0.043627224020214121 0.0029733367264270782 0.005636267487558546 -0.29444207905625525 -5.5399907694771757 -0.00061755135241150637 -0.11648339080584449 -5.5399907694771775 -0.11270688015806181 0.34643583726291227 0.061259359867710986 0.3462778359485299 0.060821454259760648 0.0536729787964976 0.094390992022908946 0.073253152081273906 -0.28661936838170826 -0.11333445010626352 0.024157454132542278 5.6658101300665911e-08 -2.39527324999209e-08 -2.3952732499925648e-08 -1.0076981672397324e-05 -9.8930470531337925e-06 -1.0635172805788277e-05 3.8945703164612434e-05 0.13251369536867486 0.36973536750233976 0.15478334199809976 -0.29537107838488541 0.828395341157382 -5.5399907697775035
0.0047257901169359684 0.041774942313015907 0.0039968509042692885 0.0051347489872087615 0.0040523700206003101 0.042513044217362135 0.0041672113258317423 -4.6399586433242294e-34 0 -0.00031489663950061647 0.14903200736209454 0.013304136452688305 0.011979365737071123 0.013561518754559413 0.1494355371097727 0.01346656434211665 0.00046200939322321689 -0.027592294791569088 -0.055151262771845025 -0.027617815186480547 0.14538004546415531 0.0094954026840460368 -0.00031484716763213684 -0.028398434097551092 0.0030745006955917595 0.013829473222479599 0.0047257901169359684 0.0041841931869517276 -0.027297300736334327 -0.55627183823378223 -0.00073910538627252036 -0.01235906018993649 -0.55627183823378223 -0.009908466496030284 0.1440777482741302 0.025170882210541593 0.14389709875637408 0.024801229606705059 0.016623937565144832 -0.083655053493953829 -0.027515972192550898 -0.02657329960005959 -0.010651419348957931 0.015636285693415949 -1.1523338935835839e-08 -1.431348361366336e-08 -1.4313483613664714e-08 -3.1791536510212403e-06 -2.6773491963333341e-06 3.9721626653773661e-06 2.1560998903778362e-06 0.042513044217362135 0.1494355371097727 -0.055151262771845025 -0.028398434097551092 0.069968720419874342 -0.55627183823378212
0.02550235204398632 0.57640466051389305 0.018713313649827659 0.0060637952012609153 0.018783256216850345 0.5773072194100457 0.020098857997556695 -6.7777308079459168e-35 0 0.00077850459396121925 0.53072755810529848 0.18851112469300968 0.1687321715558853 0.18884904437014005 0.53117907174283985 0.19034137011460103 0.00049555893305110372 0.16868688921512237 0.31963269328875638 0.17008117324648703 0.50127386181929312 0.16548057915096465 0.00077869146336312681 -0.11193207038407159 0.014394856653713583 0.19078494804282539 0.02550235204398632 0.020120708548016047 -0.11080964996568551 -1.7163170974378126 -0.00074908928129610792 -0.03663324432506837 -1.7163170974378119 -0.042005433788209361 0.49454977131017269 0.091704917601089397 0.49434112951182885 0.091364729156499597 0.081925116698423256 0.26993651456608131 0.17019064275567689 -0.10786660407429832 -0.042761644114753125 -0.033541763852858127 -1.1450305310575074e-07 3.5386572452787445e-08 3.5386572452781045e-08 -4.4147210879038728e-05 -3.0687729539354911e-05 -2.3603260726619582e-05 2.0104213359320089e-05 0.5773072194100457 0.53117907174283985 0.31963269328875638 -0.11193207038407159 0.29766689734011009 -1.7163170974378121
0.040348835289478302 1.0883423593163817 0.034496246788116844 0.0099555797515196529 0.0346055871659742 1.08978531907466 0.035437842461344744 -7.0045696237910964e-33 0 0.00026389953336892932 0.91868038310705047 0.35892841094071182 0.34904801659547907 0.35941486128603273 0.91943156703403606 0.35952166830841303 0.00073467748395522441 0.26845328833274484 0.53934860644741667 0.26817986624452395 0.78226882975186462 0.34436751298271218 0.00026467611645703687 -0.47004597319119107 0.02653557445239758 0.3602309873727767 0.040348835289478302 0.035472154647512161 -0.46856089341111312 -8.4209796068881086 -0.00098107532958653047 -0.17710031475248397 -8.4209796068881069 -0.17935503142228859 0.77173432226068683 0.14237892321363341 0.77143521869062559 0.14184893904123755 0.12832909531166653 0.427827872840087 0.2683421563865776 -0.45611221258488038 -0.18035530006310846 -0.01394257101899669 -1.0375916259502874e-07 1.1995433334959245e-08 1.1995433334946462e-08 -8.3362934513447318e-05 -6.0403191884191497e-05 -3.8241731942984584e-05 6.8087377750796369e-05 1.08978531907466 0.91943156703403606 0.53934860644741667 -0.47004597319119107 1.309852616941634 -8.4209798590079519
0.032633960247039795 0.93902974184689225 0.033167324018384237 0.014643169906607106 0.033328456569512964 0.94115427062939405 0.032663922130288826 -7.8810856045002403e-33 0 -0.00029940905787813885 0.84731501789159303 0.30968903417969917 0.30176409992834563 0.31028427768336031 0.84851950399199372 0.30976865358313138 0.00096654891543381102 0.1915536564133769 0.38977366953783865 0.19093694438901268 0.72787688562477393 0.29606835467815767 -0.00029863083369051558 -0.47017797999907851 0.025513326167987873 0.31081297314341 0.032633960247039795 0.032713929002540831 -0.46812913918803711 -8.5834009343106707 -0.0013578969263401434 -0.1808665852917444 -8.583400934310669 -0.1788894510304713 0.71858997368094746 0.13233489852062219 0.71819240264054884 0.13166171682815281 0.11369968749296752 0.27383295094185256 0.19115036570692509 -0.45569261328464405 -0.18026932498528209 0.012886445669452495 1.7014628829955802e-09 -1.3609502630813898e-08 -1.3609502630825305e-08 -7.1899935010947069e-05 -5.2161279535358115e-05 -2.7358121395997209e-05 6.491282251190222e-05 0.94115427062939405 0.84851950399199372 0.38977366953783871 -0.47017797999907851 1.3080187083732289 -8.583401274048768
0.018591586500406265 0.44453303004958689 0.021376162630725309 0.017034608104574838 0.021577750631065234 0.44710439805036634 0.020574634541751291 -4.3451664806199534e-33 0 -0.00044502554548482847 0.57079874839563549 0.14576997163190436 0.13940447221986921 0.14643819271266184 0.57230242173661361 0.14587967148533967 0.0010870492685881247 0.067329116434426059 0.13919351685669282 0.066885288751607708 0.51979733872337541 0.13306300851128861 -0.00044459534906841945 -0.25785680915461667 0.016443202023634855 0.14714306908400876 0.018591586500406265 0.020636614564120939 -0.25538755965971821 -4.7089448709020481 -0.0016427278626637461 -0.10010432141978481 -4.7089448709020481 -0.096875507027335259 0.51381160130009718 0.095878996422374921 0.51334141999703764 0.095217483945389078 0.073985651681584094 0.046732338016943875 0.067125336672684943 -0.24860445523585162 -0.098537465110656003 0.020685644525715481 4.3511235398181107e-08 -2.0228433885670468e-08 -2.0228433885675818e-08 -3.3994262570750827e-05 -2.5254910401758113e-05 -9.5952303805362478e-06 3.3874605660314884e-05 0.44710439805036634 0.57230242173661361 0.13919351685669282 -0.25785680915461667 0.70397690528838719 -4.7089448709280388
0.023228652775287628 0.40840389503400953 0.020695849967245203 0.017547291232511152 0.020926024973728152 0.41121166871828752 0.021200915343870124 -2.6503748834410753e-34 0 1.8500927407580197e-05 0.49539427648601375 0.13272331494003203 0.12186872467246203 0.13345207340654927 0.49703326958828631 0.13380699892071229 0.0011201452924604549 0.05339712536166738 0.10047182329111348 0.053829594945104045 0.4655788401054371 0.11501312161369773 1.8664171228218893e-05 -0.095224656105652075 0.015919884590188615 0.1351856458700548 0.023228652775287628 0.021271659239146867 -0.092581455449622527 -1.5558864700093831 -0.0017590825992070023 -0.034266420030572488 -1.5558864700093831 -0.034191757017763579 0.46033682124612801 0.088720393238774425 0.45981985271302378 0.088177052315276921 0.064852365804548201 0.026162583706159665 0.054077138788397372 -0.090124599614528539 -0.035968747408922981 0.00075129828633583456 -4.1638160343421941e-08 8.4095124580330605e-10 8.4095124579748249e-10 -3.1224681353841055e-05 -2.1897344482598958e-05 -7.3649992647905525e-06 1.3314313405054767e-05 0.41121166871828752 0.49703326958828631 0.10047182329111348 -0.095224656105652075 0.23868501549360296 -1.5558864700093826
0.043258253484964371 0.93304592321447199 0.035639803148569876 0.01936343112627362 0.035909293444964054 0.93625358107103973 0.037145542812996167 -1.2965918339132733e-33 0 0.00047148079288272381 0.79147801907515725 0.30557646386227832 0.29005103668971227 0.30641458988221554 0.7933272063688428 0.30726183181229583 0.0012184376586223515 0.17826852919377056 0.34676657628489183 0.17895727346525195 0.69946938207452225 0.28220349542630985 0.00047185165797056108 -0.22126246659703017 0.027415233191207596 0.30883614581041047 0.043258253484964371 0.037228804377577925 -0.2184637895819731 -3.6976542034365778 -0.0018545263202023924 -0.079158747425885398 -3.6976542034365774 -0.082508079131276085 0.69073324605256725 0.13359108700586908 0.69015352082991777 0.13309118367529493 0.10696473435612316 0.2472321349489135 0.1792267813858115 -0.21266220494117863 -0.084387464403760812 -0.020819918219109213 -1.2828615122099006e-07 2.1430945131038301e-08 2.1430945131029549e-08 -7.1424420616666916e-05 -4.9602700135767522e-05 -2.5072982017917348e-05 3.3722321089756441e-05 0.93625358107103973 0.7933272063688428 0.34676657628489194 -0.22126246659703017 0.58985427273707247 -3.6976542034382414
0.05192103236913681 1.2689235205654443 0.046938705518773993 0.023607584044412478 0.047269591564534315 1.2728504911358256 0.04768725239793857 -5.2671611970103466e-33 0 9.7900228050289855e-05 1.0004104312823008 0.41716111541418821 0.4070078531409001 0.41813438100006955 1.0027020071961315 0.4180822758908041 0.0014296455206343243 0.22395746384456341 0.44982946824425235 0.22367696346330368 0.84358905509727022 0.39792749923658499 9.8606246522041127e-05 -0.4245107632298612 0.036106696552903078 0.42000938433109986 0.05192103236913681 0.047789613907805374 -0.42132465603498054 -7.5195249689837631 -0.0021036584921806777 -0.15934389062084309 -7.5195249689837631 -0.16029617509765087 0.83297863593504362 0.16089628042575774 0.832301311920847 0.16032759587350995 0.12983427748454121 0.31504984743429126 0.2239932537135681 -0.41013317055688986 -0.16243462381630402 -0.0057046842393352389 -8.7902520453864866e-08 4.4500103659300735e-09 4.4500103659195253e-09 -9.7147222619147411e-05 -6.8235253452928743e-05 -3.1821523577025579e-05 6.0481100649214155e-05 1.2728504911358256 1.0027020071961315 0.44982946824425241 -0.4245107632298612 1.1628892331529863 -7.5195250088265553
0.038559526205062866 0.92483895891352663 0.040028966452835123 0.027583263369287618 0.040425651815387341 0.92949821229975083 0.039417488985318376 -5.2982534890012117e-33 0 -0.00036823274159123788 0.83369115357379875 0.30345862083742803 0.29647137530219725 0.30453628372414449 0.83646586668781986 0.3038388232537137 0.0016126185647609831 0.13352898138283076 0.27370931466638321 0.13286208625478213 0.71770168832805858 0.28648040893776383 -0.00036761132038591561 -0.3723262738303833 0.030791512656027017 0.30612476769987257 0.038559526205062866 0.039539743873618922 -0.36866475484701533 -6.6899340970521859 -0.0024183389288674534 -0.14229962091898576 -6.6899340970521841 -0.13979931461659015 0.7092412957942732 0.13940762196762654 0.70846896888550004 0.13883022243723536 0.10409413059413421 0.143637897395889 0.13321887929083506 -0.3588731065958628 -0.1422558845169237 0.016079090895684711 2.0855695075656245e-08 -1.6737851890502479e-08 -1.6737851890515942e-08 -7.0762144726209056e-05 -4.994630673735369e-05 -1.9023060238972421e-05 5.0416899203689041e-05 0.92949821229975083 0.83646586668781997 0.27370931466638321 -0.3723262738303833 1.0134391591689509 -6.6899341029494046
0.024372594431042671 0.39600262148104959 0.026587902756690644 0.028678183437743636 0.027033228124597991 0.40107883670397371 0.026065335865822117 -1.3722820290064188e-33 0 -0.00038558674407965216 0.5231517520514728 0.12794099659799463 0.12141547564757034 0.12908173417782801 0.52619702868072038 0.12859966998491901 0.001676752358738001 0.020279438524467171 0.042433481838124759 0.020004471637127947 0.48400547342919487 0.11093636374401773 -0.00038533822904047299 -0.14507137547422849 0.020452232889762029 0.1310888194299602 0.024372594431042671 0.026202131203000887 -0.14111872842620707 -2.5084760747205594 -0.0026125765749614128 -0.05502716687885241 -2.508476074720559 -0.052163890457871127 0.47904629131823773 0.099655102911143198 0.47821190606937686 0.099219791554296527 0.061739720491499513 -0.056403290492029107 0.020375626732237351 -0.13737372148487606 -0.05481348562066389 0.018286461832906564 3.8926314296980883e-08 -1.7526670185435007e-08 -1.7526670185440486e-08 -3.0231836290902684e-05 -2.1024142662376491e-05 -2.7713073414062835e-06 1.7985873648258495e-05 0.40107883670397371 0.52619702868072038 0.042433481838124759 -0.14507137547422849 0.36774445468285061 -2.5084760747205603
0.031032288447022438 0.43230756980480517 0.027242039446966217 0.028157782338726296 0.027724270566184376 0.43760891501534549 0.028168330339726207 1.7722160861928029e-33 0 0.00014061457845462866 0.49317351713511948 0.13884141254482144 0.12750488400127963 0.14004357367815726 0.49633009457949917 0.14050830629671496 0.0016808098903106435 0.040598738014702408 0.072628326741886365 0.04116502631864262 0.46506812738038394 0.11655999858820665 0.00014068199674560254 -0.034816211402983681 0.020955414959204777 0.14310601045765323 0.031032288447022438 0.028316591654516877 -0.030793299408607679 -0.30167794609168563 -0.0026540346987677381 -0.0089086514479742723 -0.30167794609168502 -0.0097135481359673908 0.46020152780706536 0.099756073133820733 0.45932722335602294 0.099526735283472251 0.060317931837499873 -0.01153557385779001 0.04153743549309924 -0.029979909355609648 -0.012406564216111388 -0.0048766284959314522 -5.7780782819268123e-08 6.3915717479406547e-09 6.3915717479359836e-09 -3.3019002379206773e-05 -2.1745932156408132e-05 -5.4340831261655172e-06 5.230431911371314e-06 0.43760891501534549 0.49633009457949917 0.072628326741886379 -0.034816211402983681 0.051301927897555381 -0.30167794609168536
0.048613082617521286 0.92983563989424867 0.041041914620848066 0.029232120220405774 0.041572656441530728 0.93555132798096752 0.042678299065456032 -4.5190148208620385e-34 0 0.00046863870769043952 0.78623429235102726 0.30295646465786114 0.28854477324890243 0.30426991659351788 0.78959934434662293 0.30498286024201154 0.0017745665320063218 0.16962645273346819 0.33027296389474753 0.17020333538757965 0.6944595766115792 0.27664561804844884 0.00046898724971924108 -0.20561725871758771 0.031570703554498508 0.30778221428927421 0.048613082617521286 0.042841966755946988 -0.20147719458610933 -3.3097849428882986 -0.0027190874672676189 -0.07189224955217563 -3.3097849428882973 -0.075275979820598499 0.68611896432191388 0.14412727053211027 0.68518387244102519 0.14399550474817491 0.10213011192846908 0.21834180950711399 0.17059683155788716 -0.19612857110724485 -0.078044078154527213 -0.021109555442087289 -1.2278969918243414e-07 2.1301759440479784e-08 2.1301759440471493e-08 -7.1145129275891787e-05 -4.8402326868016684e-05 -2.3802294506210594e-05 3.1310739196018289e-05 0.93555132798096752 0.78959934434662293 0.33027296389474747 -0.20561725871758771 0.53045441590396936 -3.3097849428886534
0.050300829112529755 1.0862618050332995 0.046883240479294638 0.032257193066386587 0.047479777411126654 1.0926451734618465 0.047488123690706277 -4.3788850461438232e-33 0 -3.536637029528735e-06 0.90524556632197628 0.3552812876466479 0.34698548314530275 0.35672031650684421 0.90901201493083739 0.35643379631754546 0.001966824039239166 0.18870724172795922 0.38066816847635343 0.18827558871727482 0.77200078307910325 0.33400463370193934 -2.8965994869089951e-06 -0.38235746504726498 0.036064031137918943 0.35955936907976965 0.050300829112529755 0.047672194803447351 -0.37785983930363792 -6.682884706087977 -0.0029456340323183142 -0.14266843616254343 -6.6828847060879761 -0.14290118864636212 0.76272306988110206 0.159591150646956 0.76169780124994158 0.15945767242344819 0.11361797011605332 0.24136688087204786 0.18871179146467293 -0.3678248486981629 -0.14590678907079399 -0.0012359952414349165 -5.5928389554948986e-08 -1.6075622860916668e-10 -1.6075622862090208e-10 -8.3121897555860181e-05 -5.7645724220926909e-05 -2.6773426132187844e-05 5.3758913130684533e-05 1.0926451734618465 0.90901201493083739 0.38066816847635315 -0.38235746504726498 1.0296693864280779 -6.6828847122551771
0.032110612839460373 0.5901378342534338 0.034770712270953762 0.034173005196045013 0.035428944228801405 0.59708508624647449 0.034179172988809313 -3.5695963783166383e-33 0 -0.00043017580779755393 0.64836809925341288 0.19122365111817993 0.18599124750952084 0.19274716321834032 0.65249488054070026 0.19195090533564421 0.0021026119039169403 0.077800179624094454 0.1617940653386048 0.077133284434164034 0.57828624919123806 0.17235145739234234 -0.00042970840733259691 -0.27675241105238602 0.026746701746887511 0.19535125747926047 0.032110612839460373 0.034381876407068038 -0.27186211229282242 -4.8670044513760748 -0.0032029313640197675 -0.10493798763485485 -4.867004451376074 -0.10194309554130232 0.57205623218446811 0.12618001136712467 0.57095378048593448 0.12612999768204011 0.076911046529197544 0.038661048079257715 0.077599699446057574 -0.26464413488564142 -0.10520954203290007 0.019114102968285394 4.8324756757606053e-08 -1.9553445808974903e-08 -1.9553445808982069e-08 -4.5095219097594072e-05 -3.1188644372424092e-05 -1.1021326426186762e-05 3.6332473748459282e-05 0.59708508624647449 0.65249488054070026 0.16179406533860483 -0.27675241105238602 0.72987227019456635 -4.8670044514197048
0.018827138468623161 0.083799380146562213 0.020650872611128551 0.033009935452173116 0.021348952407305635 0.090948662654983456 0.020519922913147332 1.3598245290266258e-33 0 -0.00049202313626070266 0.25541347135661535 0.02335071702588673 0.022576374809966875 0.024895504851368475 0.25967101723627939 0.024264372275557628 0.0020986364646515322 -0.066169820350160682 -0.12965191028271433 -0.066542875315002303 0.2500729351000926 0.0089143766795929877 -0.00049200842638175688 -0.0011794606409571118 0.015885286623945033 0.027761038968885432 0.018827138468623161 0.020734623839312422 0.003866172976084653 0.17779400233524983 -0.0033039875308419472 0.00048399890605450776 0.17779400233525028 0.0041431974290240432 0.24861152873178344 0.069579246678675141 0.2474741554058365 0.069776602743613622 0.019099365545304333 -0.21005112779368146 -0.066077010850314408 0.0037573898228675318 0.0007767807015869356 0.023146170715721125 4.05847951210466e-08 -2.236468801184908e-08 -2.2364688011851952e-08 -6.2998312202444423e-06 -2.7523186072210478e-06 9.5749286997009821e-06 -3.1983169893358846e-06 0.090948662654983456 0.25967101723627939 -0.12965191028271433 -0.0011794606409571118 -0.050507153697523344 0.17779400233524989
0.027374627068638802 0.21473421836288925 0.022859444925153332 0.030793350214231796 0.023586797936645736 0.22193966649282021 0.024216065320570739 5.2176164089230421e-33 0 0.00016589800745465028 0.20410190768398911 0.065519369640955033 0.059017040709019121 0.067074751862098325 0.2083666247307587 0.067577727614507505 0.0020195607726960752 -0.039687033763158248 -0.089446289102322066 -0.039027113963534407 0.2009165650453324 0.045437945923296495 0.00016568983667202984 0.13420202849171373 0.017584188403964095 0.071098798123696919 0.027374627068638802 0.024440099623986054 0.13913048636904291 2.8765000790944417 -0.0032171658813355437 0.057017240221851638 2.8765000790944431 0.056080742758291793 0.19981445736386039 0.064493215092328332 0.19867268799805257 0.065004671110580461 0.014264184942945294 -0.14652800796874388 -0.038578201815487857 0.13542764653806874 0.052798732109914245 -0.0058774251966470141 -6.2436754141546908e-08 7.5408185206643096e-09 7.5408185206639357e-09 -1.6347070709480956e-05 -7.6820854647732067e-06 6.0772973033513267e-06 -1.8769640717740073e-05 0.22193966649282021 0.2083666247307587 -0.089446289102322066 0.13420202849171373 -0.43678920682104655 2.8765000790944626
0.041831027716398239 0.67944398059262601 0.035042271174175042 0.030547056099412568 0.035811125164078673 0.68692445884313702 0.036763372930086705 1.0960192920325833e-33 0 0.00075397798792546991 0.61155394510411643 0.21858753813991641 0.20195376973477377 0.22024745300661558 0.61590290909247258 0.22125886727840355 0.0020728285540411451 0.17102964265553239 0.32838959660395001 0.17195618933905676 0.56502677713924743 0.18752322386029083 0.00075420026838048874 -0.12766081874100652 0.026955593210903881 0.22491211503953903 0.041831027716398239 0.037000759680232261 -0.12277118500774115 -1.7260508697938135 -0.0031724701010386542 -0.039209534981127864 -1.7260508697938133 -0.044635502054065579 0.55831641151036859 0.133205334605526 0.55714056252045807 0.1338600894025283 0.081730117994247412 0.23312400816547624 0.17241740955180818 -0.11951478501470864 -0.047886248344039074 -0.034075965825738887 -1.0277166034395765e-07 3.4271726723888971e-08 3.4271726723881884e-08 -5.1964319892099279e-05 -3.3866052836580967e-05 -2.386664728962925e-05 2.1719042394332294e-05 0.68692445884313702 0.61590290909247258 0.32838959660395001 -0.12766081874100652 0.29969892809245269 -1.7260508697938137
0.037066597491502762 0.67493839106054088 0.035628203556668417 0.031830305591243141 0.036450656574503859 0.6828822052080098 0.036102344394590598 -5.0200421367360503e-33 0 -0.00010502046185011755 0.70064404284202997 0.21839634969928926 0.21422384125729252 0.22017608290521545 0.70523599003795845 0.21954438325372741 0.0022703095190504288 0.16956969948828948 0.34633328786309314 0.16879164749583803 0.6147586148559443 0.19880451918605446 -0.00010439024507267603 -0.37526476661211294 0.027406310428206467 0.22342241132334531 0.037066597491502762 0.036356389855293957 -0.37004582858530083 -6.5309255671178121 -0.0033761171423093411 -0.13991141938923793 -6.5309255671178121 -0.13953173630369559 0.60756604724638652 0.14258455555905619 0.60631365338025345 0.14322833458428993 0.087797199525777109 0.21710794761465566 0.16929677361836767 -0.36021930190357077 -0.14300014661569638 0.0025127625922428836 -1.5110800770404442e-08 -4.7736573568195328e-09 -4.7736573568282902e-09 -5.161591346005464e-05 -3.5981926214619134e-05 -2.4100953424757373e-05 5.2091258144419659e-05 0.6828822052080098 0.70523599003795845 0.34633328786309314 -0.37526476661211294 1.0025355176074215 -6.5309255713767849
0.016018465161323547 0.089579747622685571 0.019832090752769808 0.031413421316239351 0.020696763647020944 0.097791859189078359 0.019343505156668626 -2.3852725367055267e-33 0 -0.00060525741795655391 0.30587594462564355 0.024818323571774811 0.0248754287820484 0.026633767733505315 0.31063864239061939 0.0256713197842788 0.0023544331745811459 0.00039713238133900927 0.0080595377384964691 -0.00037116343916969343 0.29577154047176724 0.0093153260740330198 -0.00060496476062530107 -0.16944933503547543 0.015255454425207539 0.029677849776467584 0.016018465161323547 0.019610276692743525 -0.16390144120477951 -2.9120957694261911 -0.0035915580689507747 -0.064428094755105761 -2.9120957694261911 -0.060105497870318332 0.2934352484542852 0.085844749297074793 0.29213532591548014 0.086625820076076568 0.029208289761515533 -0.085585504723857037 0.00015282000155879006 -0.1595529201909287 -0.063790955342720265 0.027406218127116588 7.6421521945102915e-08 -2.7511700816203392e-08 -2.7511700816207839e-08 -6.7611407400423672e-06 -3.6852666985649949e-06 1.1378962321498907e-08 2.0025145131654272e-05 0.097791859189078359 0.31063864239061939 0.0080595377384964674 -0.16944933503547543 0.42073795507051659 -2.9120957694262035
0.0054302234202623367 -0.3293094474256687 0.0068193750536720329 0.02809138240214731 0.0077023201315610914 -0.32119405304864118 0.0071257981324520311 5.7038419977950514e-33 0 -0.00091642848381779274 -0.30982230383797427 -0.11344728169260243 -0.097387595068674962 -0.11172120594724252 -0.3050711510490498 -0.11292408662992771 0.0022289911954025288 -0.25667980056199202 -0.50426729824446781 -0.2575772147019405 -0.29284954752270309 -0.11184336713745784 -0.00091684302211472062 0.2606128355891259 0.0052456731182092516 -0.10896893576153562 0.0054302234202623376 0.0073981620554487131 0.26611787444598545 4.8740008049504295 -0.003561555505020565 0.098461333209445889 4.8740008049504304 0.10519376181057512 -0.2866999607413947 -0.01834714045227661 -0.28798231099109678 -0.01719663573249916 -0.073650119582578527 -0.52801111313794902 -0.25708055087623916 0.25904009553678392 0.10154298345706897 0.042211732221944569 4.1871034791200085e-08 -4.1655840173541845e-08 -4.165584017353716e-08 2.5323014898215336e-05 2.2345892666627652e-05 3.6600463329406412e-05 -4.2830166510189305e-05 -0.32119405304864118 -0.3050711510490498 -0.50426729824446781 0.2606128355891259 -0.7922750798826137 4.8740008050554646
0.016360875219106674 -0.079184292055324096 0.011426699402770319 0.024510054182886602 0.012320542948476745 -0.071235384484071573 0.01315589956117541 1.2287325197361566e-32 0 0.00027073045352864271 -0.40691876828291978 -0.032421478336787504 -0.030208825341316029 -0.030804918979745428 -0.40226090424949235 -0.030051111092396516 0.0019639118526221066 -0.20664814540889812 -0.42824594962308865 -0.20558826865205324 -0.37790542310447534 -0.043378817049956553 0.00026991856566615125 0.5015106473768085 0.0087897687713617816 -0.026181635570977711 0.016360875219106674 0.013432183927038972 0.50650890156128303 9.6571899156178596 -0.0032139286495837908 0.19885059323763019 9.6571899156178596 0.19734043387316369 -0.37122887710864683 -0.029565347880325374 -0.37243792681245741 -0.027930556613918744 -0.080886971589704426 -0.40643209929071744 -0.20514945679476995 0.49304414042527606 0.19403791226764799 -0.0097957287708894392 -6.2312580682286623e-08 1.2305929705837722e-08 1.2305929705844377e-08 6.1358249227601326e-06 1.2958336394892892e-05 2.9978564623785236e-05 -7.0406633925877289e-05 -0.071235384484071573 -0.40226090424949235 -0.42824594962308871 0.5015106473768085 -1.4763557212234346 9.6571923651187284
0.027911702170968056 0.35622957958928947 0.022292968072702153 0.023301173002968294 0.023211282895738723 0.36426746700280199 0.024011403286853472 5.1269727480044928e-33 0 0.0010784993511997992 0.14409308076563618 0.11111484243186055 0.098770616482644444 0.11278027503273096 0.14870456540104274 0.11402480793578466 0.0019106607737099394 0.10489459397311272 0.19251722964293094 0.10611581017753632 0.14016941225461951 0.085295817895599119 0.0010783552797253293 0.09474582503138583 0.017148436979001654 0.11793450661532494 0.027911702170968056 0.024295903224711403 0.099357645907302089 2.450460356773668 -0.0029306002977636325 0.04838643351725963 2.4504603567736689 0.040595577342602641 0.13872386743798854 0.066443719546643687 0.13754194473828577 0.068275081203596086 0.016742862580668139 0.15990786090761322 0.10654355209102992 0.096712081591896037 0.037559344694192094 -0.049284675006183831 -7.6931892473543731e-08 4.9022697781810955e-08 4.9022697781810379e-08 -2.724006913846708e-05 -1.3797436508859883e-05 -1.4371560859582798e-05 -8.0621954910154773e-06 0.36426746700280199 0.14870456540104274 0.19251722964293094 0.09474582503138583 -0.32781841121424915 2.4504603567736694
0.018255097791552544 0.22512556576270115 0.018767244126310569 0.023245619622447016 0.019717813922969788 0.23338495090188183 0.019099377512005199 -4.8523195889903169e-33 0 0.00020586526025560744 0.37689835055857851 0.069100683547964767 0.064184453106024317 0.070871079091994166 0.38155942430574896 0.07052653366394937 0.0020857400211962396 0.18599998654119637 0.3757127633060674 0.18551262282878447 0.35863798620776599 0.049854654550651696 0.00020640662357922449 -0.32187700201358083 0.014436341635623509 0.074541667072219944 0.018255097791552544 0.019393995641187316 -0.31709269649429545 -5.4772276436839986 -0.0030244627157070257 -0.11752715497450085 -5.4772276436839995 -0.11942589689521758 0.35417822979675601 0.10473728488296587 0.35295771865829806 0.10650483563196658 0.053428047352264502 0.29041053394976057 0.18597937048956503 -0.3086726511315207 -0.12257411894469208 -0.01195074456139979 2.4231869141162216e-08 9.357511829805139e-09 9.3575118297985314e-09 -1.7195061238837247e-05 -1.1679328349649485e-05 -2.6380921602691326e-05 4.6281988327658354e-05 0.23338495090188183 0.38155942430574896 0.3757127633060674 -0.32187700201358083 0.85484477403150072 -5.4772276440304601
-0.002961637219414115 -0.37752955443250763 0.0015667678488259092 0.021142549826649461 0.0025334496252081362 -0.36930073178194983 0.0012283407354651272 -1.9923893391859246e-33 0 -0.0011314088612019888 -0.21931693764856156 -0.1288472011235767 -0.11083921095975141 -0.12712792819005792 -0.21463505767307187 -0.12892514343195827 0.0021388465856685707 -0.12456653586546661 -0.23040562535314604 -0.12624175458286624 -0.20796278093853354 -0.12446054307137962 -0.001131278750175694 -0.071304149122433436 0.0012052060375583901 -0.12492882209146033 -0.0029616372194141145 0.0015277765982751334 -0.06623208906076021 -1.3221672358000063 -0.0032141010197619556 -0.030802350834925048 -1.3221672358000067 -0.022829513067001608 -0.20377297690206439 0.00067291551457145853 -0.20500340303772532 0.0025376292239515561 -0.050794528523577187 -0.26797937331780169 -0.12576311924018238 -0.064478188022734834 -0.026167415004186192 0.050185310497300344 9.5519442929555938e-08 -5.1427675509182528e-08 -5.1427675509181542e-08 2.8978415048176301e-05 2.2213233389770674e-05 1.7548715832410531e-05 3.2049274867340163e-06 -0.36930073178194983 -0.21463505767307187 -0.23040562535314604 -0.071304149122433436 0.15328373187579392 -1.3221672358000065
-0.008799627423286438 -0.64859160279243799 -0.0081930135504907978 0.016616704559765952 -0.0072328492630981409 -0.64071652695842773 -0.0074571016628345831 8.8773167218392613e-33 0 -0.00043949992818821383 -0.71158409792684751 -0.21988208102893422 -0.20867040334803691 -0.21831900652089567 -0.70707834049490514 -0.21846616619978868 0.001906020435970462 -0.27666783390741301 -0.55801546488008757 -0.27642045800800241 -0.62872691173987294 -0.2205530824493436 -0.00044021459132601411 0.44210358581432224 -0.0063023181157621545 -0.21464779549677168 -0.008799627423286438 -0.007159452240462944 0.44691706039834583 8.3032027900737972 -0.0030425466113851367 0.17069734249595953 8.3032027900737955 0.17431542274288583 -0.61876620746700539 -0.073703473361299204 -0.61991878738701778 -0.071432855300358256 -0.12105354768574669 -0.51283458694982775 -0.27599275153006364 0.43503601829156152 0.17115752437373702 0.022625592723852585 3.4897344315397134e-08 -1.9977269463106304e-08 -1.9977269463099515e-08 4.9729217506519941e-05 4.1899524416816172e-05 3.9720688631971629e-05 -6.588209024457851e-05 -0.64071652695842773 -0.70707834049490526 -0.55801546488008757 0.44210358581432219 -1.3004110659198846 8.3032029919437402
0.0051920749247074127 -0.26368242902970823 -0.00016231140232805631 0.012747393840204142 0.00078955604271699787 -0.2561296232522362 0.0018365869347916903 9.9603547549117371e-33 0 0.00053413681569554968 -0.53262039398043182 -0.093242454422347132 -0.090088336721994539 -0.091768048450165646 -0.52835487237663548 -0.090905527184981641 0.0016905699215239694 -0.13042490917185814 -0.27472279041699121 -0.12944369930730468 -0.48229963597221581 -0.10092720666273741 0.00053346092622921228 0.4176843208956515 -0.0001248549248677369 -0.087249422958945486 0.0051920749247074127 0.0021324597455645348 0.4219511675213633 8.1585860506634429 -0.0026623519078829553 0.1680446685286334 8.1585860506634429 0.16442146864512755 -0.47512371103132955 -0.04523623075890059 -0.47618849758002213 -0.042629485298646914 -0.088081015519737293 -0.22907004665024389 -0.12906290749786758 0.41073418579489268 0.16163797889608295 -0.023194508642818395 -6.5098195300907579e-08 2.4278946167971025e-08 2.4278946167979671e-08 2.0212492400025819e-05 2.179143548116917e-05 1.9068063895364339e-05 -5.6942340733801937e-05 -0.2561296232522362 -0.52835487237663548 -0.27472279041699121 0.41768432089565155 -1.2323357825010943 8.1585861960556336
0.014476318843662739 0.14426876711299963 0.010008934442288535 0.011586884814988327 0.010968474695228197 0.15179441937711108 0.011621214881005848 2.5726846806536301e-33 0 0.0007589398082680865 -0.08423153613352595 0.0418794567955263 0.037923500699310074 0.043364391359779056 -0.080058036903686708 0.044137228243169499 0.0016781640535363188 0.090939463975350479 0.17182265121431045 0.091597905081139186 -0.081400466391585796 0.027129236303686785 0.00075890049546001662 0.030096630818851534 0.0076991803402219495 0.04777655905012642 0.014476318843662739 0.011920190534538111 0.034092441045980894 1.1070416976251398 -0.0024590644072351149 0.020748116641061121 1.1070416976251405 0.01515607963586973 -0.080379228449145107 0.026957091056279144 -0.081406389315707914 0.029637002696893264 -0.013910448094023125 0.16844563206317881 0.091976492492156198 0.033181878344640259 0.012560066928737771 -0.035423943424959567 -5.4385708704777848e-08 3.4497264012185256e-08 3.44972640121848e-08 -1.1057480253106164e-05 -2.9074117473549253e-06 -1.2565784262795162e-05 -5.7240054850798873e-07 0.15179441937711108 -0.080058036903686708 0.17182265121431045 0.030096630818851534 -0.13493954088293963 1.10704169762514
0.0019263520371168852 -0.076856628149407538 0.0039130851948300802 0.011200015992724256 0.0048851871100279139 -0.069271563534243227 0.0040897581574808883 -3.5689794804856132e-33 0 -0.00012859593168594531 -0.051388294848766475 -0.029917233299253679 -0.024765230611419751 -0.028414305953415452 -0.047213817939544961 -0.029077840094148145 0.0017892332684239576 0.07547759580891894 0.15828955596508371 0.074728630913992913 -0.049289349894696972 -0.035587701961864178 -0.00012826761954257867 -0.19328646490745127 0.0030100655344846767 -0.025412650233531862 0.0019263520371168852 0.0043927973420481627 -0.18915453345018082 -3.285298478483877 -0.0025353643711175634 -0.071200191413084493 -3.2852984784838775 -0.070604681255869176 -0.0485135005485232 0.030150606303025566 -0.04954172403646312 0.032767461972410088 -0.010632224713597187 0.12945449239854337 0.075132009918661258 -0.18413319348349921 -0.073288755982210088 0.0036933338526137834 5.2477559679386966e-08 -5.8452696220863339e-09 -5.8452696220891397e-09 5.8859652980302613e-06 5.929389707861222e-06 -1.073942824521186e-05 2.6229379378808288e-05 -0.069271563534243227 -0.047213817939544975 0.15828955596508371 -0.19328646490745127 0.50188329667543696 -3.2852984784840409
-0.016751326620578766 -0.63210670922786638 -0.012298620933580853 0.0086053058821358268 -0.011331927446617368 -0.62473793407419742 -0.012455862252801922 1.1255764906892985e-33 0 -0.00096582182709553893 -0.61495057788287477 -0.21272557562672961 -0.19198943373268651 -0.21134018266488228 -0.61085603401569022 -0.21274861765682845 0.0017419703060496223 -0.19490652349247548 -0.37621516112324532 -0.19613311772250691 -0.56903678738072161 -0.20149327910486894 -0.00096600678921432187 0.11901735407583099 -0.0094604776412160405 -0.20919338096491413 -0.016751326620578766 -0.012154509003810026 0.1232287611403928 2.1579603810650787 -0.002588050380723099 0.042603661358463669 2.1579603810650787 0.049534344297644292 -0.56047426226239294 -0.065916434554892572 -0.56146250405334064 -0.063171855100552052 -0.10457990000757673 -0.35008015915415253 -0.19573997699686319 0.11994944370005096 0.046800694111290404 0.04351073776042292 9.780463014401576e-08 -4.3900992140710206e-08 -4.3900992140704423e-08 4.8425392892571014e-05 3.7741249487440577e-05 2.7648873940150882e-05 -2.2817116929575087e-05 -0.62473793407419742 -0.61085603401569022 -0.37621516112324532 0.11901735407583099 -0.37560079511783351 2.1579603810650809
-0.016199031844735146 -0.71522269319961418 -0.016957059243545115 0.0042631146026209264 -0.016013798524898433 -0.70831531660521818 -0.015828738308125551 8.4653572399887094e-33 0 0.00013519370256468929 -0.78288804879339624 -0.24193984380480088 -0.23766649366824172 -0.24069430797509683 -0.7790809988026608 -0.24002990929293613 0.0015112870100319109 -0.18943535366363576 -0.39210606447064866 -0.18847219994777042 -0.67247170204536855 -0.24565199980719762 0.0001344976759245742 0.42927243822604089 -0.013043891725803934 -0.23670522461765203 -0.016199031844735146 -0.015534163453041219 0.43310417572197069 8.1874380640031976 -0.0023314896523706796 0.16897210136757218 8.1874380640031958 0.16846414033752899 -0.66287686315290839 -0.08389253401064696 -0.66376586681776473 -0.080837829099554351 -0.11757958365640769 -0.31592544640356307 -0.18812947771037125 0.42159139782210897 0.16599140626809497 -0.0033584616920263139 1.4146135993492353e-08 6.1451682983878619e-09 6.1451682983946662e-09 5.4774762038999435e-05 4.516829337656724e-05 2.7440207942825954e-05 -6.0740973656427989e-05 -0.70831531660521818 -0.7790809988026608 -0.39210606447064861 0.42927243822604089 -1.256611870034039 8.1874382205587555
0.0011154739186167717 -0.20147122291908512 -0.0048934103935168397 0.0014666787723507792 -0.0039679408031324361 -0.1948813813601537 -0.0027412410334005837 5.3995366798138814e-33 0 0.00053472857710220797 -0.45945692604955501 -0.071720537587907945 -0.067099058530695047 -0.070533988426698779 -0.45590007943803812 -0.069827060544623509 0.0014046879038290053 -0.033317017394978311 -0.075643251299655989 -0.032713061753764837 -0.42760567277572742 -0.074388467703767572 0.00053437856996960045 0.2182188665176617 -0.0037641618411667979 -0.066661846926612547 0.0011154739186167717 -0.0024512321901908433 0.22165832829325188 4.4373763480916768 -0.0020525069418220868 0.090806040537739302 4.4373763480916777 0.086958696615496101 -0.42195980543209172 -0.040083874055221999 -0.42277592497077771 -0.036897796562360696 -0.070164428523524114 -0.02879198750809445 -0.032393364422049348 0.215764518461908 0.084754946301300982 -0.024542820924097569 -7.5887364017180244e-08 2.4305844413732961e-08 2.4305844413739853e-08 1.5390072004817463e-05 1.6418239528997166e-05 5.0929711654047806e-06 -2.8486247056964264e-05 -0.1948813813601537 -0.45590007943803817 -0.075643251299656003 0.2182188665176617 -0.65832803477531554 4.4373763481016875
0.0085955038666725159 0.16794165747263973 0.004954220295407501 0.0015360826288321999 0.0058808053960505372 0.17454048911236603 0.0063730306318509353 -1.1957479379875341e-33 0 0.00066436738055250435 -0.032389069283777924 0.050468795167884814 0.045004774020978841 0.051671643745310358 -0.028886818651971392 0.052441926636753455 0.0014648726756624558 0.15404076908849165 0.29915505385144447 0.15462886061332137 -0.032863465618798271 0.03765329739363623 0.00066457743336197658 -0.1225154136062505 0.0038109386887750013 0.055608623933172598 0.0085955038666725159 0.0066641016321009579 -0.11914149188740979 -1.7809093304951098 -0.0019913224060471545 -0.039200555330028426 -1.7809093304951098 -0.044103928444491187 -0.033050524928278202 0.029233649064661082 -0.033841234418735863 0.032349850502980809 0.00040538061083216604 0.30001944577606082 0.15496224363202668 -0.11597957116907533 -0.046260017381215622 -0.030882759216211943 -4.1093664565352084e-08 3.0198517297842598e-08 3.019851729784056e-08 -1.2919900191109892e-05 -5.6397234932148007e-06 -2.1608450841667574e-05 2.067720343421301e-05 0.17454048911236603 -0.028886818651971392 0.29915505385144447 -0.1225154136062505 0.30494797864230205 -1.7809093304951096
-0.005086811725050211 -0.11717987219055681 -0.0023965429652690975 0.0019273205992652559 -0.0014657428953780624 -0.11052847498030877 -0.0023642412485084569 -6.0278872584246018e-33 0 -0.00029832731315331185 -0.050322595917714916 -0.042355582771769471 -0.036058006417955306 -0.041134024509406029 -0.046811196398243306 -0.04195204883127443 0.0016167626535975635 0.093984673711438205 0.19800463248454955 0.093034340045163796 -0.049125435923805749 -0.043492137451892281 -0.00029786045614396835 -0.27828001306326855 -0.0018434945886685354 -0.038762425135637421 -0.005086811725050211 -0.0020717168437289746 -0.27462907260307423 -4.9447238340064779 -0.0021662170238786311 -0.10554859708537491 -4.9447238340064787 -0.10373798656024755 -0.048682667577561192 0.02254064751354207 -0.049482523946787919 0.025500319510143685 -0.0066975335786216726 0.17589148703841823 0.093401421023159001 -0.26733590679706271 -0.10607806335591251 0.011456811450928295 6.4150954921725671e-08 -1.3560332416056642e-08 -1.3560332416061461e-08 8.9323720263412232e-06 6.7409689441536157e-06 -1.3455993083245763e-05 3.7430227059645885e-05 -0.11052847498030877 -0.046811196398243306 0.19800463248454955 -0.27828001306326855 0.74948989475314476 -4.9447238340668882
-0.019204162061214447 -0.58128606765382307 -0.015776119958899392 5.4113224332335228e-05 -0.014858487550956636 -0.57485740357781534 -0.015713529335293859 2.3206552790929141e-34 0 -0.0009242753380380122 -0.58921726919950623 -0.19539359745837259 -0.17670179812569664 -0.19429138043706279 -0.58578088714118692 -0.19545277579899664 0.0015795778003945091 -0.17228963069840325 -0.33335915407708949 -0.17330722771067661 -0.54673147552937318 -0.18284661919501807 -0.00092440929956734278 0.087354531046147085 -0.012135476891461071 -0.19237583265199065 -0.019204162061214447 -0.015424994720309218 0.091140629363271636 1.5516801531407454 -0.0022593595449302631 0.03024404815254491 1.5516801531407447 0.036956273681697079 -0.53878265394420599 -0.069902031154440464 -0.53954434886935876 -0.066866489243682714 -0.097193929468205709 -0.29765777535859439 -0.17294820152459817 0.088714499305183783 0.034528453460651261 0.042243423304068495 8.0407815763941032e-08 -4.2012515365367471e-08 -4.2012515365362634e-08 4.449101266045182e-05 3.4427278469769061e-05 2.4460000525997153e-05 -1.8027946409689067e-05 -0.57485740357781534 -0.58578088714118692 -0.33335915407708949 0.087354531046147085 -0.28103260305077271 1.5516801531407447
-0.011644696816802025 -0.46762722569230397 -0.014385872447110312 -0.0028351165165998405 -0.013492608859400028 -0.46156887966011872 -0.012903586701664064 7.098610990856964e-33 0 0.00023094444779577625 -0.64838156142841918 -0.1594847943661637 -0.15700707408757592 -0.15850639605968889 -0.6451693105592724 -0.15764935985015979 0.0013856767797697069 -0.13751809135240251 -0.2892292976502317 -0.1364694212748539 -0.57051549763906673 -0.1618392778301333 0.00023037489069222393 0.35180167983403704 -0.011066055728546393 -0.15475766133112145 -0.011644696816802025 -0.012621970589153418 0.355268982688622 6.7673923316620597 -0.0020437897103170537 0.13955100232550921 6.7673923316620588 0.13833085981393475 -0.56263482793974096 -0.073858874893554541 -0.56330857308307802 -0.070590810259121395 -0.096802503475637 -0.21550525874228346 -0.13615272798824277 0.34582489643288922 0.13612232592550477 -0.0077700974509933443 -2.0793058986195661e-08 1.0497474899801619e-08 1.0497474899809309e-08 3.5767719144125433e-05 3.1317003163530322e-05 2.0049093250258322e-05 -4.9150303850425142e-05 -0.46156887966011872 -0.6451693105592724 -0.28922929765023164 0.35180167983403704 -1.033668449858139 6.7673923389241555
0.0083554033190011978 0.1407201514661062 0.0014150357006642645 -0.0034642142218898864 0.0022974527998903694 0.1466558928479875 0.0036227345559026909 2.1891910379535068e-33 0 0.00082677451286566981 -0.13422181687663304 0.041638354564400869 0.03689293464970092 0.042615721955959265 -0.13115400755898021 0.043767673185607509 0.0013631058108211837 0.098678435221108848 0.18400908799849888 0.099632824315585136 -0.13080319454094191 0.032136891654472255 0.00082672323150407439 0.036191780221951263 0.0010884890005109732 0.046596308125683689 0.0083554033190011978 0.0039019577154908516 0.03940507685957572 1.1731865738042646 -0.0018563358243354818 0.022721775770032204 1.1731865738042646 0.016754612294230562 -0.129628637779411 0.0048444971845165389 -0.13025761870520164 0.0081219590000869684 -0.015927369823081728 0.20749965120825728 0.099945022676660542 0.038354359562044554 0.014721165872982266 -0.037696168265248534 -9.4754161776814013e-08 3.7580659675712035e-08 3.7580659675711419e-08 -1.085596873452324e-05 -3.4792634940795946e-06 -1.3629030063730644e-05 -9.584279004136839e-07 0.1466558928479875 -0.13115400755898021 0.18400908799849888 0.036191780221951263 -0.14284636771294082 1.1731865738042646
0.013864537701010704 0.44257880473574085 0.010626077369839889 -0.0013464441434896525 0.011518857192417478 0.44872678623216766 0.011809478296716049 -7.3037370894961482e-33 0 0.00079342217825150905 0.43805018247794697 0.14159869885407694 0.12592226889989661 0.14268997970862213 0.44115411672214699 0.14357745882149281 0.0015757250591531627 0.32641128095949445 0.64390331477170792 0.32698619992614492 0.41555343008195156 0.12009969901114038 0.00079414343278317245 -0.43332579859078624 0.0081739056691076065 0.14650798839544937 0.013864537701010704 0.012092503833027275 -0.42988662022046181 -7.4415946413146301 -0.0019889023414785814 -0.15760148344149547 -7.4415946413146319 -0.16355271140524968 0.40893679469045446 0.10079796221830956 0.40827938118168328 0.10382518392378087 0.078620614894635635 0.59476663341835212 0.32734566032294482 -0.41846770868122984 -0.16573579279666592 -0.037205484595630486 -3.7702848254969161e-08 3.6064644465984904e-08 3.6064644465974203e-08 -3.3979160924426678e-05 -2.4008560471221677e-05 -4.6166729448309059e-05 6.5567092072850908e-05 0.44872678623216766 0.44115411672214699 0.64390331477170792 -0.43332579859078624 1.1823972892421186 -7.4415946777531907
8.673780394019559e-05 0.10300477939518955 0.0026609828953146368 0.00051742866957824258 0.0035655912259139493 0.10935831209059756 0.0026058578148675233 -1.1846841390105734e-32 0 -0.00048821349803104493 0.38406570295604742 0.030897130555322797 0.03139147980949944 0.032080584610069893 0.38726441703705206 0.031085443205910779 0.0018682882821199401 0.20978160167236168 0.43296732690187811 0.20854304592284903 0.35934367647977938 0.024736032406623205 -0.00048727558402147269 -0.56412479771972457 0.0020469099194727986 0.034114462328851201 8.6737803940195577e-05 0.0028925945122629435 -0.56005090436836025 -10.232099147116351 -0.0024057947260266747 -0.21637801883031915 -10.232099147116353 -0.21326007533590149 0.35426380373281829 0.086292925867540865 0.35353910692249457 0.089023463949052986 0.060891621262977515 0.35770925034744994 0.20896714773731942 -0.54517406652469769 -0.21586892811982228 0.020000943644948494 5.9699078900478095e-08 -2.2191522637765852e-08 -2.2191522637773617e-08 -7.9469589152806894e-06 -8.6619568481407603e-06 -3.0013769689788164e-05 7.6956433584703446e-05 0.10935831209059756 0.38726441703705206 0.43296732690187811 -0.56412479771972457 1.5546234159626979 -10.232105644288868
-0.0085817333310842514 -0.25266146884849855 -0.0070220039721671313 9.2958110446556713e-05 -0.0061211171905888664 -0.24636631563875813 -0.006675609580637407 -3.1943731528920789e-33 0 -0.0010005121958623184 -0.17019675165582743 -0.086694497984328198 -0.074992096067348468 -0.085575718675766327 -0.16696928769542921 -0.086603712914794545 0.0019182465380544115 -0.085652643238560575 -0.16112151804909619 -0.086607542761600903 -0.16221201293195939 -0.080912058814942608 -0.0010003278043482047 -0.10520462645407311 -0.0054015415170516395 -0.083606278886274046 -0.0085817333310842514 -0.0063899058581854172 -0.10072913466701833 -1.9676426514188659 -0.0026805890592297731 -0.043781264150864335 -1.9676426514188659 -0.036456653996724479 -0.15926936941616679 -0.009985426130312676 -0.1600035794996626 -0.0072387856861318572 -0.035700449662886838 -0.17318509085998526 -0.086172287072547024 -0.098057757171367749 -0.039332959969533829 0.046393552399426462 4.663462708295178e-08 -4.5477827084650368e-08 -4.5477827084650772e-08 1.9307970980704145e-05 1.4659712555456584e-05 1.2163922812656018e-05 8.838889424381568e-06 -0.24636631563875813 -0.16696928769542924 -0.16112151804909619 -0.10520462645407311 0.25640814990989036 -1.9676426514188652
0.0052861054427921772 0.033763802895339784 0.00015128989127081397 -0.00067451785733488073 0.0010446739036013759 0.039950758797409891 0.0019683453354371085 4.8842402523413593e-33 0 0.00010898412901910308 -0.22959384345316358 0.0064511073334476664 0.0059925649312924907 0.007492537855024929 -0.22641022464773233 0.0082546970240662595 0.0017970759111409884 -0.078407873314038104 -0.16914905635385341 -0.077541904086802588 -0.21929906461372273 0.00092106532442497678 0.00010866794619412806 0.19907060199974719 0.00011637683943908801 0.011196057014587962 0.0052861054427921772 0.0022524055401872793 0.20342719925271563 3.9840183410886354 -0.0025995470810049547 0.080787653962151734 3.9840183410886354 0.080413332137950724 -0.2158113442884404 -0.019118930033922479 -0.21650338507892589 -0.016170864391972736 -0.042627230264943729 -0.14483965317102798 -0.077132922597051942 0.19801676565731594 0.077621858323883963 -0.0022796460146412073 -6.4546806438399742e-08 4.9538240463217803e-09 4.9538240463221277e-09 -2.6458354370132695e-06 3.3543386494879661e-06 1.162172309911479e-05 -2.8228608683758891e-05 0.039950758797409891 -0.22641022464773233 -0.16914905635385341 0.19907060199974719 -0.61082367219106559 3.9840183410915371
0.026291379705071449 0.67709916865265563 0.018320655910195736 0.0012529993837075272 0.019226683973644108 0.6835017498083662 0.02052691760389647 -1.2781901163205007e-33 0 0.0013330673842905398 0.52390937462210196 0.21796594911049147 0.19326603880019863 0.21912076543403025 0.52711388436495266 0.22108690467480402 0.0018777195476108403 0.29199243788270757 0.56023335230806681 0.29374386568188893 0.49777319085966226 0.18713596329256488 0.0013334157473114238 -0.20521008697627094 0.014092812238612105 0.22413173065248246 0.026291379705071449 0.020815768214245196 -0.2009172350461817 -3.0149199294519389 -0.0025363896696549192 -0.065545747199591414 -3.0149199294519389 -0.075079612704363891 0.49049281956652002 0.11128739226880634 0.48978966050875877 0.11418781717655763 0.087332842843253058 0.51377310244633145 0.29417125575244679 -0.19558344757516868 -0.077823741685360048 -0.059824283913070674 -1.1650237214523944e-07 6.0593972013212481e-08 6.0593972013204672e-08 -5.1939494458364544e-05 -3.4379978370466203e-05 -4.0902959845440409e-05 3.6039033061016942e-05 0.6835017498083662 0.52711388436495266 0.56023335230806681 -0.20521008697627094 0.52379218167619734 -3.0149199294522488
0.028928767889738083 0.86872994703515827 0.025797309544614108 0.0054917770134840921 0.026737501132807793 0.87565586982442856 0.026764573462362728 -1.1545496406462285e-32 0 -5.482167728398387e-05 0.82605046510447666 0.28357795598224206 0.27958370552396217 0.28488950663330331 0.82953069797613388 0.28426088348081202 0.0022212218159842938 0.31361465766488889 0.63813864968642953 0.31253343491504915 0.70436271436053299 0.27198435322054587 -5.3733513530155203e-05 -0.65429838912320548 0.01984408426508778 0.28756061437710384 0.028928767889738083 0.027064391852688184 -0.64944167123387875 -11.674242557785018 -0.0028945930257013256 -0.24702158650308792 -11.674242557785021 -0.24722321563814598 0.69468563224351221 0.14559894820877267 0.69388579315002186 0.14818270353449289 0.11705685852632103 0.51954143921896734 0.31303685403168102 -0.63219048606107742 -0.25034438780762808 -0.00099027121049339206 -3.9667575256387286e-08 -2.4918944219901457e-09 -2.4918944220002236e-09 -6.6606116952721683e-05 -4.9063787770849903e-05 -4.4717904929570669e-05 9.2076437669771089e-05 0.87565586982442856 0.82953069797613388 0.63813864968642953 -0.65429838912320548 1.7975470069278607 -11.674303357576813
0.015256423503160477 0.47118163779769023 0.017089625070025677 0.00877667988213841 0.018062881694432254 0.47855895242775659 0.017056456484732627 -8.6473775896348514e-33 0 -0.00048104359610631406 0.57398898705299806 0.15157778975528086 0.14450919730732045 0.15295851342740424 0.57777301308227202 0.15246031788595196 0.002441131629750827 0.16415868461068053 0.33229782741827474 0.16365240290533509 0.52224744794268552 0.13632781983711798 -0.00048027201766994375 -0.46074762587889895 0.013145865438481289 0.15597926708230847 0.015256423503160475 0.017366425108079203 -0.45524123378907838 -8.2430891044429231 -0.0033277560173465264 -0.17567701430662205 -8.2430891044429231 -0.1722174436051509 0.51575728061744286 0.11110648718745154 0.51488121964368949 0.1135635614556344 0.079081436529215135 0.23775920126707623 0.16420456904568123 -0.44315107350672861 -0.17577302515625004 0.022353022268152663 4.4893651168478641e-08 -2.1865618004825301e-08 -2.1865618004833937e-08 -3.6125197778871436e-05 -2.6232125451776716e-05 -2.3252140392474857e-05 6.2134345615081163e-05 0.47855895242775659 0.57777301308227202 0.33229782741827474 -0.46074762587889895 1.2461812328110788 -8.2430892770078241
0.011763038113713264 0.21930128058254555 0.010949229556090121 0.0097569521896649237 0.01194180220377236 0.22687765819500599 0.011671894300310522 -3.6099994867210324e-33 0 -0.00032745218626178372 0.37498779782260061 0.067738648972586399 0.062107326330981094 0.069167261879358302 0.37888845788699538 0.068997385627841759 0.0025366443692067735 0.066047519361681573 0.13125526879399138 0.065923905054913537 0.35870869346330797 0.053563585077365201 -0.00032707813199305702 -0.21839232348583595 0.0084224842739154763 0.07261108370036734 0.011763038113713264 0.011987963565786663 -0.21251235231765422 -3.7139600538490858 -0.003574665427414663 -0.081183972617365041 -3.7139600538490858 -0.078702110993385074 0.3548047439627926 0.081979149703572868 0.35388211015508148 0.08447436548126365 0.047975319943255462 0.059256387164450419 0.066497524368079805 -0.20687236542727988 -0.08250477021539937 0.015995393123396408 4.7856479164525472e-09 -1.4884190284620653e-08 -1.4884190284626233e-08 -1.6818378248130148e-05 -1.1660620552452438e-05 -9.1507119019280332e-06 2.8491333134451325e-05 0.22687765819500599 0.37888845788699538 0.13125526879399138 -0.21839232348583595 0.55554820288504969 -3.7139600538498572
0.030070535838603973 0.63032002553311406 0.022529936502218829 0.010949904413152732 0.023544475168307155 0.63812847342995083 0.02468734698829992 -1.5489205834856264e-33 0 0.0004359133648009708 0.59295829314638271 0.20237642110510928 0.18615461772780473 0.20388552712110464 0.59695587912740156 0.20492864945495318 0.0026170403054163703 0.16685537147938051 0.31949376087817544 0.16779888025303777 0.54932943652469213 0.17692832363820438 0.00043626285907944108 -0.20315418491602877 0.017330720386322176 0.20865328050071924 0.03007053583860397 0.02501089266683704 -0.19708039386105025 -3.161142949065733 -0.0036933186595010971 -0.069736991391629644 -3.1611429490657326 -0.072670288846703082 0.542570211690933 0.11815905431075845 0.54160517853794055 0.12071428166058792 0.082392824418825297 0.23959739949334247 0.16839079688623354 -0.19185068605750716 -0.076598138548247596 -0.018098971718630341 -1.0765198237802145e-07 1.9814243854594866e-08 1.9814243854587346e-08 -4.8312514485855924e-05 -3.2380639163119579e-05 -2.3212290522057926e-05 3.0543999423074161e-05 0.63812847342995083 0.59695587912740156 0.31949376087817544 -0.20315418491602877 0.50456917464290252 -3.1611429490659031
0.049637358635663986 1.2360374520188151 0.04086817715199078 0.014961651172202717 0.041928737065594891 1.2444377089850891 0.043061700855837118 -5.653096610000566e-33 0 0.00033611492312605182 0.96274207356488772 0.40303674095173614 0.39029360604339164 0.4046833858280266 0.96706983883823283 0.40512661310728221 0.0028381351459062249 0.27410076285051715 0.54388654969856354 0.2742095515762053 0.82023123709378221 0.37982941740785869 0.00033687952377766403 -0.45504483982816263 0.03143705934768521 0.40913924561543996 0.049637358635663986 0.04340022302993031 -0.44859375481925706 -7.7789920967632362 -0.0039275588295006394 -0.16655685713074023 -7.7789920967632362 -0.16917137016285178 0.80971031861193543 0.16770340795691799 0.80865973627413967 0.17017169145057179 0.12808386162838814 0.41627431673801513 0.27485076537395309 -0.43668134668101838 -0.17334828765889995 -0.016117947716651881 -1.3270501288795476e-07 1.5277951051191039e-08 1.5277951051180031e-08 -9.4714910359532497e-05 -6.5524926193940775e-05 -3.8691149369924665e-05 6.5735787726349176e-05 1.2444377089850891 0.96706983883823283 0.54388654969856354 -0.45504483982816263 1.2132319823869224 -7.7789921665912924
0.048064600676298141 1.2735999192460947 0.045017379971480406 0.020569439592569645 0.046142841189438386 1.2828328452667033 0.045845819706028787 -7.6634362509539567e-33 0 -0.00018229905434058756 1.0003391657600678 0.41578121523842854 0.40685605059391999 0.41755391581369206 1.0052009308587886 0.41715578285861249 0.003098289452852683 0.23833667225125751 0.48054686337612734 0.23776894540780719 0.84174552611227194 0.39528536651228557 -0.0001814099071306062 -0.52989801417247195 0.034628753824215701 0.42157475476388545 0.048064600676298141 0.046204608210057119 -0.52286428095795023 -9.2886541421379754 -0.0043042866994532766 -0.19850297081409962 -9.28865414213797 -0.1974198406106866 0.83132419713541506 0.17165999385052694 0.83016851356142884 0.17402997996821035 0.12729450039311319 0.33499709932547039 0.23846798750001136 -0.50897907222448557 -0.20198425935408196 0.0072563633668148901 -3.9574307792367608e-08 -8.2863206518369359e-09 -8.2863206518503577e-09 -9.756941648899363e-05 -6.7663549699245763e-05 -3.3752099413526962e-05 7.3422533512254424e-05 1.2828328452667033 1.0052009308587886 0.48054686337612734 -0.52989801417247195 1.4221805394978624 -9.2886554160263302
0.034150928258895874 0.81249835990504138 0.034957587556283233 0.024465084614103755 0.036142693719827819 0.82241150125415641 0.035096117286154138 -5.1327885641466841e-33 0 -0.00042198045177715461 0.75823764157310103 0.26293498051913639 0.25521743939020336 0.26479855925463408 0.76354462122915856 0.26420912458575702 0.0032698581017395608 0.12355353330884275 0.25018791516901684 0.12304852778625036 0.66379983679122545 0.24290453577180715 -0.00042136459430765547 -0.36288815570044186 0.026890451966371718 0.26895896305639139 0.034150928258895874 0.035473178375219266 -0.35534097460589248 -6.2730059486993399 -0.0046398094600514483 -0.13575383195415311 -6.2730059486993381 -0.13274487752404268 0.65628091856461424 0.14058037642712073 0.65503880716806828 0.14298346645300947 0.092448371235314256 0.12237246741896823 0.12378588893640485 -0.34590776336374351 -0.13764939297866921 0.019359135804394852 2.8132981198365814e-08 -1.9180929626227425e-08 -1.9180929626238902e-08 -6.2216627760208306e-05 -4.2694505862957983e-05 -1.736047985610033e-05 4.8291585346418108e-05 0.82241150125415641 0.76354462122915856 0.25018791516901673 -0.36288815570044186 0.94599766846234823 -6.2730059508186571
0.034773826599121094 0.64976745499562216 0.031533001738600949 0.026080201171101512 0.032764947241904326 0.66011669071700296 0.032738986854867091 -1.0751299608839301e-33 0 -6.6784141234899552e-05 0.63507765569820451 0.20801164636121883 0.19651300284699058 0.20994937574149808 0.64064584052177498 0.21013862925664284 0.0033467924671741669 0.087786425414705216 0.16882505122737837 0.08807411128661613 0.57745964949355044 0.18363346860678489 -6.645771520802974e-05 -0.18641018699438844 0.024256155183539185 0.21509880677686236 0.034773826599121094 0.033130699054926729 -0.1785773994815589 -2.8962212606895221 -0.0048208737487834092 -0.065299653537931046 -2.8962212606895226 -0.064639351180049029 0.57121340611389293 0.12754112385442168 0.56991153992248245 0.13009666454679555 0.076977115854638484 0.061126251270933615 0.088829055607263646 -0.17384143789485321 -0.069729402144222241 0.0045075117475266964 -3.4960160514776129e-08 -3.0356427833996731e-09 -3.0356427834069614e-09 -4.9740382256626968e-05 -3.2838645812248053e-05 -1.2037399655233658e-05 2.5148132865556994e-05 0.66011669071700296 0.64064584052177498 0.16882505122737837 -0.18641018699438844 0.44119366815188543 -2.8962212606895466
0.055015679448843002 1.1285334868692045 0.045511456443995235 0.028352681813366042 0.046797339325979417 1.1394131138554859 0.048028559703229515 -9.6288564258859471e-34 0 0.00041313931432703855 0.87675468612488527 0.36546533559119793 0.3494518439793971 0.36751290309710372 0.88261648821341643 0.36834865057488059 0.0034607595999890622 0.19095184370960017 0.36974383216898032 0.19165635030010522 0.76431123819258695 0.33565898510567455 0.00041358684716188217 -0.25972467239359209 0.03500881264922711 0.37356542717927477 0.055015679448843002 0.048437647495917301 -0.25167022396123334 -4.0587315550177596 -0.0049512381775522057 -0.08974326082619026 -4.0587315550177605 -0.092628754808550484 0.75525960673663073 0.16413890000016468 0.75388989904438619 0.16680584258332026 0.11074968882070375 0.2446924538007835 0.19243715500671579 -0.24499231407674824 -0.097860849908440684 -0.017836086545648683 -1.3995812665799618e-07 1.8779059742144362e-08 1.8779059742134079e-08 -8.6422963714288093e-05 -5.7659213068210609e-05 -2.6607198736957197e-05 3.8205022180920055e-05 1.1394131138554859 0.88261648821341632 0.36974383216898032 -0.25972467239359209 0.64243673433797666 -4.0587315550234537
0.070553086698055267 1.6285916196841828 0.061561971629024603 0.033301234922665693 0.062926352303561792 1.6403552545367528 0.063764620504471972 -4.5354208966062855e-33 0 0.00022923672122926935 1.1531781051784133 0.53100483290405298 0.51817501821895462 0.53319560923840403 1.1595808202124929 0.53343336905429772 0.0036896657422004538 0.26759825158288875 0.53166976665079557 0.26757594188314388 0.95943257601059972 0.50315113396637867 0.00023003320088595285 -0.47130969891009034 0.047355362791557394 0.53908065784469705 0.070553086698055267 0.064198605397524991 -0.46283524031141937 -7.9671709098181251 -0.0052108584876677626 -0.17174940873801547 -7.9671709098181216 -0.17359617314788117 0.94770767880031537 0.20109479193102586 0.94623565468117454 0.20375614709588513 0.14321651585501727 0.36916802976203161 0.26840791447883172 -0.45054680420075199 -0.17910420711423772 -0.011268736442960794 -1.3520172979852138e-07 1.0419850964976154e-08 1.0419850964960158e-08 -0.00012472538520628051 -8.4587418080585649e-05 -3.7698086955343598e-05 6.7198772972881885e-05 1.640355254536753 1.1595808202124929 0.53166976665079546 -0.47130969891009034 1.2373416752943984 -7.9671710117114038
0.063575431704521179 1.4830298289927848 0.060866463764120138 0.038959357605797655 0.062322522817700787 1.4958182791801702 0.061670831298916234 -5.7968261307427474e-33 0 -0.00025910771300651468 1.0956877284214193 0.48300238067567702 0.47399505163374789 0.48532092076388855 1.1027579202030064 0.48475854314918737 0.0039321765532979612 0.2114365860192092 0.42661812089637924 0.21081367587179611 0.91208768068929469 0.45791078160621773 -0.00025826860454447701 -0.49635991153059689 0.046820356741630875 0.49090527247880628 0.063575431704521179 0.062133216276344938 -0.48731677993440775 -8.5535809444956072 -0.0055749284208073194 -0.18437167197021342 -8.5535809444956055 -0.18271168211042474 0.90139149105296046 0.19384562111216583 0.89980758463273847 0.19651466786016542 0.13106719950578333 0.25590559728323142 0.21169975445571224 -0.47437850265578335 -0.18859571885171519 0.010862103009680392 -3.0685434642053389e-08 -1.1777623318468409e-08 -1.1777623318482709e-08 -0.00011354741321502256 -7.7007346720491432e-05 -2.9832917318951358e-05 6.797519323673755e-05 1.4958182791801702 1.1027579202030062 0.42661812089637935 -0.49635991153059689 1.305453845516017 -8.5535812654770673
0.049071475863456726 0.96423901745715546 0.048899665407559759 0.042208057509748542 0.050436538591253702 0.97781314888688087 0.049372634198854751 -2.7930871853797022e-33 0 -0.00037888875110739728 0.8213159210598544 0.31078123798922258 0.30185244530326405 0.3131912273370655 0.8288972187799607 0.31266758102911602 0.0040754818443247956 0.10392026154933096 0.20836141300949831 0.10355894773145441 0.71340130350021425 0.28508253769101505 -0.00037835580239831596 -0.30944692338065849 0.037615127236584424 0.31919550524437723 0.049071475863456726 0.049859835549259927 -0.29994886763130341 -5.1369584687851404 -0.005866970574381126 -0.11319287196107697 -5.1369584687851386 -0.11044002488211796 0.7057876190604282 0.16026681164797832 0.70411712190101783 0.16307909565448461 0.093876568650681544 0.061632662515782005 0.10447730284866505 -0.29198981880957303 -0.11662256236167023 0.017714251424241427 1.6773610336234208e-08 -1.7222215959420428e-08 -1.7222215959431363e-08 -7.377811732423412e-05 -4.8897169559896786e-05 -1.4425749647349603e-05 4.06893882476396e-05 0.97781314888688087 0.8288972187799607 0.20836141300949831 -0.30944692338065849 0.77281540444745389 -5.1369584688852434
0.05257880687713623 0.87994689355547251 0.047261787332117548 0.043315970465448474 0.04886672331638818 0.89407226829858277 0.049046425195515664 5.9922915489289344e-34 0 4.9502766841302712e-05 0.74586899169281096 0.28168141309509293 0.26850689411385048 0.28417560666670955 0.75377642765164787 0.28450455171814393 0.0041464299493511724 0.099257384370273219 0.18911438864156785 0.099693482539084652 0.66438994705082977 0.25113207203405719 4.9816448969777675e-05 -0.17570831157941533 0.036355221024705807 0.29129786840701455 0.05257880687713623 0.049554962443016361 -0.16596712754689108 -2.521816310719819 -0.0060137744913662692 -0.058636257447635627 -2.5218163107198182 -0.058806753370194691 0.65740504099741059 0.15490730278173306 0.65567138564102623 0.15794915072815521 0.086065157136003156 0.058810973051271982 0.1006282952578087 -0.16156848534884305 -0.065144148692986806 -0.00074812923671288372 -6.4337115619574051e-08 2.2501257655187486e-09 2.2501257655099474e-09 -6.731695796466776e-05 -4.3351942922717525e-05 -1.3533745914275153e-05 2.403197222177e-05 0.89407226829858277 0.75377642765164798 0.18911438864156785 -0.17570831157941533 0.38883183207714828 -2.5218163107198213
0.072330057621002197 1.3771954686608479 0.061653418174154123 0.045468402103090319 0.063335876729037663 1.3920090370798788 0.064541340311293549 -3.1302285711578642e-34 0 0.00041123596111201411 0.99784699057229653 0.44540806513162706 0.42958838378180242 0.44802292069415328 1.006147970778094 0.44875656303969513 0.0042783468506790087 0.20657907384893431 0.40144911369923847 0.20717845548371505 0.85320819774589551 0.41125515081645253 0.0004117415607902637 -0.29206422972456214 0.047425706287810857 0.4558824855604266 0.072330057621002197 0.065074615959411011 -0.28208472283240188 -4.5122201224964789 -0.0061498178850088684 -0.10040228976606762 -4.5122201224964771 -0.10333021958519668 0.84337343656575658 0.19230378835622305 0.84156311915401327 0.19550416129591972 0.12034478405819411 0.24988001962434864 0.20814325052255209 -0.27460090604545312 -0.1098190116436851 -0.018120824118164448 -1.5437109918279457e-07 1.869254368691652e-08 1.8692543686904833e-08 -0.00010541802991355057 -6.9389604618864655e-05 -2.8762782745324398e-05 4.2546691338742535e-05 1.3920090370798788 1.006147970778094 0.40144911369923836 -0.29206422972456214 0.71250907244568384 -4.5122201225213843
0.081823647022247314 1.7244864240891926 0.073393480990804769 0.049983601041397055 0.075175431552971461 1.740302302197867 0.075637152091752563 -3.8235787400068979e-33 0 0.00012502374859091141 1.195076303207532 0.56045755618261861 0.54859392231443227 0.56321582665055558 1.2039976260530254 0.56322141729544539 0.0045120250768829733 0.25705529857907228 0.51183369791733346 0.25686581469456748 0.98879759712459503 0.52909054398115596 0.00012583828918575685 -0.47927660499905861 0.056456523839080584 0.57083432989288363 0.081823647022247314 0.076201764324383955 -0.46885129165313022 -8.0078365076488502 -0.0064231391553957818 -0.1737869256792908 -8.0078365076488502 -0.17490509312334748 0.9771533114502361 0.21886255137193159 0.97523636279338544 0.22211892455266607 0.1423427482457994 0.32901163194563005 0.25788297824037032 -0.45640528576910194 -0.18168533088366107 -0.0066931200557568942 -1.196145254864596e-07 5.682897663233285e-09 5.6828976632189864e-09 -0.0001320164781260799 -8.8263154639644723e-05 -3.6141728618903024e-05 6.7505362245686679e-05 1.7403023021978674 1.2039976260530254 0.51183369791733357 -0.47927660499905861 1.2390240605491649 -8.0078366176963911
0.069014899432659149 1.3945414254820052 0.067035151572209101 0.054297763771092897 0.06892187398732641 1.4113831793716158 0.067937844501112579 -4.2571328096148512e-33 0 -0.00033675231067535025 1.0420938440945042 0.45133772584553522 0.44302548353830096 0.45421509844750874 1.0516782546932595 0.45351965288994628 0.0047300741777910318 0.17747403799029335 0.35833719646306111 0.1768180242399788 0.87315795069260704 0.42260965334518352 -0.00033598673672555359 -0.44865746512119625 0.051565501209391608 0.46163069038839916 0.069014899432659149 0.068534872797101618 -0.43769026301833053 -7.5669025449590119 -0.0067662950123551138 -0.16489998604372708 -7.5669025449590102 -0.16264391696255015 0.86347597512376506 0.19981627487765444 0.86145297617317151 0.203171139350145 0.11881446930752981 0.17805410220888113 0.1778840620282702 -0.42607289984960006 -0.16978008903050512 0.014583198524986532 -1.0213332671441967e-08 -1.5306923212506228e-08 -1.5306923212521203e-08 -0.0001067156865632035 -7.0881091715341337e-05 -2.4905740704650108e-05 6.052096058754772e-05 1.4113831793716158 1.0516782546932595 0.35833719646306111 -0.44865746512119625 1.1498921092073986 -7.5669025875816427
0.054121918976306915 0.84509861805306419 0.053206402579503348 0.055702222417040669 0.055180966745934416 0.86265046023685032 0.054156411248972067 -7.6826736971409921e-34 0 -0.00034237809830871263 0.74366156556650287 0.2688147119584775 0.25990664477358655 0.27177404101989577 0.75369287886868175 0.27132209832176413 0.0048382357862187947 0.075875880481808267 0.14991165850947125 0.075645426544414363 0.65685453552480799 0.23895922687042728 -0.00034195276906092103 -0.24112716959166575 0.040928001984233339 0.27977526915015771 0.054121918976306915 0.054780560379973864 -0.22977966642709821 -3.7386670339480337 -0.0070042676053855089 -0.085058628984159126 -3.7386670339480328 -0.082515688279731117 0.65039997447705844 0.16365772718319244 0.64830214132107833 0.16725055499704475 0.079736445265065584 -0.00072969774169208434 0.076736175561724934 -0.2236872924565815 -0.089897984451766652 0.016341865621182356 1.4013646886527348e-08 -1.5562640832208841e-08 -1.5562640832217864e-08 -6.4607029825199832e-05 -4.1058819052182962e-05 -1.0300649815910787e-05 3.0948312193865366e-05 0.86265046023685032 0.75369287886868164 0.14991165850947119 -0.24112716959166575 0.55900375117244683 -3.738667033948877
0.059692289680242538 0.84209154858066382 0.052869543666953532 0.055302432935568954 0.054919115175048154 0.86014101301889823 0.055287886409789849 2.0104615504066123e-33 0 0.00014167652541606076 0.71092899943710108 0.26661491724822034 0.25331208958272394 0.26965654952706203 0.72123242097284312 0.27009128014785816 0.0048935694484107464 0.096806039363109483 0.18211516559661034 0.097349545284107733 0.63900120021413109 0.23183636918943051 0.00014194284867464593 -0.14413388226389065 0.040668879743810393 0.2787816418662647 0.059692289680242538 0.055935748414680853 -0.13260514916299557 -1.7823209259810742 -0.0071041581328884504 -0.044235973036700037 -1.7823209259810724 -0.045067920044948154 0.63263122683329776 0.16425664239853902 0.63047890014338948 0.1681435666107351 0.078407797944364935 0.044819038811590259 0.098453494024806854 -0.12909507124918734 -0.052561386676469243 -0.0049647449431494241 -7.9926409905569884e-08 6.439842064369556e-09 6.4398420643609599e-09 -6.43832096498784e-05 -3.9942753303634794e-05 -1.3063017688234465e-05 1.9829745520463176e-05 0.86014101301889823 0.72123242097284324 0.18211516559661037 -0.14413388226389065 0.27924696818634981 -1.7823209259810722
0.077234633266925812 1.3269526233982201 0.066297164104356376 0.056339966181183677 0.068432195286255298 1.3456700364431793 0.069536327605355094 1.4318227551249409e-34 0 0.00040420566895441138 0.96668540323950181 0.42646732242067592 0.41175847514756919 0.42962973376085845 0.97735465419150247 0.43025486116168554 0.0050292753523974304 0.20709194515743351 0.40295910192567985 0.20758886614513472 0.82915384996195085 0.38938006879484038 0.00040472150786367665 -0.29554035727670658 0.050997818541812602 0.43926608821669966 0.077234633266925812 0.070211531263644072 -0.28378605204424001 -4.4499525746689255 -0.0072265997901001201 -0.10015411239326202 -4.4499525746689255 -0.10308014205356053 0.81989445077923506 0.20181868511412548 0.81766960673469147 0.20590288236686816 0.11314762895713673 0.24157750352565613 0.20872379018581882 -0.27625908769708846 -0.11071461245132087 -0.018154584325830992 -1.4942770219748691e-07 1.8372984952479391e-08 1.837298495246778e-08 -0.00010154103192972131 -6.5646459598128071e-05 -2.8771253797903944e-05 4.277592862703649e-05 1.3456700364431793 0.97735465419150247 0.40295910192567974 -0.29554035727670658 0.70296039084835626 -4.4499525746894841
0.079803146421909332 1.5045141439202019 0.072682741089878863 0.059361809261143629 0.074920654758633964 1.5241559374300491 0.074986487659521983 -3.3094653887885014e-33 0 1.9556458315458644e-05 1.0824244582722331 0.48550820155879504 0.47556328944838755 0.48880445328354549 1.0936520124637528 0.48858152265999888 0.0052527385491918932 0.23059761468451442 0.46017948889834276 0.23024674718499455 0.9049238585818985 0.45216589377503535 2.0336779576912064e-05 -0.45572501116588132 0.05590980083836835 0.49803959745808141 0.079803146421909332 0.075694117117501195 -0.4435336373345396 -7.4851510490792759 -0.0074907966535618896 -0.16389935556055274 -7.4851510490792723 -0.16427326255772476 0.89471720974024138 0.2174255365692622 0.89239437795866228 0.22161851196882826 0.12470502618090014 0.27421916097570698 0.23143192707342269 -0.43176241155730305 -0.17219150828989527 -0.0020511149040459034 -8.7426155412944203e-08 8.8892992343850099e-10 8.8892992342381657e-10 -0.00011513980747292622 -7.5685874958678688e-05 -3.2325107871378482e-05 6.3347919684426463e-05 1.5241559374300491 1.0936520124637523 0.4601794888983427 -0.45572501116588127 1.1539455989302825 -7.485151085851026
0.061908639967441559 1.0213854102518456 0.060962015802451183 0.061387387812924493 0.063299560319237516 1.0418612479217093 0.062065647166716587 -2.8906955245041316e-33 0 -0.00039890555983310193 0.84491661313219568 0.32566046093114526 0.3188929937160081 0.32905696335742035 0.85666480433809455 0.32827362211408684 0.005431644686137777 0.13052880192680752 0.26376762923049901 0.12987367004812547 0.72788029232908114 0.29482414897669523 -0.00039826414513337218 -0.37049899114682205 0.046893858309577839 0.33813362170016059 0.061908639967441559 0.062804199259746646 -0.35782864067973813 -6.033533317543009 -0.0077891211420868531 -0.13382827433783376 -6.033533317543009 -0.13107688627405567 0.72046023081506028 0.18734674753738229 0.71804983116004095 0.19171841700876599 0.091127348049661577 0.091085953495171998 0.13109924613827054 -0.34833530623821118 -0.13930677911004846 0.017641637107889695 1.9054453027763075e-08 -1.8132070901498508e-08 -1.8132070901509086e-08 -7.8110795731193227e-05 -5.011425269776884e-05 -1.8130266646952922e-05 4.8851486773635265e-05 1.0418612479217093 0.85666480433809467 0.26376762923049896 -0.370498991146822 0.91086242630978131 -6.0335333187097451
0.047683741897344589 0.49067970788982163 0.046226357689057709 0.060306583676102143 0.048641596370950065 0.51162511079020634 0.04774881598254499 1.0460868272831176e-33 0 -0.00031694870512185663 0.53019553325140645 0.14933036273874356 0.14216852648723413 0.15278698735584315 0.54221216956228369 0.1523970258739446 0.0054924781240066447 0.03256990977228811 0.061419081262945673 0.032439704292259008 0.49259284840125722 0.11783541191896847 -0.00031667617765515789 -0.14570947189677316 0.035558736683890542 0.16247907265920317 0.047683741897344582 0.048511613894681872 -0.1327645959687174 -1.8660434857829531 -0.0079524665534427396 -0.046817743769191275 -1.8660434857829531 -0.044411552220320283 0.48856812007729378 0.14783841885805293 0.48610625419786752 0.15252829746083585 0.049903607745890734 -0.07642401001493121 0.033679722903295246 -0.12925191613194245 -0.052814375028652077 0.015392963604052144 1.7614297815684308e-08 -1.4406759323716655e-08 -1.4406759323722573e-08 -3.7449898667254382e-05 -2.10887565663774e-05 -4.0212699188835404e-06 1.7325033530027175e-05 0.51162511079020634 0.54221216956228369 0.061419081262945686 -0.14570947189677316 0.27177334167250733 -1.8660434857829533
0.055216450244188309 0.58642304375718579 0.047434327693078315 0.057999526976898266 0.049915380344669656 0.60767114809583844 0.050481804664184303 3.242573424375745e-33 0 0.00023748250176345963 0.54555072528111681 0.17987243881545292 0.1676123868077917 0.18339713774562522 0.55768824756778435 0.1839480279839476 0.005518303330318922 0.080471997928950295 0.14739954315327125 0.081128398217480718 0.51046485726389279 0.14293900600881387 0.00023765355147363547 -0.083849720205302458 0.03648794437929101 0.19416975197591324 0.055216450244188309 0.051265794287269018 -0.07081804102413379 -0.53669275338730271 -0.0079841885781748046 -0.019043068215926922 -0.5366927533873016 -0.020559258157121094 0.50590937915527501 0.15475050547595404 0.50341344144075262 0.15978553782303839 0.055929371380005102 0.02014110190576154 0.08237527880226414 -0.068951471337794043 -0.029007847861152108 -0.00935618818668108 -8.4056509721688299e-08 1.079465917107192e-08 1.0794659171064243e-08 -4.480288685563893e-05 -2.5254817939968393e-05 -1.0626473493943897e-05 1.160240678858407e-05 0.60767114809583844 0.55768824756778435 0.14739954315327122 -0.083849720205302458 0.091947833623564901 -0.53669275338730249
0.069840498268604279 1.0479649698855882 0.059409404163662381 0.057560659526420511 0.061967478199571505 1.0697204109154292 0.062937336679503311 2.2730370554171592e-34 0 0.00041919164148720159 0.81786800139521598 0.33229063695253835 0.31915458755593024 0.33592918113286013 0.8302427120160899 0.33647326127018873 0.0056476731957969938 0.20012351569149622 0.38932018208075919 0.20054320114547527 0.71766932428152341 0.29369170284972496 0.00041968235854306741 -0.27798680371425455 0.045699541664355685 0.34693532144221584 0.069840498268604279 0.063746269610292478 -0.26477139061335697 -4.0184456176076626 -0.0080739164360012095 -0.091957970710619813 -4.0184456176076608 -0.09503939230165491 0.7099528526793405 0.19485318539286936 0.7073988651741665 0.20010557269274321 0.093949105012970838 0.23385431637847823 0.20181980081408052 -0.25775134259654447 -0.10359923717549184 -0.019203379701991919 -1.2966443953855206e-07 1.9054165522152659e-08 1.9054165522141747e-08 -8.0180494171495806e-05 -5.0246670549830044e-05 -2.7722062967063899e-05 4.0177588862947789e-05 1.0697204109154292 0.83024271201608979 0.38932018208075919 -0.27798680371425455 0.63760425912208452 -4.0184456176127625
0.065914086997509003 1.067915498657364 0.060568680066609273 0.058735575221533054 0.063216195230938951 1.0903743830352002 0.06292654957432782 -3.2830854079471226e-33 0 -8.0598397724421122e-05 0.86142492578753926 0.33941824341725368 0.33212547440899121 0.34317419032953744 0.87419460787734204 0.34274229542892815 0.0058542200498924238 0.1972320892726146 0.3947919119283872 0.1967244300467694 0.74023503884242325 0.30584964542759807 -7.9878054655974025e-05 -0.41701390933531712 0.046591292358930218 0.35354103646430612 0.065914086997508989 0.063763869149437477 -0.40338958907454692 -6.7082442268863867 -0.0083165017528890311 -0.14845740210058558 -6.7082442268863849 -0.14812518936556049 0.73234794625451627 0.20020398173578025 0.72971337719622176 0.20559530933947098 0.096129601973255818 0.22048191371868836 0.19804767084931207 -0.39268668745231711 -0.15694834655446713 0.0023335186105204633 -4.5749315916419669e-08 -3.6635635329206237e-09 -3.6635635329328126e-09 -8.1709028097348368e-05 -5.2177912321266905e-05 -2.753931436872008e-05 5.7107056954659963e-05 1.0903743830352002 0.87419460787734204 0.39479191192838731 -0.41701390933531712 1.0300022268850149 -6.7082442333386858
0.044851340353488922 0.48939119144927812 0.04494224767505195 0.058324220268539929 0.047668535106685596 0.51237102453611605 0.046314780061262543 -1.8813963455122045e-33 0 -0.00046185268262441761 0.55032845028529997 0.14802654140779245 0.1439196968258461 0.15185367779011577 0.56339499539799709 0.15101415838226165 0.0059863596158663702 0.075247402528337587 0.15259346216211339 0.074599724972297096 0.50395122742224618 0.11730079498514608 -0.00046136329369109998 -0.27592595208345405 0.034570959750039959 0.16205937474988499 0.044851340353488922 0.047176770963011157 -0.26190294184110674 -4.2264787876637362 -0.0085591396707911816 -0.096784428258093538 -4.2264787876637362 -0.093526757296841775 0.49965424271546049 0.15901971261733366 0.49695898469666011 0.16464860990885366 0.052779812272671429 0.002211604619473978 0.07595317580763665 -0.25496004708220071 -0.10260588596215328 0.020755220584271435 4.9477247011107444e-08 -2.0993303755649513e-08 -2.0993303755657874e-08 -3.7380206564233611e-05 -2.1283593790481255e-05 -1.0182589939243093e-05 3.4888643408527671e-05 0.51237102453611605 0.56339499539799709 0.15259346216211339 -0.27592595208345405 0.62965999859012212 -4.2264787876687731
0.033115290105342865 0.040504424676667726 0.03109053400289262 0.054953225775262522 0.033871191044866834 0.06363316834772563 0.033222155360605098 3.7004321160534548e-33 0 -0.00056153874069203179 0.10929803794944563 -0.00072064867535243365 0.0027242438796399953 0.0030978014196674591 0.12243851155736675 0.0023763804453340288 0.0059667326457074725 -0.088887847103219716 -0.17809226794875671 -0.089329383985200322 0.11269212972774904 -0.023439530812722684 -0.00056155002164001461 0.02879278741798259 0.023915795386840466 0.013484621130198743 0.033115290105342865 0.034101530421156656 0.042944864190760254 1.3387397552220135 -0.0086235580418348619 0.019558941167511314 1.3387397552220144 0.023733854915166018 0.11399975871177771 0.090829303008927914 0.11129179581985453 0.096864378430503981 -0.015228745000540438 -0.27795374569619025 -0.08797913484455494 0.041787289989231945 0.014581449538454829 0.026329660658385576 2.0983836506675123e-08 -2.552448821327307e-08 -2.5524488213275356e-08 -2.9996001276754764e-06 4.7019635839979037e-06 1.3262707292490844e-05 -8.9931629581276794e-06 0.06363316834772563 0.12243851155736675 -0.17809226794875671 0.02879278741798259 -0.23234958576450884 1.3387397552220146
0.043141510337591171 0.25899324657332096 0.034719794290262514 0.051153294653342139 0.037545971572364042 0.28217914059978205 0.038330222951259346 7.6131268935772681e-33 0 0.00027992157074657086 0.092925544024759221 0.070194212235777056 0.064569633397838125 0.073999598757803361 0.10604578723063064 0.074675437250486768 0.0058718574385319931 -0.03241164437218351 -0.081246012401423262 -0.031550644672384651 0.095767669440988107 0.038896231052717507 0.00027969997351460357 0.15645915395606202 0.026707534069432697 0.085801469160961458 0.043141510337591171 0.039224875445746134 0.1704433678716592 3.9524928143248945 -0.0084828111039670535 0.074368036423917455 3.9524928143248945 0.072651671452288527 0.096828386030104088 0.09144256962386603 0.094140881051094971 0.09793972873045434 -0.012864574305544227 -0.15582639530872253 -0.030219997550405893 0.16589816567327986 0.063626829790818684 -0.010830801053040653 -8.3332657273297532e-08 1.2723707761207418e-08 1.2723707761206131e-08 -1.9765509431510107e-05 -4.571939794893538e-06 5.5629398060703278e-06 -2.244070704314721e-05 0.28217914059978205 0.10604578723063064 -0.081246012401423262 0.15645915395606202 -0.59742129493439922 3.9524928143270772
0.055027209222316742 0.69859274446344977 0.045525708858432337 0.049666170535542918 0.048410111162888216 0.72208096455855508 0.049241883695706791 1.6967271341574081e-33 0 0.00087975524015190549 0.57041842731452141 0.21505094903651328 0.19785258733657088 0.21896391980429411 0.58359476834466395 0.22003912910014817 0.0059512601666896932 0.21834521485720157 0.41827340130102592 0.21933794936750892 0.53444089003840933 0.17146456743027055 0.00088009362944325249 -0.18417088113468522 0.035019776044947944 0.23130368695519138 0.055027209222316735 0.050155890034791317 -0.1702168171553064 -2.0903626450890855 -0.008422382558541169 -0.051969864685348283 -2.0903626450890851 -0.058346657716566414 0.52874770923845593 0.17301807392245852 0.52604026289014094 0.17975111217235168 0.068423035632321966 0.29577415260091677 0.2206874914262163 -0.16571002332590978 -0.067337283546846941 -0.040082915929901729 -1.0364508909628702e-07 3.9988874552366247e-08 3.9988874552356274e-08 -5.3465614284782502e-05 -3.052337550591602e-05 -3.0120104142914557e-05 2.9306642848514936e-05 0.72208096455855508 0.58359476834466395 0.41827340130102597 -0.18417088113468522 0.36176982323782114 -2.0903626450890873
0.0460859015583992 0.59174821634922392 0.04253702328510621 0.049446294981080802 0.045487875564484054 0.61568192869744676 0.044922267967375362 -5.2027822664283586e-33 0 -0.00017457812650488162 0.6258872179302577 0.181240681850001 0.17888603135800485 0.18526907368764031 0.63925897377038454 0.18446767574146988 0.0061858483119261974 0.19819694315584133 0.40169924716173649 0.19725509394981283 0.55740002836266656 0.15171854425965847 -0.00017380280273182009 -0.44929365186686471 0.032720787142389386 0.19594112406150391 0.0460859015583992 0.045857697095383385 -0.43493617456992967 -7.2801495377522105 -0.008656105685761627 -0.16075231899556269 -7.2801495377522105 -0.15991716100536155 0.5516504778993202 0.17654724226520882 0.54887670250624898 0.18334859979704154 0.069403692117459226 0.24542465257427093 0.19865750404787824 -0.42339579184143589 -0.16916673607886676 0.0053939518811157595 -4.8554141067247566e-09 -7.9353693865784402e-09 -7.9353693865891688e-09 -4.5282649760101658e-05 -2.7720276257768108e-05 -2.7751599909167613e-05 6.1075102578195958e-05 0.61568192869744676 0.63925897377038454 0.40169924716173649 -0.44929365186686465 1.1149526628914053 -7.2801495609873736
0.024522565305233002 -0.012239443522911718 0.025247763830369849 0.047274029472710005 0.028249410084202453 0.011897410010353894 0.026924914553662749 -9.9950290110810791e-34 0 -0.00080143402725450048 0.11569930783837866 -0.018371848594899487 -0.012593725541838199 -0.014347520002912216 0.12918990984882439 -0.015532431885213079 0.0062651434032186338 -0.029120561126502183 -0.052391329531390661 -0.030086286691029546 0.11782042052846217 -0.039344143987806182 -0.00080113145437515703 -0.16119797145507594 0.019421356792592184 -0.0039696554162528281 0.024522565305232998 0.027876607863555336 -0.14647854449915659 -2.1945619257086775 -0.0088765512300638463 -0.054594046824409555 -2.1945619257086775 -0.0488339177544602 0.11868662114515492 0.097205554511529596 0.11588727176645934 0.10426929512974288 -0.010451429125018804 -0.15829696322493261 -0.028665311438509943 -0.14260339779610648 -0.058313954814420289 0.036437145893452136 7.1362607623876458e-08 -3.6428819420656215e-08 -3.6428819420659994e-08 9.9049881140437322e-07 6.5637203456907807e-06 4.6362342418445873e-06 1.660711134884443e-05 0.011897410010353894 0.12918990984882439 -0.052391329531390661 -0.16119797145507594 0.30128503702125919 -2.1945619257086779
0.017385456711053848 -0.31822592994873899 0.014458062708475324 0.042591616320801114 0.017487047923660716 -0.29422097123044239 0.017184212614853492 8.2015239135501932e-33 0 -0.00077681636737477247 -0.4639216239319941 -0.11974582276194652 -0.10331333798326701 -0.11584365716205855 -0.4504889462231732 -0.11673443372197627 0.0061121845427848072 -0.25366576972998855 -0.506339157902435 -0.25422080198496977 -0.43462686065089362 -0.12847961669364674 -0.00077727244976398676 0.30008045817718071 0.011121586698827167 -0.10524740619765098 0.017385456711053848 0.018145301508110702 0.31470058926120803 6.2718004975277584 -0.008789955885601719 0.12257975987337816 6.2718004975277584 0.1284080033200013 -0.42594990457699866 -0.00069308449943605019 -0.42870124149951683 0.0068809880715957044 -0.10528419089887125 -0.53674924694885973 -0.25283236560008582 0.30632155001070366 0.11900971029258577 0.036504073287857625 1.6166910575679113e-08 -3.5309834880675021e-08 -3.5309834880672593e-08 2.4414932566649842e-05 2.7282397105018899e-05 3.6734431287972381e-05 -4.8810644780730993e-05 -0.29422097123044239 -0.4504889462231732 -0.506339157902435 0.30008045817718071 -1.0016759675564257 6.2718005004569566
0.030625319108366966 0.03967765217821579 0.021577535312356282 0.038403034370307093 0.024630500059165887 0.063559936869826222 0.025639924193679393 1.243594423837987e-32 0 0.00053361412872041016 -0.39531498751285199 -0.0030608067740158762 -0.0034639468183932445 0.0007441738224601153 -0.38199927961787972 0.0017972309368739705 0.0058852705762688163 -0.12595573054321804 -0.27387154192067653 -0.1246518097605383 -0.36496151938680599 -0.027319099297241738 0.00053296454216950333 0.4170157735127008 0.016598104086427902 0.013213137740704014 0.030625319108366966 0.02660995900663796 0.43113845427340769 8.8250056251573135 -0.0084259121926683733 0.17634101359969884 8.8250056251573152 0.17289725918383866 -0.35807877840395747 0.015289968709657074 -0.36074414955935141 0.023406467747451174 -0.084476114663599736 -0.27749535480152027 -0.12331195493590068 0.41966608873650901 0.16384973075553175 -0.021960721146124802 -8.5433193653804158e-08 2.4255187669109661e-08 2.4255187669115862e-08 -3.0357458118577749e-06 1.0838885187486826e-05 1.9022493866477507e-05 -5.8086167322755917e-05 0.063559936869826222 -0.38199927961787972 -0.27387154192067653 0.4170157735127008 -1.3361255730737056 8.825006162935118
0.040376238524913788 0.45813724562904956 0.03182335519600428 0.036904620282645538 0.03491558387123142 0.48218574016264965 0.03561078381303414 3.0111593311994905e-33 0 0.0011316095208600142 0.22913633750515 0.13512405587420773 0.12113559842135661 0.13900265473824414 0.24240895544550678 0.1402307453855452 0.005920719315624481 0.20316609863146387 0.38611745830657462 0.20429795545207158 0.22320373856256054 0.096877818207537908 0.0011317847630984363 -0.085008856628725163 0.024479503996926361 0.15171787091616867 0.040376238524913788 0.03659448133962051 -0.071121073455778935 -0.19226735599884601 -0.0082228347288041594 -0.012072453108729363 -0.19226735599884515 -0.020339339598607269 0.22104713114098382 0.12253980131810803 0.21840439153316135 0.13085771615210484 0.024403868326558508 0.31429163514456482 0.20564709601557937 -0.069247218045099992 -0.029214210193133215 -0.052187124108478124 -8.0462918836026817e-08 5.143679640273411e-08 5.1436796402727255e-08 -3.5114639034202273e-05 -1.6185716320485118e-05 -2.7915722475062014e-05 1.6614353069264936e-05 0.48218574016264965 0.24240895544550678 0.38611745830657462 -0.085008856628725163 0.081774908016472608 -0.19226735599884534
0.028361687436699867 0.25893042817034784 0.026179852408391869 0.036312206426179057 0.029316744235571266 0.28324408328791512 0.02856403238648713 -6.4428986162707008e-33 0 1.8660228614362126e-05 0.38686391014279964 0.07077661724979345 0.067829301198646691 0.074759065897318261 0.40019300297170007 0.074177069892048267 0.0061631684354959441 0.23065494706792861 0.46429793189923424 0.22989972341159992 0.36739962523074854 0.04287709863494886 1.9453714158994845e-05 -0.46047914741621826 0.020138348006455285 0.085784064213576719 0.028361687436699867 0.029562532410392622 -0.446235623813515 -7.4366029594407914 -0.0084218378065708723 -0.16379545272281851 -7.4366029594407932 -0.16437802618225023 0.36345245012139282 0.14606938217900547 0.36076894014557281 0.15436157008621781 0.046465942324300798 0.34527506887326231 0.23130349281291018 -0.43439472932447526 -0.17347980450738415 -0.0035524354994652522 2.5549893057288074e-08 8.4819220975109181e-10 8.4819220974243753e-10 -1.985390978620058e-05 -1.015631046301688e-05 -3.2327443356542882e-05 6.3752639034012225e-05 0.28324408328791512 0.40019300297170007 0.46429793189923424 -0.46047914741621826 1.1479757806497515 -7.4366029926783854
0.009020400233566761 -0.30613132046176239 0.0096161994464147305 0.033579557383745559 0.012779998918504371 -0.28182226826944462 0.011618506501431886 -1.7775960210832732e-33 0 -0.0011508645349559085 -0.23570845805851617 -0.11508615626336921 -0.097514989016550854 -0.11116662574486806 -0.22236289756203773 -0.11283739520628068 0.0062400165014022046 -0.092313557932172025 -0.17155289506811253 -0.093858813217577899 -0.22205004785069954 -0.12149498609289523 -0.0011506048207234857 -0.13523819219499061 0.0073970764972420989 -0.1012435082730252 0.009020400233566761 0.01262611233244256 -0.12061187218772243 -1.8506837300950483 -0.0086578123905425262 -0.047187059445331907 -1.8506837300950481 -0.038994475350460002 -0.21701419010060041 0.037300672771985219 -0.21969878692776365 0.045779796387347138 -0.061774986711018158 -0.23390720973621498 -0.092437092656013048 -0.11742380805352962 -0.048341032922919136 0.051672184524240286 7.6717278699482058e-08 -5.2312024316177117e-08 -5.2312024316177931e-08 2.3434803890753193e-05 2.2629837694166847e-05 1.3480938086918678e-05 1.0984735215645448e-05 -0.28182226826944462 -0.22236289756203773 -0.17155289506811253 -0.13523819219499061 0.23313036645793009 -1.8506837300950487
0.0082021169364452362 -0.42708380629784809 0.0037963131757797501 0.028983262659027141 0.0069678403793063262 -0.40304058152583394 0.0070730669832687748 8.8165087235887424e-33 0 -0.00030536830540582659 -0.63232315225028757 -0.15660099926494681 -0.14748367221739672 -0.15282866249824639 -0.61913207080767896 -0.15273022866901304 0.0060495012690778222 -0.20662620537915963 -0.42441369969739529 -0.20619096436742038 -0.56456221026870734 -0.16967139367607553 -0.00030589727767179351 0.344174102138469 0.0029202409044459584 -0.14127807565482167 0.0082021169364452362 0.0080843248898152115 0.35861551381285195 7.2102559373662549 -0.0085149686387510845 0.14247845930171857 7.2102559373662549 0.14514081611706209 -0.554918758962343 -0.02341750366901333 -0.55752222052343015 -0.014466022345209993 -0.11796575427495756 -0.41197631935300172 -0.20480997623804464 0.3490699221869783 0.13593368021129212 0.016683725282700561 -2.5062137580825812e-09 -1.3880377518453816e-08 -1.3880377518447093e-08 3.2680657283354059e-05 3.4213972225914561e-05 3.0291140929073246e-05 -5.2428251406939517e-05 -0.40304058152583394 -0.61913207080767896 -0.42441369969739529 0.344174102138469 -1.1262751321055307 7.2102559584449075
0.024964239448308945 0.065907979152472776 0.015069856957050673 0.025786749178244327 0.018253162681921554 0.08980804147747036 0.019458107745529498 8.460390793397227e-33 0 0.00065338653771649594 -0.34496683757837565 0.0057985503304622118 0.0057645426179925227 0.0095101004268475526 -0.33193756956399956 0.010523712529031209 0.005916421217046235 -0.024706406265626518 -0.06838316979453897 -0.023657610454535051 -0.32384839626988604 -0.015513841194614389 0.0006530230985546721 0.24288642848068853 0.011592197659269747 0.021894690125086453 0.024964239448308945 0.020474773885468138 0.25692683892213664 5.6601560953175341 -0.0082106597574620414 0.11035330886226419 5.6601560953175341 0.10582014205721689 -0.31830735555582729 0.021310854355070172 -0.32083300242599522 0.030622287609331313 -0.068967288795051401 -0.068877085958191225 -0.022304515148154406 0.25008380533268182 0.0968982478638898 -0.028805425559290835 -9.5520543890226488e-08 2.9699388078023009e-08 2.9699388078022893e-08 -5.1168776906941387e-06 7.7876372165957548e-06 4.5311379162055821e-06 -3.266405677611217e-05 0.08980804147747036 -0.33193756956399956 -0.06838316979453897 0.24288642848068853 -0.84224008363719527 5.6601560957236821
0.033012669533491135 0.45141872900876828 0.025119477631343715 0.025479455610151035 0.028333005076140005 0.47550032552210969 0.028875802388149036 -8.7882256146711114e-34 0 0.0010063168733101162 0.25560509507046075 0.13312450651535349 0.11909726174889385 0.13691380317409299 0.26861210134188929 0.1380440892931116 0.0060289788995996976 0.26303115270672639 0.50802864754146526 0.26398067929025054 0.24731758323972319 0.097339621598652545 0.0010067480524512478 -0.2404571367998681 0.019322675101033623 0.14949387357531219 0.033012669533491135 0.029903408071331326 -0.22645178242923128 -3.0922789187932351 -0.0081435150918860288 -0.072653690425203032 -3.0922789187932342 -0.080050664098366989 0.24431687340115488 0.12350538556953898 0.24180300502911281 0.13287433593565876 0.03420911449097485 0.44021221216263817 0.26536000641044544 -0.22045053688296468 -0.088935198202555132 -0.046536930182557612 -6.6154499194890312e-08 4.5741676059556656e-08 4.5741676059549258e-08 -3.4664158747805326e-05 -1.7096693592666195e-05 -3.6487917369840504e-05 3.8001883872524742e-05 0.47550032552210969 0.26861210134188929 0.50802864754146526 -0.2404571367998681 0.52240940415063752 -3.0922789187935242
0.019653487950563431 0.18447406015076206 0.018106400788779006 0.025636420713478283 0.021353793381158413 0.2087940750413291 0.02048532049468255 -8.6330251773656691e-33 0 -0.00016512508184660647 0.34329356147193163 0.046432213466843737 0.045233729284513288 0.050316607554032951 0.35635474253726196 0.049583183629828331 0.006303642717703237 0.23949646685201217 0.48417158745308214 0.2385568240315622 0.32761263794435858 0.022834200342226683 -0.00016421771407769533 -0.52932683260663438 0.013928000606753083 0.061139699598978775 0.019653487950563431 0.021524437310938949 -0.51483468749766281 -8.7571136144481336 -0.0084335261003078178 -0.19142772465497965 -8.7571136144481336 -0.19067431504326976 0.32391307955199433 0.13426329902227721 0.32135541432382003 0.14352690528783274 0.043262519604158958 0.37555201088886925 0.23999785345360208 -0.50117117300949265 -0.19987433250387715 0.0049666204545119634 3.9807433199473893e-08 -7.5056855384754081e-09 -7.505685538483612e-09 -1.4207838871780052e-05 -7.0062336369852064e-06 -3.3624299544647199e-05 7.2489019423467341e-05 0.2087940750413291 0.35635474253726196 0.48417158745308214 -0.52932683260663438 1.3426709772807497 -8.7571140904542837
0.0046030427329242229 -0.29719969328610435 0.0041359742740112787 0.023565188227022135 0.0073997782235027927 -0.27291474202207056 0.0064917553457053464 -2.2949183709987479e-33 0 -0.0011302449941968619 -0.26632002739062782 -0.11216136825183756 -0.095315889743384452 -0.10835076239617855 -0.25325219192077497 -0.10981618258555732 0.0063799838947795375 -0.083679648324213624 -0.15655192036521354 -0.085049475048591061 -0.25222410756277153 -0.11667088942879407 -0.001129969104577716 -0.14460806100455242 0.0031815186723163657 -0.098287726254335767 0.0046030427329242221 0.007536901378207438 -0.12969975138368084 -2.0081647960703628 -0.0086936157563723051 -0.050516110404684504 -2.0081647960703628 -0.042393220344649936 -0.24705330895829219 0.02677255182377827 -0.24960785111320366 0.036185546671809413 -0.063571864117883736 -0.2045848936465548 -0.08359057872084863 -0.12627042335973312 -0.051860419035012935 0.051310422700751923 6.2422524367725176e-08 -5.1374772463493029e-08 -5.1374772463494022e-08 2.2694341905632573e-05 2.2066189555816053e-05 1.2312813248721165e-05 1.2399342027064026e-05 -0.27291474202207056 -0.25325219192077497 -0.15655192036521354 -0.14460806100455242 0.25772699149508649 -2.0081647960703628
0.010815521702170372 -0.22170021846021956 0.0043117441013906929 0.020341310535389966 0.0075793510024445964 -0.19761717825322997 0.0080928589708863224 7.6216581153612509e-33 0 -0.00011730884702548154 -0.5201515822957653 -0.088834386321563291 -0.083059187173890922 -0.085154161221479618 -0.50720221367587892 -0.084717506044131835 0.0062202102201672398 -0.14539491187546952 -0.3051381859782647 -0.1447181821923175 -0.47383671361467117 -0.10282548939851983 -0.00011772312864610054 0.27494199491536947 0.0033167262318389928 -0.073299239443873718 0.010815521702170372 0.0091406726594361696 0.28970178318527234 6.0164236943531861 -0.0085735071861330128 0.1174500212839818 6.0164236943531861 0.11876050219654846 -0.46579826481000053 -0.012480780013669399 -0.46827780754838377 -0.0026660719593382775 -0.098671632780979998 -0.29219535697700394 -0.14329318210831823 0.28198708862851268 0.109408304368366 0.0082466192325193876 -3.5635086015618469e-08 -5.3322203193393679e-09 -5.3322203193363793e-09 1.6892063194191325e-05 2.292885421474412e-05 2.1651309291470558e-05 -4.1580992874526219e-05 -0.19761717825322997 -0.50720221367587892 -0.3051381859782647 0.27494199491536947 -0.93411839968458354 6.0164236956639687
0.030505549162626266 0.37363500635824098 0.019499130329697967 0.019258698190364132 0.022782569538257955 0.39774517612054999 0.024103775757218671 4.3981788294128245e-33 0 0.001017027702463339 0.011092080358817974 0.10710580953807354 0.09603038623393291 0.11079824394554337 0.0239513604539945 0.11232736175435298 0.0061916539812669549 0.13762957883194452 0.25110068790521467 0.1390701616652717 0.012355234709174056 0.076414231192981394 0.0010170319550163735 0.02001794458238609 0.014999331022844585 0.12374835416370913 0.030505549162626266 0.02515836173378214 0.03453430777346856 1.716732193409769 -0.0083710628294331908 0.027712538880955102 1.7167321934097695 0.020516780279118206 0.01281337419801915 0.076028461214260337 0.010380673108756865 0.086058217956404087 -0.0074651206313768974 0.22233608661712745 0.14049038881161113 0.033600179175437131 0.011343499087953169 -0.045356754929806439 -1.1376994529455416e-07 4.6228531930153775e-08 4.6228531930150162e-08 -2.8738291285276127e-05 -1.0607588359572163e-05 -1.8464721335071774e-05 9.7818666510350343e-07 0.39774517612054999 0.0239513604539945 0.25110068790521467 0.02001794458238609 -0.21883266383081887 1.7167321934097695
0.036655362695455551 0.69629206605046623 0.029031185736725189 0.020987711429000515 0.032351461449323306 0.72076700349418876 0.032697896737325198 -6.7698485486609847e-33 0 0.00076952103691998086 0.60456110572939015 0.21443156864568802 0.19917635040136619 0.21826488220289283 0.61750907497119223 0.21895449500191752 0.0064509842663528424 0.36963712535031279 0.72813837154617844 0.36999330738669528 0.55620164070075273 0.17843211657388452 0.00077042078134325676 -0.52418389824477285 0.022331681335942453 0.23054448659127674 0.036655362695455544 0.033765428320148685 -0.50938072061875395 -8.3298592134469391 -0.0085185314224661204 -0.1825741665159909 -8.3298592134469391 -0.18845661332130023 0.54887469166915703 0.17195172417039631 0.54640339784116332 0.18186948800087976 0.086961946552610261 0.61724162070374289 0.37147209072539972 -0.49586240283229255 -0.19780976170303485 -0.036801248944503033 -6.1487965432064525e-08 3.497822895091781e-08 3.4978228950903768e-08 -5.3458913366367628e-05 -3.3166131217896616e-05 -5.1794527954456309e-05 7.6914303316560659e-05 0.72076700349418876 0.61750907497119223 0.72813837154617844 -0.52418389824477285 1.318688382151759 -8.3298594293718651
0.02297520637512207 0.37012472507450439 0.021272243930345311 0.022606867710707197 0.024631371319041868 0.39497120741330777 0.02368742679643435 -1.0785422713195033e-32 0 -0.0004949604278133129 0.512700994396179 0.10787581186637252 0.10699512646188906 0.11180648691066411 0.52582436794141629 0.11082674825890719 0.0067712556609478038 0.24463188360525051 0.49711236561755556 0.24344836716408447 0.46714162851672375 0.085572659943677229 -0.00049388481336689076 -0.63005489184270191 0.016363264561804085 0.12258890305136746 0.02297520637512207 0.024767985592124311 -0.61454287614599223 -10.658682064759333 -0.0089620240398124093 -0.23171985310693191 -10.658682064759333 -0.22852072519110553 0.46177908574991833 0.15196878382488557 0.45923706836866979 0.16174703156107362 0.063988679995517744 0.36846005901459616 0.24499889847198753 -0.59823105244532715 -0.23833873760800847 0.020567580388832191 3.8144238659615457e-08 -2.2498201264230629e-08 -2.2498201264239927e-08 -2.8456980563256375e-05 -1.7754524619092251e-05 -3.4373429824875614e-05 8.4851161270997741e-05 0.39497120741330777 0.52582436794141629 0.49711236561755556 -0.63005489184270191 1.6197036131711737 -10.658695040301117
0.013172613456845284 -0.0095820518682793333 0.010803060524144467 0.021940913688748797 0.014185144735891737 0.015369715177489481 0.013566073599948193 -3.1822051105105988e-33 0 -0.00078786348162479406 0.046789521169624586 -0.018040810980845822 -0.013104085880967691 -0.014134913865689075 0.05998585169715049 -0.014891430735457992 0.0068733566086443976 0.0078663917605632933 0.017293217681742572 0.0072062874810166723 0.049617362670075597 -0.0339836271566809 -0.00078744925224884764 -0.22704189437774092 0.008310046557034205 -0.0030884043054870158 0.013172613456845284 0.014654790812384473 -0.21104597405236056 -3.3408946637068277 -0.0092666944282480991 -0.07895361679411067 -3.3408946637068277 -0.073144737007908189 0.050680186026797691 0.074960852922118723 0.048119782229491086 0.084879694495545124 -0.013375370552538539 -0.056499035921274837 0.0087805155328595768 -0.20545632686041893 -0.083274775928106337 0.036945689950807617 3.1535688415724325e-08 -3.581197643748704e-08 -3.5811976437491414e-08 6.3751905186324178e-07 5.984073803754359e-06 -4.8399855634073827e-07 2.5889213717355349e-05 0.015369715177489481 0.05998585169715049 0.017293217681742572 -0.22704189437774092 0.47718637451321483 -3.3408946637069223
0.02581188827753067 0.24095661525686385 0.016792562008013892 0.020784301671754865 0.020192261662291419 0.26594277353185897 0.021049974181830952 2.9793569955184587e-33 0 0.00016816823039820687 0.045325985581660323 0.063385625786953878 0.05794617690197626 0.067269797153222496 0.058503171529119234 0.06802744586730898 0.0068512379502179855 0.034000431175020003 0.051172525633042421 0.034819289739496995 0.047657683006425637 0.037569802857475597 0.00016821883096388739 -0.0057737714597544485 0.012917355390779916 0.079836407597200676 0.02581188827753067 0.02214576595942739 0.010285154060666449 1.0486711406115674 -0.0092816986753926408 0.012847265920284762 1.0486711406115674 0.011970265042450117 0.048522398900209464 0.07561660417287594 0.045981163438566813 0.085810334531875671 -0.011244189794041104 0.0015159955878333222 0.036390094271634199 0.0099935990858458241 0.0018132184146117574 -0.0053161251016080775 -7.8002602512835502e-08 7.6440104726490833e-09 7.6440104726448647e-09 -1.8569525884662007e-05 -4.5758572461774566e-06 -3.8001173395455919e-06 -2.5666513931407106e-07 0.26594277353185897 0.058503171529119234 0.051172525633042421 -0.0057737714597544485 -0.1560649794343347 1.0486711406115676
0.046775683760643005 0.87994588368540683 0.03456869580208409 0.022238977900363627 0.038004865995375614 0.90527538281165365 0.03931920876968386 -2.0810755720780205e-33 0 0.0010292302515533516 0.66591397869987434 0.27381799318705397 0.25218500798114307 0.27782323862616798 0.67917426097143296 0.27936691368240085 0.0070005477125843329 0.32025662036376051 0.617189073130189 0.32156333592392078 0.61358421303757693 0.23088623450392812 0.0010298361281455091 -0.34328065098433536 0.026591304463141608 0.29133396893284919 0.046775683760643005 0.040428153460274174 -0.32708428268931339 -4.8354773194238412 -0.0093313027426633714 -0.11027872721263014 -4.835477319423843 -0.11767484522175188 0.60600502178513738 0.1784069339577696 0.60343654576954964 0.18866822220926499 0.090720348956446095 0.50812578757615723 0.32316865227171521 -0.3184114831222325 -0.12790924017235267 -0.046273532578395046 -1.3505383617806226e-07 4.6783193252433058e-08 4.6783193252422033e-08 -6.7533896643418563e-05 -4.1014379895658446e-05 -4.4435378265160945e-05 5.2477442643759644e-05 0.90527538281165365 0.67917426097143296 0.617189073130189 -0.34328065098433536 0.79040790193625332 -4.8354773195250313
0.05008896067738533 1.095743058690545 0.042466958419065774 0.026106892247262221 0.045961189969135986 1.1217308782237623 0.046045827879078835 -9.7616240295139226e-33 0 -9.4400983199349156e-05 0.89517294098784039 0.34688358465201985 0.34193293906270927 0.35103488644718112 0.90877747921447849 0.35048188463578128 0.007346860183275029 0.32496844671478087 0.65394203409865737 0.32403581322652059 0.75885704650648789 0.31948025826186371 -9.3239118816322943e-05 -0.68046649627302547 0.032666891091589066 0.36276199910510531 0.05008896067738533 0.047174159268119943 -0.66364155662578372 -11.35111404879852 -0.0097112752450806122 -0.24693687843022141 -11.35111404879852 -0.24674575567629833 0.74968373401703692 0.20228689257459248 0.74702258114550713 0.21241874018876838 0.11061595845280578 0.48965524064896432 0.32571882828512211 -0.64602657982862888 -0.25738941872380983 0.0015529839037878572 -6.2017051260972524e-08 -4.2909537817780287e-09 -4.2909537817937534e-09 -8.4055802841090274e-05 -5.5438013915735474e-05 -4.567780276416084e-05 9.4072370445630188e-05 1.1217308782237623 0.90877747921447838 0.65394203409865748 -0.68046649627302547 1.745276989698832 -11.3511518024787
0.036285262554883957 0.70592317805642613 0.033821308754520364 0.029156989470889003 0.037373024658425374 0.73251011096033025 0.036367157874977726 -7.1667790036101628e-33 0 -0.00043415213279180195 0.66153998897138144 0.21744769425031768 0.20979663945194504 0.22167639581793919 0.67550557272384149 0.22117539812396841 0.0075844088312793812 0.1952873667719576 0.38905831122971962 0.19480769242801363 0.59209481468561065 0.18688569849320269 -0.00043327692494114442 -0.50507847551978313 0.026016391349631046 0.23373910617395793 0.036285262554883957 0.037514213952300847 -0.48758141329422777 -8.2181971063844834 -0.010133885413521037 -0.18182012101015438 -8.2181971063844834 -0.17871140311291089 0.58578669059884758 0.17104929254219992 0.5830520122235302 0.18121584715493996 0.076416454929187486 0.24639051051551955 0.1965444207521094 -0.47464544868292013 -0.1897930958539841 0.020127794323118616 2.6147902072694295e-08 -1.9734187854163853e-08 -1.9734187854177892e-08 -5.4169778051265894e-05 -3.3371489719025581e-05 -2.7057350861188368e-05 6.7185162424276423e-05 0.73251011096033025 0.67550557272384137 0.38905831122971962 -0.50507847551978313 1.2445755119066961 -8.2181972707628113
0.03153127059340477 0.42499614845764627 0.026749428424868448 0.029871954747875237 0.030344283513078316 0.45192349978378754 0.03000231610015321 -2.7789992330478485e-33 0 -0.00026836622361024856 0.47413056344845572 0.12388704875601267 0.11652655800673832 0.12817577565419508 0.48826345121019626 0.12803767817180542 0.0077118401151117493 0.11297621992557198 0.21917964311577859 0.11291327078989503 0.44658934661175725 0.093336321290750465 -0.00026784249271065083 -0.29064452279430331 0.020576483403744957 0.14075731417969908 0.03153127059340477 0.031163845477526046 -0.2727222362044216 -4.1961639992099462 -0.010389649893512603 -0.097942562407029476 -4.1961639992099453 -0.095892516383742812 0.44254466142991222 0.14536567335765904 0.43976372950823156 0.15570999466068461 0.049147148888190245 0.098107608324807444 0.1146795614168649 -0.26549594038053531 -0.10724464136480436 0.01329971135590321 -7.8175556569975004e-09 -1.2198464709550911e-08 -1.2198464709558853e-08 -3.263967559050182e-05 -1.7560941429531348e-05 -1.5195533419524569e-05 3.7573138366578958e-05 0.45192349978378754 0.48826345121019626 0.21917964311577862 -0.29064452279430331 0.63245026362282397 -4.1961639992150506
0.048806812614202499 0.80456959233036229 0.037250670322835966 0.030649723655931504 0.040889699812548835 0.83184876866800417 0.041980240538581653 -9.3775920813822136e-34 0 0.00037889536931405283 0.65899035813973905 0.2482222195915593 0.23272282917643719 0.2525958544505234 0.67326454643498646 0.25351086189277439 0.0078277790152867423 0.19881984567546587 0.37962917626009685 0.19964925110113108 0.60184727463359144 0.2090090164571026 0.0003793999574055441 -0.27857803095034667 0.028654361786796891 0.26639191473499468 0.048806812614202499 0.043157135764207107 -0.26038552768263895 -3.7365559445907821 -0.010534441126710465 -0.088470805462630059 -3.7365559445907826 -0.09101909642210021 0.59545087551315945 0.17506261719338242 0.59262767726800236 0.18559946733451377 0.077459373366635081 0.25277899851120322 0.2014427296584701 -0.25348733676578095 -0.10253646188765124 -0.015657083749961651 -1.2020589042543636e-07 1.7222516787009515e-08 1.7222516786999477e-08 -6.1727358448091332e-05 -3.6663495417402114e-05 -2.7168350842670842e-05 3.9421467814782878e-05 0.83184876866800417 0.67326454643498646 0.37962917626009673 -0.27857803095034667 0.5906776665080139 -3.7365559445924874
0.068598814308643341 1.4146469300518154 0.055435518632196819 0.034202082216139046 0.059141764508999509 1.442627435457994 0.060305737026519465 -4.5168767680757735e-33 0 0.00034504557906773223 1.0090638702896544 0.45011334032058797 0.43685467062417899 0.45462217504100277 1.0237080031243031 0.45510681727833779 0.0080698750007171388 0.30499045255867763 0.59957295647959619 0.30517062415553797 0.85677688810910524 0.41212639982404575 0.00034592902584593377 -0.5083316093103698 0.0426427066401514 0.46832126875997876 0.068598814308643341 0.061505229732336568 -0.48970652173942963 -7.9250310425973858 -0.010781249376177998 -0.17632185475285658 -7.925031042597384 -0.17896773252017961 0.84679664351424888 0.22176917135671645 0.84389324512833197 0.23236417966208034 0.1209384246337582 0.43041536901364497 0.30701910617545886 -0.47671536656666336 -0.19075988208115657 -0.016279305595902904 -1.5092733141078697e-07 1.568388995763236e-08 1.5683889957616024e-08 -0.00010846742283867369 -6.9661255689207067e-05 -4.2441568978216317e-05 7.1827899478593118e-05 1.442627435457994 1.0237080031243031 0.59957295647959608 -0.5083316093103698 1.2358670646648768 -7.9250311367625486
0.067685455083847046 1.4778497491961828 0.060070566688715667 0.039481628372008581 0.063863241193835768 1.5067835252489585 0.063621273977071915 -6.7708911637742766e-33 0 -0.00015215508010447195 1.0608768802461244 0.47131241443563571 0.46210349185006588 0.47595070640786324 1.0760974855981917 0.47557212732168347 0.0083596332338011677 0.27902975225608023 0.55636618472534671 0.27848621465715795 0.88791596796533911 0.43643223226067313 -0.00015112299102665666 -0.59775132676367415 0.046208128222088973 0.48924373109857383 0.067685455083847046 0.064848782566574975 -0.57848961825027323 -9.6908206974974682 -0.01116855194765853 -0.21363568627825086 -9.6908206974974682 -0.212776188777342 0.87784824514619164 0.2273875321061713 0.87484384726623798 0.23801461619569986 0.12236545755613172 0.36822352230162531 0.28040013878782649 -0.56314008277567196 -0.22498062947896891 0.0058670873751454494 -6.0354734410050239e-08 -6.9161400047398554e-09 -6.9161400047541251e-09 -0.00011328980465031219 -7.3268519726599597e-05 -3.8907805683427504e-05 8.1695012470643804e-05 1.5067835252489585 1.0760974855981917 0.55636618472534671 -0.59775132676367415 1.4854591856844144 -9.6908232963171841
0.053409062325954437 1.0178964950817231 0.049912715608063339 0.04316655264833659 0.053787006847175509 1.0476420498925128 0.052725058191831743 -4.5515030785115093e-33 0 -0.00040898864227751524 0.82317176615464227 0.31881562284230813 0.31079587436749501 0.3235487269023925 0.83888884596437419 0.32294977397613328 0.008567635262919978 0.16843139650435654 0.33469248982887806 0.16792235955777524 0.71400327906947492 0.28453833993300159 -0.00040820783034516709 -0.44401402122187106 0.038394396621587189 0.33700840776499902 0.053409062325954437 0.053978713140780593 -0.42416731965691273 -6.9210336684750917 -0.011526468084994666 -0.15605109577450715 -6.9210336684750926 -0.15314761812884603 0.70675543613945435 0.19680687222566398 0.70366733659287062 0.20758654379055069 0.088499007130791216 0.16395086566003367 0.16988372147048866 -0.41291907375992692 -0.16572878737761115 0.018726478879275903 1.2120230102678873e-08 -1.8590392830788859e-08 -1.8590392830799973e-08 -7.8027359162125812e-05 -4.8452521469316522e-05 -2.3116178201999611e-05 5.8346501694801351e-05 1.0476420498925128 0.83888884596437407 0.334692489828878 -0.44401402122187106 1.0463554308632039 -6.9210336785148865
0.052712664008140564 0.82252776147505269 0.045456909650109963 0.044506744323733811 0.049399183638325586 0.85283070868043076 0.049297562542386222 -6.1502275004932063e-34 0 -7.7917751725309421e-05 0.68827797770246379 0.25306506302712478 0.24139384756767757 0.25787554293164516 0.70430106201969067 0.25802592195663621 0.0086814920318367839 0.1299468889104799 0.24813216423952922 0.13020899608101888 0.61996786463534659 0.2147305244048138 -7.7424150269238916e-05 -0.26875796198363017 0.034966853577007656 0.27234594941397755 0.052712664008140564 0.05057347129716238 -0.24854557471183089 -3.5707949280139566 -0.011735918177924595 -0.086179965112634649 -3.5707949280139561 -0.08544766541262977 0.61409224886636593 0.18207636457013032 0.61094721700620569 0.19312527444347904 0.071817584661245867 0.098594099353973313 0.13219716970698753 -0.24196431418023021 -0.098256714161224376 0.0049982653853497504 -4.5514738531453925e-08 -3.5417159875072289e-09 -3.5417159875174967e-09 -6.3052496456528562e-05 -3.6971257336157045e-05 -1.7407594759987687e-05 3.5232873922880789e-05 0.85283070868043076 0.70430106201969067 0.24813216423952922 -0.26875796198363017 0.54451319205217408 -3.570794928014501
0.072168581187725067 1.2757837967447081 0.058512134523248868 0.046359768978354844 0.062527900673754508 1.3067173876765932 0.063722864267256513 -3.4688721695771688e-34 0 0.00039599974184921928 0.91166750976730004 0.4020209122100748 0.38603012033561224 0.40694128162512139 0.92801599703223547 0.40775213742225791 0.0088271724401907219 0.22750205319569253 0.43761191587383752 0.22819679362830733 0.79172306272011661 0.35864360175421151 0.00039659841818429293 -0.33220192574533991 0.045009334248652971 0.42236940645091503 0.072168581187725067 0.065023282914686412 -0.31169381807592933 -4.5506183681157051 -0.011890799783278489 -0.10682635639726334 -4.5506183681157033 -0.1095835890157848 0.78324444057139397 0.21565129334530356 0.78003615350456246 0.22693201547201053 0.10313031693867442 0.27331113561442627 0.23021891487809398 -0.30343492278021589 -0.12257288984335686 -0.016992040782364146 -1.5202762283061279e-07 1.7999988265881222e-08 1.7999988265869139e-08 -9.7783333899407698e-05 -6.041466115120012e-05 -3.1169941638436386e-05 4.6844427181851335e-05 1.3067173876765932 0.92801599703223547 0.43761191587383769 -0.33220192574533991 0.71728916488461303 -4.5506183681431835
0.088161841034889221 1.7879955071558735 0.074637366543210931 0.050884639000873359 0.078750487277429684 1.8199080537281891 0.079633539973597539 -3.809555815824538e-33 0 0.00024713285540925342 1.1904830211004176 0.57148228751862451 0.55828202986644715 0.57654619046104028 1.2073992596293719 0.57682179345089746 0.0090859334444884626 0.30789277223063077 0.6063275331719219 0.30791446430329095 0.98869102648794438 0.52984920069985453 0.00024807645028664588 -0.54123145543288698 0.057413358879393007 0.59190756767996566 0.088161841034889221 0.080965817972940682 -0.5202385865623641 -8.397105178749209 -0.012168362426356388 -0.18755422373796035 -8.3971051787492073 -0.18951847674499236 0.97748172491524588 0.25267184569444368 0.97417670012483948 0.26406641495791366 0.13626733885494341 0.40580835301165208 0.30999544533409146 -0.50643884686313245 -0.2028155732334305 -0.011972037219327434 -1.5310687365848499e-07 1.1233311609520975e-08 1.1233311609504321e-08 -0.00013702036961209843 -8.7938033434575852e-05 -4.2775991468436352e-05 7.5661656598105713e-05 1.8199080537281904 1.2073992596293719 0.60632753317192201 -0.54123145543288698 1.3042075338185588 -8.3971054190026173
0.081759318709373474 1.6671791615995113 0.074435257293878301 0.056268275753679056 0.078659450523644772 1.7002252288739059 0.078055476483455635 -5.279012590449371e-33 0 -0.00024048673894274097 1.1466730599281678 0.53164347535934953 0.5224026199343631 0.53683796557471608 1.1642923209937648 0.53629294305854358 0.0093647857110136148 0.25750772002250155 0.51319665830851358 0.25689524270202291 0.950924498192673 0.49306681833382721 -0.00023948096944139481 -0.57805322011689986 0.057257890226060225 0.55192289114977666 0.081759318709373474 0.07942329948086882 -0.55641977249735353 -9.1949708094516414 -0.012554705121780571 -0.20462126360131033 -9.1949708094516378 -0.20310314828858525 0.94058636242757809 0.24679725068659095 0.93717346190935114 0.25830886693928951 0.126015506529911 0.30339356982086846 0.25903945758485414 -0.54165937753161753 -0.21681289400820666 0.010003117769694893 -4.970253677670086e-08 -1.0931215406478349e-08 -1.0931215406493247e-08 -0.00012774128482847613 -8.1740322734426708e-05 -3.5738466607275654e-05 7.8105832701038004e-05 1.7002252288739064 1.1642923209937646 0.51319665830851358 -0.57805322011689986 1.4050164282441795 -9.1949718833664118
0.066656641662120819 1.142117653325518 0.062188401028010647 0.059331108417243573 0.066513102140567229 1.1760661104327228 0.065417531070435506 -2.4505604784872262e-33 0 -0.00038268894432599306 0.8725705050064253 0.35733561421056192 0.34828590413106625 0.36262453426775765 0.89074312237042996 0.36207817881883808 0.0095475182002839835 0.14978828366040695 0.29491386637375477 0.1494036654937389 0.75288067279342397 0.31841815087812919 -0.00038197932001875277 -0.39709762808879856 0.047837231560008187 0.37813795409560624 0.066656641662120819 0.066817389006514377 -0.37492621335972992 -5.8907825459081504 -0.012876587525715424 -0.13582344112784023 -5.8907825459081504 -0.13305514497788515 0.74561229033969545 0.21290871258617886 0.74211583393888669 0.22466787867457297 0.08898723485293826 0.1089466793599161 0.15158996687968954 -0.36498903437281566 -0.1471075105433535 0.01785078518250632 3.4201562636878572e-09 -1.7394952014810784e-08 -1.7394952014822675e-08 -8.7493500005912729e-05 -5.3379277565789572e-05 -2.0306966879922472e-05 5.1531844628398043e-05 1.1760661104327228 0.89074312237042974 0.29491386637375472 -0.39709762808879856 0.88868504169973395 -5.8907825467135311
0.068840362131595612 1.0228995992775425 0.059455309868534763 0.060156621178139642 0.063866717371568543 1.0575020091535687 0.063970607340615881 9.9674889787010217e-34 0 2.7284447218574458e-05 0.78108936488412828 0.31665162307906336 0.30349480973416243 0.3220259466505272 0.79962169349531342 0.32231376033675441 0.0096542679456751487 0.13915970963127935 0.26379595018663754 0.13956541969810171 0.69231710258850288 0.27319139083667632 2.7763535783128769e-05 -0.25637282446979448 0.045734853745026741 0.33868061989863629 0.068840362131595612 0.065398684442079497 -0.23387619650155564 -3.1494545419152749 -0.013052819080885821 -0.078656237404524515 -3.149454541915274 -0.078670127362581388 0.68584317324071209 0.20503991808432354 0.68228747978642901 0.21713581090670228 0.079179549101158403 0.095960147864876597 0.14177719424346777 -0.22768731859390581 -0.092920753083500562 0.00027669995748147783 -7.3227184883324832e-08 1.240202146304943e-09 1.240202146294754e-09 -7.8358250855710618e-05 -4.6035429009947923e-05 -1.8562633246238195e-05 3.3769003153191305e-05 1.0575020091535687 0.79962169349531342 0.26379595018663748 -0.25637282446979448 0.48439434977059775 -3.1494545419153699
0.08806823194026947 1.5013612850967559 0.073105699358533449 0.061894021010668931 0.077611766064530893 1.536734940647869 0.078797832120491296 2.9790665937405246e-34 0 0.00040209663039959598 1.020239586404716 0.47409097024298202 0.45819777659131006 0.47958528717304055 1.0391854868192059 0.48031582880258894 0.0098160498221254808 0.2429257859958594 0.46851576153835722 0.24353348273215158 0.87131834013023235 0.42712136567673886 0.00040274952275771845 -0.36159814552049191 0.056235153352718031 0.49704726645918396 0.08806823194026947 0.080257093875306246 -0.33879322521506849 -4.9277903965512513 -0.013210115729110206 -0.11600730006317363 -4.9277903965512495 -0.11885965118031336 0.86212159735567229 0.24029557393026593 0.85849495303688628 0.25266185789244489 0.11191511614784867 0.28171202655067012 0.24578295756970692 -0.3298168544655895 -0.13329681787632866 -0.017609776844325697 -1.6619442691411499e-07 1.8277119563626126e-08 1.8277119563611918e-08 -0.0001150226336095906 -7.1049210790372411e-05 -3.3270824936854238e-05 5.0765783990484368e-05 1.536734940647869 1.0391854868192059 0.46851576153835722 -0.36159814552049185 0.77595009372722523 -4.9277903966350713
0.098181098699569702 1.8668906328784891 0.085106582446023593 0.066027346412128027 0.089728888392692663 1.9033490532698796 0.090244590479204898 -3.1742653052049523e-33 0 0.00014363565174150159 1.2250544724862502 0.59510442543520248 0.58293871857776269 0.60074274144764828 1.2446389104904967 0.60078590751793159 0.010080048942392301 0.29782831342305077 0.58736419722764643 0.29767552295088973 1.0125185540887265 0.55086255739767764 0.00014459942824522065 -0.54988877747415288 0.065466601881556605 0.61803598466504284 0.098181098699569702 0.09174155539138111 -0.52657458072102181 -8.4304530816341874 -0.013499873735615514 -0.18955541479980451 -8.4304530816341838 -0.19080044637016158 1.0014075667944122 0.26751032026836802 0.99768012391241179 0.28004125645937428 0.13516639714204032 0.3696695143124627 0.29998519710598448 -0.51260911141284493 -0.20555975613989066 -0.007459609006508678 -1.3701155974869901e-07 6.5288932609860487e-09 6.528893260970243e-09 -0.00014302166647011652 -9.0882713671337699e-05 -4.1268860443797916e-05 7.6023861561413982e-05 1.9033490532698825 1.2446389104904967 0.58736419722764655 -0.54988877747415299 1.304826977053966 -8.4304533371518282
0.085785612463951111 1.5582332813152919 0.079177445961168019 0.070114332916264344 0.083921922511038319 1.5958149777762438 0.082973438035776018 -3.8042659400074824e-33 0 -0.00032400549224423391 1.0844003811677241 0.49301684924704064 0.48454402923122636 0.4987767711593451 1.1046763765383565 0.49809134871464578 0.010334167008746032 0.22249266227093162 0.44275650294787311 0.22183760969425526 0.90559287879365513 0.45170444468222964 -0.00032307324680416879 -0.5297576644085531 0.060905727662436945 0.51587853101492254 0.085785612463951111 0.084509394020672285 -0.50582974119775115 -8.179841242866198 -0.013864757068800882 -0.18467067377217319 -8.1798412428661944 -0.18251525746753913 0.89630746046717391 0.24960679921254941 0.89247818570920479 0.26233625995156235 0.11329475895984159 0.22653342315924019 0.22420526058000478 -0.49241620359198718 -0.19766680991632934 0.01398112957396485 -2.7153583899556129e-08 -1.4727522374729862e-08 -1.4727522374745122e-08 -0.00011935440558268905 -7.4697820895096046e-05 -3.0643074551637431e-05 7.0488276176392404e-05 1.595814977776244 1.1046763765383563 0.44275650294787305 -0.52975766440855321 1.2448194015571914 -8.1798413957007323
0.070054493844509125 0.99453402701096683 0.064863084985420039 0.071342808300854405 0.069712877984101085 1.0329271247028493 0.068640648147914762 -4.3189343546564606e-34 0 -0.000353003825242419 0.78250432826143335 0.30577233886817146 0.29682487705732991 0.31161652580465726 0.80325952505649489 0.31113452891749971 0.010479675654495027 0.11881628543295772 0.23051950166514978 0.11855618032972154 0.68731988652854759 0.26360261825072229 -0.00035240763660403506 -0.32464553069826435 0.049894680758015404 0.32930471447232568 0.070054493844509125 0.070210300792486594 -0.30025737009470849 -4.3997028388122397 -0.014130040521766699 -0.10586209282245751 -4.3997028388122388 -0.10325305936986443 0.68129185431630568 0.21261867159462094 0.67739134729375838 0.22568353304795957 0.073868450398901081 0.044116708563120166 0.12095792880826342 -0.29230676598053873 -0.11869246294509291 0.016792544433693758 3.3150414463248475e-09 -1.6045628420103223e-08 -1.6045628420114797e-08 -7.6155073721051594e-05 -4.4200958748944876e-05 -1.5745829260862377e-05 4.1119508259326374e-05 1.0329271247028493 0.80325952505649501 0.23051950166514981 -0.32464553069826435 0.6602799899629368 -4.3997028388220656
0.074338793754577637 0.95559764651539414 0.063394698327537316 0.070641834134871601 0.06833570753612804 0.99457223535148642 0.06863164628795973 2.4707986918877755e-33 0 0.00011706669358409666 0.73187852442626322 0.2916574850365784 0.27845139336936731 0.29758410188745787 0.75292705857935283 0.29797960161163611 0.010567199111933183 0.13290117264016371 0.24898889267954941 0.13341666885417253 0.65625860550102144 0.24486934793846665 0.00011748757433058479 -0.21761588997308451 0.048765152559644087 0.31641921833058068 0.074338793754577623 0.07023119157053237 -0.19297156040376959 -2.2602499999946017 -0.014254099993375494 -0.061233097456685474 -2.2602499999946 -0.061887657428783632 0.65050525324646746 0.21038558470063679 0.64655512866110343 0.22384664122757025 0.070249194821247141 0.077971243285537173 0.13583987218970006 -0.18787199582501121 -0.077476514553786693 -0.0038160529517858467 -8.7395791149901452e-08 5.3212133447382424e-09 5.3212133447274229e-09 -7.3180208096634949e-05 -4.1213469046931286e-05 -1.752853363165749e-05 2.8487512685494885e-05 0.99457223535148642 0.75292705857935283 0.24898889267954946 -0.21761588997308451 0.35164677749547596 -2.2602499999946004
0.091608494520187378 1.4286237239632504 0.076266191422024315 0.071263623696961098 0.081307477299012665 1.4683325119859167 0.082408515969923601 8.2246401880786861e-34 0 0.00040088624883934749 0.97842452330189278 0.44752223390490242 0.43272255369301582 0.45356845382533068 0.99984747511605665 0.45420259692519199 0.010729503912993193 0.24114031253977328 0.46514043724345666 0.24165568843309618 0.83949354525327058 0.39841689549653214 0.00040153972359428461 -0.35862994102759566 0.05866630109386485 0.47298661297409622 0.091608494520187378 0.084041186347378047 -0.33369871242925164 -4.7271870763482369 -0.014391440746355047 -0.1129679404674446 -4.7271870763482351 -0.1158578924063801 0.83093365218092108 0.24631632868320702 0.82691758086674538 0.26008095055431074 0.10397796729895765 0.27212443603843189 0.24411690183374957 -0.32486008796205856 -0.13161677472401354 -0.017899780780610604 -1.6100655686828737e-07 1.8222102219978346e-08 1.8222102219964416e-08 -0.00010943396144578447 -6.6255598007675139e-05 -3.2929142512036781e-05 5.0067358770648017e-05 1.4683325119859167 0.99984747511605665 0.46514043724345666 -0.35862994102759566 0.74536906822147952 -4.7271870763955226
0.094872385263442993 1.6283327160571648 0.083035482661450541 0.073935845685404802 0.088194345963862761 1.6690356563363469 0.088318034055866843 -2.6480361687714439e-33 0 3.9258179780716216e-05 1.1046435387492197 0.51384078573021896 0.50365437972823368 0.52002143091438624 1.1266344152339658 0.51983469034226037 0.010981588646416275 0.2697037282758612 0.532267990399376 0.26938509144097417 0.92294337058052545 0.46848884656802914 4.0182527940658092e-05 -0.52260707088339953 0.063873448201115804 0.53909080116556374 0.094872385263442993 0.089988911812504777 -0.49718126124890927 -7.8211982423975188 -0.014667493700466258 -0.1779549637444188 -7.821198242397517 -0.17846613457019386 0.91330359800567762 0.26292126118975317 0.90919573156840994 0.27689602083474207 0.11712984354258375 0.31455997900954052 0.27190405188458616 -0.48399917832609307 -0.19453519167097402 -0.0028911680066053881 -1.0390369044549952e-07 1.7844627173144105e-09 1.7844627172984595e-09 -0.00012473260459288499 -7.7482764582982458e-05 -3.7196209875102819e-05 7.1298904285538127e-05 1.6690356563363473 1.1266344152339658 0.532267990399376 -0.52260707088339953 1.2064998562167908 -7.8211983170854742
0.077154628932476044 1.1606752068343307 0.071604868646162931 0.075759905182143442 0.076878713120345388 1.2022965011245286 0.075664075341281528 -2.4315178527278507e-33 0 -0.00039057246041454948 0.87738774588551094 0.35911428076164748 0.35225780423485747 0.36539738303147012 0.89991920629807121 0.3646153921174517 0.011194506075765942 0.1728076454931893 0.34264747398554518 0.17214544144044908 0.75331419652130127 0.3165616799336447 -0.00038977063933939409 -0.44723391915148697 0.055080668189356086 0.38430581084465304 0.077154628932476044 0.077371857796479565 -0.42126206459382359 -6.5505924335879921 -0.014983875513156105 -0.15168774833448112 -6.5505924335879921 -0.14900613715266983 0.7463466086712468 0.23371954083533231 0.74215576050354615 0.24796637981671693 0.084943030107680867 0.13722560005565876 0.17471348035546858 -0.41009790625911358 -0.16541966133363437 0.017226892517409814 4.6218907234740382e-09 -1.7753293655198379e-08 -1.775329365521166e-08 -8.8891117479009634e-05 -5.2809642957975573e-05 -2.3459978720995362e-05 5.8131091789492561e-05 1.2022965011245286 0.89991920629807121 0.34264747398554524 -0.44723391915148697 0.99084741810769483 -6.5505924378030009
0.061858773231506348 0.60770941377635268 0.056162466939471474 0.074486261229770076 0.061529134595939061 0.6498835421102247 0.060574041310318211 1.4151736186918171e-33 0 -0.00032825573055189177 0.55723873598100571 0.17541378899804461 0.1681704217737032 0.18175915327789166 0.58005846577670861 0.18133940434275489 0.011289578538887174 0.072428618586631327 0.13567418395425834 0.072271565829106321 0.51550630389355123 0.13234958958362567 -0.00032782160979215184 -0.22304740020166577 0.043201897645747292 0.20128370952585678 0.061858773231506348 0.062311959178856798 -0.1967277382311102 -2.3972491997111516 -0.015169639242653564 -0.064995068411331514 -2.3972491997111511 -0.062515283806278812 0.51197234141529213 0.19326910580655063 0.50773425253469484 0.20792623049859241 0.043271136405373868 -0.034509595490072341 0.074862782293920349 -0.1915302254263053 -0.079138707445525452 0.015884334841126668 9.6422541989426758e-09 -1.4920715025078088e-08 -1.4920715025087164e-08 -4.6526114500192457e-05 -2.269982355302614e-05 -9.0075636976266103e-06 2.6572184384762469e-05 0.6498835421102247 0.58005846577670861 0.13567418395425834 -0.22304740020166577 0.3530292458966271 -2.3972491997111529
0.068178907036781311 0.66794954779416738 0.056229239008615275 0.071839192639545565 0.061675381888787489 0.71048930483662454 0.062175025646823978 3.7690009104485249e-33 0 0.00020818737704339437 0.55247077351749319 0.19419806761270456 0.18218368197665449 0.20061078639608831 0.57541868241793426 0.20111770888780256 0.011343907072208583 0.11211174869839542 0.2052738165977511 0.11273509457984635 0.51739959779129685 0.14618863833550821 0.00020850110222920301 -0.14957261628958496 0.043253260775857887 0.22122348253502155 0.068178907036781311 0.063939573347512144 -0.12309934915317876 -0.85772443408168375 -0.015219643421565926 -0.032842129029498929 -0.85772443408168375 -0.034146080462810459 0.513565814684392 0.1968353114218086 0.50929931862051403 0.21193495695564249 0.046513100154062757 0.047937871675280345 0.11534064813730277 -0.11985841166420264 -0.050847801453694344 -0.0079975184441532995 -9.0198589133388648e-08 9.4630625928894233e-09 9.4630625928797751e-09 -5.1160745755392916e-05 -2.5003709979087214e-05 -1.4439875981672314e-05 1.9090431268708715e-05 0.71048930483662454 0.57541868241793426 0.2052738165977511 -0.14957261628958496 0.13999261833771801 -0.85772443408168275
0.082751616835594177 1.1245132617989535 0.067823040565586773 0.070970152469929923 0.073358611765594745 1.1676082879687988 0.074340292063411334 1.0032688981202389e-33 0 0.00042054557957873226 0.81759727148433092 0.34489226980768356 0.33166770401030932 0.35141680005539194 0.84077873355102017 0.35198093848256645 0.011495689357921748 0.23079544976369173 0.44446994566777503 0.23124416334792608 0.71920588023181875 0.29505987927128519 0.00042116115474353366 -0.332787819780752 0.052171569665835978 0.37234143522034213 0.082751616835594177 0.076134871069358387 -0.3060795686397928 -4.1267326813027321 -0.01531707206028847 -0.10131463932081131 -4.1267326813027312 -0.10439011323660091 0.71226838626733813 0.2355836822063328 0.70795138373941124 0.25100263059214106 0.083828122514159831 0.26109300163129723 0.23388558170956844 -0.29797676749283042 -0.12122505575795775 -0.019146875263259582 -1.4078182481353101e-07 1.9115708162676886e-08 1.9115708162664982e-08 -8.6159679419893189e-05 -4.9665821816825623e-05 -3.137782251957767e-05 4.6277360281354796e-05 1.1676082879687988 0.84077873355102029 0.44446994566777503 -0.332787819780752 0.65421179978027255 -4.1267326813101013
0.079505175352096558 1.1682630835487036 0.069418381337483265 0.071808873966866568 0.075055886756956569 1.2121163627692519 0.07482270434221483 -2.5826447810016796e-33 0 -6.0192790317423425e-05 0.87367891873195291 0.35986682958193617 0.35241738631882974 0.36650920318565144 0.89725476368300405 0.36610956733116917 0.011728200165114885 0.23360116724440563 0.461324850280867 0.23312035591847896 0.75096338455009426 0.31514635638763822 -5.9337031758723721e-05 -0.4781537993998059 0.053398754874987124 0.38682450609544605 0.079505175352096544 0.076650814071232823 -0.45098728071722916 -6.9238672643727908 -0.01556554798290089 -0.16006496083128752 -6.9238672643727917 -0.15987769472531616 0.743700842157063 0.2421889829518081 0.73930999803950059 0.25784204483544171 0.087867775463914305 0.25858176758733509 0.23581535302466738 -0.43903453976954204 -0.17699660639399584 0.0014346961028663902 -6.0731091082211829e-08 -2.7360359235104247e-09 -2.7360359235241248e-09 -8.9514462505448732e-05 -5.289964110823802e-05 -3.2003981544368067e-05 6.4207128220262577e-05 1.2121163627692519 0.89725476368300405 0.46132485028086706 -0.4781537993998059 1.0640830978214297 -6.9238672749779173
0.058326393365859985 0.59763103411790786 0.053879887734256629 0.071192726309756829 0.059609209651231281 0.64207275816380061 0.058255818855712085 -1.3993215690408455e-33 0 -0.00045509229004738388 0.57114909080749865 0.17109751473945012 0.16691469284015042 0.1778131060453759 0.59503024110470037 0.17696983332402261 0.011891499638341891 0.11440254082536319 0.22512067679789755 0.11374475167568457 0.52163190480854971 0.12943252254034956 -0.0004544514454789489 -0.34672287164771881 0.041446067487889704 0.19795523950508953 0.058326393365859985 0.06011390394887766 -0.31909754632153631 -4.6209754016345226 -0.015821185716114346 -0.11214617376603203 -4.6209754016345217 -0.10894690622267283 0.51785281800031691 0.20178050766057049 0.51340643488606441 0.2177586344826663 0.045816775706965213 0.045393673099775281 0.11647804340044395 -0.31064985570071152 -0.12634968683368772 0.02040391316957952 3.8032140064201455e-08 -2.0686013183965215e-08 -2.068601318397576e-08 -4.579221494640754e-05 -2.2522520417425302e-05 -1.5050574932391148e-05 4.327783516480761e-05 0.64207275816380061 0.59503024110470037 0.22512067679789757 -0.34672287164771881 0.69072032617266266 -4.620975401654122
0.045313339680433273 0.11924106869360995 0.039103842306555649 0.06758243492009311 0.044900010738136917 0.16389281485629192 0.044176815970447258 4.0704999090346443e-33 0 -0.00056640719899415492 0.1262613417707259 0.012577445784865693 0.015717991915509901 0.019287366724771441 0.15021976418697908 0.018546234394388794 0.01190343302647489 -0.050627070960658375 -0.10732138132753168 -0.051083416424574903 0.13097322137685946 -0.021188782005188898 -0.00056626465507130994 -0.04333711864231355 0.030079878697350487 0.039615489320604644 0.045313339680433273 0.046057390674403238 -0.01551661456630422 0.91873725381115745 -0.015902814902406335 0.0036468438557323191 0.91873725381115845 0.007851820693592566 0.1327905098282737 0.13320467316573165 0.12833613915129286 0.14967497761937623 -0.022077562937369306 -0.23628040061973019 -0.048345150200462053 -0.01513578721286131 -0.0096561437908967793 0.026541592703710707 1.5830872212125012e-08 -2.5745781772459211e-08 -2.5745781772461213e-08 -9.1524859784820776e-06 4.8856867255127824e-06 8.5244358598294297e-06 -4.8712943940831279e-07 0.16389281485629192 0.15021976418697908 -0.10732138132753168 -0.04333711864231355 -0.16792738061636933 0.91873725381115778
0.054238617420196533 0.3043464175823597 0.041616111124086183 0.063383895355286574 0.047468642145590642 0.34909409687613546 0.048195378564953623 8.2284277502209471e-33 0 0.0002204510778519121 0.077401416747033783 0.072506661451877036 0.067923938345451379 0.079199731384536856 0.10133308530686475 0.079786092640324796 0.011832635040834266 -0.010296141505201127 -0.041963028561620347 -0.0095159387859717944 0.082863833943918788 0.031693864393621464 0.00022035558215079194 0.10128872407341913 0.032012393172373983 0.10088294704773448 0.054238617420196533 0.050095840626041284 0.12900080579090814 3.8280983781618874 -0.015775178257441545 0.064626271298280941 3.8280983781618891 0.063334366864144662 0.084893892734628842 0.12768364089527098 0.080466603446720811 0.14470944847675613 -0.025256785649049047 -0.14245463417648094 -0.0067907504664831411 0.12554173372342084 0.045926620355289119 -0.0081522790168723595 -8.8144187109685091e-08 1.0020503538725473e-08 1.0020503538720508e-08 -2.3362601600767979e-05 -2.5596056260997257e-06 3.1103964661732132e-06 -1.6656337725714112e-05 0.34909409687613546 0.10133308530686475 -0.041963028561620347 0.10128872407341914 -0.5809569999219808 3.8280983781633178
0.066259197890758514 0.74560374407402996 0.052202300763433802 0.061438861616702097 0.058122806813895637 0.79068076874481763 0.058979546539452019 2.7568515229933152e-33 0 0.00089453528085003812 0.54789256274198472 0.217769910731093 0.200393268459445 0.22456513071032996 0.57186396289608221 0.22569452401914611 0.011924953421494706 0.24223240278444244 0.45921560789460375 0.24329583625595819 0.51810449886323529 0.16364839135924025 0.00089496995062425533 -0.22114773412981487 0.040155615971872158 0.24693391097489542 0.066259197890758501 0.060903674143552661 -0.19343357687589319 -1.8557672022831269 -0.015709515752413791 -0.054197593752833673 -1.8557672022831257 -0.060649783622290024 0.51339355586780211 0.20831582195346982 0.50895647702669744 0.22568060166381115 0.055845589489717899 0.3141841671515766 0.2460440047865235 -0.18832496024009568 -0.078032218518375066 -0.040549150931012523 -1.1394731377033823e-07 4.0660694584100061e-08 4.0660694584090406e-08 -5.719256292922267e-05 -2.8409258523043354e-05 -3.2782247871272965e-05 3.2914387238691115e-05 0.79068076874481763 0.57186396289608221 0.45921560789460375 -0.22114773412981487 0.32613368696376849 -1.8557672022831277
0.057902451604604721 0.66219245407257721 0.049638086169918702 0.060877709778934697 0.05563502725441706 0.70775145471514711 0.055119956712311145 -4.4222458365756603e-33 0 -0.00014418091493009048 0.6239346817841771 0.19172973487202613 0.18930409684145083 0.19864114881220599 0.64808718579250479 0.19787053895062295 0.012181734859800624 0.2317223511366179 0.46245375251591658 0.23080422162058814 0.55749869841145627 0.1519153149151298 -0.00014328334930884955 -0.50200118136154648 0.038183143207629756 0.21932748086851417 0.057902451604604721 0.057069913136692907 -0.47384924140079321 -7.3267920448027919 -0.015938478394639018 -0.16885797889360796 -7.3267920448027928 -0.16824677715723504 0.55246636123755988 0.21439707425568211 0.54797086088892799 0.23191921079798947 0.060019161903452412 0.28167624410473646 0.23361139532892411 -0.46128997624028906 -0.18589850483364609 0.0039798210478065336 -1.7713584423661212e-08 -6.5536779513579123e-09 -6.5536779513704127e-09 -5.0807661595013627e-05 -2.7031557798247461e-05 -3.1796551752473942e-05 6.7000253960989989e-05 0.70775145471514711 0.64808718579250479 0.46245375251591658 -0.50200118136154648 1.1235443157150591 -7.3267920706116785
0.035905025899410248 0.057614054132194947 0.032196108495715581 0.058471546253658961 0.038254189839700949 0.10342241648171785 0.036910410162623995 -5.0718999935655262e-34 0 -0.00079564364466009404 0.12075511871215416 -0.0080527651054425001 -0.0022920548556295342 -0.0011438469220272258 0.14502030167090058 -0.0023384516443084114 0.01228925894668796 0.0066821488689487981 0.013366505768013246 0.0057018633081575053 0.12451075293142642 -0.039137963776644816 -0.00079519965598088497 -0.22548123448708637 0.024766237304396588 0.019221269474166355 0.035905025899410248 0.038881130950853375 -0.19691555282349826 -2.4600513061678693 -0.016166013114646733 -0.067284219066360784 -2.4600513061678693 -0.061576619742001841 0.12599477653924121 0.135724843469018 0.12147972837987825 0.15358982182974848 -0.018621568389036794 -0.11794197724427682 0.0085350666556129016 -0.19171535223214775 -0.079480915546392666 0.036113199435419775 6.3321384073254445e-08 -3.6165620211817965e-08 -3.6165620211823888e-08 -4.4909607322230366e-06 7.1516858865865325e-06 2.5939812641219634e-07 2.4034556812427716e-05 0.10342241648171785 0.14502030167090058 0.013366505768013246 -0.22548123448708637 0.34246499442303674 -2.4600513061678706
0.027338281273841858 -0.28350932276797919 0.020294882809671233 0.053481319979464328 0.026389727411886343 -0.23779816942543594 0.026005147665794658 8.7886602122075438e-33 0 -0.0008295143101014088 -0.48609683082293736 -0.12097913520858354 -0.10351407898316295 -0.11419618121552791 -0.46189866244209316 -0.11517797163687575 0.012159640846251367 -0.23151198508895268 -0.46703961350669859 -0.23215045788076932 -0.45296136870746628 -0.13859836019539715 -0.00082984673677542807 0.24668843296931248 0.015611448315131716 -0.093686242542256451 0.027338281273841858 0.027989458837201508 0.27520870473491854 6.1885842931090629 -0.016088480621926957 0.1136932818904702 6.1885842931090629 0.11989183427950001 -0.44329467962022862 0.03275316342437494 -0.44775461203394723 0.051213478156807234 -0.11793173286695942 -0.52045879309569154 -0.22934341121810864 0.26786384614525766 0.10204579693446411 0.038833991817798452 1.3854841773610444e-08 -3.7705195913701983e-08 -3.7705195913702969e-08 2.1624186990945489e-05 2.9737449601527585e-05 3.4286519333305909e-05 -4.3263052930918081e-05 -0.23779816942543594 -0.46189866244209316 -0.46703961350669859 0.24668843296931248 -0.99120001447494732 6.1885842955817996
0.039633937180042267 0.045068870466079734 0.02636756757995256 0.048825638285590778 0.032494079914594465 0.090669000419671394 0.033458572175823417 1.3502429079596045e-32 0 0.00051071796341234604 -0.44396773359126412 -0.014064542001444967 -0.013838443737810971 -0.0073872553606353286 -0.41991054443654219 -0.0063490282599266822 0.011942445138075804 -0.11155448972285492 -0.25120913615904744 -0.11024246889982937 -0.40404559939949714 -0.047390250434530809 0.00051015158630382919 0.38827430018656306 0.020282744292271195 0.015067985391245771 0.039633937180042267 0.035455504455126394 0.41632577826264749 9.204033755722774 -0.015716838510355428 0.17713063720346608 9.204033755722774 0.17387438311508394 -0.39589622118505691 0.044580370866352283 -0.40025901316236173 0.063681043208486568 -0.10048919681924853 -0.27332190217945679 -0.10748061135031556 0.40523181233728039 0.15637271916994788 -0.020787049247571406 -8.8902823934375959e-08 2.3214452882380036e-08 2.321445288238273e-08 -3.5818377125341552e-06 1.501207389021005e-05 1.7705423012590079e-05 -5.5879703392682036e-05 0.090669000419671394 -0.41991054443654219 -0.25120913615904744 0.38827430018656306 -1.3956284577186633 9.2040348446086746
0.049673784524202347 0.4715518881035709 0.036545879101875144 0.046837563108715924 0.042718447626155107 0.51732198655305439 0.043449841418036608 4.4362087389014355e-33 0 0.0010843067241785166 0.15335070303108767 0.12685151026875449 0.11507494691272435 0.13358762426379894 0.17734006458574295 0.13474755109274991 0.011980670921006135 0.20520551984993807 0.38486400963353512 0.20627924450504509 0.15209572610140992 0.081401657813969366 0.0010845366072583669 -0.096355908180471947 0.028112214693750109 0.15622830631046158 0.049673784524202347 0.045463873743321684 -0.068531512073232131 0.49776054260979813 -0.015491869783350213 -0.0047562830532754483 0.49776054260979813 -0.012677777749925479 0.15164232551853538 0.14561683560745722 0.14731598444245345 0.16502059976194661 0.0030890167296190492 0.29827257326111845 0.20905225165272007 -0.066741650954420279 -0.02999907607563429 -0.050054518785973223 -8.9572569805971453e-08 4.9286669280843621e-08 4.9286669280837996e-08 -3.6278393568579935e-05 -1.2241369626289036e-05 -2.7488005595579811e-05 1.6210815454721976e-05 0.51732198655305439 0.17734006458574295 0.38486400963353512 -0.096355908180471947 -0.026546867904813715 0.49776054260979979
0.03809012845158577 0.29379300916906126 0.031267073469282466 0.045889391617142304 0.037491433867910186 0.33984338128401098 0.0367798770545429 -4.9415962899246375e-33 0 8.9248313644543412e-05 0.33144813547193858 0.069429553674589181 0.066243173831352725 0.076260122133749456 0.35547007452833923 0.075794705897993878 0.012224216759671468 0.2505278388819373 0.4963244360093228 0.24990669952210262 0.32031640357928409 0.032098707346475699 9.0099441620864002e-05 -0.4736589696990221 0.024051594976371125 0.097393451950694349 0.03809012845158577 0.038812266058814063 -0.44548783104905704 -6.7434196038712653 -0.01565722030637174 -0.15638033202312737 -6.7434196038712653 -0.15743959993210929 0.31765545076659857 0.17316357859848447 0.31330356793242969 0.19263974914689652 0.030138076414543222 0.36354646350045444 0.25273585232933898 -0.43368195758291861 -0.17496874476696245 -0.0065780589416809176 1.5364629941023055e-08 4.0567415293055275e-09 4.0567415292943233e-09 -2.2663475195997734e-05 -7.3092435071823287e-06 -3.4388539586007579e-05 6.4266788161653534e-05 0.33984338128401098 0.35547007452833923 0.4963244360093228 -0.4736589696990221 1.0443266396440216 -6.7434196111073703
0.018007921054959297 -0.28033290318384674 0.014302512540755132 0.042879712145286894 0.020561029410511158 -0.23426590621794385 0.019361814373240256 -9.1113131495180699e-34 0 -0.0011657493957681125 -0.28634130574804906 -0.11923080463989205 -0.10001967000174226 -0.11246850383004783 -0.26232244326588566 -0.11422099616368596 0.012318471751484145 -0.072741570674946784 -0.13740276845398694 -0.074375908736697346 -0.26915775696341127 -0.1330114662928992 -0.0011653908328984584 -0.17344620738634398 0.011001932723657791 -0.092634223074305785 0.018007921054959297 0.021406877335949846 -0.14487448868918543 -1.6442598206239698 -0.01587697587621351 -0.049937498218511921 -1.6442598206239698 -0.041672361193399489 -0.26284405402401118 0.063756634093061842 -0.26718612518636886 0.0834956058183495 -0.077991587883290858 -0.21610104229457208 -0.071523709804708249 -0.14105687377823867 -0.059445362103640813 0.052084523024886122 7.231821874447659e-08 -5.298860889854998e-08 -5.2988608898551297e-08 2.1318137367238635e-05 2.5575411965802761e-05 1.1404671851602189e-05 1.4577457453642803e-05 -0.23426590621794385 -0.26232244326588566 -0.13740276845398694 -0.17344620738634398 0.20095099549835208 -1.64425982062397
0.015686456114053726 -0.43973845305155201 0.0072417756464464482 0.03790035287507449 0.013514029171435137 -0.39393198894757414 0.013535310796001924 9.6730171112712824e-33 0 -0.00027437924871275064 -0.68362172481958861 -0.17359479902454023 -0.16485855894437568 -0.16698489436684996 -0.65978929843348211 -0.16683458521362018 0.012140937161834588 -0.18110372462569205 -0.38033532402060277 -0.18059703388799944 -0.60159535938543751 -0.19588200094443456 -0.00027481324150396055 0.30836109920557087 0.0055705966511126496 -0.14539626034191025 0.015686456114053726 0.015587194772190645 0.33677077909229775 7.4737833281687012 -0.015722204807264079 0.14093411920246904 7.4737833281687029 0.14339450075586113 -0.59084512569769609 0.0042994008182880485 -0.59509401820606578 0.024589296809272684 -0.13212045817316737 -0.38243691020703519 -0.17778144007637461 0.32779048639350283 0.12575840788934189 0.015409471357988765 -2.1119434438924949e-09 -1.2471784032400745e-08 -1.2471784032393137e-08 3.3508679452154301e-05 3.9116375426147543e-05 2.7410860025116566e-05 -4.8921782057817595e-05 -0.39393198894757414 -0.65978929843348211 -0.38033532402060283 0.30836109920557087 -1.1655556024039304 7.4737833650585959
0.03171142190694809 0.029975521440607937 0.017595176752189322 0.034174433770225998 0.023883474046732349 0.075621911141924 0.025059150098762507 9.2631064724959586e-33 0 0.00059397393224448292 -0.41965488262267681 -0.018714064591477161 -0.01669071458970826 -0.012173804745875247 -0.39602708884931409 -0.011267751731892673 0.012022282809649209 -0.013887274194146738 -0.051485211886000193 -0.012948594019688703 -0.38787248375572708 -0.046594398641801545 0.00059370056501987763 0.21010741838383884 0.013534751347837933 0.010071753613052932 0.03171142190694809 0.027119095729648834 0.23814380279847827 5.9504856351618711 -0.015409207838828492 0.10937808972282384 5.9504856351618729 0.10525549855385685 -0.38082532138577313 0.043453288862806798 -0.38498491831463816 0.064177915425667115 -0.087927672199176868 -0.065384781798540945 -0.010156459341638637 0.23178470308067653 0.087898867882397785 -0.026253785910642737 -9.770906760210896e-08 2.6998815102022031e-08 2.6998815102027782e-08 -2.507761153707422e-06 1.3794608841375589e-05 3.6990176674227104e-06 -3.0095963313244032e-05 0.075621911141924 -0.39602708884931409 -0.051485211886000214 0.21010741838383884 -0.88947104746422911 5.9504856360609946
0.040175452828407288 0.42947464706652011 0.027724754369069904 0.033355951622885446 0.034046882260459307 0.47528221672480814 0.034634973774449775 8.5988782984756476e-34 0 0.00091622935381313001 0.12510360401659376 0.11327740071999018 0.10274798683745574 0.11986787426579579 0.14867882342675307 0.12090176634029917 0.012125807997141238 0.24736217799314558 0.47160288715690568 0.24823208989620343 0.12334393157982425 0.0727578970480557 0.00091667619348129615 -0.22797724306241862 0.02132673413005377 0.14230075635309339 0.040175452828407288 0.036708345889012839 -0.19997961705254214 -1.9845273051111048 -0.015313379903288417 -0.056502990265890667 -1.9845273051111048 -0.063228552520895848 0.12269903250828747 0.13425321052773048 0.11856966406674536 0.15513361022912447 0.0049583372705073094 0.39887523983072537 0.25104971956071287 -0.19469691936045233 -0.080532355286370982 -0.04236267109858273 -7.3768232753074107e-08 4.1646788809694459e-08 4.1646788809686571e-08 -3.3129742415986178e-05 -1.1181144414677996e-05 -3.353823723286467e-05 3.3967581154656091e-05 0.47528221672480814 0.14867882342675307 0.47160288715690568 -0.22797724306241862 0.34776220166145427 -1.9845273051111048
0.027059225365519524 0.1807508593335603 0.020986030206365316 0.033146727287487854 0.027346036480072597 0.22678908630566263 0.026506947270914058 -6.5153979689922234e-33 0 -0.00011226210374846729 0.22053597112139173 0.032462428995554647 0.032432995789041866 0.039126188525652035 0.24413423135812398 0.038484725361570375 0.01238296496298826 0.23800494061952809 0.47361351581680589 0.23718622078855375 0.21545746115245665 0.0021312179777796974 -0.00011135931223828266 -0.50460204186568292 0.016143100158742551 0.059977345129899134 0.027059225365519524 0.028594445807311731 -0.4761632307217164 -7.3810813841423535 -0.015545669128754455 -0.16960894398662679 -7.3810813841423535 -0.16919656782860079 0.21385572510792805 0.14678349413118405 0.20970473231325903 0.16765938439637937 0.017056872796750947 0.36299074267625281 0.24006297960443501 -0.46354234181933013 -0.18677208372120774 0.0027567634644236998 3.2664264718978273e-08 -5.1028228976522456e-09 -5.102822897661156e-09 -1.4071781918622044e-05 -1.9103628246354375e-06 -3.2641450227974194e-05 6.7514502813973716e-05 0.22678908630566263 0.24413423135812398 0.47361351581680589 -0.50460204186568292 1.1331220129131476 -7.381081413258813
0.011005129665136337 -0.31769084028480887 0.0063878486358512213 0.030756733028869342 0.012768142253700567 -0.27169323728834932 0.011806749826859416 -6.9747684136439673e-34 0 -0.0011511519960724704 -0.39404811178085286 -0.13146158087296556 -0.1115417120739617 -0.12489035831862896 -0.37047274920504708 -0.12645267264656601 0.012455644571989126 -0.086823586459805785 -0.16781133522064515 -0.088284184053870562 -0.37302098254386895 -0.14050326904576632 -0.0011508493699824273 -0.13896689894173386 0.0049137297198855517 -0.10500011929602449 0.011005129665136337 0.013902823299111744 -0.11014153004223089 -1.0091026744256046 -0.015758042127239247 -0.036535611205131185 -1.0091026744256046 -0.028289761647504703 -0.36565990302913287 0.037050133068605093 -0.36978865737247452 0.058154483427077991 -0.090909941633523964 -0.21886385202203296 -0.085389097973344166 -0.1072468965269822 -0.046099575484899478 0.051993012382066092 6.1653056042027294e-08 -5.2325090730566734e-08 -5.2325090730566945e-08 2.4113685894298936e-05 2.7707694442340039e-05 1.3473890887235949e-05 9.7292648917830481e-06 -0.27169323728834932 -0.37047274920504708 -0.16781133522064515 -0.13896689894173386 0.10329776050796408 -1.0091026744256046
0.015736326575279236 -0.28126266843594994 0.0052712118583325071 0.02708521580713525 0.011657701700232106 -0.2354917122464375 0.012090890514339475 8.8717349252871709e-33 0 5.3213771526792752e-06 -0.6120458867096138 -0.12132085666613919 -0.11696343161196966 -0.11488739927923761 -0.58864427558195975 -0.11426475827160026 0.012295901015147126 -0.11879205629022146 -0.26064748241568853 -0.11790195127082852 -0.54206477109067086 -0.14415824965950505 4.9624086030895408e-06 0.26317659032568558 0.0040547783525634621 -0.092943834455447127 0.015736326575279236 0.014191708696915816 0.29183225890337983 6.738347874267518 -0.015596203537598757 0.12567454486330928 6.7383478742675198 0.12614221745808057 -0.53266431575054496 0.0067075127123848652 -0.53669963616047123 0.02828363711675316 -0.11603191736068692 -0.25152419136159565 -0.1150394673701806 0.28404600418132381 0.10847454000074709 0.0029191342466850143 -3.2864210177942097e-08 2.4188077966273681e-10 2.4188077966671751e-10 2.1303377537516968e-05 3.027635676488777e-05 1.8654592428926186e-05 -4.0973739445305289e-05 -0.2354917122464375 -0.58864427558195975 -0.26064748241568853 0.26317659032568558 -1.0398886140405752 6.7383478813201867
0.034943122416734695 0.29855585886463254 0.019723345940902574 0.02543331644116557 0.026126420270114067 0.34430940164624274 0.02743629094948162 5.301524090564975e-33 0 0.00085836405067264991 -0.13149550846391403 0.070016202843242059 0.064464413365440981 0.076441246871490481 -0.10823441312010718 0.077675255700523624 0.012277803989096489 0.12555626485596735 0.22483562407475316 0.12667568051091924 -0.12355722073393309 0.03772802102269248 0.00085843083471416376 0.0038919225814395444 0.015171804569925059 0.098967731283242641 0.034943122416734695 0.029545479680624008 0.032319245768000757 2.2660643482564553 -0.015376790667635226 0.032343606986762773 2.2660643482564562 0.02622575872852596 -0.12070541855363964 0.081915925040911469 -0.12467887420137906 0.10376344807597834 -0.037230973260054916 0.19299239886456238 0.12953693192080176 0.031429030152274384 0.0087395792440824859 -0.038657189819179788 -1.1484346247043864e-07 3.9016547757850915e-08 3.9016547757848004e-08 -2.3140642571900303e-05 -2.6116829111478774e-06 -1.6093318283283521e-05 6.3695804952832195e-07 0.34430940164624274 -0.10823441312010718 0.22483562407475316 0.0038919225814395444 -0.31006962728893411 2.2660643482564558
0.041607920080423355 0.64044624693228835 0.029476911015313041 0.026652876345607049 0.035917198280531713 0.68652136963562671 0.036315428148658173 -4.9694702281033222e-33 0 0.00090280517063701321 0.48544973252877383 0.18316074461899221 0.16623915675862883 0.18970742227698084 0.50874101353640633 0.19069861181893655 0.012520651807870591 0.38511794198086435 0.74884705534658424 0.38581459999347495 0.4617313891333929 0.13866348239379639 0.00090371621667040443 -0.50919471566093766 0.022674546934856186 0.21212960988651522 0.041607920080423355 0.038439076046000831 -0.48051315689193097 -7.1202829355861308 -0.015476418564076453 -0.16408607868870329 -7.1202829355861317 -0.17082497320681367 0.45610542066092724 0.18486908786387132 0.45211632013166569 0.206687316821527 0.065501923405902815 0.6408218688115106 0.3887320658380965 -0.46777678306408504 -0.18845621780682645 -0.042193999336439726 -6.742221349835485e-08 4.1036598665327217e-08 4.1036598665316318e-08 -4.9337705418128288e-05 -2.5706159488288804e-05 -5.3173417083893187e-05 7.3782115785964861e-05 0.68652136963562671 0.50874101353640633 0.74884705534658424 -0.50919471566093766 1.137938334038989 -7.120282954580043
0.027967238798737526 0.32826081556697367 0.021883990754360271 0.027911027007775938 0.02836395149222656 0.37467742348706207 0.027436023010932394 -1.0458128414357584e-32 0 -0.0004570851102533069 0.45162052774122441 0.081591485264266531 0.081788802614720421 0.088238894656100797 0.47502433401217259 0.087222494335441367 0.012866227350012291 0.27836266945194116 0.55943499230987648 0.27709832919576655 0.41846975101705836 0.053596205919649954 -0.00045588736557834508 -0.68244934899401033 0.016833839041815589 0.10880167260505205 0.027967238798737526 0.029574343069559597 -0.65304777686227877 -10.7134269969517 -0.015898839556313837 -0.23965666038300862 -10.7134269969517 -0.23679539251271134 0.41415039786835783 0.1722081077953968 0.41010148833000315 0.19391829998381357 0.05052818524380949 0.42261797019536895 0.28009439342064946 -0.63572768411199587 -0.25488634404729849 0.018385277053834598 3.4193707889824249e-08 -2.0776595920590246e-08 -2.0776595920606356e-08 -2.5409049016140549e-05 -1.2080748102936733e-05 -3.8462216118181462e-05 9.0760547113616502e-05 0.37467742348706207 0.47502433401217259 0.55943499230987648 -0.68244934899401033 1.6303103414085789 -10.713441150767895
0.016964001581072807 -0.074676649328109149 0.010601157691760175 0.026898644707404086 0.017104511398786597 -0.028186569958793824 0.016420166441113215 -2.2769469415400491e-33 0 -0.00096920238204094061 -0.098283640853684101 -0.051735534158391772 -0.041742485540366761 -0.045140650315855894 -0.07483879155989559 -0.046160064809134066 0.012974580255941609 -0.0087784446043950009 -0.018771028654175122 -0.0097056808484777182 -0.08890817937666437 -0.069022530778850538 -0.00096873188085638579 -0.23932533364767147 0.0081547366859693621 -0.024564840096538969 0.016964001581072804 0.018568141351708489 -0.20940821442820837 -2.7352301291741368 -0.016199223293187587 -0.073072588925766402 -2.7352301291741368 -0.065979178323405926 -0.085438055625646755 0.077899688404782924 -0.08949033336272981 0.099804943029543194 -0.043255225877112953 -0.092479523095482907 -0.0066833122923184813 -0.20387697419613948 -0.084390833288653419 0.044980378244796677 3.4130633417777119e-08 -4.4054653729131379e-08 -4.4054653729134833e-08 5.4640917367328084e-06 1.3465441757668913e-05 2.5540747578062678e-06 2.4876480091595886e-05 -0.028186569958793824 -0.07483879155989559 -0.018771028654175119 -0.23932533364767147 0.37594526417368335 -2.7352301291741394
0.028240382671356201 0.13883069581636562 0.015330706505006252 0.025253529002657347 0.021850482820835064 0.1853022680636649 0.02263693087192236 5.8917256554111576e-33 0 -2.889623248425842e-07 -0.21548941951161132 0.017451599149431236 0.018392377752669772 0.023970675067861113 -0.1920953916977165 0.024536904540682917 0.012906037125278623 -0.030054114182669477 -0.0813213001998562 -0.029366991561566441 -0.20192790302554992 -0.0077587649531217504 -3.4675575212510164e-07 0.082007595821532345 0.011792851157697116 0.046102878005875855 0.028240382671356201 0.024792969235560385 0.11192679385779716 3.4883170777602532 -0.016149226159090514 0.057152917269574 3.4883170777602532 0.057541083370983549 -0.1970879058754389 0.057904496999045922 -0.20109029630134148 0.080194283059808621 -0.060132876981865847 -0.11428943363806503 -0.026357031346913369 0.10891965157776874 0.039156346168942056 0.0025352903913816874 -7.3349222038207752e-08 -1.3134651129751277e-11 -1.3134651130466255e-11 -1.090729963347729e-05 5.9635624869643271e-06 6.0262481827971076e-06 -1.5412704156830701e-05 0.1853022680636649 -0.1920953916977165 -0.0813213001998562 0.082007595821532345 -0.53935541820794486 3.4883170777607173
0.049005579203367233 0.77114428580494454 0.032603561949629746 0.026131613249153987 0.03915718368688452 0.81789024099787677 0.040478975035337796 8.8762292950327532e-34 0 0.0012848401262096389 0.48327148699543582 0.22513879353591554 0.20138601325922814 0.23175753527526882 0.50666575641264844 0.2337095756781766 0.013009000870489652 0.32274323922707526 0.61031077441059034 0.32452161820415409 0.46494138444603267 0.1746039937429841 0.0012853579816445981 -0.26808701688297082 0.025079663038176724 0.2553905805471931 0.049005579203367233 0.042648744157453643 -0.23816277760059348 -2.4952669329404524 -0.016082859915916587 -0.067939402609353661 -2.4952669329404524 -0.077075071642232207 0.45968449984913662 0.17877215562732141 0.45568819968801727 0.20122658096965312 0.061654537233648013 0.5169074455230156 0.32755719943740463 -0.23186738554861633 -0.095435003507757188 -0.057309651871631936 -1.3525180948752389e-07 5.8401823918628886e-08 5.8401823918619489e-08 -5.9362701098885075e-05 -3.0541707146846773e-05 -4.3931411419252911e-05 4.1485217772256256e-05 0.81789024099787677 0.50666575641264844 0.61031077441059034 -0.26808701688297082 0.44130720539356905 -2.495266932940476
0.052897725254297256 1.0101841854475266 0.040848620491406848 0.029521105252738534 0.04745760593627834 1.057525595306559 0.047597177342230471 -9.4396592844195652e-33 0 3.7304692015062638e-05 0.82076324514113885 0.30627396458713158 0.3013647875956762 0.31304783182415652 0.84440843841459823 0.31255730019146649 0.013380231971093432 0.36973803289430163 0.73734715384518179 0.36880848282869189 0.70487939911840769 0.27341485715873926 3.8581876259899786e-05 -0.72897737483129155 0.031422015762620652 0.33451134337476807 0.052897725254297256 0.04978691307006175 -0.69844829509152018 -11.322286086165633 -0.016417257699907338 -0.25289960524680943 -11.322286086165631 -0.25373745127523828 0.69664413951107207 0.21868124536312591 0.69256849320941094 0.24101634206056363 0.098330639056337141 0.57127688409035315 0.37192853454994756 -0.67992299958851854 -0.27247813509339847 -0.0050034734011555563 -6.6187493281613372e-08 1.6956678188793669e-09 1.6956678188611934e-09 -7.7667964100978698e-05 -4.782911996283601e-05 -5.1323196517191663e-05 9.9974119627890874e-05 1.057525595306559 0.84440843841459823 0.73734715384518179 -0.72897737483129155 1.7473967944345112 -11.322322250286161
0.03892391175031662 0.62915448127554341 0.032246595221176094 0.032235286372537086 0.03891082106898662 0.67704493912610442 0.037906457840120998 -7.4293198238360347e-33 0 -0.00046687310920601698 0.59017100774866138 0.17989254123098045 0.17333757946497555 0.1867392995383107 0.61411369658834614 0.18619368103394371 0.013650753131185847 0.2278797182261269 0.44925891627734743 0.2273129162078954 0.53690510570855177 0.14505030955641007 -0.00046584871285720712 -0.57409158387540582 0.024805073247058527 0.20839763786465679 0.03892391175031662 0.04011562294940204 -0.54283130878088759 -8.6226733998028067 -0.016853173880662486 -0.19685920441841978 -8.6226733998028067 -0.19354103995070285 0.5316271148309607 0.18591692164423029 0.52748661291726506 0.20829108767256821 0.063133474517291358 0.30348756605760607 0.23049518658792545 -0.52844186460803433 -0.21274725146606469 0.021451219325012007 2.5355557427343517e-08 -2.1221504963900201e-08 -2.1221504963911924e-08 -4.8457025521659852e-05 -2.6283073632708938e-05 -3.0991508530562402e-05 7.5083026017476286e-05 0.67704493912610442 0.61411369658834614 0.44925891627734749 -0.57409158387540582 1.305496910660523 -8.6226737648861018
0.032844990491867065 0.31993966869585561 0.024223143701496998 0.032595048193497657 0.030927649860866928 0.36811483884592788 0.030512528891870949 -2.3600717202171949e-33 0 -0.00038407770598691067 0.35364211553645969 0.077118504083328404 0.072545208825943383 0.084008103664143879 0.37769533884782264 0.083729274259025349 0.013790011319397683 0.11427722437871315 0.21756353220671537 0.11406543813664737 0.3426219211924465 0.044223839917276991 -0.00038347007737574667 -0.31987296881464689 0.018633187462689993 0.10605273159181693 0.032844990491867065 0.032736652411261176 -0.28814345764302723 -3.8974272555333109 -0.017113732394399714 -0.098277388641631033 -3.8974272555333109 -0.095395863655684754 0.34037123265882274 0.15033995763239807 0.33619727740545619 0.17292289583987611 0.026707788693590022 0.098480449633116598 0.11728111374921719 -0.28052203054869723 -0.11488977494039009 0.018516590576422957 -2.3050655448098383e-09 -1.7458077544853323e-08 -1.7458077544861353e-08 -2.4760565600254488e-05 -8.6548487181281413e-06 -1.4685891567295237e-05 3.9349579695653526e-05 0.36811483884592788 0.37769533884782264 0.21756353220671537 -0.31987296881464689 0.58126029121286094 -3.8974272555348364
0.048957023769617081 0.66675616396803261 0.033571839072330439 0.032871186253253235 0.040315982812218827 0.71520574148072724 0.041348594346071799 2.191262638167313e-34 0 0.00039252984130299029 0.52818893184099047 0.19046148420964165 0.17528916807836969 0.19742099887075235 0.55230373515930187 0.19840712402636773 0.013897767202538483 0.20194434646215512 0.37865977763128833 0.20286803699627523 0.49925544031917896 0.14666380399135295 0.00039306254554713623 -0.2738876282736265 0.025824491594100329 0.2208449119324197 0.048957023769617081 0.043588052789199624 -0.24189743927367122 -2.7745850816215425 -0.017227070720157903 -0.074902115897000368 -2.7745850816215416 -0.077500525119488781 0.4946057529658005 0.1796117021223565 0.49040756583761325 0.20243912542197476 0.055585241454777043 0.25796753431435826 0.20611036590608808 -0.23550511242477945 -0.097140714425291777 -0.015998464983704469 -1.1423342511526731e-07 1.7842265513779332e-08 1.7842265513769919e-08 -5.1340022790246395e-05 -2.5888424102316525e-05 -2.6852885906509267e-05 3.7097630611977954e-05 0.71520574148072724 0.55230373515930187 0.37865977763128833 -0.2738876282736265 0.44298042117217379 -2.774585081621566
0.068837642669677734 1.2791821974501449 0.051508671665068353 0.035872377736754266 0.058314352723028526 1.3282442847577376 0.059503570294006769 -3.7527544222545114e-33 0 0.00039380025903973511 0.9104470946589861 0.39319190857731473 0.38000089233439299 0.40028339550938979 0.93483438573264288 0.40083275044430144 0.014144232431711312 0.32267628057425729 0.62821211856817072 0.32290888773764653 0.78552842795557021 0.35046100691128007 0.00039474526927576477 -0.52399562142377287 0.039622055126975655 0.42355128035257117 0.068837642669677734 0.061765275111455784 -0.49158444092620973 -7.3254566749479801 -0.0174395765800913 -0.1702997473069674 -7.3254566749479801 -0.17329517671978056 0.77682233670363687 0.231242862454687 0.77255824639043924 0.25416312956999765 0.10478977955244842 0.46153766439572241 0.32620845794160075 -0.47855795299881565 -0.19318983375478568 -0.018522807670867242 -1.5047590549408846e-07 1.7900011774541868e-08 1.7900011774527739e-08 -9.8262391030104498e-05 -5.9457189096041034e-05 -4.4211021267422611e-05 7.2592536499263267e-05 1.3282442847577376 0.93483438573264288 0.62821211856817061 -0.52399562142377287 1.1458413766840494 -7.3254567020735895
0.068516150116920471 1.3677954370170913 0.05658109498959233 0.040729798842890706 0.063467745301481499 1.417732224620381 0.063279623936898899 -6.3338961419268128e-33 0 -0.00014469536369893075 0.98009830396051978 0.42290340612454647 0.41428256932550683 0.43012078643040036 1.0049758719088517 0.42975577632090445 0.014446883956800936 0.29853600004276848 0.58944386213159838 0.29797982939918943 0.82908550541015424 0.38390168123386759 -0.00014357624069796695 -0.62888101798075624 0.043523919222763337 0.45288389903179005 0.068516150116920471 0.065569077439638954 -0.59582061628917216 -9.3900111297672364 -0.017809105114100457 -0.21384537354253716 -9.3900111297672346 -0.21304787525379801 0.82012772447207527 0.23825401628968634 0.8157736374068143 0.26123080424066547 0.10824751385850089 0.40169135608259393 0.30134894684869135 -0.58002512577252952 -0.23335089393578709 0.005447544926969446 -6.2703673984719313e-08 -6.5770619863076188e-09 -6.5770619863216354e-09 -0.00010503379859171913 -6.4551502928802851e-05 -4.0953325190986185e-05 8.4427049557084968e-05 1.417732224620381 1.0049758719088517 0.58944386213159849 -0.62888101798075624 1.4395866504037624 -9.390012658903828
0.053854905068874359 0.91046260213954056 0.046326676047171236 0.044118503783652382 0.053289896501728697 0.96114400481335105 0.05221404378354598 -4.1059462143980646e-33 0 -0.00043071851672250042 0.74104677999741186 0.27136019447331383 0.26417508916317317 0.27866676455837969 0.76634592445406802 0.27804234785281795 0.01466585727821783 0.18246322789671035 0.35714606031561164 0.18191478464081584 0.65279451471112881 0.23332892729660198 -0.00042985531507305964 -0.47228340424894938 0.035635904651670172 0.30151560250145809 0.053854905068874359 0.054529480499319397 -0.43861897774684955 -6.5781672086374829 -0.018154147691639168 -0.15536848407991438 -6.5781672086374812 -0.15231197042989467 0.64671230605819296 0.20643198605708468 0.64228502202526105 0.22958828877710433 0.073753673353689223 0.18697739956333578 0.18533501877016006 -0.42700128664608339 -0.17299214054913389 0.019663407026736923 1.4352668732867662e-08 -1.9578114396468824e-08 -1.9578114396481596e-08 -6.9973241046924489e-05 -3.987112949024242e-05 -2.4387735266757569e-05 6.0507648942185777e-05 0.96114400481335105 0.76634592445406802 0.35714606031561164 -0.47228340424894938 0.99265426277560032 -6.5781672131034705
0.05177617073059082 0.68310857576726114 0.040825414976402082 0.045108917926299466 0.047850743501181868 0.73427076518964396 0.047671908650053781 1.0018247823484632e-34 0 -0.00012894393405081476 0.58167642720319257 0.19512493207395573 0.18488400402493335 0.20249917715064386 0.60720312919931885 0.20257799680831365 0.014781858472227767 0.13082741509340162 0.24463345179768184 0.13102210368599942 0.53735490157687205 0.15379192229032732 -0.00012839779278258186 -0.27885506686515249 0.031404165366463128 0.22626613520746774 0.05177617073059082 0.050009152368584692 -0.24481794299347301 -2.9053820496521352 -0.018343060539178897 -0.078730613938515312 -2.9053820496521352 -0.077628830048590641 0.53296957029950853 0.1871078952806402 0.52849763063267763 0.21057007153892257 0.053178864670967461 0.098211631463109197 0.13447088189149928 -0.23835027880144841 -0.098529173962269415 0.0072821729678569013 -3.7596135361835714e-08 -5.8610879113944504e-09 -5.8610879114039382e-09 -5.2548444272863966e-05 -2.6656307910622015e-05 -1.6812254589574094e-05 3.4647293176990391e-05 0.73427076518964396 0.60720312919931885 0.24463345179768184 -0.27885506686515249 0.43982816498094779 -2.9053820496521574
0.070321038365364075 1.1094569289168243 0.052889538770006093 0.046469003732119436 0.059980838773844435 1.1611519025716872 0.061133891322443915 6.972340008935078e-34 0 0.00039932801655498742 0.79585445799498822 0.33514221772843655 0.31956373535823662 0.34261704448267105 0.82161019206314456 0.34345468120925388 0.014920254975127018 0.22804229601686707 0.43209017017838675 0.22877902412876372 0.70652574519595113 0.28790202363800649 0.00039995197631824956 -0.32574160970116517 0.040684260592312373 0.36738312750270546 0.070321038365364075 0.063494698555132276 -0.2914261463582366 -3.5663057006113714 -0.018460985767967935 -0.092670465784719144 -3.5663057006113714 -0.095424802793823066 0.699554336015071 0.21965419945029199 0.69503394398759011 0.2433934195851816 0.084282876959396028 0.27346601223369543 0.23226141683394408 -0.28372030159602712 -0.11648121388476289 -0.017018824739534925 -1.4524127255812629e-07 1.81512734797806e-08 1.8151273479768745e-08 -8.5219090779390297e-05 -4.8663190814290805e-05 -3.049710236379242e-05 4.4210189380713374e-05 1.1611519025716872 0.82161019206314467 0.43209017017838675 -0.32574160970116517 0.56583913272888076 -3.5663057006122836
0.086658306419849396 1.6322568737455287 0.069013996884053477 0.050491033044295842 0.076194320050858882 1.6848265652152146 0.077117539349383854 -2.8810347403424839e-33 0 0.0002675792188240408 1.0877599256750157 0.5081662172536423 0.49541792548405672 0.51577914427930094 1.1139795231518359 0.51608849191420125 0.015176220504829811 0.31407654085284059 0.61226078277813378 0.31412586863834885 0.9145426538025585 0.46282297577560594 0.00026855945949473835 -0.54170703078400628 0.053087689910810365 0.54042542251152959 0.086658306419849396 0.079509041030360605 -0.50692737643394892 -7.5366958610525963 -0.018698879041939245 -0.17595115236392439 -7.5366958610525927 -0.17805495173198468 0.90466232058267115 0.25808123656379867 0.9000587086738262 0.28197168824927504 0.11957759189060714 0.41652005639489464 0.3176677796894492 -0.49349579468100568 -0.199392856986252 -0.012904417268936732 -1.5211202956359662e-07 1.2162691764738318e-08 1.2162691764722192e-08 -0.00012526946757504353 -7.6902836907533621e-05 -4.2911143169240247e-05 7.4110482726801789e-05 1.684826565215215 1.1139795231518357 0.61226078277813378 -0.54170703078400628 1.1727306675050444 -7.5366959029587344
0.080792725086212158 1.536662865237874 0.06928404401492233 0.055521005135772176 0.076567568360432312 1.5902751553667347 0.076011482823878013 -4.5243907183517557e-33 0 -0.00022862780331804635 1.0575498209636587 0.47674810584171307 0.46805405161218872 0.48448677675942692 1.0843793474186905 0.48396091043816997 0.015457093825201194 0.26700738894855025 0.52603611465709232 0.26640001663426427 0.88636159057796249 0.43466179614906686 -0.00022757025472508387 -0.58774215078927305 0.053295418473017171 0.50878860819675109 0.080792725086212158 0.07843751342122264 -0.55233201100423035 -8.5089490831088241 -0.019052668522765326 -0.19663394644245588 -8.5089490831088188 -0.19520083561167312 0.87720890387097705 0.25329519917906668 0.87250923568401484 0.27733289396144095 0.11107858362939084 0.32001855868964846 0.27000687789471678 -0.53769465641008163 -0.21693221235087284 0.0094200344250780828 -5.0110886489145051e-08 -1.0392172878084263e-08 -1.0392172878100675e-08 -0.00011792450157417536 -7.2097102520520662e-05 -3.635212919130994e-05 7.7817847428107183e-05 1.5902751553667349 1.0843793474186905 0.52603611465709255 -0.58774215078927305 1.3000268877901826 -8.508949377621212
0.06508290022611618 1.0071171337589993 0.056776331273975404 0.058328795645927974 0.064152795130576826 1.0615496973823009 0.063027333355756582 -1.7652431962672183e-33 0 -0.00040401775131940351 0.77921780771344096 0.3010703887721749 0.29303048111392577 0.30889739346526707 0.80651622948286938 0.30831060719705944 0.015642185681132677 0.1545754442325612 0.29896445199718946 0.15414439995661966 0.68336135144272492 0.25922297190947491 -0.00040325624453782765 -0.40684842974672603 0.04367410097998109 0.33351911120195671 0.06508290022611618 0.065484446493460899 -0.37090382590355592 -5.2189496092974963 -0.019346784535405118 -0.12810572212499932 -5.2189496092974954 -0.1251895625443652 0.67735775203288617 0.21784276167652375 0.67258572692051632 0.24215687616747145 0.07311818762353027 0.11701555402021546 0.15779513285108149 -0.36108792376966248 -0.14724886546345775 0.018731033168290008 8.5435376030745941e-09 -1.8364443241783831e-08 -1.8364443241795865e-08 -7.7333771278221506e-05 -4.3542298869622543e-05 -2.0262851562413751e-05 5.1068609302967245e-05 1.0615496973823009 0.8065162294828695 0.29896445199718952 -0.40684842974672597 0.78441569333388861 -5.2189496094234915
0.065881147980690002 0.85347794159924995 0.052938635080395598 0.058812336197487873 0.060393203190297562 0.908469210820812 0.06041925284586884 1.9147631617867475e-33 0 -1.0628605428149333e-05 0.66421502761862883 0.24907325280508461 0.23717338694621556 0.25697570025971495 0.69178205047174934 0.25720832910809743 0.015743099980700552 0.13375183681283201 0.24743851521116322 0.13411381836550754 0.60362502100409055 0.20308364834289816 -1.0124009229013449e-05 -0.2500966521969995 0.040722026984919689 0.28266847465288392 0.065881147980690002 0.06290328928164822 -0.21384045465296295 -2.1920408394198754 -0.019488953356989563 -0.064931738690748156 -2.1920408394198745 -0.064664976023527707 0.59869344150240378 0.20590525518325012 0.59387536406626684 0.2305929997471575 0.059968321041518002 0.086438975665512299 0.13779000177653625 -0.20819831764328381 -0.086901026900491035 0.0019858803124583485 -6.3358695724296123e-08 -4.8311842854658299e-10 -4.8311842855676796e-10 -6.5561706770941758e-05 -3.4340609049438839e-05 -1.706573834747678e-05 3.0937554295160171e-05 0.908469210820812 0.69178205047174923 0.24743851521116328 -0.2500966521969995 0.33534785868328965 -2.1920408394198749
0.084471039474010468 1.3117620622168318 0.065787748782740352 0.060074538851856346 0.073326816435928532 1.3674093813306865 0.07448802699527439 1.4365515465697476e-33 0 0.00041115821475564329 0.89756362214748708 0.39982442024165193 0.38439146138972585 0.40783785811953199 0.92543610248536035 0.40859666355129964 0.015892773750086957 0.23886115610381706 0.45378970600298385 0.23951146552583205 0.78180679587272983 0.34967040534562394 0.00041181859150202108 -0.34440331419211095 0.050605960602107952 0.43435617206127525 0.084471039474010468 0.077001486125048271 -0.30787117922432183 -3.7583852802448479 -0.019599529511929194 -0.097802880773365367 -3.758385280244847 -0.10069606337688 0.77413754733823825 0.24051546284481681 0.76926358493805713 0.26551488305209953 0.092871713362072367 0.27587137693156805 0.2432239532928262 -0.29973075605008326 -0.12308451010565889 -0.017926649520756659 -1.589266669991988e-07 1.8689009761629576e-08 1.8689009761616238e-08 -0.00010068141466450328 -5.8305857472209249e-05 -3.1943176265404523e-05 4.6647885453294876e-05 1.3674093813306865 0.92543610248536035 0.45378970600298385 -0.34440331419211095 0.59630615966749212 -3.7583852802467979
0.095119461417198181 1.6945166048691849 0.077996389900393245 0.063760371936192356 0.085641056100044924 1.751131987677425 0.086207457963934489 -2.1820412824842393e-33 0 0.00016567966958937492 1.1162283231219619 0.52660481797001957 0.51495952816671164 0.53475638018743021 1.1446281486452279 0.5348334698623689 0.01614984967980862 0.29975045027095854 0.58479474082010774 0.29962516509678833 0.93389101164220678 0.47934746152083119 0.00016666522547395456 -0.5414303966814854 0.05999722300030249 0.5610457231133994 0.095119461417198181 0.088756738926049752 -0.50442051495248363 -7.4203678318817925 -0.019842707419697164 -0.17463784798476983 -7.4203678318817907 -0.17603428906803614 0.92412883830209125 0.26914914592048822 0.91916777250969073 0.29434565512431349 0.11828185218773135 0.37509919786598195 0.30339759907468572 -0.49105795242632749 -0.19871134614187791 -0.008477109901754978 -1.353770742797594e-07 7.5308940722551818e-09 7.5308940722380972e-09 -0.00013000199749135241 -7.9177627388402736e-05 -4.0798955284532804e-05 7.3223492931285064e-05 1.7511319876774258 1.1446281486452279 0.58479474082010774 -0.5414303966814854 1.1504015123233962 -7.420367864315363
0.083127111196517944 1.4083049208834222 0.072502330324622929 0.067556815395570693 0.080259138772123387 1.4659418048059034 0.079347629067560474 -3.0001455125061058e-33 0 -0.00031583679206226642 0.98693291299651165 0.43203540595838053 0.42425050345429266 0.44030308877145802 1.0159252251885746 0.43962618124810571 0.016401904977307168 0.22700802825995206 0.44575687024170679 0.22634946430194874 0.83451538921652524 0.38797840553286084 -0.00031486753684739296 -0.53058679830215283 0.055771023326633022 0.46631705744874286 0.083127111196517944 0.081934205979316777 -0.49298307043224404 -7.3479792516116103 -0.020168991252041982 -0.17344317115275393 -7.3479792516116129 -0.17134765948838312 0.82646363418024704 0.25199702379583627 0.8214127993885858 0.27741713366050219 0.097817569649706032 0.2366580346509205 0.2301806877045075 -0.47992507987694727 -0.1943913539043296 0.013545188303104879 -2.5380962068115655e-08 -1.4356217821002804e-08 -1.4356217821018067e-08 -0.00010805561300380581 -6.4235837237413429e-05 -3.0551500366106241e-05 6.8933457500082467e-05 1.4659418048059034 1.0159252251885746 0.44575687024170685 -0.53058679830215283 1.1172392733750656 -7.3479792781506568
0.066560052335262299 0.83233997626835687 0.057736659128912418 0.068557089235604773 0.065588867627290826 0.89069151067752794 0.064470824167479512 3.584920319548159e-34 0 -0.0003837226062063956 0.67377213705908623 0.24085966250274335 0.23320204766561134 0.24920359775647921 0.70315138982352798 0.24866515084161217 0.01654394504829735 0.11605825959232625 0.21964930805891172 0.1157405498532339 0.60505754907644316 0.1966743930076254 -0.00038309520538849036 -0.32196564285484625 0.044412814714548013 0.27568307612603649 0.066560052335262299 0.067089402945991 -0.28391695168730707 -3.5193279139914053 -0.020399245575895592 -0.093585559512490549 -3.5193279139914044 -0.090759963903313867 0.60043097676936585 0.21235051715778014 0.59532095216282865 0.23813157450388484 0.056385396965302426 0.041329783802299812 0.11960636611421342 -0.2764146892176359 -0.11406905633666019 0.018092629055480598 1.1262778951670069e-08 -1.7441936645738917e-08 -1.7441936645749657e-08 -6.3916716444734433e-05 -3.310746223810829e-05 -1.4632971949388084e-05 3.8851718605277752e-05 0.89069151067752794 0.70315138982352798 0.21964930805891175 -0.32196564285484625 0.52349815019707213 -3.5193279139917268
0.069498158991336823 0.75780674544238136 0.055131597949640641 0.067510815532320301 0.063063869990890947 0.81662643740175855 0.063284501686857716 3.5766396638854059e-33 0 7.8404292008975434e-05 0.5958197209185021 0.21503597636892663 0.2033014362227506 0.22344973508837346 0.62539102821388204 0.22379178566781688 0.016617843243851703 0.11942205983050919 0.21644495261750232 0.11990059325383812 0.55147802628314013 0.16658492229941643 7.8824085899421978e-05 -0.19533144466079932 0.042408921499723556 0.25101507269591555 0.069498158991336823 0.065930877710612262 -0.15705681202960706 -1.0269805260977354 -0.020478747825391781 -0.041531522003762998 -1.026980526097734 -0.041894623954843412 0.54744419787871657 0.20549183008364047 0.54229934581688055 0.23170434854163582 0.048924097639625248 0.0570679846974139 0.12378612031216135 -0.15292565465649471 -0.06532064010621455 -0.0020527413385200994 -7.5899601717546246e-08 3.5638314549596924e-09 3.5638314549503717e-09 -5.821479294875527e-05 -2.8157390011125888e-05 -1.4883956308274348e-05 2.3393173034359062e-05 0.81662643740175855 0.62539102821388204 0.21644495261750235 -0.19533144466079932 0.16009453849010699 -1.0269805260977349
0.086395278573036194 1.2177149655645132 0.06739761279848773 0.067670394242165907 0.075417574855759575 1.277137555678185 0.076510514229759713 2.0900881495984203e-33 0 0.00042755871226714216 0.84417975940883228 0.366533627405776 0.35207065692547956 0.37505732684607551 0.87400668470393883 0.37574529973094173 0.016762214093008446 0.23368508013835862 0.44335002146743707 0.23426930690534745 0.74132774298036996 0.314769699465971 0.00042820000303509279 -0.32966509835103242 0.051844317537298255 0.40324012823972455 0.086395278573036194 0.079187497315515151 -0.29115260678758415 -3.3546498272232648 -0.020558647134853059 -0.09029709193421015 -3.3546498272232634 -0.093351015620389458 0.73435398720633216 0.24216132912804803 0.72915951496668929 0.26871411994781347 0.084243580839160156 0.26350265699914693 0.23819016138201179 -0.28345851498343716 -0.11690185972033862 -0.019003218034919778 -1.5335704803236609e-07 1.9434486921241318e-08 1.9434486921229632e-08 -9.346468354070315e-05 -5.2556309898248139e-05 -3.1116155146330799e-05 4.4393117276822564e-05 1.277137555678185 0.87400668470393872 0.44335002146743713 -0.32966509835103242 0.53525157112366906 -3.3546498272236711
0.090301148593425751 1.4391865844893283 0.074522466644492497 0.069941808277108303 0.082647231385354028 1.4994748694629705 0.082826942199770909 -1.6710880096705113e-33 0 6.2627564201382955e-05 0.98832167435134721 0.44015922069182034 0.43065969925569952 0.44881145551606816 1.0185980989961627 0.44865140195295833 0.017005369622031502 0.26910575133280917 0.52484245057274526 0.26880308551814874 0.83814785582739004 0.39259880976991979 6.3564802492794564e-05 -0.50894799288984194 0.057324974341917301 0.47654693665989684 0.090301148593425751 0.08553958127263761 -0.46998105389978162 -6.734461084645905 -0.020782811450363755 -0.16121132895823659 -6.734461084645905 -0.16189005308402987 0.82988157561023779 0.26061351320155607 0.8246091927129845 0.28739985192612993 0.099968464145427038 0.31854884067172834 0.27278098409175805 -0.45753566608923535 -0.18571196786269525 -0.0040211318311753159 -1.0130994299549771e-07 2.8467074637088039e-09 2.8467074636928145e-09 -0.00011043224116371934 -6.5119454222771101e-05 -3.6375546378955598e-05 6.7786329330936333e-05 1.4994748694629705 1.0185980989961629 0.52484245057274537 -0.50894799288984194 1.0403908520103486 -6.7344610916654082
0.072775661945343018 0.98877627980936866 0.063413754929339358 0.071517686957715002 0.071641381573111423 1.049869411582838 0.070448519715274785 -1.6158669793729382e-33 0 -0.00039162357777860904 0.76723668266043255 0.29124482913965399 0.28532475241549177 0.29999240504693681 0.7979489655980655 0.29920419442851831 0.017212812003356746 0.17221788378377501 0.33565141748131921 0.17153892004887961 0.67148140782322063 0.24684401123678931 -0.00039079750768230838 -0.44051790546927549 0.048779811484107198 0.32747007770646663 0.072775661945343018 0.073195702256447198 -0.40103140293114842 -5.603355834865809 -0.021056907016072424 -0.13782061400714379 -5.6033558348658072 -0.13513312010187856 0.66584248700705007 0.23131429912711016 0.66049969710167222 0.25839062468059193 0.068342273701522779 0.14125996014499323 0.17556594713299792 -0.39041869313761507 -0.15926968696724436 0.017197299132049766 8.9370278958283096e-09 -1.7801071717201475e-08 -1.780107171721428e-08 -7.5912900510387491e-05 -4.1384993330533742e-05 -2.2650341539510098e-05 5.547326606547773e-05 1.049869411582838 0.79794896559806561 0.33565141748131921 -0.44051790546927549 0.84510587811258864 -5.6033558352416533
0.056418567895889282 0.41562980455472837 0.047311072322345119 0.070016254820125162 0.055619246821668744 0.47716257881857632 0.05460357268482393 2.4974129107347796e-33 0 -0.00041324616604338849 0.40799554911613856 0.1010761267786756 0.096694378781813875 0.10986931301180052 0.4389008644558543 0.10931198133623772 0.01729398096962257 0.050252501756558404 0.086963727103859995 0.049962576102172751 0.39271575419691207 0.058293023971445666 -0.00041281969326857057 -0.19697166724022647 0.036393132555650076 0.13776800590592889 0.056418567895889282 0.057378444892036799 -0.15716772579691032 -1.1266098840402805 -0.021198593353370977 -0.04432023583769882 -1.126609884040279 -0.041236411566842338 0.39111637532289789 0.18280426142427963 0.38574098890630965 0.21031712362553073 0.019367703723902008 -0.068537023264252539 0.054010958073628573 -0.1530352178043913 -0.065550478166333415 0.019597230331631479 2.0422914811645796e-08 -1.8783916638329304e-08 -1.8783916638338383e-08 -3.2001613184849014e-05 -1.0040931300275965e-05 -5.1549275424623586e-06 2.0699554663005195e-05 0.47716257881857632 0.4389008644558543 0.086963727103860008 -0.19697166724022647 0.1537765621970355 -1.1266098840402794
0.061468824744224548 0.44052071304495299 0.046235494593908369 0.067000443638703694 0.054609441084182669 0.50228639030507494 0.055039455475669567 5.8446263653073986e-33 0 0.00010795101807609547 0.33408926132156097 0.10825741745218241 0.10019714899242117 0.11708581044627085 0.36502373435590429 0.11746298029304152 0.017307733536132068 0.062015250703994988 0.10027497555971536 0.062546530100938399 0.32898337625147511 0.061976640657291922 0.00010817087483338429 -0.07116586334384882 0.035565765072237202 0.14600716689943061 0.061468824744224541 0.057838058658765387 -0.031283547833615866 1.3606372422217661 -0.021175319978809091 0.0077277465202683984 1.3606372422217661 0.0071737525428470063 0.32800702502887696 0.17403515854571128 0.32262600476164166 0.20204340105728935 0.011422558656216992 -0.033013748039219235 0.066601547121936416 -0.030496029798579148 -0.017155927809621246 -0.0033982417929139287 -7.7250342243812892e-08 4.906864458004302e-09 4.9068644580014921e-09 -3.3928124106761134e-05 -9.9513370042384481e-06 -6.6019603271029004e-06 5.704601940816828e-06 0.50228639030507494 0.36502373435590429 0.10027497555971536 -0.07116586334384882 -0.20599206058891098 1.3606372422217672
0.07590869814157486 0.89103138940881377 0.057412091484247869 0.06566867860152252 0.065860477055663502 0.95320424114038116 0.066849664704131367 3.0933355175630003e-33 0 0.00058606807448490948 0.64899042651368 0.25664207587997695 0.24185374649096975 0.26556973188467015 0.68002461071939879 0.26640297696947363 0.017418679753896972 0.22289891994549896 0.41892837037846087 0.22365653556944942 0.59560193801310635 0.20317523635195736 0.00058660364432780541 -0.26298321607201541 0.044163147295575272 0.29512108032088491 0.07590869814157486 0.069675027394252201 -0.22298093345532996 -1.987269309201982 -0.02117129969656769 -0.062295735142386267 -1.9872693092019813 -0.066492327950230606 0.59046238699134679 0.22428243824846072 0.58505526021592025 0.25265518689322364 0.061448681077374542 0.25915403364399076 0.22773970247313341 -0.21709976060616504 -0.09086575052908516 -0.02629765199504238 -1.3263129249622879e-07 2.6639457931141471e-08 2.6639457931130529e-08 -6.8464468549640087e-05 -3.4561843648482952e-05 -2.9448912673077884e-05 3.560694620175708e-05 0.95320424114038116 0.68002461071939879 0.41892837037846087 -0.26298321607201541 0.33211889067109157 -1.9872693092019817
0.073320090770721436 0.95886887081813976 0.059441772901023461 0.066135110072645109 0.067977152891413622 1.0216583671526429 0.067800090137561914 -1.9375555155333266e-33 0 -3.6211288557303319e-05 0.748980435248912 0.27998463532044504 0.27416684100209099 0.28902901119579799 0.78027815513671572 0.28858127173257753 0.017650408585897646 0.23700901019954398 0.46328303051252057 0.23643911142860866 0.65695645921008095 0.23486526062435184 -3.5327994723624958e-05 -0.47382709799215861 0.045724440693094968 0.31757628125333337 0.073320090770721436 0.070655745660267083 -0.43341633864962842 -6.0359483985273634 -0.021360921871460031 -0.1471667124379164 -6.0359483985273625 -0.14720860242937092 0.6510671117496365 0.23540977528308793 0.64559927815034324 0.26401244242470123 0.070661354362698631 0.27529897306254281 0.24057692970852815 -0.42194395972029852 -0.17182075580978501 -0.00011858352194967506 -5.6688193839459635e-08 -1.6459676616879513e-09 -1.6459676617005687e-09 -7.3666071099092972e-05 -3.9900748406808925e-05 -3.1793697576412506e-05 6.2060453478822431e-05 1.0216583671526429 0.78027815513671572 0.46328303051252057 -0.47382709799215861 0.9289937013440579 -6.0359483998299499
0.05206298828125 0.39842872789154204 0.044046649534269643 0.065284715389545375 0.052659496344916616 0.46167857660999134 0.051309800091885682 -5.5530691864934228e-34 0 -0.00050485058880457621 0.42263095906886489 0.094680459113033369 0.092558159999806239 0.10378143309828995 0.45412934971419711 0.10288522401794649 0.017803467743030186 0.10151993402984413 0.19420413235452974 0.10080146320408929 0.40210855307706816 0.05323861830151886 -0.00050420422916511891 -0.32903554888751019 0.033882038103284329 0.13207989352400368 0.05206298828125 0.054192354459574196 -0.2881909694373177 -3.5192686334203138 -0.021576859868403693 -0.094737301949818789 -3.5192686334203125 -0.091173171739068276 0.40009497469052546 0.18956617810178772 0.39458642896228741 0.21850083674962709 0.023909711541733113 0.032987091055113882 0.10497654312819678 -0.28057794080960796 -0.11604078643164764 0.022633243091295788 4.5305663368595563e-08 -2.2947754036565644e-08 -2.2947754036574554e-08 -3.0725074239404597e-05 -9.7231902212963069e-06 -1.2514377194292042e-05 3.8827906329761288e-05 0.46167857660999134 0.45412934971419711 0.19420413235452971 -0.32903554888751019 0.51894836102689634 -3.5192686334206043
0.037787262350320816 -0.10740805770464068 0.028401813216469056 0.061417322637640048 0.037066679585267395 -0.044081136202024716 0.036270743817888917 6.5985752918908829e-33 0 -0.00091861855068051633 -0.19083254987117451 -0.07231323329647002 -0.058355199538535366 -0.063277725431802281 -0.15932664737051702 -0.064550266545303672 0.017762966440996272 -0.15475655547831083 -0.31511466093695017 -0.1557221808207819 -0.17375135015275323 -0.096479155077805412 -0.00091862903829479921 0.070671411269494305 0.021847548628053114 -0.035344882592715177 0.037787262350320816 0.039172527766628891 0.11163638311726633 3.6814392966180307 -0.021587489940382908 0.055867899008546974 3.6814392966180312 0.062579805626859414 -0.16743832366493133 0.08668675492555758 -0.17292796846058336 0.11616656713825545 -0.076966303837507799 -0.40925703707854877 -0.15155250477519436 0.10862522496156543 0.037669047154490452 0.042127958710834607 2.9473732261872855e-08 -4.1755388667294823e-08 -4.1755388667298667e-08 8.0177956690654833e-06 2.0284404024023883e-05 2.3936974147221089e-05 -2.0302280786397761e-05 -0.044081136202024716 -0.15932664737051702 -0.31511466093695017 0.070671411269494305 -0.60866803381349732 3.6814392966206579
0.04555869847536087 0.04430508647605523 0.029800083782215676 0.056806433087367596 0.038504898805559899 0.10757337980282229 0.039171013704299602 1.4079184577270484e-32 0 5.0203287557654101e-05 -0.40457357529406462 -0.023631325513255617 -0.018535323001104543 -0.014709933018751486 -0.37316300024390914 -0.014279637377004507 0.017554955057805795 -0.16542586996533079 -0.35762253561010898 -0.16466717989596741 -0.37371242513602054 -0.054999968322448932 4.969645841684266e-05 0.37202738407743241 0.022923141370935127 0.014869636182635258 0.04555869847536087 0.042088930091902524 0.4126375263305071 9.5068173797344144 -0.021275139600202782 0.17802185568628009 9.5068173797344144 0.17808413219048574 -0.36515104415989991 0.053699572225959648 -0.37055907054776283 0.083871355364320277 -0.10495892245280393 -0.39536217905211946 -0.1605396046695832 0.40162874363152656 0.15345157070127274 0.00010667361490067443 -7.3824859222514595e-08 2.2819676162555807e-09 2.2819676162571776e-09 -3.6342298393145946e-06 1.6526058126240614e-05 2.5908129993133459e-05 -5.7704572706415286e-05 0.10757337980282229 -0.37316300024390914 -0.35762253561010898 0.37202738407743241 -1.4631179989649938 9.5068192640771194
0.057654451578855515 0.48645255094742029 0.040146620320708405 0.054384843560556395 0.048901885118012536 0.549883507477405 0.049780188093169822 9.0206476326726491e-33 0 0.0010157417431845845 0.068885753722612339 0.12180629535332203 0.11097741778142398 0.13075167964265055 0.10023100994201595 0.13201238647640584 0.017506647692607621 0.1228273527278945 0.21187650801231225 0.12412693913164839 0.072630407092466792 0.074777025854473156 0.0010157490524927652 0.058814591626232038 0.030882015631314153 0.16121459225569046 0.057654451578855515 0.0527176983777361 0.099081538547469303 4.0676109841327239 -0.020954617927680743 0.06456500080700503 4.0676109841327248 0.057320414468507733 0.074017078397933075 0.13635604163916698 0.068660752127213578 0.16698412791515371 -0.018884978057473176 0.13565534710153521 0.12824776067462015 0.096404969753255562 0.032957693794578045 -0.045874998557361532 -1.0503730215147491e-07 4.6170079235667209e-08 4.6170079235656793e-08 -3.7533612092766929e-05 -9.4419689164036424e-06 -1.5018469630333202e-05 -7.7843290453364105e-06 0.549883507477405 0.10023100994201595 0.21187650801231225 0.058814591626232038 -0.5800932633294329 4.0676109841346406
0.049890995025634766 0.4274483767451922 0.038032065104747159 0.053461773403865182 0.046846470178324766 0.4912040316392049 0.046383045387670331 -1.332066103662317e-33 0 0.00037487899034610578 0.37415513440261577 0.10340970229324618 0.096685295769577129 0.11246023433446907 0.40552571716725072 0.1123510997470943 0.017702938249018457 0.25194264648235032 0.48884020255163357 0.25170763738671081 0.36132932862922507 0.059941976943058535 0.0003756246643799036 -0.38997587399062006 0.029255434695959349 0.1416859759381344 0.049890995025634766 0.04934239517336076 -0.34953112815328385 -4.3728975746006178 -0.020982308775315834 -0.11201035394389131 -4.3728975746006178 -0.11508931501008395 0.35853496492666748 0.18695942850666955 0.3531626214377529 0.21775230789026279 0.031783200814636814 0.35625486437168818 0.25587541910250966 -0.34028742584206439 -0.13953485254601009 -0.019435634056487777 -1.1672337282428821e-08 1.7039954106648401e-08 1.7039954106638547e-08 -3.3019815695314601e-05 -1.1474704958260123e-05 -3.3816834182636496e-05 5.2417628967140533e-05 0.4912040316392049 0.40552571716725072 0.48884020255163357 -0.38997587399062006 0.69238278376381435 -4.3728975746171388
0.027515284717082977 -0.1750129876382801 0.02051336700015443 0.050809535680706931 0.029372054797003423 -0.11115429820904232 0.028012882497331557 -3.7141919111788057e-34 0 -0.0010381805199820152 -0.1539346016490942 -0.094321648420305909 -0.077850033604940777 -0.085302959265741829 -0.12255451820944541 -0.087078328148903414 0.017823964421013406 -0.02799794711429842 -0.052969770799704004 -0.029675264917613561 -0.14072114964504839 -0.11376632155579293 -0.0010377065427964382 -0.22412968282463661 0.015779513077041861 -0.057720085750711123 0.027515284717082977 0.030989113995147269 -0.18330867133872353 -1.7946047093719755 -0.021160503140020378 -0.058255241766144918 -1.7946047093719755 -0.05101178371716681 -0.13583043723761729 0.09354188658388965 -0.14120296925425307 0.124601082329481 -0.06076296428141649 -0.14820602927778229 -0.025477367289591976 -0.17848217902377078 -0.075674125757319813 0.04556732777550708 7.3911261235406748e-08 -4.7190023635544112e-08 -4.7190023635546997e-08 1.3134553718817351e-05 2.1365485927983269e-05 5.6871286909119494e-06 2.0949982542923106e-05 -0.11115429820904232 -0.12255451820944541 -0.052969770799704004 -0.22412968282463661 0.23060462941136689 -1.7946047093719755
0.01753542385995388 -0.54933668112447775 0.0075623147033890802 0.045510293592021141 0.016440096115417479 -0.48573144068325658 0.015974737195773719 1.0435172697495244e-32 0 -0.00062368329273968513 -0.73347367533659913 -0.21920614105964284 -0.20498989298394657 -0.21034759995951777 -0.70227856038625569 -0.21082305667784285 0.017651525134168559 -0.22887477432017339 -0.47420713704251616 -0.22894671980746906 -0.64620206281813397 -0.23881945398158502 -0.00062408623173634272 0.30905203367039846 0.0058171651564531334 -0.18161702805796187 0.017535423859953877 0.018960391795548315 0.34974993714782493 8.1040475420271143 -0.021011996817795149 0.14893806919275704 8.1040475420271143 0.1538340325908141 -0.63424701244877191 0.0025382326754434361 -0.63953107871314951 0.034181094747566976 -0.14657629561942942 -0.48072302902469921 -0.22478322818666063 0.34041235155481775 0.12929286923729902 0.030647147846941985 3.0318466714777537e-08 -2.8349240579080098e-08 -2.8349240579077606e-08 4.1793680674638342e-05 4.6539067526983547e-05 3.4728865069067849e-05 -5.2505551090660606e-05 -0.48573144068325658 -0.70227856038625569 -0.47420713704251616 0.30905203367039846 -1.2777852886593186 8.1040476796433829
0.028840523213148117 -0.2502142525021846 0.012596024094092604 0.040388102062040292 0.021486120831677828 -0.1868987065173261 0.022402479754923408 1.3123455316148728e-32 0 0.00048929809834626851 -0.62842790225125866 -0.12127859964398698 -0.11779059964789235 -0.11252636680228625 -0.59752781961749701 -0.1116490367201789 0.017449609998554095 -0.10131089099484844 -0.23327392823658283 -0.10024269928179053 -0.55250916946235917 -0.1500979668647765 0.00048880293686146545 0.36440854723073318 0.0096892493031481494 -0.082612913694202178 0.028840523213148117 0.02539607105382875 0.40461545198394538 9.4671547344675009 -0.020602682588370204 0.17785063232112067 9.4671547344675009 0.17463606673525769 -0.54263916638541321 0.020750248033300892 -0.54781108900273556 0.052955267383343441 -0.12212200472080283 -0.22552034413828195 -0.096119879347380865 0.39382065867875116 0.15046456690978616 -0.020638735043128704 -7.3286216155726876e-08 2.2240822652098168e-08 2.2240822652101741e-08 1.884398215428829e-05 3.1606049177164438e-05 1.6849725230690281e-05 -5.4134466315286847e-05 -0.1868987065173261 -0.5975278196174969 -0.2332739282365828 0.36440854723073318 -1.4362688498166511 9.4671564839756819
0.039134155958890915 0.18392558962227709 0.022705246849036562 0.037905442002412158 0.031621147797301546 0.24722425043970053 0.032386430914338772 6.4481270017409676e-33 0 0.00065027724833916379 -0.23696355808573871 0.022739746467664603 0.023615444261376212 0.031474040303271299 -0.20621814199314209 0.032080275872835538 0.017439938181747036 0.093114906412188128 0.1622645979196439 0.093624718731278062 -0.22350579002672305 -0.0080672588540195468 0.00065036299095046842 0.010703001799307691 0.017465574499258892 0.061081010187051053 0.039134155958890915 0.035392186701153787 0.050641795174110757 3.0160708817175323 -0.020333372699804748 0.043178420783779974 3.0160708817175323 0.038373864407059248 -0.21881397277019057 0.079119215979187696 -0.22391900548397209 0.11162575980199027 -0.059818024690796646 0.12808227261482566 0.0977491993763005 0.049253091101098247 0.014420730548671736 -0.030589617432560688 -7.961636718589497e-08 2.95580567426877e-08 2.955805674268769e-08 -1.4440488969946615e-05 5.8600563340835389e-06 -1.1006097566207737e-05 -2.9391189025259762e-06 0.24722425043970053 -0.20621814199314209 0.1622645979196439 0.010703001799307691 -0.43355641892255736 3.0160708817175532
0.028019510209560394 0.029258271423914982 0.017842835752162115 0.036596431085349566 0.026790642623410413 0.092662010978753845 0.026122704262987555 9.7905667647434632e-34 0 -7.476366820074055e-05 -0.20781830280391925 -0.027300303512984191 -0.019967698203979003 -0.018581416263815875 -0.17710948543013416 -0.019136949299324087 0.017538369192672223 0.089820625611973681 0.16938502594620686 0.089221273247775901 -0.19585270650736283 -0.051058346192007963 -7.4347778899047106e-05 -0.18993388355502477 0.013725258270893933 0.00988848018598114 0.028019510209560394 0.029141996734272584 -0.14990159378106502 -0.91260781792716839 -0.020312873518132438 -0.038976808714939144 -0.91260781792716816 -0.03870684502046487 -0.19148228027464001 0.080842341582304633 -0.19655234979233774 0.11351930095636575 -0.055745593824631588 0.11705242846882018 0.093371055447577331 -0.14596155819203843 -0.062686405420363717 0.0015305728070338395 2.3882692015151415e-08 -3.3983485545771302e-09 -3.3983485545804617e-09 -2.5956928073468509e-06 1.1764307641064192e-05 -1.0833744231826105e-05 2.1539477217076404e-05 0.092662010978753845 -0.17710948543013416 0.16938502594620686 -0.18993388355502477 0.1389103404514111 -0.91260781792716816
0.0072659389115869999 -0.55094083969314978 0.00057041151129831494 0.033314544456981184 0.0095327190064093056 -0.48768800546368885 0.0082999626443475607 4.0871706651443246e-33 0 -0.00078080158240857614 -0.68492912534367467 -0.21843895871622704 -0.19920080436604312 -0.20983693117288391 -0.65435322166331389 -0.21107398984205814 0.017516379158301891 -0.12545535486997667 -0.25548025862569224 -0.12649218625428776 -0.61873465557986862 -0.22869959687037689 -0.00078077585314158737 0.047491490402046012 0.00043877808561408604 -0.18214996791302121 0.0072659389115870008 0.01132714571200052 0.087593023925618477 3.1974941207549366 -0.020288192747448495 0.047017445318689489 3.197494120754937 0.052608958734504462 -0.60809856735679713 0.0013034283288314652 -0.61310170905412897 0.034286753275118237 -0.13136995046021174 -0.26180246324085499 -0.1223437558151166 0.085222395950276808 0.028619453630855388 0.034991462623458078 8.6408655327947065e-08 -3.5490981018573527e-08 -3.5490981018570457e-08 4.1851294422713826e-05 4.3754624633080565e-05 1.9716311334158594e-05 -1.6134513257100312e-05 -0.48768800546368885 -0.65435322166331389 -0.25548025862569229 0.047491490402046012 -0.5270568385325396 3.1974941207552625
0.0034584442619234324 -0.74705327588673687 -0.007665702688009291 0.027966698901132053 0.0012895705040272189 -0.6842427935379527 0.0012273470572356597 1.0090570070321828e-32 0 6.3891881827414192e-05 -0.87538138685097622 -0.28464879309434443 -0.27811752272979889 -0.2761880095089333 -0.84516796529515259 -0.27574133103141679 0.017337258731897121 -0.1360546062643436 -0.29843677211556519 -0.13531352717945141 -0.74110692217890228 -0.30580725248971508 6.3474739688604525e-05 0.3164052196247914 -0.0058966943753917655 -0.24706214635209373 0.0034584442619234332 0.0042561935878234012 0.3562037672127924 8.383027086857652 -0.020013896774571851 0.1557506453841796 8.383027086857652 0.15568914771764969 -0.72912904931296285 -0.021717732241952722 -0.73401425129417208 0.011720945902790198 -0.14803199173450229 -0.25759823872295629 -0.13120089003374016 0.34669611847736498 0.13194137101590367 -0.00061887583970397439 1.6973389912768938e-08 2.9041764466971417e-09 2.9041764467002797e-09 5.6854436593884114e-05 5.626255357642296e-05 2.1690255581650903e-05 -4.9616679181115802e-05 -0.6842427935379527 -0.84516796529515259 -0.29843677211556513 0.3164052196247914 -1.2894515661724464 8.383027318301739
0.018709219992160797 -0.30080081343638154 0.0017815304381705894 0.023725538135655196 0.010730390921827209 -0.2383539424021664 0.011873708893721923 8.0776423727150164e-33 0 0.00045762525034809953 -0.6216973644331576 -0.13687396830031651 -0.13038246119787564 -0.12849443256772974 -0.59184006583987447 -0.12783368647134086 0.017248253121291929 -0.008018793766315372 -0.040717523901036938 -0.0074247145794546013 -0.55398384742510343 -0.15688258852850889 0.00045745981120688629 0.16281422675988821 0.0013704080293619903 -0.099360315922259482 0.018709219992160797 0.014904948219170032 0.20227343504799622 5.6810160334647168 -0.019704022792315607 0.099536672643412233 5.6810160334647168 0.09629874765458217 -0.54513180336336053 0.010334427955165594 -0.54991647226036722 0.044085306626335342 -0.1105577418395445 -0.017918428721747513 -0.0033279557220765111 0.19685646139316931 0.072816861639515104 -0.020744089376537867 -8.094195261682216e-08 2.0801147743091651e-08 2.0801147743094718e-08 2.2634893084652141e-05 3.1570587475790939e-05 3.4027681720000449e-06 -2.556489590818676e-05 -0.2383539424021664 -0.59184006583987447 -0.040717523901036931 0.16281422675988821 -0.85351208091765085 5.6810160339174427
0.02758052758872509 0.11280869520950247 0.012009993047480688 0.022404454179970293 0.020969586076378798 0.17520960129672072 0.021601922812251644 2.9603432737692392e-33 0 0.00045436840072101976 -0.29782057746446206 0.00027768524521650916 0.0028235357538642552 0.0086230487828793528 -0.26810676905139763 0.009114075129512721 0.017294459402498099 0.12380958116254441 0.22619999728418744 0.12413036390730225 -0.28280858722354257 -0.022971128019133036 0.00045464389145480339 -0.10546743096925833 0.0092384561903697555 0.037538259572461839 0.02758052758872509 0.024640746198633229 -0.066087196567817627 0.74547592465563961 -0.019567556741567356 -0.0035653121373533988 0.74547592465563961 -0.0069466466631193623 -0.2780292443988584 0.056061263662398587 -0.28275094880403612 0.089950999407624743 -0.061293414857393085 0.21593701278112457 0.128240990477554 -0.064373199975835987 -0.030339087577513916 -0.021456685263835575 -6.2548540214720138e-08 2.0653109123684308e-08 2.0653109123681499e-08 -9.0694437159075062e-06 8.1058468941704514e-06 -1.5454604801381873e-05 1.256047090064816e-05 0.17520960129672072 -0.26810676905139763 0.22619999728418744 -0.10546743096925833 -0.093265965858284408 0.74547592465564005
0.014772492460906506 -0.11541966262753602 0.005622748292191013 0.021839509388075669 0.014597590932791876 -0.052981960576363195 0.013791558829925015 -2.7640098186084339e-34 0 -0.00031012115221273326 -0.36406365102110044 -0.073933640775025192 -0.062088178769871029 -0.065632939308606267 -0.33439927261732011 -0.06641795844018146 0.017393893599015591 0.058812337383564436 0.11064554962230301 0.057963551541095434 -0.34600257425546882 -0.087081375645906303 -0.00030969989714755956 -0.19385118596523992 0.0043251909939930888 -0.038002171525205672 0.014772492460906506 0.01683880431475681 -0.15430586505156937 -1.1280200911974421 -0.019600903889582914 -0.042785461879555932 -1.1280200911974421 -0.04080375905834057 -0.3400782871461937 0.040055858110729432 -0.34475783521604886 0.074027017483408925 -0.074778133260201246 0.091388830597349091 0.062099622382722146 -0.15024788082258386 -0.064271876831946101 0.012347082575945139 4.3964081996813378e-08 -1.4096416009668745e-08 -1.4096416009670012e-08 8.4175446253245592e-06 1.8534749696131529e-05 -6.5025943682305413e-06 2.0852771063678519e-05 -0.052981960576363195 -0.33439927261732011 0.11064554962230301 -0.19385118596523992 0.1612437987627563 -1.1280200911974418
-0.0022060233168303967 -0.62747743879399653 -0.009496643493818107 0.019152121498308378 -0.00052413918744080405 -0.56527019116228416 -0.0015346786109314186 3.9927006102319225e-33 0 -0.00055485949151987016 -0.74927151227032984 -0.24322582032441459 -0.22844537820565816 -0.23504807937775968 -0.71979219749410783 -0.23576284205289713 0.017351785658600488 -0.10360040965784076 -0.21793461180920862 -0.10412319202786864 -0.66210708440452548 -0.25187148806940307 -0.00055487255995637606 0.070380477157684446 -0.0073051103798600844 -0.20748706937067332 -0.0022060233168303962 0.0015153995869341358 0.10995978128767769 3.6257102023512928 -0.019555612822224015 0.056691602715450803 3.6257102023512933 0.060786325848561744 -0.65151763433043475 -0.020548177719831109 -0.65611846139885721 0.013665841067966379 -0.13106658602578439 -0.19245300875804355 -0.099992893737194596 0.10699579053918445 0.037331319246038705 0.025640422068069778 7.9179210718394932e-08 -2.5220885978176257e-08 -2.5220885978171873e-08 4.7646497462080756e-05 4.7063563550539601e-05 1.6720320366734557e-05 -1.8060816968780329e-05 -0.56527019116228416 -0.71979219749410794 -0.21793461180920867 0.070380477157684446 -0.58360421977874233 3.6257102023527166
0.0010612581390887499 -0.62860172683792137 -0.011837960771890465 0.015062439218868922 -0.0028832332339149155 -0.56682852479195089 -0.0025304451801237181 8.1053873650203388e-33 0 0.0001501899610513597 -0.80052569457556655 -0.2444975858165957 -0.23822663533025651 -0.23644186207462456 -0.771406660052677 -0.23589651974209677 0.017217307847622976 -0.083242006207891017 -0.19206894916567302 -0.082555826343075331 -0.68707825445936432 -0.2601181721263755 0.00014990923598035843 0.23279423827254589 -0.009106123670684977 -0.2078608839832638 0.0010612581390887503 0.00051819494544562948 0.27211498288283215 6.8196157283779835 -0.019310581639185788 0.12373772124056809 6.8196157283779835 0.12296263097220857 -0.67645806910701756 -0.026946704096611106 -0.68095003854635849 0.0075901588399444522 -0.13172036907504453 -0.14027577938192065 -0.07845150259282499 0.26484262505812345 0.099718485142836349 -0.0050886768149722853 -1.1554536034956854e-08 6.826816411426112e-09 6.826816411427175e-09 4.771353720104612e-05 4.8288520899745757e-05 1.4135694350267549e-05 -3.7192644679963017e-05 -0.56682852479195089 -0.77140666005267711 -0.19206894916567302 0.23279423827254589 -1.0443873317959502 6.8196157366425547
0.019760465249419212 -0.064443872429237714 0.0019011215757247415 0.012868343730049513 0.010846882871035588 -0.0029148983979798379 0.01214268358353 5.6019361605400473e-33 0 0.00051080052479132298 -0.47030881052011986 -0.057816682401520769 -0.053915363083443871 -0.049824342128084079 -0.44145513727700075 -0.04902283098133934 0.017184078679665319 0.057250083785590211 0.089369312126519773 0.057885017338422565 -0.43356262094271475 -0.074875110560765318 0.00051082512565114109 0.046766522899207685 0.0014624012120959546 -0.021133611157395867 0.019760465249419212 0.015193038880332943 0.085863731343162955 3.5155354789577773 -0.01908015683494307 0.054852613473137878 3.5155354789577777 0.051208425788151823 -0.42689444588426051 0.01623933025324063 -0.43130258749642603 0.050955535732668429 -0.08407575094740849 0.11496774446170023 0.061985723773817232 0.083540729576934397 0.028151102610767354 -0.023178106200619393 -9.7179284448642234e-08 2.3218205672330297e-08 2.3218205672330826e-08 4.4686439398743194e-06 1.7511019161556628e-05 -5.8972066169938461e-06 -8.725488341281467e-06 -0.0029148983979798379 -0.4414551372770007 0.089369312126519773 0.046766522899207692 -0.51783080971334339 3.5155354789580615
0.026960493996739388 0.29736817151406886 0.011917615928546985 0.013600479853384402 0.020874700453100147 0.35899328887314308 0.021325050188910444 -7.4662116942531613e-34 0 0.00060598929729320235 -0.032203298146452591 0.061976197143610134 0.056767940073506815 0.069988845150674675 -0.0034166009436972112 0.070710665586605451 0.01731238012400349 0.23266302815657056 0.44184923633666029 0.23314677950388235 -0.029991707439237285 0.035895495718310744 0.00060655288295590967 -0.2809051182225567 0.0091673968681130636 0.098621229755848638 0.026960493996739388 0.024383124813833233 -0.2417249774013055 -2.4653217227267761 -0.019053309970496292 -0.070221363107810547 -2.4653217227267761 -0.074721082179796131 -0.029182744127207675 0.08528550763616928 -0.033556828005719977 0.119991359194872 -0.01302637614416704 0.41841672631065574 0.23727944325441816 -0.23534341371442566 -0.097799078617905488 -0.0283107984018919 -5.4837642189493701e-08 2.7544968058786356e-08 2.7544968058780138e-08 -2.3255880060022493e-05 -4.3891494007688193e-06 -3.0923207004399281e-05 3.8369167040330364e-05 0.35899328887314308 -0.0034166009436972112 0.44184923633666029 -0.2809051182225567 0.40769993163494417 -2.4653217227267827
0.013448861427605152 0.0020119244891528818 0.0045917034121653053 0.014523675928349343 0.013563117978209159 0.06376730574012647 0.012655908498169994 -4.7358811492529277e-33 0 -0.00037386695826837219 -0.073449814022278334 -0.034258672229897924 -0.027306257068321991 -0.02623218430033428 -0.044665410165513036 -0.027085935947715828 0.017512342600531753 0.15055374306399771 0.29606303768619374 0.14953996426350294 -0.068494036757461907 -0.048025967813322551 -0.00037311227705519128 -0.39650968344416576 0.003532079547819466 0.00086274033289307625 0.013448861427605152 0.015722067745803019 -0.35693617956081269 -4.8940816534714751 -0.019241433832083186 -0.12120738413161652 -4.8940816534714759 -0.11883364975485525 -0.066660903966935942 0.073042204126028618 -0.071032695161355214 0.1076778771443169 -0.024783409434867482 0.25309067385012324 0.15372019122160852 -0.3474936679311238 -0.14214213988182409 0.015014620664512453 4.8366091876546669e-08 -1.699395264855998e-08 -1.699395264856444e-08 -6.1696029324518633e-07 8.787888222622266e-06 -1.9611292173224368e-05 4.9304567947258472e-05 0.06376730574012647 -0.044665410165513036 0.29606303768619374 -0.39650968344416576 0.73813796716152313 -4.8940816535211846
0.0013304367894306779 -0.42095471380683658 -0.0073879862430947301 0.013202324730591313 0.0015812589514060506 -0.35933678657150503 0.00083569599049270751 2.0784469244340281e-33 0 -0.00088906608748855144 -0.58547302414580027 -0.17386636755754115 -0.1563193425572606 -0.16595881761204936 -0.55677657771802103 -0.16698882211963315 0.017513572072105431 -0.10798208948145439 -0.22195165143769469 -0.10889523111378552 -0.53998105427009779 -0.17557022811619713 -0.00088893863142209097 -0.014678891782027201 -0.0056830663408421016 -0.13913392004823891 0.0013304367894306783 0.0039048135167650514 0.025107129651504249 1.9387146362052288 -0.019320785892905219 0.021635006202605365 1.9387146362052292 0.028133062177573352 -0.53100989680194544 -0.015848103031942923 -0.53533103226911316 0.018961227803637085 -0.11077827796297876 -0.20718637473681814 -0.10471128693976718 0.024397891224590615 0.0047167482246428917 0.040897190603698626 5.4773972922007317e-08 -4.041209488584511e-08 -4.0412094885842496e-08 3.1791259831088863e-05 3.43959027320286e-05 1.7253028129957428e-05 -7.8496726272895467e-06 -0.35933678657150503 -0.55677657771802103 -0.22195165143769469 -0.014678891782027201 -0.33924812077229977 1.9387146362052294
0.011262349784374237 -0.24318777860221016 -0.00384889339928671 0.011112322559652757 0.0051097258210094487 -0.18181884300985462 0.0058243875216216559 8.6556521911934194e-33 0 0.00025090771763902538 -0.60189310071222557 -0.11669714517888211 -0.11474282060601358 -0.10890575961515213 -0.57341081329272658 -0.10800291436051641 0.017370940115062211 -0.065663700315210807 -0.16141167836518233 -0.064623148628276492 -0.53242759755186497 -0.13257578699773881 0.00025063366291725212 0.22918754575584657 -0.0029606872302205488 -0.080296614751371301 0.011262349784374237 0.0088943947079063185 0.26874166475905259 6.7755665880580098 -0.019096773649789869 0.12302569096982148 6.7755665880580098 0.1216494409854379 -0.52394392610962703 -0.015345995369555731 -0.52816992460040268 0.019779572724461868 -0.1052381036701219 -0.11366575159735016 -0.060466926694187809 0.26155897894314412 0.098425914741402623 -0.0087687765895411076 -5.0382022903569354e-08 1.1404896256316182e-08 1.1404896256321476e-08 1.8158402073392523e-05 2.7682288706332103e-05 1.1743087703199782e-05 -3.6143653915069448e-05 -0.18181884300985462 -0.57341081329272658 -0.16141167836518233 0.2291875457558466 -1.0339284713342867 6.7755665954351123
0.031821083277463913 0.3824577189971472 0.012953831514413856 0.011453466062029424 0.02191788561595508 0.44385482577393148 0.023245008038784484 3.1309594449020965e-33 0 0.00094858096215997721 -0.010929075307105138 0.089917893930185122 0.080788664506577124 0.097733549311427068 0.017425820191978632 0.099088802501977269 0.017414123828207957 0.20291401655317631 0.37437891664860362 0.20403362295275665 -0.0092933987202559291 0.0629599944884697 0.00094888370981561143 -0.12183033102927161 0.0099644857803183502 0.12678314886782949 0.031821083277463913 0.02632117001656091 -0.082418215893182184 0.56854461250449062 -0.018917449173390343 -0.0066296356892512941 0.56854461250449062 -0.013462533046268273 -0.00869943439529537 0.077358880785902182 -0.012879761687997156 0.11256339623745408 -0.0099749743489194204 0.36455167728490256 0.2082031776008523 -0.080269735305635206 -0.036554406736256921 -0.043105488303480405 -1.1701943108304173e-07 4.3117316461821179e-08 4.3117316461816051e-08 -2.9786826414511563e-05 -8.523423280337697e-06 -2.6495309122258122e-05 1.7634671890179233e-05 0.44385482577393148 0.017425820191978632 0.37437891664860362 -0.12183033102927161 -0.044389057904296737 0.56854461250449151
0.036342073231935501 0.64605636830690572 0.021611296460093833 0.014400204293708554 0.030602293787008194 0.70780908615652849 0.030798568813290465 -6.7581243463415368e-33 0 0.0006439298398456595 0.5322174058067296 0.17761018613968799 0.16297259260783431 0.18555711969724872 0.56063511111803277 0.18618798511617224 0.017702470859306835 0.39477084290866105 0.7683635977825366 0.39503321452476586 0.49786635806180363 0.14408634619314623 0.00064501623722613695 -0.59785066720575486 0.016624074200072184 0.21403164060502433 0.036342073231935501 0.033887132225436767 -0.55805628543343511 -8.2478155430683753 -0.019088647126161158 -0.19120710022330578 -8.2478155430683753 -0.1961518987526997 0.49137164316563348 0.16487301906042517 0.48715796087087315 0.19989157381172692 0.076246021020566532 0.68304616827581099 0.39927001776031901 -0.54326967374624702 -0.21946677869421441 -0.030871947677754134 -5.2232787372317736e-08 2.9269538174811267e-08 2.9269538174800669e-08 -4.9974540693883383e-05 -2.7360203807756823e-05 -5.4041275110154763e-05 8.3554982005577854e-05 0.70780908615652849 0.56063511111803277 0.7683635977825366 -0.59785066720575486 1.3001328560860228 -8.2478157258159861
0.022308947518467903 0.27716142975827235 0.013175792421131748 0.016820270321450368 0.022194200267196245 0.33923763406970803 0.021196866572588603 -9.5668669553885432e-33 0 -0.00057899808017381859 0.412353112099061 0.056935450520588356 0.05705680096044622 0.06497046147974711 0.44088735380940836 0.063956561845718699 0.01802391767116323 0.24727580632242496 0.49185015350603767 0.24603781757918791 0.38620986181770517 0.037558854656858348 -0.00057782879285542385 -0.64712778319488351 0.010135224939332112 0.091933550615553888 0.022308947518467903 0.024297450981998876 -0.60660437397853073 -9.523319233146184 -0.019504680271585733 -0.21829385872512647 -9.5233192331461822 -0.21445614448655698 0.38208751467296842 0.13961864583599087 0.37781317423882155 0.17446142755045146 0.048453866589468549 0.39183398905670225 0.25034895384764944 -0.59052857671449976 -0.23822807971720858 0.024541310804089306 4.2308584330439681e-08 -2.631809455335039e-08 -2.6318094553360832e-08 -2.1693222252296987e-05 -9.561334849528446e-06 -3.3402379977868753e-05 8.367470485318912e-05 0.33923763406970803 0.44088735380940836 0.49185015350603767 -0.64712778319488351 1.4410076807633905 -9.5233211647552842
0.014994192868471146 -0.057184678896781874 0.0043250641682276523 0.016878038795179972 0.013355496714138947 0.0049472416041661908 0.012870954775963867 -6.0814843678574616e-34 0 -0.00092596205056085402 -0.10612051523188923 -0.053810787223178343 -0.044641594027296574 -0.045828433687993865 -0.077557737044263525 -0.046708618053455546 0.018100662316583093 -0.027157003737077343 -0.062122180483531748 -0.027965201004970328 -0.097184450244314033 -0.063346041166505301 -0.00092555251958886819 -0.18433632677337003 0.0033269724370981924 -0.01873029283755526 0.014994192868471146 0.015978915742207191 -0.1433703261248955 -1.1307590249830795 -0.01974047233845936 -0.042979400675930271 -1.1307590249830795 -0.036152387120403119 -0.093878895298735512 0.049795833130877598 -0.098155465926056354 0.084775006788393018 -0.040969871807167865 -0.10055875051145732 -0.023633633627477696 -0.13960393661783541 -0.060186971734342488 0.043230753905070939 2.0951550505019582e-08 -4.2089184116400882e-08 -4.2089184116403674e-08 3.9295211570223759e-06 1.247884689499021e-05 5.8278225194923722e-06 1.5919194711226503e-05 0.0049472416041661908 -0.077557737044263525 -0.062122180483531748 -0.18433632677337003 0.1307816175437807 -1.1307590249830801
0.079964213073253632 1.4986501176214859 0.046979502720805255 0.019270432117584814 0.056039314914447691 1.5611175504869292 0.060165150684925679 3.812810490945749e-33 0 0.0020333966814515604 0.83689697858329837 0.45564412413148281 0.41123992036501117 0.46371843112658873 0.86551558192261602 0.46811258512155135 0.018165063082759593 0.44178238173343021 0.81512664314071981 0.44586185122715016 0.77660317517677435 0.39187447725985691 0.0020339507677092131 -0.27215708697559865 0.036138079016004042 0.49623009179495248 0.079964213073253632 0.063287376148148444 -0.23113866533639968 -1.7605607740228206 -0.019698309967369931 -0.056111543527942266 -1.7605607740228206 -0.069897260955714788 0.76661621479150988 0.20941983212290269 0.7623420512504766 0.24453813014034148 0.11926373167546468 0.74673631060131362 0.45021170566040175 -0.22504011550280731 -0.093930360688713702 -0.086037171271014762 -3.5482631755542856e-07 9.2427121884171663e-08 9.2427121884158878e-08 -0.00011529278493837815 -6.6735242065201478e-05 -5.9661576383641204e-05 4.4863392017654043e-05 1.5611175504869295 0.86551558192261613 0.81512664314071981 -0.27215708697559865 0.35697014993185339 -1.7605607740228222
0.099946029484272003 2.4543862493605562 0.078132994683881157 0.029532648772479776 0.087288842583810228 2.5181901021186337 0.088244262312859978 -1.4271651298925923e-32 0 -5.7279323995279233e-05 1.5813158344446516 0.77673938465574865 0.77779579428266477 0.78507125253415944 1.6106749246938414 0.78382026446393671 0.01874754967549051 0.54958366882794274 1.1070800168150039 0.54737602414573061 1.2400505848754249 0.7561457744837915 -5.5320167275047843e-05 -1.1253763276876836 0.060102303602985491 0.81256974081902289 0.099946029484272003 0.091400557799053164 -1.0834830431388778 -18.000549387358571 -0.020187624684408205 -0.39627885870563018 -18.000549387358571 -0.39715464136112777 1.2242117383677822 0.28851608229995807 1.2197792204850189 0.32321722361647681 0.19114338104371709 0.88362189417583636 0.55185798672879227 -1.0547372156115016 -0.42174237340119619 -0.00485114355899519 -1.8181854649402867e-07 -2.6036056361361677e-09 -2.6036056361523705e-09 -0.00018849066344950164 -0.00012533812725057139 -7.6639682914868599e-05 0.00015435479346046134 2.5181901021189717 1.6106749246938419 1.1070800168150041 -1.1253763276876834 2.7749666280367902 -18.100779674606613
0.10029651969671249 2.4248633909722233 0.083734932736089021 0.040887593821617274 0.093010921529009416 2.490247628428083 0.092628430492256025 -9.7163472788178891e-33 0 -0.00021248370331917701 1.4572745499971196 0.76451081756545169 0.74373384403048171 0.77295796048814858 1.4876874009644412 0.77330239843203341 0.01916024615473606 0.43334540260964027 0.84545223914693113 0.43353571679404124 1.1925345250471759 0.72123627478916985 -0.00021088838487647347 -0.90236679389924324 0.064411486720068481 0.80280338281746433 0.10029651969671249 0.095825346326725888 -0.85936661427154049 -13.94933147048285 -0.020862802971322602 -0.31220148894063349 -13.949331470482848 -0.31042935042050124 1.1781496428956637 0.27763446162430511 1.173582899869027 0.31219129719149408 0.17439183043397144 0.65278214270619483 0.43811231986562077 -0.83657722805940438 -0.33572761657744182 0.011770875638173821 -9.5131348297595032e-08 -9.6583501508570909e-09 -9.6583501508796465e-09 -0.00018617836788446668 -0.00011882883462754168 -5.9411348146167274e-05 0.00012170385646619486 2.4902476284283628 1.4876874009644414 0.84545223914693113 -0.90236679389924324 2.1348999893653393 -13.950585996671709
0.085379131138324738 1.8501710219038658 0.073391600997230286 0.049646525977486408 0.082783756451843687 1.9169327671566041 0.081494729388964085 -7.2710107186301067e-33 0 -0.00070404793137816683 1.234010603883039 0.57493443926987098 0.56824402419439346 0.58352617796516526 1.2652908709783792 0.5824410232310967 0.019506506196488155 0.27513256039590273 0.54517910665118541 0.27397181528607295 1.0092394584698048 0.54462332769143595 -0.00070272773156168622 -0.73361329738679149 0.056455077690177151 0.61259288656915323 0.085379131138324738 0.08473064720715999 -0.68969918536416563 -10.931014977505157 -0.021403565003316406 -0.2495974841789223 -10.931014977505157 -0.24474151060156427 0.99816867959794897 0.24373345133370516 0.99347247778307191 0.2782725084211401 0.13496008820712105 0.34777004032096115 0.27862850737195533 -0.67141919921101645 -0.27061877231785864 0.031146462612395981 -1.3797530450321656e-08 -3.2002178698994638e-08 -3.2002178699014901e-08 -0.00014209930364051897 -8.9938987450744143e-05 -3.7177112534468262e-05 9.4852448468750355e-05 1.9169327671566074 1.265290870978379 0.54517910665118552 -0.7336132973867916 1.6510336682884439 -10.931034873927551
0.082009084522724152 1.4924954580321241 0.066846965360891672 0.054929737075687164 0.076340013581482999 1.5602926632831637 0.075919854023076383 -2.4625038440067239e-34 0 -0.00021440725551557453 0.99984686859910121 0.45471474900579123 0.43886563834758535 0.46339881850239872 1.0317633234196097 0.46357701954696945 0.019676148657085422 0.18846209396815519 0.35363139088479817 0.18877596950431558 0.85708272552284115 0.41465359126886087 -0.00021361681539317444 -0.4105060943995833 0.051420742585301285 0.49421070573023301 0.082009084522724152 0.079190356724841621 -0.36601850282405685 -4.8088699781158741 -0.021717222207883042 -0.12184903330164155 -4.8088699781158715 -0.12002360102235431 0.84840498605854098 0.21818105851275282 0.84362356968918517 0.25293340677512233 0.10611204368495095 0.19236391768634786 0.19347399000552959 -0.35633990171950147 -0.14624878037508221 0.012061774583287789 -5.9972931869845204e-08 -9.7457843416082328e-09 -9.7457843416223677e-09 -0.00011466800172720596 -6.8724719204967975e-05 -2.4407211716217459e-05 5.1585743779518547e-05 1.560292663283164 1.0317633234196097 0.35363139088479817 -0.4105060943995833 0.72797742230265916 -4.8088699781554922
0.099670358002185822 1.8098196387405341 0.077875169376648595 0.059596761280133442 0.087471299755590592 1.8786261153389607 0.088445115131738056 1.2974799497963936e-33 0 0.0002323066997508486 1.1576858536300241 0.55873028430344351 0.54224147330420813 0.56754470705183102 1.1901747330323138 0.56814166065571969 0.019853104455296571 0.24836005912922143 0.47095355304827718 0.24884266368643981 0.97209526715299821 0.51706950520699768 0.00023309603476262008 -0.40920738686207025 0.05990397644357584 0.59924383943368342 0.099670358002185808 0.091751484407540398 -0.36432515245482744 -4.5976494573398581 -0.021900025678663167 -0.11760996038630722 -4.5976494573398545 -0.11919380683105224 0.96174727545031224 0.24165900238264662 0.9568791611632953 0.27662410457250353 0.12623936298749358 0.29661388703894598 0.25358377823039224 -0.35469195384322449 -0.14564549638143903 -0.009601031229004988 -1.6848667222650179e-07 1.0559395443228647e-08 1.0559395443213713e-08 -0.00013896912808651884 -8.5226065249987163e-05 -3.2866024340020485e-05 5.3825263764536058e-05 1.878626115338963 1.1901747330323138 0.47095355304827718 -0.40920738686207025 0.71713535513255011 -4.597649457367968
0.11638834327459335 2.2757276797185808 0.093948863973340999 0.066220911071668331 0.10367024050556753 2.3458316218314166 0.10452237339877611 -6.5526783435693705e-34 0 0.00021931270207372987 1.3949734322214205 0.7124480501722148 0.6968783794087724 0.72141645298269486 1.428235546843942 0.72174496457161741 0.020109027818738478 0.31670484300244567 0.61190767724900863 0.31681266729019841 1.1406537181817955 0.67052550564904123 0.0002203415579228945 -0.55409896225149746 0.072268356902570011 0.75345713462554342 0.11638834327459334 0.10787153019727977 -0.50871705869932804 -7.2236308649237442 -0.022148711215135158 -0.17278051416320134 -7.2236308649237451 -0.17447265181720212 1.1279919652701085 0.27423115349536037 1.123013126205028 0.3093336230538391 0.15431175305496525 0.40859903642069662 0.32161430325239049 -0.49524764990178438 -0.20122152393567921 -0.010277703133475093 -1.8120878887901685e-07 9.9687591851804927e-09 9.9687591851607925e-09 -0.00017464866832256218 -0.00010976215744478586 -4.2674205682010959e-05 7.4280496674093685e-05 2.3458316218315174 1.428235546843942 0.61190767724900874 -0.55409896225149746 1.12192602170412 -7.2236308862405814
0.11116942018270493 2.1520503948234686 0.0946983530492089 0.073439115678425385 0.10455957573459665 2.2235947629568371 0.10396553656675368 -2.0209668463523635e-33 0 -0.00024283810295964119 1.3540674673042217 0.67158335288918181 0.66091396922396506 0.68069965257565446 1.3882215812057108 0.68013449884814858 0.020388734740769722 0.26922643960236314 0.52581328995439169 0.2685970798399136 1.1033255707749345 0.63345756002956288 -0.00024174646054319243 -0.59130465445154445 0.07284488696092993 0.71252648267982166 0.11116942018270493 0.10736148415211361 -0.54529690501265904 -8.0202230348762615 -0.022484393222025216 -0.18977131630068517 -8.0202230348762598 -0.18823476638922529 1.0915213245666322 0.26912044333650414 1.0864203716401803 0.3043593634686842 0.14419561410578746 0.31138306568409652 0.27346443702030643 -0.53085619278218776 -0.2153656585216194 0.010039064318212906 -8.1019915544502825e-08 -1.1038095589064432e-08 -1.103809558908249e-08 -0.00016514274308658712 -0.00010353675275013517 -3.6076430835413466e-05 7.6919977189073325e-05 2.223594762956878 1.3882215812057108 0.52581328995439169 -0.59130465445154445 1.2241973322093989 -8.0202231457426443
0.094995513558387756 1.5760575751340888 0.081983495767026307 0.078084291202894743 0.091974654734485004 1.6487988546047312 0.090752161658732206 7.9901412922422672e-34 0 -0.00040346604184163167 1.0604492392322318 0.48031868088579316 0.46988585594822002 0.48954495260866149 1.0953375902201847 0.48893368605616444 0.020571436652374632 0.15743846686172516 0.29970613239414406 0.15701198857281617 0.89281505830312768 0.44171718471150301 -0.00040267535859338092 -0.40743250291990468 0.063064227513097162 0.52188491024997163 0.094995513558387756 0.094191561415609346 -0.36090126106851445 -4.6724707171007367 -0.022756001966255376 -0.12001305208255289 -4.6724707171007358 -0.11709501627775902 0.88426162321862267 0.23360478357514142 0.87906372468311056 0.26911245511023685 0.1049552886991551 0.10986915328839157 0.16192371914596621 -0.3513608235972614 -0.14453812023539711 0.018710122946224778 -1.7105364739971053e-08 -1.8339365538247586e-08 -1.833936553826181e-08 -0.0001209855084871142 -7.2519558615016076e-05 -2.007199680290833e-05 4.9830963007248762e-05 1.6487988546047314 1.0953375902201847 0.29970613239414406 -0.40743250291990468 0.70033845573236819 -4.6724707171244164
0.094500340521335602 1.3529586964442373 0.07707193956731509 0.079953400552447887 0.087177236768126484 1.4265980268443677 0.08706840510150346 4.4417264749983422e-33 0 -2.5423821982749434e-05 0.92198884735848408 0.40518501362091214 0.39115456646198421 0.41450873866382787 0.9573821496223478 0.41468245519648622 0.020669679866154242 0.13341347936360431 0.24216433195764939 0.13374898677783628 0.79853458571866109 0.36240713960103349 -2.4893225388405199e-05 -0.24876305845620655 0.059286107359473136 0.44804522182753648 0.094500340521335602 0.090546801442175071 -0.20193229019231412 -1.6172100064019213 -0.022874948683073548 -0.056223301025212259 -1.6172100064019193 -0.055850764007326928 0.79126138388498712 0.22025988178115488 0.78599403839276305 0.25613538198425956 0.089243160586205739 0.073831950644762043 0.1386866045393432 -0.19661622340709234 -0.083454185105852924 0.0026122078735688167 -8.4117852748099041e-08 -1.1556282719327189e-09 -1.1556282719464613e-09 -0.00010388555536243253 -5.9754247766269684e-05 -1.6427342187681989e-05 2.9343377367238976e-05 1.4265980268443677 0.95738214962234802 0.24216433195764944 -0.24876305845620655 0.24626028551403445 -1.6172100064019199
0.11248906701803207 1.7607032706546604 0.08910123561357805 0.082161887274619719 0.099325518321189493 1.8352973978187999 0.10041245292227365 4.2455700310740716e-33 0 0.00037460078795472111 1.1177009293355338 0.53906243434108647 0.52227140694379526 0.54851264663752797 1.1536104590098075 0.54920413792025702 0.020809087498387224 0.22770435711615047 0.4269933717632336 0.22832057224858363 0.94461638960842742 0.49266496479683186 0.00037526120878293495 -0.3273119758296314 0.068539412010444653 0.5830060254102748 0.11248906701803207 0.10393190570339851 -0.28022719815938729 -2.90459101767259 -0.022956097900048694 -0.083230615581094278 -2.9045910176725878 -0.085850217787429989 0.93506397072313963 0.25026067889823267 0.92972074181944742 0.286451776691729 0.11655122891299455 0.24486589807258838 0.23329325271987247 -0.27283093178500734 -0.11358296116180426 -0.016252196482158591 -1.8206726201348303e-07 1.7027308543406036e-08 1.7027308543387891e-08 -0.00013512944331941468 -8.0896412481407055e-05 -2.9766508037402948e-05 4.2695938461969767e-05 1.8352973978188014 1.1536104590098073 0.42699337176323371 -0.3273119758296314 0.46324059670181272 -2.9045910176726375
0.12373679131269455 2.1359768997127979 0.10150463196569742 0.086566478384180703 0.11186848613407253 2.2118187991064922 0.11244725350088251 9.1206204078635767e-34 0 0.0001783616198705977 1.3227608465827996 0.66313627392085217 0.64966440999629649 0.67273826676798731 1.3593931026740462 0.67283553207782709 0.021049963968858647 0.29072807061981593 0.56124665149721464 0.29065214370886239 1.0860068799169182 0.61896054676713597 0.00017933085032841907 -0.51444042336048601 0.078080486127459547 0.70722041669804037 0.12373679131269455 0.11601405724941963 -0.46691825075229099 -6.3723883073015317 -0.023157377634008509 -0.15596283099154007 -6.3723883073015353 -0.15742630735016941 1.0744815209993468 0.27819122539016949 1.0690344996412913 0.31458954567770703 0.14043383467327022 0.34950475312953799 0.29568223027804941 -0.45456173297053321 -0.18541216772192395 -0.0089504494240112541 -1.6431349070798222e-07 8.1073463577639319e-09 8.1073463577461161e-09 -0.00016387515143120008 -0.00010115851824525344 -3.8905413232050887e-05 6.8143543781238531e-05 2.2118187991065295 1.3593931026740462 0.56124665149721475 -0.5144404233604859 0.98960044611093245 -6.3723883103978789
0.11228521168231964 1.8540647149850353 0.096492295667292741 0.091036555003630532 0.10700289660732937 1.9312091488505965 0.1061022544736628 -1.2365277387727284e-34 0 -0.00029274047454075022 1.1979722228534857 0.56986116604190673 0.56038375676025698 0.57959596932281665 1.2353897638115254 0.57892145458828237 0.021292945938011048 0.22542205265815043 0.43747713341631628 0.22478026848442745 0.99010062967824153 0.52878625758686415 -0.00029176699610071108 -0.51614638075096608 0.074224842820994424 0.61391574574261265 0.11228521168231964 0.10971810064372693 -0.46806685922785596 -6.5296653400677567 -0.023443861536290828 -0.15953305134090973 -6.5296653400677558 -0.15760446275760487 0.98020854596649021 0.26276102555886033 0.97465457061653904 0.29938422533376785 0.12084129304083835 0.22507285639657823 0.22986817419744357 -0.45568042104195255 -0.18592413000033708 0.01243672849262354 -5.4619383799850916e-08 -1.3306385206388316e-08 -1.3306385206405303e-08 -0.00014225695944667502 -8.6466888235441167e-05 -2.9727142595682561e-05 6.56991384399407e-05 1.9312091488505998 1.2353897638115254 0.43747713341631622 -0.51614638075096619 0.99241672144700799 -6.5296653441476211
0.095035918056964874 1.2522248262731905 0.081354290074783384 0.092617362589949542 0.091995105439473646 1.3303600542885352 0.090811929159191715 2.9340275416210244e-33 0 -0.00036718043717122402 0.88369684526049641 0.36999054042884538 0.3603601061258524 0.3798201918754035 0.92168859305976758 0.3792688326349547 0.021431962092507147 0.11966538376436041 0.22190213372767009 0.11935299928133968 0.76373908083843289 0.32825771496827943 -0.00036652864954437339 -0.31981765005144142 0.062580223134448748 0.41471842554755306 0.095035918056964874 0.094471577385153091 -0.27131471032824067 -2.9316993271577449 -0.023644538439687265 -0.084471674652303499 -2.9316993271577427 -0.081768928571056526 0.75721563085357613 0.22463850779599884 0.75158461380277397 0.26161753585024677 0.080051212319696446 0.039232327804029785 0.1244758553449315 -0.26415675584039677 -0.11033132244917293 0.017274821978242497 -1.2007248336425616e-08 -1.6690019871409532e-08 -1.6690019871421433e-08 -9.6134289561054386e-05 -5.4059235940791547e-05 -1.4552462643296425e-05 3.7331193435540784e-05 1.3303600542885352 0.92168859305976758 0.22190213372767009 -0.31981765005144142 0.43388526317708476 -2.9316993271577636
0.096720628440380096 1.1298325779544067 0.077655071151923064 0.091907155605370314 0.08840962526926939 1.2086874885405698 0.088536360540427808 5.9886102375482631e-33 0 7.364744870207095e-05 0.79194968781672836 0.32821559874434131 0.31462124559153498 0.33813367348099826 0.83030236545313274 0.33843961562334041 0.021504629572750743 0.12181094154078752 0.21652108478939736 0.122274512359125 0.70264351063024777 0.28208410445515747 7.4097351749523042e-05 -0.19667746816010884 0.059734670116863883 0.3742105783562677 0.096720628440380096 0.092235256103163188 -0.14796030389627202 -0.51289368857150419 -0.023701430485629782 -0.033933756311190985 -0.51289368857150386 -0.034264035960357569 0.69682207037782962 0.21729665438687537 0.69113862022857819 0.25470126716940478 0.071239571750736905 0.052823311317187399 0.12741782582958522 -0.14408027231417184 -0.062927360635714261 -0.0018826021685115759 -9.5433453983341189e-08 3.3476113046454023e-09 3.3476113046326513e-09 -8.6764978592526916e-05 -4.667071507372581e-05 -1.4635886248668528e-05 2.2252703527810698e-05 1.2086874885405698 0.83030236545313285 0.21652108478939738 -0.19667746816010881 0.080811094393215835 -0.51289368857150375
0.11329478770494461 1.5650638065945766 0.089312792395104507 0.092172989536801225 0.10018730481251292 1.6447476110289352 0.10125486366113676 4.7074355172891092e-33 0 0.00039554331579293888 1.0127933430597129 0.4714457729901439 0.45597673035884934 0.48148621679363723 1.0515564307511729 0.48212279319381374 0.021642030174563988 0.22640922623127746 0.42433449192812078 0.22696059879913025 0.86665403657913997 0.42267400961144797 0.00039619518824190086 -0.31915474686892559 0.068702147996234239 0.5182686249414985 0.11329478770494461 0.10499542241232415 -0.27021590526268607 -2.634633015826318 -0.023756199409473943 -0.078367329970929864 -2.6346330158263167 -0.081183293981577864 0.85826776061253895 0.25014432786142671 0.85251950979819746 0.28789101201444572 0.10199144209752564 0.24250317928039372 0.23213871614596371 -0.26308751967485783 -0.10995245824658387 -0.017546669341726214 -1.7658224026852319e-07 1.7979241626961882e-08 1.7979241626945772e-08 -0.00012012512122747208 -6.959471169817576e-05 -2.9496683366094343e-05 4.1418159701787143e-05 1.6447476110289354 1.0515564307511729 0.42433449192812067 -0.31915474686892564 0.42299101951751022 -2.634633015826326
0.11793525516986847 1.7994736022469862 0.09680887860231592 0.094516561039513863 0.10782027372742274 1.8802453536039927 0.10804499843261177 1.1668735845314463e-33 0 8.3084520768410578e-05 1.1542151728504926 0.54914953428363411 0.53797279123367314 0.55933007252426781 1.1935780072301689 0.55921057531838292 0.021873672337651459 0.2661012944272601 0.51326736817778995 0.26585544539606082 0.96131273124620642 0.50373997238044055 8.4021472688552024e-05 -0.49187074014597149 0.074468368155627629 0.59585850163326182 0.11793525516986847 0.11183225805480199 -0.442508415950435 -5.8796958129267081 -0.02394522545854421 -0.14642866008738423 -5.8796958129267063 -0.1472323540367492 0.95163843142535742 0.26911319391487282 0.94579950591193351 0.30710017704444587 0.11760555469316085 0.30629692114566087 0.27108909219301341 -0.43080235351944096 -0.17624363579250027 -0.0048481688721812577 -1.298510024482277e-07 3.7765691258467931e-09 3.7765691258296043e-09 -0.00013808576086013808 -8.2622091792288854e-05 -3.5341556819707868e-05 6.4173825533517844e-05 1.8802453536039949 1.1935780072301689 0.51326736817778962 -0.49187074014597149 0.90967735852869147 -5.87969581383775
0.10076472908258438 1.3612500630769706 0.086098007221523457 0.09624726968315539 0.097245063409416799 1.4430594436446351 0.096070107325257517 9.1336584857627657e-34 0 -0.00036648942878720443 0.94557481494917617 0.40417869605880563 0.39666688430877195 0.41447050528376211 0.98552738801384698 0.41369128557496132 0.022078539630119094 0.17753139729855708 0.34125075371862906 0.17686459012465558 0.80492684317023144 0.36180309118946752 -0.0003656374023233672 -0.43943238678594948 0.066229236324248805 0.45081604027689809 0.10076472908258438 0.099903187892492182 -0.38957323741741207 -5.0422893152168742 -0.024189201721891686 -0.12915168740692246 -5.0422893152168706 -0.12665082109400505 0.79771676225586907 0.24245426753244892 0.79179310145400972 0.28072768371492823 0.087915204052976828 0.14394944537564525 0.18214781957125722 -0.37927427860570651 -0.15595341028849047 0.015977764343597694 -1.8330663618988638e-08 -1.6658610399409501e-08 -1.6658610399423814e-08 -0.00010450154608235945 -5.9603653149639495e-05 -2.281371962048127e-05 5.41620136676945e-05 1.4430594436446351 0.98552738801384721 0.34125075371862901 -0.43943238678594948 0.75998237781970257 -5.0422893152938428
0.083506956696510315 0.76457980421585492 0.069428865692775052 0.094872257407317015 0.080689244472811797 0.84705940709722605 0.079610809698274013 4.5055651224772972e-33 0 -0.00034801914226555814 0.61221446080139252 0.2060333399933475 0.19829836735101747 0.216395502542436 0.65250433138963626 0.21590847811076311 0.022167764704299941 0.073258019444463113 0.127117474813878 0.073046789531863859 0.55940119470185434 0.16321804416944743 -0.00034752745058101584 -0.21976496925021252 0.053406819763673105 0.25332866893641415 0.083506956696510315 0.08348283432450114 -0.1695904448042953 -0.99215289130700424 -0.024314620179631041 -0.044558678365205814 -0.99215289130700335 -0.041942799090488501 0.55574174905403373 0.20066225992784786 0.54976857650991939 0.23935785551741887 0.044829985728615178 -0.034823062810213398 0.078354174213076264 -0.16513711431889055 -0.071413557401336675 0.016639841045498024 -5.1324195764523323e-10 -1.5819051921156331e-08 -1.5819051921165159e-08 -5.8788815154188216e-05 -2.7295441568082638e-05 -7.82104679879214e-06 2.3006313137207573e-05 0.84705940709722605 0.65250433138963626 0.127117474813878 -0.21976496925021249 0.13604213777365001 -0.99215289130700379
0.087381161749362946 0.74995490879003268 0.067258623928659667 0.091799172305266269 0.078616231842584081 0.83287619733281715 0.078971672601357443 7.1077215773712282e-33 0 0.00015596799568366482 0.56554330157120536 0.20003690447043238 0.18807127569940862 0.21046882716902049 0.60598401841759642 0.21088650638666748 0.022205894010838032 0.098317315850303261 0.16755985890413871 0.098881943372537848 0.5286992389975963 0.15278267406127508 0.00015630539128221667 -0.12572581992043044 0.05173740302204588 0.2484893206152117 0.087381161749362946 0.082878282340492354 -0.075439911686646946 0.9075454014131813 -0.02429855885348654 -0.0048073856747889443 0.90754540141318352 -0.0057216936213770157 0.52521248610506999 0.19842043028813267 0.51921182996462711 0.23758197221259586 0.042348386864426699 0.022344521703998171 0.10420235453528075 -0.073488378820806138 -0.035222462383441129 -0.0056515950880149804 -9.5805944869588786e-08 7.0894543492680551e-09 7.0894543492544405e-09 -5.7689158472384422e-05 -2.5611577872361666e-05 -1.117291991826258e-05 1.2427073365192815e-05 0.83287619733281715 0.60598401841759642 0.16755985890413874 -0.12572581992043044 -0.13401224494139871 0.90754540141318163
0.1017538458108902 1.1897822979564383 0.078028479831404013 0.090272231777581299 0.089490736129916773 1.2733013204106998 0.090482233448540478 4.753715993162671e-33 0 0.00042715952645897562 0.81428136765878056 0.34506352244729799 0.33125589173471032 0.35560725549803629 0.85495305390318155 0.35620568762813593 0.022330997275051667 0.21628247236167572 0.40388281980285318 0.21679097774074951 0.71865216974539492 0.29534466079426264 0.00042776802299987612 -0.29033516168186724 0.060021907562618451 0.39406781784627265 0.1017538458108902 0.094426115126184054 -0.23988365990255658 -2.0082404710334152 -0.024311777385447014 -0.065809173291746251 -2.0082404710334139 -0.06889168016868584 0.7121958853302065 0.2352307392913785 0.70614948898696372 0.2747445550078691 0.077993667968099284 0.23615541947723107 0.22214364327550667 -0.23356269000900887 -0.098459089640492395 -0.019301722128379849 -1.559091635043892e-07 1.9416342111781118e-08 1.941634211177144e-08 -9.140955385382434e-05 -4.9225852161992227e-05 -2.7979297546531628e-05 3.7305730369288882e-05 1.2733013204106998 0.85495305390318166 0.40388281980285318 -0.29033516168186724 0.32835008692677381 -2.008240471033413
0.099945098161697388 1.2790411488493483 0.080534196240597558 0.090597042280411669 0.092113734305355979 1.3633714118600087 0.091992590976336636 9.6859527511686718e-34 0 -1.4597482743185335e-05 0.89386858696392935 0.3750552448783871 0.36687255491768128 0.38572139896494545 0.93493554192423611 0.3853874605248413 0.022544805062744103 0.23158409066803112 0.44571057616720833 0.23116428907179884 0.76774924756243834 0.3302429941190228 -1.3724879500627791e-05 -0.45034894581233198 0.06194938172353659 0.42361380521556385 0.099945098161697388 0.095977342221178832 -0.3995093637202235 -5.0677972152193886 -0.024474843441028172 -0.12996489750136764 -5.0677972152193878 -0.1300906764081014 0.76067897014168351 0.24509525343222935 0.7545621596997808 0.28486401286328505 0.0854889141460414 0.25693765029403326 0.23656868379614474 -0.3889472508695872 -0.15987504128370314 -0.00065240247993653318 -8.4420339159974556e-08 -6.635219428644194e-10 -6.6352194287858353e-10 -9.8255311138924982e-05 -5.4893556405701533e-05 -3.0387424327480077e-05 5.7542436281231701e-05 1.3633714118600087 0.93493554192423611 0.44571057616720849 -0.45034894581233204 0.78053795943722093 -5.0677972153193442
0.078793488442897797 0.72874969444469029 0.065381919965787627 0.089722211749863209 0.077069904477349682 0.8137475691839412 0.075728508651066409 1.6676366586120397e-33 0 -0.00043794403434240463 0.60828080278367092 0.1930615763006624 0.18840339227891689 0.20380832472664034 0.64967242788017554 0.20295768083367691 0.022701016927289513 0.11894070287825438 0.22357776374815214 0.11826613313845276 0.55142097880676944 0.15148060572077637 -0.00043725074977324569 -0.34062756133380173 0.050293784589067393 0.24147714863877118 0.078793488442897797 0.079750950213006044 -0.28937501502589119 -3.1785096629262442 -0.024661551139530023 -0.090629891706497268 -3.1785096629262424 -0.087563850822218445 0.54763987006419856 0.20698980993633204 0.54146790448139759 0.2470901300848535 0.045785532617908221 0.055212499537737852 0.12370952141588316 -0.28173978330619015 -0.11758163345569675 0.019456702782649229 2.0371527023575114e-08 -1.9906547015556464e-08 -1.9906547015567753e-08 -5.6094031227657825e-05 -2.5717378087260977e-05 -1.4390245499307809e-05 3.9546394322879651e-05 0.8137475691839412 0.64967242788017554 0.22357776374815205 -0.34062756133380173 0.46968514199280775 -3.1785096629263081
0.063418835401535034 0.19576042584932848 0.04897074470849018 0.085797082602093025 0.06074140727525118 0.28103800467437423 0.059876450211736522 6.922328494618972e-33 0 -0.00058645738554521487 0.14933040318761448 0.016498829950484507 0.019116382439725441 0.027247140580058553 0.19081230015449946 0.026444646597661013 0.022706418380249831 -0.050398975529977651 -0.11708057376492421 -0.050903236407554009 0.15421534543286619 -0.017310551369626618 -0.00058625970452769855 -0.038921294674609551 0.037669803621915514 0.065065924598019409 0.063418835401535034 0.063928797240604934 0.012494259540233891 2.3122977157179934 -0.024684248638178599 0.024197884127615844 2.3122977157179943 0.02854434457867391 0.15613535338419918 0.13713007162957147 0.14995545141099662 0.17772880302814209 -0.023363808936565287 -0.23440110129554403 -0.045454062557512637 0.012108183654789249 -0.0015374891775717823 0.027334724114231011 1.0850251895102413e-08 -2.6657153888415418e-08 -2.6657153888423408e-08 -1.5272416099122123e-05 4.4267903578573788e-06 9.7891418178395752e-06 -4.1819333978153315e-06 0.28103800467437423 0.19081230015449946 -0.11708057376492421 -0.038921294674609551 -0.38317683876249231 2.3122977157179969
0.07013210654258728 0.3127027984597941 0.049305274882086851 0.080959581560497748 0.061145074260000667 0.39810250304094069 0.06175035810377863 1.1668463418169329e-32 0 9.2197805566184531e-05 0.025835602406185543 0.054014472902880369 0.051695942391885769 0.064737307562679161 0.067285675454832175 0.065126968909387989 0.0226112927122013 -0.04482440744178158 -0.1196820696310771 -0.044213860346583998 0.034440428059107235 0.016025027450368802 9.209291526480325e-05 0.14488744687411656 0.037927134524682181 0.10377237275674417 0.07013210654258728 0.065829072830890317 0.19614483903647043 5.8980827275168517 -0.02448710168423263 0.099393976185126923 5.8980827275168517 0.099030363148703573 0.037629492620807885 0.11855851970414857 0.03148190808656641 0.15973911423431358 -0.039310633766924778 -0.20164704204625788 -0.038780894899394042 0.19087912272256075 0.069101698821731714 -0.0024397785394372749 -9.1553908759508872e-08 4.1908093439199542e-09 4.1908093439140589e-09 -2.4262616858114396e-05 8.6844195304967473e-07 9.291956452554506e-06 -2.6515777284133192e-05 0.39810250304094069 0.067285675454832175 -0.1196820696310771 0.14488744687411656 -0.90522114091688588 5.8980827284225619
0.082387469708919525 0.75379570195955781 0.059436230884190443 0.078227537485672682 0.071354604782250877 0.83952554613561681 0.072254215619280401 7.067239130699571e-33 0 0.00093876836367589277 0.48309337175356859 0.19892910829665719 0.18093983917905754 0.20974359328312811 0.5245544484824578 0.21099684320518208 0.022657226508049532 0.21520639466957958 0.39237738891434198 0.21643753948208219 0.46538902015887107 0.14485032127163297 0.00093913548128968336 -0.14233163633541945 0.045720177603223409 0.24976880247442568 0.082387469708919525 0.076362477093597989 -0.091179667454697716 0.90694323413034805 -0.024313183255810555 -0.0048342995810666083 0.90694323413034983 -0.011527872964568578 0.46181870575657019 0.19867218132813375 0.45567423405851709 0.24023866653290027 0.041923460785241562 0.27215356180052558 0.22188552534669692 -0.088810460379537867 -0.041339306528979484 -0.042193197312567682 -1.2819133224088428e-07 4.2671289258002115e-08 4.2671289257992863e-08 -5.8084399362046872e-05 -2.4546436374901768e-05 -2.7583390293451834e-05 1.9023023090761624e-05 0.83952554613561681 0.5245544484824578 0.39237738891434198 -0.14233163633541945 -0.097377975448529636 0.9069432341303505
0.07536797970533371 0.71916427868160104 0.05783779968940983 0.077093997311467044 0.069843726429922523 0.80539494675786572 0.06943652287584251 -9.2026602782129199e-34 0 -5.2471556359725081e-05 0.61353436670066519 0.18906352659240194 0.18580380978111374 0.20000001667560291 0.65514765569001931 0.19932532699919922 0.022892471228052665 0.23240444966236243 0.45203684261377314 0.23157048290180976 0.55158749581457078 0.14900358067846009 -5.1569500944543829e-05 -0.46713711333868452 0.044490615145699859 0.23830777142578757 0.07536797970533371 0.073576698328998269 -0.41564208068614589 -5.3614877251431921 -0.024440616706134212 -0.13607444585457285 -5.3614877251431921 -0.1361248295081138 0.54696205890519467 0.21322210181356677 0.54076632337059649 0.25495937834581889 0.054923330330928069 0.28987419149788002 0.2370749914743619 -0.40465167679611014 -0.16612242629483354 -0.00032504214682623102 -3.8112369709269953e-08 -2.385070743614215e-09 -2.3850707436279078e-09 -5.5441162928860812e-05 -2.6203002324654639e-05 -3.0570100228850691e-05 5.9630010226569988e-05 0.80539494675786572 0.65514765569001931 0.45203684261377319 -0.46713711333868452 0.82540682633889273 -5.3614877253693463
0.052814282476902008 0.12078710937152665 0.040360775307933652 0.074345093458648384 0.052439970980223377 0.20730854000649415 0.051073312658949557 2.2297868191653859e-33 0 -0.00079073909772352116 0.12516823116794359 -0.0085397010043498783 -0.0027735982277920105 0.0024003663777791714 0.16688606896799055 0.0011648421426081446 0.022995269418064613 0.010440328038289795 0.010854566748858365 0.009403627358614183 0.12959425574242509 -0.039099294495278707 -0.00079023960388481854 -0.22170449807204889 0.031046750236872034 0.040254108498717155 0.052814282476902008 0.055240614461954073 -0.16984084841260114 -1.100816445967421 -0.024600723365622326 -0.047111688635886911 -1.1008164459674201 -0.041463002925573172 0.13133756439239208 0.13624346891151623 0.12512452246818234 0.17831734601583993 -0.021908903466572489 -0.10519729572196657 0.014935359884863678 -0.16538217655279025 -0.071663693881295926 0.03562822595923474 5.1624084788338242e-08 -3.5942686260155912e-08 -3.5942686260162549e-08 -9.6019857775436496e-06 7.4053711374829537e-06 1.0077323006848932e-06 2.0606604171949404e-05 0.20730854000649415 0.16688606896799055 0.010854566748858365 -0.22170449807204889 0.13377604601423321 -1.1008164459674203
0.041585054248571396 -0.28527013524910166 0.026466512831919507 0.068889038059210317 0.038593149681260729 -0.19882309957127733 0.038052469807345522 1.1730566946482133e-32 0 -0.00092052377153649704 -0.53216057433242669 -0.14283503884759313 -0.12392745329012587 -0.13202563888904825 -0.49052139982794274 -0.13316179291787261 0.022849898772001536 -0.25187459936473278 -0.51675563612304998 -0.25264995577160571 -0.49263323226352107 -0.15845183348265424 -0.00092083647247458134 0.2721761236490981 0.020358856024553465 -0.094145635204183994 0.041585054248571396 0.04223922743936312 0.32395487777621984 7.9075450312419289 -0.024461245760115005 0.14145076804455617 7.9075450312419342 0.14830135402444516 -0.4820316799188018 0.02488150079350069 -0.48818468403113624 0.067557916482501035 -0.12936127986184015 -0.55075401549699599 -0.24714563511602022 0.31529272374792661 0.11820451239937717 0.042822402356413512 1.391857852748457e-08 -4.1841989615294333e-08 -4.1841989615291699e-08 2.1486612497017163e-05 3.3547341879291623e-05 3.8447658316877051e-05 -5.0304325352710036e-05 -0.19882309957127733 -0.49052139982794274 -0.51675563612304998 0.2721761236490981 -1.259720796062938 7.9075451262313354
0.051998529583215714 -0.016089385262432056 0.030513324487578548 0.063447885201046716 0.04267906027669139 0.070224929616493695 0.043548687792103094 1.7168868051665201e-32 0 0.00048564408228244862 -0.53012388253648302 -0.055688848242735088 -0.055068146213172076 -0.044994837485571433 -0.48866997765062353 -0.043965723966675231 0.022595512738472101 -0.14116856735870786 -0.32148309050357732 -0.13982321288510619 -0.47186627857573199 -0.087971371707830828 0.0004850343641841612 0.45200351483446655 0.023471788067368105 -0.0050513147756571465 0.051998529583215714 0.047752952649449808 0.50323107498969621 11.637576112238847 -0.023999421003097224 0.21992316469444229 11.637576112238847 0.21689585980723647 -0.46240803123864921 0.031578377733114449 -0.46845234965454091 0.074924547160028554 -0.11648030155247246 -0.31779637546165435 -0.13437004805895336 0.48980599324180135 0.18721792752323185 -0.019469504208632412 -9.0331424122674001e-08 2.2074731012830833e-08 2.2074731012836828e-08 8.2834835527948735e-07 2.2197592385392575e-05 2.3226793645202455e-05 -6.7978657050432243e-05 0.070224929616493695 -0.48866997765062353 -0.32148309050357732 0.45200351483446655 -1.771445804976076 11.63763373536241
0.062651470303535461 0.42496622140219209 0.040592378984086422 0.060606976998446888 0.052809861441598431 0.51141192398068547 0.053611239808528964 8.7792389410939539e-33 0 0.00096406457644603299 0.0042726367835085989 0.090281835962320839 0.083003191246367486 0.10100878080075373 0.045616124924276358 0.10198924927334486 0.022583388474128097 0.14415130889358516 0.25419531148071967 0.1450606437395999 0.0094575753141536156 0.05022707680698902 0.00096419330516970159 0.0023696172948955777 0.031224906910835706 0.14093207912503322 0.062651470303535461 0.057837026550249165 0.053255120510831006 3.5327589517976379 -0.023662403755213623 0.050726471950609302 3.5327589517976401 0.043678177172077372 0.011372781499763562 0.11895808306064549 0.0053814767447630182 0.16264716696488885 -0.025753335366864208 0.20020664082363521 0.15051607170841327 0.051787181341542733 0.014277054188835969 -0.044751621927164961 -1.024349734741753e-07 4.3821117111188539e-08 4.3821117111185131e-08 -3.2989434853106796e-05 -5.3582971120176866e-06 -1.7544688173340297e-05 -1.3788693230869067e-06 0.51141192398068547 0.045616124924276358 0.25419531148071967 0.0023696172948955777 -0.4989080294761038 3.5327589517978391
0.052183307707309723 0.29468965271833197 0.036236340230580144 0.059068034437570624 0.048512123687333888 0.38140043533115681 0.047894882412510942 1.1104734501485619e-34 0 0.00015019298774677091 0.18078852073599982 0.048321226452387019 0.046466333271968661 0.059114665868047166 0.22213444526396048 0.058775981899399955 0.022759383779761111 0.20323254025915627 0.38910535874965635 0.20278091030105763 0.17935932001462082 0.013483944591944304 0.00015090155140234978 -0.34999012649827238 0.02787410786967703 0.097813033303987273 0.052183307707309723 0.052143727365253065 -0.29892247906397396 -3.205374360819226 -0.023682430788165613 -0.090233174317965251 -3.2053743608192264 -0.091659611030575613 0.17892773554714417 0.14693465599692582 0.17293447954077676 0.1907476142754288 0.002860044464697641 0.29497262501473925 0.20827983361201721 -0.29103258618759642 -0.12113873696864526 -0.0090715353595824527 -8.421349373788566e-10 6.8269539884967391e-09 6.8269539884881348e-09 -2.3016545057872708e-05 -2.3842267809292482e-06 -2.6322942396838615e-05 4.4160985428441149e-05 0.38140043533115681 0.22213444526396048 0.38910535874965635 -0.34999012649827238 0.5023476497353534 -3.2053743608193868
0.030970253050327301 -0.2887814934498617 0.018788983970659277 0.055650396354615807 0.031106059695992696 -0.20205257735458515 0.029848908957069806 3.2299589985466155e-33 0 -0.0011387614053528779 -0.418737033134154 -0.14321842315989725 -0.12155056182664493 -0.13250869271699861 -0.3774214333249758 -0.1343174473427669 0.022809895513372935 -0.10669307407514909 -0.21528325063388776 -0.10837219935705608 -0.39501330934663992 -0.1532428649103498 -0.0011384823128183931 -0.088363267708248691 0.014453064592814823 -0.095307891807097561 0.030970253050327298 0.03411527514040634 -0.037039137059052679 1.1641907109450915 -0.023769325529766357 0.0010789707382880972 1.1641907109450926 0.0091259936947540882 -0.38675034996659813 0.039993206602314549 -0.39271523817699022 0.084085823143426594 -0.10193233975855701 -0.25925503510459097 -0.10285765179131866 -0.036108171018842714 -0.020481211492068708 0.050498582340337127 6.6915363618700824e-08 -5.1761882061494181e-08 -5.1761882061494796e-08 2.1678946534782199e-05 3.0454425699007522e-05 1.7506568625257691e-05 -2.1685241933001502e-07 -0.20205257735458515 -0.3774214333249758 -0.21528325063388776 -0.088363267708248691 -0.22965771427812209 1.1641907109450926
0.025838131085038185 -0.51989912458251919 0.0094848972672251664 0.050077130873986492 0.021820799725189351 -0.43345623893675173 0.021680717449944254 1.2966627530350956e-32 0 -0.0001431325087154915 -0.77578503580777447 -0.22150535532953794 -0.21464394517862503 -0.21094907327310425 -0.73471543812011686 -0.21063811790872292 0.022602337467438172 -0.18190375606982903 -0.39478767254047109 -0.18120496505583147 -0.66699926240216867 -0.24437587307216233 -0.00014358773129701901 0.35786241992092505 0.0072960748209424265 -0.17180582083311838 0.025838131085038185 0.025958079385423383 0.40891458240690448 9.6508573876464734 -0.023505352119114364 0.1788511448853283 9.6508573876464716 0.18039776500515434 -0.65523548057899295 -0.0088829569929673498 -0.6610920015692946 0.035757660595266957 -0.1447822107265021 -0.36523050478528901 -0.17573142057313995 0.39799619374556444 0.15101996788205008 0.0095288145915113174 2.5520914975610552e-09 -6.5060231234363085e-09 -6.5060231234297705e-09 3.9362100761559497e-05 4.7152437338174429e-05 2.8847292009241149e-05 -5.8062339018366163e-05 -0.43345623893675173 -0.73471543812011686 -0.39478767254047109 0.35786241992092505 -1.4947066507369668 9.6508598182849301
0.040418960154056549 -0.097342756301082134 0.018080262996670864 0.04546090341557818 0.030434046881238495 -0.011128412656748016 0.031547021615892235 1.1846685362873107e-32 0 0.00051001271034677729 -0.53498054159749042 -0.081837319886664955 -0.077102269197523554 -0.071356309772632145 -0.49419531481400814 -0.070630194633166554 0.022469867424765772 -0.035338699520162491 -0.10237235991693261 -0.034599895984140337 -0.48337774430199237 -0.10567593066166177 0.00050975256072002947 0.23857578604828755 0.013907894612823738 -0.03194666206750138 0.040418960154056549 0.035835652479547932 0.28919517425157237 7.6635915998940956 -0.023117825940538489 0.13766336810228652 7.6635915998940956 0.13410352561191394 -0.47483373110320953 0.024052733667406942 -0.4805910008722829 0.069106443306365478 -0.10636766628498256 -0.086679093079348624 -0.029150686206963594 0.28145854595149133 0.10506344169598153 -0.022860271455279232 -9.7517184564009889e-08 2.3182395924857291e-08 2.318239592485882e-08 6.9552340187379218e-06 2.3847197835618175e-05 7.9698378110387403e-06 -3.7437004673762937e-05 -0.011128412656748016 -0.49419531481400814 -0.10237235991693262 0.23857578604828755 -1.1564959084830182 7.6635916517619451
0.049825992435216904 0.33035430540546418 0.028462878846073347 0.043769237918403696 0.04085111865589687 0.41665391855851647 0.041531554786248669 5.2075049406441475e-33 0 0.00071069181917733832 -0.10509609200687046 0.059634866253957815 0.055626280316906362 0.070119811382760508 -0.064414109316556709 0.070925627986449066 0.022514142007312051 0.1658425015068411 0.30082092934851257 0.16650196074195886 -0.097739310744773045 0.02740779266299331 0.00071100740054443989 -0.11178629270126365 0.021894522189287186 0.1096150831636197 0.049825992435216904 0.045836514745451994 -0.061309297933371663 1.2853378853548887 -0.022920963838501153 0.0044435959799632146 1.2853378853548887 -0.00076372921221366547 -0.095054174777660747 0.091621590975704464 -0.10075843357642567 0.13686017017896362 -0.035645474098181522 0.27312266202905505 0.17196575395600566 -0.059732158633402033 -0.029662959845367574 -0.032984610659688135 -8.4882504037550897e-08 3.2304173598973897e-08 3.2304173598968226e-08 -2.5831950223210667e-05 -1.2838521362796614e-06 -2.0718153438207456e-05 1.3496692955920605e-05 0.41665391855851647 -0.064414109316556709 0.30082092934851257 -0.11178629270126365 -0.16481790186260906 1.2853378853548902
0.037527740001678467 0.12474918281377465 0.022538984564549544 0.042979798442307794 0.034966782900669742 0.21123069921076976 0.034202451650556111 -6.9396921562130882e-34 0 -0.00012205105233078847 -0.048067745079980635 -0.0070785334078595956 -0.0026372131642842162 0.0034279726200034904 -0.0073992857078703719 0.0028201127808094341 0.022677431938615513 0.15358885592385002 0.2933675662737108 0.15286127862980295 -0.042303007702717291 -0.030678446139755705 -0.00012138149758222475 -0.32669237064688034 0.017337680434268875 0.041563060138061089 0.037527740001678467 0.03852477481369139 -0.27597967044002025 -2.9290586119366688 -0.022983237931910865 -0.083768971166545303 -2.9290586119366688 -0.083205864509474231 -0.040169218808946069 0.097467619810534215 -0.045860097270721427 0.14276067049164734 -0.028583127155010078 0.23837144154777293 0.15836570076479206 -0.26869857210507803 -0.11222006676810456 0.0034729222670732865 2.1213506638570034e-08 -5.5477751059406686e-09 -5.5477751059465995e-09 -1.0081251430672385e-05 6.5764081610817502e-06 -1.9335588095785117e-05 3.9384538671460588e-05 0.21123069921076976 -0.0073992857078703719 0.2933675662737108 -0.32669237064688034 0.44728081091664496 -2.9290586119366986
0.019843565300107002 -0.3977984735133625 0.0070416526700060834 0.040135014945334335 0.01949161667760009 -0.3113965050613326 0.018441405886825486 4.0055899135047056e-33 0 -0.00096314310680764776 -0.58789610709768914 -0.17909048571754183 -0.15902409735449868 -0.16869566602332117 -0.54731154765013967 -0.17006100504833038 0.022684743622427877 -0.11617965090758764 -0.23971162910153024 -0.1174049501388478 -0.54336197962567268 -0.18556665484120133 -0.00096298247663734388 -0.016860991304709607 0.0054166559000046752 -0.1313933847523383 0.019843565300107002 0.022775545086088159 0.034030181993561316 2.4699668795951704 -0.02302115170173806 0.02912412532138374 2.4699668795951712 0.036041552083725135 -0.53367382173831757 0.003297400374371112 -0.53931300051221154 0.048833858854386146 -0.11963441171520411 -0.24176182267282634 -0.11189440176554713 0.033073641820954132 0.0069513017392736605 0.043406565508243844 6.2382548637895958e-08 -4.3779232127619965e-08 -4.3779232127621613e-08 2.9949390093491727e-05 3.6560509648982307e-05 1.8966197891828901e-05 -9.3444577599374053e-06 -0.3113965050613326 -0.54731154765013967 -0.23971162910153024 -0.016860991304709607 -0.42351241745926771 2.4699668795951837
0.021804779767990112 -0.43489866954058332 0.0035815310803957541 0.035773931789888073 0.016037065196548468 -0.34879578841669934 0.0163147351956139 1.1458894605206605e-32 0 0.00012810083338696862 -0.73711625102637146 -0.19311551921928657 -0.18938421613438589 -0.18285511330351839 -0.69680243593995317 -0.18215857366210736 0.022507783996830961 -0.11293008089296144 -0.25996204981052295 -0.11197664462031014 -0.6348467544446651 -0.214226843551137 0.00012774779248513488 0.2951533419079283 0.0027550239079967291 -0.14367431840244901 0.021804779767990112 0.02065605658189925 0.34576435947146772 8.5305572683066675 -0.022750270651604742 0.15615736367462527 8.5305572683066675 0.15570710958403297 -0.62426056236952698 -0.013888844703580308 -0.62979052219922038 0.032075479939671782 -0.13092769288147338 -0.21310889269407618 -0.10650032841006071 0.33652492012475005 0.12685099474747291 -0.0030170074067119275 -2.444091885299336e-08 5.8227651539504259e-09 5.8227651539585736e-09 3.2770763649945911e-05 4.1608894411456646e-05 1.9077611969894458e-05 -4.7584920038789739e-05 -0.34879578841669934 -0.69680243593995317 -0.25996204981052295 0.2951533419079283 -1.3097570730277395 8.5305575766308976
0.040108676999807358 0.11344491243356519 0.016665438995881129 0.033180863528186437 0.029133893675383958 0.19941952129379695 0.03041804624941629 8.2730252616346989e-33 0 0.00058779530345392985 -0.37014874341710435 -0.011604042091758219 -0.0093291907792483648 -0.0013883434505921031 -0.33005614251595194 -0.00056621373984691158 0.022458959770212755 0.057305876524472464 0.08356808634860774 0.057989344468116912 -0.3469409340521703 -0.033384592915326486 0.00058780671864505326 0.073062542091430413 0.012819568458370095 0.037818986511470989 0.040108676999807358 0.034769285813832491 0.12338222473325272 4.6002078805349651 -0.022457598111749161 0.074233669131862592 4.6002078805349678 0.070018930486587999 -0.34090510065339219 0.036487798035786445 -0.346355184852778 0.082697496599592538 -0.076172784290578957 0.097680344445856368 0.06345973721156245 0.12005229984948221 0.041404093944265703 -0.026861328918741562 -1.1360406778669718e-07 2.6717968338814821e-08 2.6717968338813964e-08 -9.2654488683935502e-06 1.0870336262481373e-05 -5.2502295398931715e-06 -1.3439056293365121e-05 0.19941952129379695 -0.33005614251595194 0.08356808634860774 0.073062542091430413 -0.68106868649484797 4.6002078805518405
0.047996651381254196 0.49574195010558741 0.027017966147577201 0.033562145660320342 0.039519377765264714 0.58193001467443384 0.040027113289056955 6.5302036914213248e-34 0 0.00081542440646073782 0.15549786367492793 0.11462083711526892 0.10320420729002473 0.12489285085176739 0.19555565410917158 0.12589987939026079 0.022602660621405573 0.28559940250540755 0.53882107390721279 0.28637360971919334 0.1520220828765681 0.07892083158121603 0.00081608572594946854 -0.3220855925610222 0.020783050882751695 0.16435440975583246 0.047996651381254196 0.044394238509960257 -0.27169504737929917 -2.5790956360611537 -0.022405463869661118 -0.07588318442729354 -2.5790956360611537 -0.081870624689180396 0.15074684148421116 0.12346662477272301 0.14531949119483567 0.16969362369331126 0.012360847282972619 0.49609105289149147 0.29188048822465545 -0.26452708811207132 -0.11048944174508356 -0.037662387808573235 -7.6647082367957483e-08 3.7064745748221408e-08 3.7064745748212012e-08 -3.8562860404067208e-05 -1.2703956046865053e-05 -3.7746588830554656e-05 4.3986999816547013e-05 0.58193001467443384 0.19555565410917158 0.53882107390721279 -0.3220855925610222 0.43456011420214558 -2.5790956360611714
0.03483659029006958 0.21994315268620507 0.020090845894053255 0.034289180995378692 0.032628913448969912 0.30639400886760576 0.031752160100108978 -5.5161864852241303e-33 0 -0.00022822994888060957 0.22083669377069176 0.024887052481557984 0.025116492823818202 0.035234597679745322 0.26092114723737558 0.034521474259397979 0.022871465846109915 0.2452316637658003 0.47902634461839577 0.24429827555991809 0.21551243429609832 0.00042032938846944313 -0.00022720759823814383 -0.54089389297110413 0.015454496841579419 0.07306955107795933 0.03483659029006958 0.036135755898159781 -0.49001319587722991 -6.9167929416382288 -0.022640786658239039 -0.16684423627286274 -6.9167929416382288 -0.16557909339231477 0.21383079559033041 0.12981888165422761 0.20837827856052596 0.17594639678054155 0.017966755377597961 0.40045641416595101 0.24986900568759579 -0.47704465985534411 -0.19448533700418436 0.0081128462973212266 2.7641821448722685e-08 -1.0374088585475819e-08 -1.0374088585485135e-08 -1.7425011115010971e-05 -1.7425076112907303e-06 -3.2432903881684802e-05 6.9224471166467509e-05 0.30639400886760576 0.26092114723737558 0.47902634461839577 -0.54089389297110413 1.0563159605741876 -6.9167929518692173
0.021824510768055916 -0.21985878485012464 0.0075640819086436554 0.032807757267021231 0.020122299986821406 -0.13341055549819869 0.019324858690564942 1.2653509382362746e-33 0 -0.0011169080434112796 -0.36531078551168206 -0.11988276173910599 -0.10203129798528897 -0.10962246525241312 -0.32524790027237693 -0.11100977503116467 0.022938101853119491 -0.073689790486725942 -0.15371234373133696 -0.075012220087399814 -0.34572020212146187 -0.12551756186229845 -0.001116537529839532 -0.14383908495434036 0.0058185245451105021 -0.07249895824769291 0.021824510768055916 0.023719776045594845 -0.092582960775270534 0.079503736026009325 -0.022814933927264983 -0.020674757030155984 0.079503736026009741 -0.012616541121136346 -0.33878946551783978 0.024557007666789924 -0.34422054853882333 0.070843963739298063 -0.085696554794182367 -0.1727781441170558 -0.069422304469667823 -0.090175214776213194 -0.041732144323974589 0.050785396954644867 4.0324793139123602e-08 -5.0768547427784998e-08 -5.0768547427785798e-08 1.6271311215093352e-05 2.5107235379832977e-05 1.290950851486728e-05 7.8100621096804288e-06 -0.13341055549819869 -0.32524790027237693 -0.15371234373133696 -0.14383908495434036 -0.063021294526511479 0.079503736026009589
0.030566317960619926 -0.076507508491374429 0.010015869741203406 0.030427201109555643 0.022584487139354729 0.0098085361650506967 0.023232142154308012 1.0546222166171948e-32 0 3.8675388757565112e-05 -0.52137815186361214 -0.074303938728060279 -0.071268843225531425 -0.064166146496056981 -0.48145251486550533 -0.063462216776376215 0.022788540328505115 -0.093773303668448632 -0.22119015346796433 -0.092877517283551148 -0.47046801091265861 -0.093215567881413566 3.8426639774270095e-05 0.23255823759741334 0.0077045151855410759 -0.025052416186654106 0.030566317960619926 0.027635913230670786 0.28363901526921786 7.3542552041617419 -0.022617023851548575 0.13168337433119492 7.3542552041617419 0.1318980917913431 -0.46207607730776312 0.0017738168691796626 -0.46742107505930536 0.048450004209417218 -0.10373820109514438 -0.18801504444149805 -0.08731576895593926 0.27605018164575401 0.10294581109113714 0.0012708734842090026 -6.2349036807425537e-08 1.7579722162552949e-09 1.7579722162557637e-09 5.2732687402150808e-06 2.1890703262140558e-05 1.6363175465817608e-05 -3.9239699997315851e-05 0.0098085361650506967 -0.48145251486550533 -0.22119015346796431 0.23255823759741337 -1.1330230497670921 7.354255231861849
0.051042139530181885 0.5424080597276828 0.026412038159410366 0.030380959447089278 0.039005871269246289 0.62885368204911263 0.040341243554637606 5.8296422417472943e-33 0 0.001086340131704826 0.095678919540746629 0.12958590278044854 0.1159812676423858 0.13976283533060266 0.13551107970523554 0.14136231161688542 0.022808625099530116 0.21161013595618325 0.38256723432162271 0.21303824208419322 0.095020685540064473 0.093947439729363438 0.0010866264603004579 -0.09315478553265695 0.020316952430315661 0.17980011698995893 0.051042139530181885 0.044758787223625231 -0.042266476892111493 1.727019940370019 -0.022388640187422301 0.014203350594152979 1.727019940370019 0.0064616272817294733 0.094777013803937424 0.10328753229485763 0.089475915329078351 0.15012793048765075 0.00038291867553805247 0.3605610359138543 0.21860939397409049 -0.041195120037445368 -0.022316077912799694 -0.048841262836861202 -1.3368834694801297e-07 4.9379096895677235e-08 4.9379096895671173e-08 -4.2159272381571048e-05 -1.3848425508693986e-05 -2.6996759763565602e-05 1.2892524172842365e-05 0.62885368204911263 0.13551107970523554 0.38256723432162271 -0.09315478553265695 -0.2169319679042164 1.7270199403700188
0.056369777768850327 0.83170017626166404 0.035574175945013178 0.033029149081156998 0.048214827239662923 0.91860937706568668 0.048474425844509249 -5.0217862337130665e-33 0 0.00058968083767274517 0.63552731527651651 0.22615079611488079 0.21256129940150886 0.23647430845823147 0.67546725234669236 0.23692282116161981 0.023105095283981466 0.39523099925974869 0.76632207618803427 0.39529370471396363 0.57926227778318706 0.18937668929487986 0.00059081856244952891 -0.61039227646725958 0.027364750726933208 0.2755530883910397 0.056369777768850327 0.052912053606098491 -0.55913321227416868 -7.9077856984985839 -0.022535119540485843 -0.18746915479239085 -7.9077856984985821 -0.19209167893044546 0.57225797027125402 0.18711775644034559 0.56691464181760831 0.23381829055837272 0.082612672590242811 0.66416398288139966 0.40093501311624913 -0.54432817716235704 -0.22107587609967747 -0.028922804255083156 -7.3568599207490372e-08 2.6803674439680954e-08 2.6803674439665463e-08 -6.4318654285322688e-05 -3.4428399488682928e-05 -5.3504744815142363e-05 8.3601456827431516e-05 0.91860937706568668 0.67546725234669236 0.76632207618803427 -0.61039227646725958 1.2458561428879691 -7.907785791214577
0.042517252266407013 0.47812993767403733 0.027454572476411282 0.035303923369267569 0.040143274916885657 0.56548623956058586 0.039163481780069995 -7.3666329839596352e-33 0 -0.00054273595909993839 0.50257231664825253 0.11022605620836659 0.10843159940499578 0.1206425299421513 0.54269113709926031 0.11971319733971651 0.023418582372820861 0.25240112558845473 0.49523621399780499 0.25128328018372886 0.4618968298724096 0.084645914456341093 -0.00054154645431054682 -0.64076734047774819 0.021118901904931753 0.15852761612297911 0.042517252266407013 0.043621046439767858 -0.5887949661332772 -8.8123441474518351 -0.022925472641130935 -0.206771791161871 -8.8123441474518351 -0.20315008540523774 0.45729515558537998 0.16145155193437324 0.45188804150288731 0.20803888248400579 0.054379887585572065 0.38395545256995972 0.25699829724068529 -0.57320255348716898 -0.23257199871027692 0.023169486284308094 2.3484982411926266e-08 -2.4669816322715453e-08 -2.4669816322727123e-08 -3.7213661801542852e-05 -1.685945190553058e-05 -3.3446717309906471e-05 8.1543280160779777e-05 0.56548623956058586 0.54269113709926031 0.49523621399780499 -0.64076734047774819 1.3329669295496507 -8.8123446722383552
0.034187681972980499 0.1217592549541929 0.017929542662387152 0.0352189372346602 0.030650713903594085 0.20929359069996009 0.030105686847078206 4.1032552083526256e-34 0 -0.00076284789119812396 0.061464390179772593 -0.0079944818065956907 -0.0040216562116514327 0.0024043093098284206 0.1016453645307553 0.0017084154666524864 0.023516269878193698 0.024671740608251565 0.033725599728631747 0.024054672562987597 0.065499742988325588 -0.027302215746300439 -0.0007623214314513261 -0.23678223661793041 0.013791955894143955 0.040574301896314911 0.034187681972980499 0.034578461706941122 -0.18436079823192969 -1.455344196239541 -0.023148513405077363 -0.053105432449678948 -1.4553441962395406 -0.047456114786418785 0.067013444440349137 0.087836391950587123 0.061593802689353029 0.13458718625679433 -0.019221951557331318 -0.025237777304196102 0.029795890288010014 -0.17951537037908302 -0.077136378065494088 0.035827250277154152 8.314462424690932e-09 -3.467490414536571e-08 -3.467490414537107e-08 -9.9049240737514633e-06 5.4674007092285027e-06 -8.4933262960340134e-07 2.2849832095337401e-05 0.20929359069996009 0.1016453645307553 0.033725599728631747 -0.23678223661793041 0.18813559496224805 -1.4553441962395408
0.048167839646339417 0.40630594518965513 0.025217096086733833 0.034769048905146004 0.037967223656978293 0.49396881938384879 0.038886676733525846 6.1528640348385784e-33 0 0.0002368533107632228 0.10727832503821741 0.08460207508848322 0.076804205754029672 0.094995098186829552 0.14743876809089956 0.095862492837178417 0.023502562554362064 0.069623257940582259 0.10473621358480412 0.070524579478395535 0.10904698611393136 0.053901395893272926 0.00023705810229668136 -0.041049367480360602 0.019397766220564487 0.1347554392274937 0.048167839646339417 0.043374148132407947 0.011415378731237361 2.4749901194041364 -0.023091601063636648 0.02916021952469685 2.4749901194041364 0.02779973246977439 0.10970976668247785 0.096263379810697686 0.10431072626455296 0.14329783022417086 -0.0091663143503124666 0.065087606267257792 0.076267706821575978 0.011058721925555773 -0.0018641849068428791 -0.0084530957603367249 -1.0199343646662669e-07 1.0766059580150816e-08 1.0766059580145701e-08 -3.1715066553484848e-05 -7.1428096767842902e-06 -6.8354558254837729e-06 5.7906570184982877e-07 0.49396881938384879 0.14743876809089956 0.10473621358480412 -0.041049367480360602 -0.37242578900358009 2.4749901194041395
0.068389147520065308 1.0240967663278084 0.042824250612631599 0.036929142283669295 0.055623229706525182 1.1122043954280694 0.056864060705879398 9.3248901080255336e-34 0 0.00091730644305407813 0.69738610984931637 0.28829543029277793 0.26793663920868488 0.2988168500139361 0.73764566154084332 0.30016106461357567 0.023663561731811313 0.32921767214647124 0.62122926349538332 0.33029913617551487 0.63757660549732287 0.24407406680542157 0.00091806436225188041 -0.3772240426163625 0.032941731240485835 0.33923678689924408 0.068389147520065308 0.061372582084690833 -0.32461557602834323 -3.4479123708021571 -0.023087672403158416 -0.094723970055473825 -3.4479123708021562 -0.10135108580121678 0.63041109636134018 0.19165061418967605 0.62498392229685507 0.23876075032934962 0.085440124997586409 0.52180237392988904 0.33608279804881014 -0.31604339783480162 -0.13106662290643906 -0.041555452055486462 -1.4928862628456556e-07 4.1695747411557613e-08 4.1695747411543815e-08 -7.9051809600071864e-05 -4.2510459362616018e-05 -4.3753521661319738e-05 5.211812990564818e-05 1.1122043954280694 0.73764566154084332 0.62122926349538332 -0.3772240426163625 0.57215592675655003 -3.4479123708032375
0.069614604115486145 1.1692094585910906 0.049065812985055753 0.041194902436583164 0.061933824765811579 1.2580461526536884 0.061867787931818852 -5.7101225841532409e-33 0 -0.00015090438054661258 0.87301972921181803 0.3377990342092701 0.33255868626717755 0.34846309405883541 0.91362163469780444 0.34787098089120255 0.023990385103684567 0.3158263840110283 0.61903976084775925 0.31489396707478035 0.74473377230916005 0.30761142988566925 -0.00014967917450134892 -0.66050446693319587 0.037742933065427496 0.38726931611978771 0.069614604115486145 0.066403127408404997 -0.60730618103573808 -8.9645961448087359 -0.02338543480369186 -0.21040675361554634 -8.9645961448087341 -0.20975654533439889 0.73652605495631762 0.20839831478121509 0.73101366453136518 0.25542343592942568 0.098660292322098581 0.47247241960041353 0.32075449424864205 -0.59122305591063529 -0.23982521270680773 0.0043261136251649757 -6.8329291640031012e-08 -6.8592900248368897e-09 -6.8592900248530363e-09 -9.0155137526009061e-05 -5.2753665313444875e-05 -4.2357843295463497e-05 8.6366181303996169e-05 1.2580461526536884 0.91362163469780433 0.61903976084775914 -0.66050446693319587 1.3752404417373154 -8.9645968483723468
0.054694574326276779 0.72815262918741475 0.039067568542718249 0.044266541628454607 0.052001586730288187 0.81761653047069349 0.050921180700623306 -2.7210553064427983e-33 0 -0.00046718045426095842 0.61085285588496763 0.19143164365156348 0.18420247063288894 0.20217120271103978 0.65177849001013455 0.20161716498642546 0.024199895042635443 0.17844647487352047 0.33908401634266044 0.17794121424248874 0.55467167672606854 0.15885039556204303 -0.00046627708271032581 -0.46382630132838421 0.030051975802090958 0.24128763409093654 0.054694574326276779 0.055481951635181423 -0.41003497077268369 -5.4407464734370823 -0.02369794185664845 -0.13700514300675096 -5.4407464734370814 -0.13363306652715459 0.54963816583838898 0.17279093022493874 0.54406283301634073 0.21990172231757724 0.060694620917965944 0.21715721103088198 0.18385274473775565 -0.39919432305104935 -0.16405645234277111 0.021618872925410461 1.6752708700093798e-08 -2.1235475193671457e-08 -2.1235475193683229e-08 -5.6342648947051875e-05 -2.803701715159685e-05 -2.264913231128801e-05 5.659189241202076e-05 0.81761653047069349 0.65177849001013455 0.33908401634266039 -0.46382630132838421 0.81566012521629261 -5.4407464736688951
0.050251323729753494 0.44581133461664951 0.03188798315187466 0.044864573824679538 0.044872545991463807 0.53562652274402867 0.044554264838056204 2.0205244689011303e-33 0 -0.00028737164011907664 0.40107874816595901 0.097398741387032015 0.090933379229471104 0.10819047565055208 0.44212584557546736 0.10803113404512688 0.02429181194618333 0.090102956860307032 0.15686936036849566 0.090039233218685163 0.38626201733306365 0.065413763707230746 -0.00028684643117859418 -0.23329974379203597 0.024529217809134342 0.1478375999499105 0.050251323729753494 0.049135921680555479 -0.17918334725683657 -1.1296881880211642 -0.023829567054451311 -0.046960566246901446 -1.1296881880211633 -0.044742567711733607 0.3837817008924303 0.14281226214969983 0.37817382211956246 0.1901560268257079 0.02987846509268386 0.060394573693009976 0.095975965845187292 -0.17447714031171638 -0.075338951083588721 0.014174597957574869 -2.3731958493577623e-08 -1.3062347278135783e-08 -1.306234727814199e-08 -3.4704913234199544e-05 -1.195304024381652e-05 -9.9248635722565612e-06 2.4783115375695641e-05 0.53562652274402867 0.44212584557546736 0.15686936036849566 -0.23329974379203597 0.15967279970681122 -1.1296881880211638
0.067181169986724854 0.8210783204869031 0.042219238793665279 0.045551039506991464 0.055255409226013567 0.91125811136634227 0.056326845533638988 3.7281799637114258e-33 0 0.00041957771426368278 0.59540555510739213 0.22026856880579604 0.20454268435688461 0.23114275920673047 0.63654311731350133 0.23209777962865219 0.02437513725653484 0.18781793661281876 0.34032647148126388 0.18870723139696904 0.5543477965507273 0.17855593871336362 0.00042009525315006861 -0.2283604846173457 0.032476337533588674 0.27204668995216869 0.067181169986724854 0.060930290125057698 -0.1740814239080111 -0.7921261078698727 -0.023845003505640453 -0.039914968750464179 -0.79212610786987236 -0.042731378032737286 0.54927244802550279 0.17465066167947668 0.54363627545664917 0.22223379304609669 0.061083016172845235 0.23827261549280382 0.19466743662382774 -0.16951089714206466 -0.073390720370836326 -0.017527365143141838 -1.3299744386526025e-07 1.9071714284720006e-08 1.9071714284708776e-08 -6.3463190074876735e-05 -3.0932461692123959e-05 -2.3576330493673301e-05 2.7989803914531792e-05 0.91125811136634227 0.63654311731350133 0.34032647148126388 -0.2283604846173457 0.1394271116154599 -0.79212610786987314
0.084436140954494476 1.3667649404292499 0.058554086160403883 0.048861846793969071 0.07166360662111293 1.4576395275060001 0.072671384883594384 -3.1786973539203722e-34 0 0.00032146489775712091 0.92999873494856988 0.40101513834976277 0.388523918484866 0.412024192748633 0.97144107249324307 0.41240958043391113 0.024592846042086072 0.29057601274757028 0.55518840658162127 0.29067675588122016 0.79932128638439492 0.36155761219713761 0.00032238099797544598 -0.47021947768424699 0.045041604738772202 0.4526634228350413 0.084436140954494476 0.077303405613131801 -0.41559752696947772 -5.2341194358910919 -0.023974730302856143 -0.13295417007261445 -5.2341194358910883 -0.1354396537823303 0.79078903533015532 0.21915927416552106 0.78508484439571136 0.26683452992744355 0.10301967872947591 0.41055540475392333 0.29669004221714529 -0.40460982876455248 -0.16628372986569928 -0.015461050870487651 -1.5176032641197609e-07 1.4612040807150386e-08 1.4612040807136264e-08 -0.00010526991096826972 -6.0890274888666938e-05 -3.840397678934947e-05 6.1770462869597712e-05 1.4576395275060001 0.97144107249324307 0.55518840658162139 -0.47021947768424699 0.82094206600217778 -5.2341194360803893
0.080091193318367004 1.3292155948653048 0.060134933490425153 0.053475989956227127 0.073333301814846208 1.4209821217363581 0.072891432571625336 -2.3408611447222972e-33 0 -0.00020427841741761318 0.93142639087167212 0.38892783038771361 0.38066368259666294 0.40005891535332094 0.97334522251758016 0.39958238102303845 0.024846017556277477 0.24957586416978425 0.48163473871444168 0.24897955926777005 0.79387054930428969 0.3528591182251074 -0.00020325142330431133 -0.53681507484405455 0.046257641146480878 0.44023794735919342 0.080091193318367004 0.077556288651227254 -0.48165456296601583 -6.6029298767464812 -0.024240664071923955 -0.16184564537842328 -6.6029298767464795 -0.16058620013222691 0.78575816761279504 0.21778163798034919 0.77996908603881376 0.26553372386552798 0.098292526652835457 0.32344813736727812 0.2550536652195789 -0.46891218365399967 -0.19174699604715256 0.0081971157245201345 -5.3934141854042655e-08 -9.2853826098813768e-09 -9.285382609896946e-09 -0.00010237425294982631 -5.9210755778967937e-05 -3.2724856791941181e-05 6.824826876548376e-05 1.4209821217363581 0.97334522251758016 0.48163473871444168 -0.53681507484405455 1.007931026484755 -6.6029298816813178
0.063716299831867218 0.80255918344497323 0.047600464624583332 0.056092851471513508 0.060878665027811862 0.8950193257527902 0.059717618277333399 3.0674225170255619e-34 0 -0.00044662377520771209 0.64969350243572355 0.2144093973279125 0.20773566294102136 0.22562276888313396 0.69196930109661459 0.22496500023388605 0.025003952923908734 0.12769608760549758 0.23697731829634799 0.12717247851795871 0.58449201756930524 0.17949874471996549 -0.00044589256208968505 -0.35619158163783549 0.036615742018910248 0.2659242313594315 0.063716299831867218 0.064412189802294947 -0.30057450184089568 -3.3479646804845733 -0.024457237360901232 -0.093974304484538293 -3.3479646804845724 -0.090761764401973935 0.57966322824667971 0.18047270315269132 0.57381147300231938 0.2284321939114253 0.058770210551342933 0.10199671263071036 0.13328642798432952 -0.29264420400234442 -0.12218333487298783 0.020462508199445339 1.4806169583564795e-08 -2.0301080691252497e-08 -2.0301080691263178e-08 -6.2004901815803943e-05 -3.0822432485561351e-05 -1.5320771145998137e-05 4.1175015004628499e-05 0.8950193257527902 0.69196930109661459 0.23697731829634794 -0.35619158163783549 0.49475688975932802 -3.3479646804847132
0.062141261994838715 0.58843012967825059 0.041971449541004645 0.056240346744012251 0.055313272416234911 0.68130289504199271 0.055197003895064767 4.5725030178253727e-33 0 -0.00011270999770591823 0.4796904376540766 0.1425679234825547 0.13323885674650787 0.15383981508692385 0.52211728377884448 0.15392745720979914 0.025059029834974128 0.079836756143123952 0.13189110165465576 0.080070180651994977 0.45575024332036429 0.10481087215030754 -0.00011229806200035617 -0.16165287054839983 0.032285730416157413 0.19505169246573023 0.062141261994838715 0.059916653709672321 -0.10582404705033395 0.34277336600386943 -0.024508361940586348 -0.016826011600849167 0.34277336600386948 -0.015812510574168836 0.45273235138400458 0.15912170372585124 0.44684869459107129 0.20740818142601444 0.036722771946348036 0.023289910951009858 0.086201421047680624 -0.10306877856133229 -0.047328934340727657 0.0065295261624381635 -4.7332091173755219e-08 -5.1231817138989212e-09 -5.1231817139073163e-09 -4.5597739947509607e-05 -1.8195805378162172e-05 -8.2863556035098105e-06 1.5355300961079061e-05 0.68130289504199271 0.52211728377884448 0.13189110165465576 -0.16165287054839983 -0.059280235589288063 0.34277336600386998
0.079683773219585419 1.0088005976441037 0.053478016762594831 0.056898756300504824 0.066887238358678422 1.1021468526379712 0.068001094981554724 4.6684818399425883e-33 0 0.00044792851137519555 0.70620957957928066 0.28064565225284832 0.26517204098348268 0.2920149958495768 0.74878965642861295 0.29287069142142291 0.025147001067908997 0.19207886218361517 0.34937243644309668 0.19285927017690288 0.63975067805421115 0.23616858865933724 0.00044845318074046586 -0.22999534917623182 0.041136935971226793 0.33418976877908807 0.079683773219585419 0.072747537545658422 -0.17403738465752133 -0.71368860880393592 -0.024496277084472565 -0.038911960035436011 -0.71368860880393548 -0.042007341437339904 0.63386279781348032 0.19454550708042814 0.62794224653921404 0.24311232202736394 0.071187762131921517 0.22759225955035275 0.19901517892933226 -0.16946963888237376 -0.07356265416529878 -0.019354372526783424 -1.4757948242398076e-07 2.0360386880696603e-08 2.036038688068535e-08 -7.7813679029294458e-05 -4.0088019241617014e-05 -2.4117100649067524e-05 2.8166437040657083e-05 1.1021468526379712 0.74878965642861295 0.34937243644309668 -0.22999534917623182 0.12918329170093401 -0.71368860880393714
0.09170764684677124 1.4290455256317032 0.066367720986436576 0.060018196672257329 0.079864833996246415 1.5231755745598492 0.080540483641269228 5.6755686714723204e-34 0 0.00021709900469697304 0.9611737563849243 0.41997236363259621 0.4087400936580754 0.4314755131792507 1.0041214941039867 0.43162080935348962 0.02535864136526806 0.26782690682144811 0.51111510324545106 0.26775058884231695 0.82064742907625066 0.37880947090871636 0.00021799283592574439 -0.45397843106285368 0.051052093066489675 0.47328736805203231 0.09170764684677124 0.085319989620337142 -0.39768144556315238 -4.8756282755669424 -0.024621131794760172 -0.12608857093908263 -4.8756282755669398 -0.12784762574101424 0.81222467802617593 0.22798842232457125 0.80623171361374335 0.27669934091284626 0.10193750576540177 0.35339716748460381 0.27395838310194265 -0.38717141245983688 -0.15958367810730845 -0.010928679470540204 -1.3590760056243187e-07 9.8681365771435024e-09 9.8681365771288928e-09 -0.00011000892316360316 -6.3279057866622967e-05 -3.5116977830927124e-05 5.8671065632241085e-05 1.5231755745598492 1.0041214941039867 0.51111510324545095 -0.45397843106285363 0.7612412254184614 -4.8756282756326428
0.081046529114246368 1.1971534520241449 0.062180675381099754 0.063565477899554079 0.075773943568159044 1.2921543073557233 0.074958473933504591 -6.4634894824264564e-34 0 -0.00029255492287024343 0.85901979301234321 0.34350849305516745 0.33629859298920245 0.35512332617575509 0.90242812220461432 0.35448055206458234 0.025575654259704511 0.20146006772338554 0.38540628853692072 0.2008067482535737 0.74012891304294581 0.3056734479877935 -0.00029164337312195809 -0.46398598860736323 0.047831288754692107 0.39653710420617161 0.081046529114246368 0.079773047680964077 -0.40720458123796371 -5.2057539243396382 -0.024849424093788181 -0.13321725298188558 -5.2057539243396365 -0.13128893701360375 0.73315065788912648 0.21372281587949268 0.72707913017410342 0.2625921699253822 0.084718105069575514 0.22551311282945966 0.20706754258862892 -0.39644200295791021 -0.16330373099661391 0.012346202300152277 -2.7095349644309423e-08 -1.3297951039548635e-08 -1.3297951039561984e-08 -9.2225438419672981e-05 -5.1243559313887133e-05 -2.5794780323177667e-05 5.7202666053130468e-05 1.2921543073557233 0.90242812220461421 0.38540628853692072 -0.46398598860736329 0.78876958667772068 -5.2057539244685369
0.063383452594280243 0.60896994578082331 0.047043181712153215 0.064472395034120153 0.060716810307258638 0.70455200939897755 0.059531514726096926 2.6644221428256104e-33 0 -0.00044634907940994484 0.52687038364481098 0.14852456593901237 0.14286603324811586 0.16020613149651103 0.5705525628735848 0.15955483796342765 0.025681116589788389 0.075868826742709547 0.1316332481746974 0.075428963124264947 0.4896721014320175 0.11200195482872445 -0.00044578745063854721 -0.25059992238667056 0.036187062855502466 0.20185838733145561 0.063383452594280243 0.064376087385111941 -0.19347056797061946 -1.3274341401591137 -0.024991081111051902 -0.052233993338581419 -1.3274341401591121 -0.048969250243390723 0.48645569852955645 0.16971266379334354 0.48033577408694395 0.21888055778294815 0.039262174241713459 0.0031523561358000321 0.081718199769306429 -0.18838760916394945 -0.081170067815115557 0.020701110949557112 2.111988916662868e-08 -2.0288594518627795e-08 -2.0288594518637698e-08 -4.7149507835853954e-05 -1.9435674251187207e-05 -7.8289632626397918e-06 2.597823200673138e-05 0.70455200939897755 0.5705525628735848 0.13163324817469738 -0.25059992238667056 0.18357748964103596 -1.3274341401591117
0.064022846519947052 0.47082738851840966 0.042583439899482246 0.063122764291646538 0.056320337450310926 0.56671769607186562 0.056402047954467488 6.8207955177241042e-33 0 -6.603474738744906e-05 0.36463474326886192 0.10186079883083927 0.09429450676354767 0.11358411905594003 0.40839105877022652 0.11372004192747227 0.025691265374372604 0.040303108682309581 0.051304285017673562 0.040607401209264711 0.35633093438552721 0.063442235160031987 -6.5772177880349752e-05 -0.068537978876849606 0.032756492230370957 0.1561359377194167 0.064022846519947052 0.061271830352240882 -0.011314459056363788 2.1426756535190061 -0.024960228239243445 0.020379730124191215 2.1426756535190075 0.021074261420318964 0.35487637957864043 0.14801817519934862 0.34873997266472867 0.19758554142751031 0.017674342570969899 -0.04913386895516926 0.046904190546510335 -0.011071730830167912 -0.011140722175807043 0.0044124798331766739 -5.8532258887366539e-08 -3.0015794266994013e-09 -3.0015794267072327e-09 -3.65731186661148e-05 -1.0641776838896547e-05 -2.5541642711246313e-06 2.2033965283748515e-06 0.56671769607186562 0.40839105877022652 0.051304285017673562 -0.068537978876849606 -0.33415135606338764 2.1426756535190061
0.080434694886207581 0.90689855083883675 0.053915170732347251 0.062737930003583242 0.067720597136673069 1.0031989565707673 0.068800518350747353 5.8925357243823147e-33 0 0.00055182940707080284 0.63407566712161434 0.24514916716930482 0.22947645589830576 0.25696637751917401 0.67792696161680321 0.25789218080958476 0.025756912852907963 0.18388397348507285 0.33119213054733304 0.18475668204227466 0.58524784103330652 0.19811743125108872 0.00055228218935165401 -0.18413272931153132 0.041473208255651726 0.30047049438734563 0.080434694886207581 0.07369762576065661 -0.12686417114248297 0.23222953269619778 -0.024888092751937783 -0.019510020479546857 0.23222953269619809 -0.023365383312750759 0.58018060948507832 0.19175348829048641 0.57401850551006106 0.24164023686997019 0.06103093582732623 0.21348786126843913 0.19107338215181879 -0.12355105156118097 -0.055561328091029205 -0.024217615024830573 -1.4334189628832023e-07 2.5083154866861532e-08 2.5083154866850907e-08 -6.9997589239490047e-05 -3.3757091303709624e-05 -2.2847596453811746e-05 2.2059418175787282e-05 1.0031989565707673 0.67792696161680321 0.3311921305473331 -0.18413272931153132 -0.01152144809693244 0.23222953269619984
0.086008742451667786 1.1764791441023459 0.062076211331284825 0.064571037411160007 0.075967312795674341 1.2734598930129617 0.076270864033517974 8.8212096182010886e-34 0 0.00012352809301612242 0.83555287597210359 0.33501049060250904 0.32642035968290906 0.34695542343787289 0.87969096041655015 0.34682628595725978 0.025958656755906237 0.23973555790004128 0.45719895845365727 0.23942566460705683 0.72481361576643222 0.29422751306539641 0.00012437783927604306 -0.42507651769980137 0.047750931793296009 0.3896999538074678 0.086008742451667786 0.081200407931198038 -0.36750258833878546 -4.3097810419657669 -0.024987884295095165 -0.114611951233467 -4.3097810419657661 -0.11575810268296996 0.71781673493827591 0.21744933167739822 0.71159058348444659 0.26750214465531208 0.084468189544364372 0.30406324670993135 0.24579218515572421 -0.35779556911434568 -0.14811105512021303 -0.0071560466172089525 -1.0230498979723338e-07 5.6149133189219193e-09 5.6149133189088779e-09 -9.0652844831660655e-05 -4.9604671736515311e-05 -3.1102681191315365e-05 5.3880698721465234e-05 1.2734598930129617 0.87969096041655015 0.45719895845365743 -0.42507651769980137 0.67038997334683559 -4.3097810419765477
0.069462068378925323 0.77161924107080426 0.052113502745140608 0.066023606617918729 0.066090242295894705 0.86925421875744846 0.064966075004435228 6.1905167309922067e-34 0 -0.00038523035605645561 0.62947368845154372 0.20128291620686115 0.19624031935615494 0.21331565593461579 0.67392019784815249 0.21254314689822512 0.02613032897085113 0.14302441071947539 0.26846846599942681 0.14233480248239067 0.56702248652753551 0.16362129129721248 -0.00038446748732284038 -0.37157699234396535 0.040087309803954314 0.25569901548531593 0.069462068378925323 0.069927512044410389 -0.31359033167035733 -3.4829602016401759 -0.025167850402649464 -0.097493725128133937 -3.4829602016401755 -0.094849840482710529 0.56254420599286181 0.18915936287866988 0.55625902901624191 0.2394290032237556 0.054199321652394793 0.12612137494095377 0.14874444375466395 -0.3053162672899199 -0.12743211223998391 0.016780406380597433 9.9030567124435254e-09 -1.7510470729833244e-08 -1.7510470729843286e-08 -5.9623662323164373e-05 -2.8172671637372455e-05 -1.7409683355431705e-05 4.3402289053017398e-05 0.86925421875744846 0.67392019784815249 0.26846846599942681 -0.37157699234396541 0.51921350948080913 -3.4829602016404584
0.051573075354099274 0.17049286923724466 0.035245966557863717 0.064472533546438268 0.049286512217714164 0.26842531478809939 0.048173489808149596 5.6941791639271366e-33 0 -0.00069976857294736427 0.14453684103999545 0.0024454801014035647 0.0063149567631661111 0.014483269322448833 0.1890867209941737 0.013473300400061861 0.026149784870432735 -0.05189673373481897 -0.12061738479106966 -0.05263665998853654 0.14868308254991738 -0.025902124580600146 -0.00069950810943088704 -0.065679672371656242 0.027112281967587467 0.056735401090428482 0.051573075354099274 0.053160043228648479 -0.0074962240005261452 2.0304079230637635 -0.02520843291790624 0.017788437901470031 2.0304079230637635 0.022897561621894529 0.15033725551339433 0.11472552765376057 0.14403759349092668 0.16538908551042669 -0.020019203793601899 -0.21373999829222967 -0.046217444069949092 -0.0073557623733357426 -0.0097676582137674051 0.032114605767092741 3.3765273926576477e-08 -3.1807662406696326e-08 -3.1807662406698218e-08 -1.3567134840385457e-05 5.4051216654428664e-06 1.0356096045240763e-05 -1.8487284561881485e-06 0.26842531478809939 0.1890867209941737 -0.12061738479106966 -0.065679672371656242 -0.34457653817308087 2.0304079230637644
0.054473463445901871 0.13142492504436643 0.032301712804281693 0.061143552250910393 0.046389162760188757 0.22941540986471687 0.046690032871396482 1.2703738373727906e-32 0 -0.00027282870205955158 -0.17678950874386595 -0.011302080964441574 -0.0059711599355824841 0.00066888738732353854 -0.13228095221599454 0.00055404701216008403 0.026007432943003183 -0.14546402577592926 -0.31867597539799797 -0.14530819195783698 -0.16108018091046181 -0.037079148465444044 -0.0002730823540770626 0.24673701478440657 0.024847471387908989 0.043804378936688183 0.054473463445901871 0.051697058712123919 0.30472437117492451 7.8876989093705099 -0.024984107303649004 0.14052372615593511 7.8876989093705099 0.142790647107745 -0.15530051061589425 0.061393859383990522 -0.1615584989967645 0.11261013821427555 -0.070429526282621738 -0.35738725934025095 -0.13891493798076512 0.29656891636158256 0.1103082222478807 0.014005237750641967 -5.9072441144210158e-08 -1.2401304639072989e-08 -1.2401304639073705e-08 -1.0592317081813108e-05 1.1149190596788853e-05 2.3921675511125613e-05 -4.3857046430661416e-05 0.22941540986471687 -0.13228095221599454 -0.31867597539799797 0.24673701478440657 -1.2278495219803083 7.8876989963541053
0.068948075175285339 0.57244902702820855 0.042943290659289063 0.059298251248856557 0.057084249019645025 0.67064382875379747 0.05809310926265257 1.1468702174703054e-32 0 0.0008615298097724136 0.16679456693340092 0.13316491312269788 0.1202440516981438 0.14516052133100504 0.21126529739708422 0.14646694387780834 0.025927295807974916 0.084696849024919169 0.12620818102480313 0.086085685241370127 0.16772966940598499 0.089319480630426357 0.00086151049975107658 0.10372932662382554 0.033033300507145424 0.18977756969112039 0.068948075175285339 0.063123045473814976 0.16138826505830195 5.6218994259845383 -0.024658867238003222 0.09344893862824484 5.6218994259845383 0.087468571839698125 0.16808971016096833 0.12360964589402651 0.16186937321015915 0.17526431296523842 -0.0055765805028115531 0.072084848533704962 0.092466891886277269 0.15704198914209333 0.055258076528573813 -0.037883313477305322 -1.239368021589419e-07 3.9160445898749008e-08 3.9160445898743515e-08 -4.4402741531050355e-05 -1.257452717545555e-05 -8.5439057583974901e-06 -1.718692587384225e-05 0.67064382875379747 0.21126529739708422 0.12620818102480313 0.10372932662382554 -0.82727558372428711 5.621899426330617
0.068140573799610138 0.69471228944041608 0.046229321453313897 0.059418002641748117 0.060436914639168268 0.79333622335866427 0.06038793091655123 1.8779716749542462e-33 0 0.00048219645948212591 0.54087024078566714 0.17452138593446592 0.16444541715043628 0.18664333670515532 0.5854124368129372 0.1867646173972389 0.026091043934939946 0.24641535188234978 0.46687470247395346 0.24638327152007089 0.50382746432026415 0.13269429800013804 0.00048290582827391029 -0.33929842784063896 0.035561016502549142 0.23024619139221508 0.068140573799610138 0.065444529504754032 -0.28154972937150491 -2.6256946655307467 -0.02460792642382191 -0.079014280112306753 -2.6256946655307458 -0.082815945356553317 0.49924772782341736 0.18397522028364385 0.49299930922384783 0.23577526380008823 0.054166915316586177 0.35243479796803528 0.25280605465583517 -0.27412639142292611 -0.11503767832940114 -0.024066392508882765 -5.7362644571409698e-08 2.1918020885558052e-08 2.1918020885548417e-08 -5.3775602892015092e-05 -2.3795515623070457e-05 -3.1955660510606538e-05 4.3655581340130041e-05 0.79333622335866427 0.5854124368129372 0.46687470247395346 -0.33929842784063896 0.42813517617448726 -2.6256946655307623
0.047378361225128174 0.16704374167856201 0.031680242359908198 0.058512810600213926 0.045946810240986589 0.26597344446878035 0.044631935283555829 2.0273382144326302e-34 0 -0.0006505595144661061 0.22959180929685383 0.0011164064845661447 0.005586227769355202 0.013285387901416932 0.27421218793557872 0.012004517456238196 0.026248471916352451 0.076378988660278091 0.14175056562733102 0.07514867889225707 0.22720404281219064 -0.026191064479011105 -0.00064988798925231443 -0.3156957291639737 0.024369417199929383 0.055596108804511789 0.047378361225128167 0.049712343679147682 -0.25758232646577117 -2.5648540933176727 -0.024755274001995863 -0.07788595691603091 -2.5648540933176727 -0.073445843059469884 0.22699671535896981 0.13222493313480443 0.22071664715892303 0.18419474050373102 0.0016522346791102713 0.04039149593444586 0.081611422103861839 -0.25079619842897366 -0.10586463031569179 0.027941210545838421 4.9659201149347165e-08 -2.9570887021180619e-08 -2.9570887021187485e-08 -1.3345029629682954e-05 3.5854633275119593e-06 -8.042848559851988e-06 3.3965821226928749e-05 0.26597344446878035 0.27421218793557872 0.14175056562733102 -0.3156957291639737 0.36676477089384918 -2.5648540933176736
0.031171027570962906 -0.38161629523920715 0.014866931644889229 0.054577686736806338 0.029166921345002039 -0.28276563615335609 0.028248086338688163 1.0099500393182766e-32 0 -0.0012333303439806117 -0.56369192076340369 -0.17993922444850746 -0.15707543587842276 -0.16790654398088922 -0.5191370955061243 -0.16951518629057946 0.026129123859331381 -0.2735084137538823 -0.55714217858663129 -0.27477905827891658 -0.52327927410237884 -0.1870577338570252 -0.001233554485084136 0.22909933006286526 0.011436101265299401 -0.12600319638263965 0.031171027570962902 0.033344531032289175 0.28722160418237691 7.2239092916147261 -0.024676564016277582 0.12694049660439757 7.2239092916147261 0.13597663090725096 -0.51253611710617775 -0.0034631052957249833 -0.5187674109827457 0.048990678931210237 -0.13085472422402805 -0.56755905325987166 -0.26833738813536295 0.27953142165450684 0.10360171324553796 0.05658477359860789 4.6244754496304082e-08 -5.6060470180943004e-08 -5.6060470180941284e-08 2.8680635460640322e-05 3.7831435481584845e-05 4.1791596827311558e-05 -4.6706052627441145e-05 -0.28276563615335609 -0.5191370955061243 -0.55714217858663129 0.22909933006286526 -1.1682780233377084 7.2239093165589363
0.037022721022367477 -0.29080087201488386 0.014448419131882079 0.049600205129729395 0.028767316518828506 -0.19220226138955085 0.029320959414324718 1.8350255951144853e-32 0 0.00034974966297146267 -0.69017581490647839 -0.15215245273162703 -0.15070944424874405 -0.14025887097589312 -0.64587587635569754 -0.13929300609838988 0.025820547703579614 -0.20664108717857713 -0.45594121223217132 -0.20526632522926208 -0.59457004096600996 -0.17889829580086686 0.00034899553809228167 0.55054580734494007 0.01111416856298621 -0.095945730344689173 0.037022721022367477 0.034429575677651827 0.60806767450774668 13.591765112749229 -0.024181590157879081 0.26062014328076527 13.591765112749231 0.25867338482216229 -0.58362417729600014 -0.013388182235144545 -0.58973651945366201 0.039712693041257414 -0.13425746680975725 -0.41004429255851926 -0.19888709207000541 0.59110055128595318 0.2267541626583594 -0.012700324295450812 -5.5173305206710094e-08 1.5897711953241904e-08 1.5897711953258663e-08 2.1695209946103279e-05 3.6852554386756295e-05 3.2954465781200193e-05 -8.3424008390590258e-05 -0.19220226138955085 -0.64587587635569743 -0.45594121223217138 0.55054580734494007 -2.0789464234163262 13.592571688740517
0.049617674201726913 0.15623024638851032 0.024643402531715007 0.046667121573732116 0.038990006082043178 0.25477639299884347 0.039918168175465056 1.2274276000968529e-32 0 0.00064994359582948758 -0.31783584960310712 -0.0036851041577965452 -0.00060249093349511011 0.0081811216572316974 -0.27373443806401287 0.0087337902711323145 0.025709635660175669 -0.0034414367942437489 -0.039222536749893365 -0.0029246815592948111 -0.29875624756693359 -0.028129725889779581 0.00064974435001429148 0.21229607437602777 0.018956463485934615 0.052014807021197415 0.049617674201726913 0.045041945221700477 0.26930295835323043 7.4776713805128834 -0.023727049067270578 0.13317803601963077 7.4776713805128887 0.12841447992173827 -0.2926806480531205 0.040563173847494582 -0.29871496651025004 0.094029565956755962 -0.075908435403171659 -0.034057397105681286 0.0034356809683614565 0.26209043876202787 0.0968924321677858 -0.030604824200857601 -9.7355935745240701e-08 2.9542890719523363e-08 2.9542890719524038e-08 -1.2579407805899295e-05 1.014913249695424e-05 3.7634536518230151e-06 -3.3724396327789649e-05 0.25477639299884347 -0.27373443806401287 -0.039222536749893365 0.21229607437602777 -1.1201399980230775 7.4776714148690093
0.043584998697042465 0.1539891528057464 0.023878609817052827 0.045451687325542806 0.038262611787018889 0.25266678573053053 0.037922246366088624 6.0498246705572362e-33 0 0.00019362512518401222 -0.18763510702547728 -0.0037228976685483453 0.00010790389165910288 0.008131456593042926 -0.1435819732379148 0.0079678069858977046 0.02573278846428145 0.061511409230224828 0.099376363726947262 0.06132957619865035 -0.17615818907970759 -0.026920498562873846 0.00019385389441763402 -0.048213665773853949 0.018368161397732938 0.051273208332511942 0.043584998697042465 0.04306376866568315 0.0086556606663468934 2.5207399848845999 -0.023530573050535825 0.029687369193768277 2.5207399848845999 0.028093571154272936 -0.17197509904678041 0.060767112681262683 -0.17796613027122296 0.11442613597620636 -0.053055245114072086 0.082299974510790311 0.067700445083611102 0.0083692480200517772 -0.0032870704458977241 -0.010388853263183459 -1.1090000667219541e-08 8.8011420538206748e-09 8.801142053817055e-09 -1.2415636186758604e-05 8.0815119104917126e-06 -5.688128243243931e-06 7.8948634189996163e-07 0.25266678573053053 -0.1435819732379148 0.099376363726947262 -0.048213665773853949 -0.37753052792187275 2.5207399848846022
0.021147243678569794 -0.43088208005492834 0.0068121348297122452 0.04275987477497116 0.021220326163311126 -0.33226586786661533 0.019859229099061258 6.6344359951520846e-33 0 -0.00077761660341526401 -0.62266101757202053 -0.19585124943370333 -0.17562952304407614 -0.18409436184683101 -0.57870975462480434 -0.18554617381490851 0.025696999449357688 -0.14048509133965417 -0.29081322268862719 -0.14176370375850744 -0.57140234584513894 -0.20131428388177119 -0.00077760440533801705 0.083476031301690082 0.005240103715163264 -0.14231142970756547 0.021147243678569794 0.025013998173746763 0.14030827891719061 4.5957043095639456 -0.023413203108067691 0.073203852119161791 4.5957043095639447 0.078651319304569506 -0.56134872986544659 -0.013499768360887232 -0.56728044902395736 0.040414226048104629 -0.12389815344916802 -0.27501170078443876 -0.13539550308775342 0.13652375865319125 0.047343975256231539 0.033885726595169065 8.2271372237807778e-08 -3.5346209246147723e-08 -3.5346209246145943e-08 3.2391926975035545e-05 3.9206419621811925e-05 2.2789179680673113e-05 -2.331984538447889e-05 -0.33226586786661533 -0.57870975462480434 -0.29081322268862719 0.083476031301690082 -0.74112272703838555 4.5957043096059706
0.0089279282838106155 -0.86018424393982162 -0.0076671504796899919 0.037325991324918859 0.0067393029317292762 -0.76199746240468635 0.0061332071426474684 1.3035514468838383e-32 0 -0.00011400688322817895 -0.94605233363635788 -0.33911001549302305 -0.33062766917712721 -0.32750154461064168 -0.90246494633487784 -0.32738908903343 0.025474987687937687 -0.20067160632683226 -0.43276435733834345 -0.20017503209812509 -0.79551431642656234 -0.35448471541483018 -0.00011452163463937517 0.40340830359851276 -0.005897808061299999 -0.28440617288041287 0.0089279282838106173 0.011293469340523632 0.45985603043134199 10.643694855525869 -0.023067658795351855 0.20004664390740631 10.643694855525872 0.20126253511121411 -0.78261092963204537 -0.054671902810633714 -0.78842401747192625 -0.00031871990854070011 -0.15879014703023453 -0.3580507755033881 -0.19385039965087866 0.44758112369669195 0.17026329187195949 0.007274746056133605 5.0330660781132156e-08 -5.1821310558295025e-09 -5.1821310558250242e-09 6.5265174759305056e-05 6.4237167504708632e-05 3.1819975054747428e-05 -6.5045777033818404e-05 -0.76199746240468635 -0.90246494633487795 -0.43276435733834345 0.40340830359851276 -1.645240973573229 10.643707541950873
0.018641561269760132 -0.61486825092673614 -0.0043054872608128429 0.031758601267263958 0.010089806486091523 -0.51718664589833074 0.010917708594355306 1.2560709656080403e-32 0 0.00036025071139427227 -0.814373086549951 -0.25795442848776545 -0.24998171859831278 -0.24644728742870772 -0.77125436383207557 -0.24590610458290277 0.025296590201002705 -0.10398401569931404 -0.2406724038630535 -0.10338804219565183 -0.69959481374472632 -0.27250281581512537 0.00035984370535780265 0.33711370463823453 -0.0033119132775483451 -0.20321206871612546 0.018641561269760132 0.016081164228351524 0.39304832384043831 9.5555734262653687 -0.022625657457713163 0.1777194057087243 9.5555734262653704 0.17526606783605947 -0.6885734179099201 -0.038447772053013342 -0.69426984031178252 0.016249349651852998 -0.13647509740762823 -0.16867032120196371 -0.097097293990261374 0.38254932351979459 0.144661345846052 -0.015990899303943699 -5.4476532795923854e-08 1.6375032336098775e-08 1.6375032336107008e-08 4.6438382744905273e-05 5.0483181298792674e-05 1.8056406282976705e-05 -5.2931547216545059e-05 -0.51718664589833074 -0.77125436383207557 -0.24067240386305355 0.33711370463823453 -1.454523586213339 9.5555754739202872
0.029846657067537308 -0.16156874592857301 0.0060269319608367749 0.028755392391499716 0.020423291401931044 -0.064133422890256989 0.021265690542514145 8.5650936224578594e-33 0 0.00040183711249944996 -0.55228082554777169 -0.10759402162359029 -0.10080311753398599 -0.096156791381672782 -0.5094516727300703 -0.095710383986931283 0.025233054467685145 0.010526899198698295 -0.0083965181959003467 0.010856802557508391 -0.50151184511694946 -0.12231864074999195 0.00040179383681737311 0.11541215952233859 0.0046361015083359785 -0.05317745159330494 0.029846657067537304 0.026436233883743318 0.17102036727210929 5.4727940610223929 -0.02230664133325206 0.092633159739607424 5.4727940610223929 0.089693221300250481 -0.49363087028963737 -0.0052786305179892516 -0.49923853067742652 0.0496011713478096 -0.098647895373370501 0.040913584485896777 0.01713892682410877 0.16642151774791777 0.059356178740913763 -0.018940981895231798 -7.2562195399869925e-08 1.826532329542549e-08 1.8265323295426086e-08 1.1684696576448681e-05 2.5594230175091321e-05 1.6578136552544173e-06 -2.1148494110016701e-05 -0.064133422890256989 -0.5094516727300703 -0.0083965181959003571 0.11541215952233859 -0.82327188795337558 5.4727940612813173
0.02028726227581501 -0.26045637771267205 0.0025081234852005899 0.027188024322068446 0.016912995478723838 -0.16311812432912279 0.016355685525256888 5.0779092461862764e-33 0 -0.00014783543494015328 -0.56006586358362498 -0.1391605173575817 -0.12642621879394958 -0.12779280452214001 -0.51739768147595788 -0.1283539314782999 0.025233870859947497 -0.01036232037019498 -0.038712608987813285 -0.010957709426878973 -0.515048955767066 -0.14695299823663319 -0.00014768747272618754 -0.0010330753596842943 0.0019293257578466036 -0.08590848100012255 0.02028726227581501 0.021535118434657153 0.054473126113763246 3.1365350873218265 -0.022142815873449826 0.043926548367839879 3.1365350873218265 0.04479388479296021 -0.50692234404276337 -0.011733431108503107 -0.51246118163780507 0.043245710719803848 -0.10144567518594402 0.0010233969266412735 -0.0046701602517499243 0.05297134756495421 0.014572406550306918 0.0050821124299461912 2.6550131039194959e-08 -6.7197924972805527e-09 -6.7197924972827431e-09 1.9255100869333398e-05 2.9407227384581265e-05 4.380149368016026e-06 -7.6401830570883811e-06 -0.16311812432912279 -0.51739768147595788 -0.038712608987813271 -0.0010330753596842941 -0.48776654513332474 3.1365350873219309
-0.0010865903459489346 -0.83887298732394622 -0.01474015202529512 0.023850404290674799 -0.00034286260212958836 -0.74186479164342378 -0.0016132917022599624 7.0360118177609001e-33 0 -0.00045127671088272532 -0.88528195297145895 -0.33009314865158002 -0.31500960849301274 -0.31884569255171419 -0.84290449754294927 -0.31960095006100031 0.025144598639445685 -0.13494199745576421 -0.2881970820416469 -0.13548850123893061 -0.76366882843281048 -0.33405791376638028 -0.00045140729911249229 0.16818313837189428 -0.01133857848099625 -0.27735765570329418 -0.0010865903459489341 0.0035697277024103616 0.22354202308770543 6.1143396146741091 -0.021956967289259888 0.10639458560449994 6.1143396146741091 0.10967940133015731 -0.75191911693364633 -0.060275316587865217 -0.75736532333978257 -0.0051015874817746916 -0.14517778747406984 -0.2150916292461689 -0.12921544158958279 0.21754805201440033 0.079603972461945754 0.020313540965018022 9.9070596773603705e-08 -2.051257776739983e-08 -2.0512577767394149e-08 6.3566752452478154e-05 6.0125438135847472e-05 2.2130908008298277e-05 -3.335379162678219e-05 -0.74186479164342378 -0.84290449754294927 -0.2881970820416469 0.1681831383718943 -0.96125426240221479 6.1143396164828436
-0.0072939507663249969 -1.0978877359190262 -0.024762841837720113 0.01828146187738152 -0.010395994675618395 -1.0015214422428318 -0.010606507615960162 1.0597479503246548e-32 0 -1.9811469670705679e-05 -1.0473615590997207 -0.41626049533798326 -0.40636881460883245 -0.40514877149025574 -1.0055092195663247 -0.40497814844198915 0.024959032828700611 -0.15905697938320376 -0.34765174689232353 -0.15867717978655371 -0.87313575359795437 -0.42380648060316228 -2.0230583213101319e-05 0.34310582472141399 -0.019048339875169323 -0.36309039318973224 -0.0072939507663249961 -0.0054265967508765542 0.39808269127168988 9.4324393752888831 -0.021613792778032114 0.1761345378401899 9.4324393752888849 0.17654356190299569 -0.86008842832544008 -0.082488690419569299 -0.865410937951408 -0.027036243599104233 -0.16110810115909294 -0.24222545536775081 -0.15243974915700098 0.38745141804865535 0.14677263405012703 0.0021626776581381933 3.9730936498906919e-08 -9.0052134867191327e-10 -9.0052134866405505e-10 8.3390988748601561e-05 7.4419756840915602e-05 2.5798016461809922e-05 -5.5766907362729468e-05 -1.0015214422428318 -1.0055092195663247 -0.34765174689232359 0.34310582472141404 -1.4537279380623245 9.432441027493919
0.00680546835064888 -0.69407862554846589 -0.016725746522852959 0.013522985392597747 -0.0023913841023854624 -0.59831416765328416 -0.0013054085952951188 9.8947905973080925e-33 0 0.0003949722988945229 -0.84631998614005199 -0.2827015951836353 -0.275441540223264 -0.27169216743040453 -0.80499256793924912 -0.27098992388462412 0.024820085121723748 -0.058919051751888434 -0.1506170085445975 -0.058278271380302143 -0.72345847232001148 -0.29162265532718551 0.00039469496849477229 0.25623789412453257 -0.012865958863733047 -0.22943762749569696 0.00680546835064888 0.0038713186594151556 0.31078618273907688 7.9465375932018389 -0.021233060147892672 0.14542702917450936 7.9465375932018389 0.14271649546055382 -0.71292472820191288 -0.058140414497812799 -0.71813166389702698 -0.0024955850440877576 -0.13094332308398107 -0.05327666431710306 -0.052066147446190404 0.30247513294920658 0.11328105172445627 -0.017509187434150184 -6.2428716834756447e-08 1.7953286313382954e-08 1.7953286313389959e-08 5.2423327640785883e-05 5.2764319338160907e-05 1.1586928655725012e-05 -4.1064198084899807e-05 -0.59831416765328416 -0.804992567939249 -0.1506170085445975 0.25623789412453263 -1.2053896536085533 7.9465376877861926
0.01695551723241806 -0.24741285240229924 -0.0058995928624813931 0.011689576300496803 0.0084187044283509163 -0.15193728124304279 0.0091519196279733223 5.8307374707020557e-33 0 0.00029280555091335691 -0.57905428786481505 -0.13420432635666263 -0.12597972617138833 -0.12326221584985296 -0.53803324115875628 -0.12297009742621155 0.024795714346222131 0.03250327053270062 0.038845054352775861 0.03260157933978082 -0.52558753055476803 -0.14126841774612536 0.00029288491882271755 0.03896527019586233 -0.00453814835575492 -0.081598822450225789 0.01695551723241806 0.014330485823686265 0.093286687049296255 3.9060418742301897 -0.020985900354245524 0.061154867516456907 3.9060418742301879 0.058939203812595098 -0.51801784560565833 -0.026399128062381549 -0.52314189570135605 0.029289303527257164 -0.095028581605617973 0.10810149323028624 0.038813583875215517 0.090755334746848132 0.029702347210499962 -0.014322312410635023 -5.5851732100674918e-08 1.330934322333413e-08 1.3309343223334359e-08 1.8184962851921248e-05 2.8027102892697327e-05 -1.5910145427744756e-06 -1.072401273845722e-05 -0.15193728124304279 -0.53803324115875628 0.038845054352775861 0.03896527019586233 -0.58678197429291434 3.9060418742318959
0.0054459609091281891 -0.42352601375812382 -0.011017094083322208 0.010906348322178615 0.0032912809662304209 -0.32822518386282867 0.0025779256786003083 3.6683673858826479e-33 0 -0.00026377189821785881 -0.64352273102484303 -0.19135996016518855 -0.17762213645276362 -0.18049818034828916 -0.60269595818247013 -0.18113729830937017 0.024799087118158248 -0.022780520489554743 -0.062045675254264319 -0.023459096228395534 -0.58249115287094 -0.19190085310170948 -0.00026361453207044636 -0.0085312910225203414 -0.0084746877564017015 -0.13989067622923718 0.00544596090912819 0.0077596682407898906 0.045737441508635505 2.8345649484885405 -0.020861633548201124 0.038864690152611896 2.8345649484885405 0.040594706468187074 -0.57393866313692132 -0.041514169373220229 -0.57899286335810296 0.014185702977904535 -0.10661288297237712 0.0040993368565976065 -0.017241222744035316 0.044469700275126943 0.011438385651343594 0.01056296060240417 4.922781556727067e-08 -1.1989631737175351e-08 -1.1989631737173897e-08 3.1678698401179239e-05 3.6342111917576205e-05 6.0724726910306677e-06 -7.0587552792494361e-06 -0.32822518386282867 -0.60269595818247013 -0.062045675254264319 -0.0085312910225203483 -0.44677695303895626 2.8345649484885693
-0.012645530514419079 -0.94870820004335876 -0.026517199378424929 0.0081456960842542572 -0.012235415441845712 -0.85383299972415894 -0.013315114827174795 6.5368694279281596e-33 0 -0.00039306262747358135 -0.93759959594056452 -0.36490984483009647 -0.3511509314535613 -0.35417246953994835 -0.89712037466481265 -0.35471884756574396 0.02469701015231645 -0.1360475812575814 -0.29220789257946372 -0.13641037079460691 -0.80071060055071663 -0.3639966930010608 -0.00039322847500008161 0.18782630671767198 -0.020397845675711481 -0.3137203301735611 -0.012645530514419079 -0.0081355716682172952 0.24193301497303993 6.3688053313208108 -0.020670911857960994 0.11297634378485258 6.3688053313208082 0.11590287552233419 -0.7889632922198081 -0.084871299936926672 -0.7939209137394192 -0.029044044537555033 -0.1451362245014246 -0.19259977307260306 -0.130209888330101 0.23545229310776541 0.086900913702198268 0.018090393841217266 9.5956571195784779e-08 -1.7866483066985107e-08 -1.7866483066976905e-08 7.1914762829802922e-05 6.4458541298703504e-05 2.2283281781510282e-05 -3.5660374161387285e-05 -0.85383299972415894 -0.89712037466481254 -0.29220789257946367 0.18782630671767189 -0.99819095452287199 6.3688053345547342
-0.011752661317586899 -1.0154995131562354 -0.030757945264748128 0.0037634223688872634 -0.01651997659350549 -0.92128081456361632 -0.016311479787510578 9.6055615328129856e-33 0 8.3842792957131721e-05 -0.99794642422501922 -0.38745784400858713 -0.37882006453842393 -0.37684766736817826 -0.95799723692860983 -0.37646681427912676 0.024524311411881876 -0.13151355760048702 -0.2935509678071454 -0.1310205506507402 -0.83626703423573368 -0.3902257371186012 8.3464341143477141e-05 0.31657765271456428 -0.023659957895960097 -0.33582986031251016 -0.011752661317586897 -0.011139005798807148 0.37030595341546291 8.8577221863792879 -0.020333151630250262 0.16536716029073242 8.8577221863792879 0.16502047198149322 -0.82425752288491838 -0.094100737969788198 -0.82909623979508429 -0.038088060933837681 -0.14848113500205348 -0.17198270220526635 -0.12485293567185686 0.36041467903734092 0.13631891611933755 -0.002568750001521757 1.305650039957298e-08 3.811036043504413e-09 3.8110360435102297e-09 7.7014573664073647e-05 6.8519035021749538e-05 2.1851328010775071e-05 -5.1260461602079721e-05 -0.92128081456361632 -0.95799723692860983 -0.29355096780714546 0.31657765271456428 -1.360552847257315 8.857722762754582
0.00634352071210742 -0.47857022582552677 -0.018042478489411092 0.0010194308789285734 -0.0038419805689841667 -0.38485285883957282 -0.0025667332849574685 8.1306717817646447e-33 0 0.00043257942377333261 -0.72082687184995997 -0.20975395171535091 -0.2035604119954747 -0.19923126437848102 -0.68132299703692367 -0.19846799646716298 0.024422154348752924 -0.017843474276112638 -0.067685814031898231 -0.017236063803973557 -0.63020676928935604 -0.21393994622733553 0.00043241940959054342 0.18318203612222611 -0.013878829607239303 -0.15811583416547931 0.0063435207121074191 0.0026010947256423118 0.23654384084344932 6.5006508220386996 -0.019997224664147085 0.11639372246314876 6.5006508220386996 0.11336351276594103 -0.621431384668787 -0.060063201301063129 -0.62616882922178652 -0.0039709867737020114 -0.1094768569595647 0.035737219355993041 -0.01108573698478791 0.23020738351628178 0.084953821341667415 -0.019467537677516376 -7.9626084818403381e-08 1.9662701080604541e-08 1.9662701080609723e-08 3.5855547948710611e-05 3.9756540668244716e-05 5.6758869782630191e-06 -3.0319530356548811e-05 -0.38485285883957282 -0.68132299703692367 -0.067685814031898231 0.18318203612222608 -0.98092278229450169 6.5006508257452893
0.015142383985221386 -0.07086678456342009 -0.0070570760598289393 0.0012915986697581267 0.0071261500174073329 0.022695139472477147 0.0076965181473067478 3.8210485978591496e-33 0 0.00025659055005540775 -0.44339894013751868 -0.07411754772853571 -0.067414936062336547 -0.063644162287010669 -0.40409832122965522 -0.063410520530035763 0.024436759642505614 0.066365397759637471 0.10811763278307188 0.066366961309463388 -0.41595118101034684 -0.077161185077368993 0.00025679730372281568 -0.040074363290643386 -0.0054285200460222616 -0.023172541517380789 0.015142383985221386 0.012865725942910652 0.013152677405313385 2.3313427952098618 -0.019816108702197226 0.029362559959959796 2.3313427952098618 0.027371480620078416 -0.41025662865990303 -0.025753659989670247 -0.41492933640973295 0.030277126530489688 -0.07201149139691651 0.17910084892768713 0.072525659387166611 0.012752354653133305 -0.00090347177451798283 -0.012831301275074987 -4.8439532815121112e-08 1.1663206820700797e-08 1.1663206820700176e-08 4.6137344100532069e-06 1.6868448379964886e-05 -6.4877752048908205e-06 4.5011645711816662e-07 0.022695139472477147 -0.40409832122965522 0.10811763278307188 -0.040074363290643386 -0.34594145653014213 2.3313427952098635
0.0026260490994900465 -0.32009083244789016 -0.013232049945765257 0.002066052409480156 0.00093876526794832904 -0.22661606669622036 0.00010216383151559813 2.4756577854081488e-33 0 -0.00037700011175811183 -0.55917731263498716 -0.15546532226384607 -0.14184366447662686 -0.14506521521014379 -0.51999204730957882 -0.14582027311131893 0.024457514489595857 -0.021360597615095324 -0.057291663317879181 -0.022163753161262328 -0.51698092204523105 -0.15072647129385874 -0.00037678770452523601 -0.043462649846282057 -0.010178499958280967 -0.10566275781517381 0.0026260490994900469 0.0052736689326236359 0.0097820927485068945 2.0478926666664212 -0.019744381479571596 0.02350392348832411 2.0478926666664212 0.026050773395718489 -0.50955803277900624 -0.048962738360215842 -0.51417537658214663 0.0070081576584938099 -0.092509068913292802 0.014201348937006865 -0.015995460139024149 0.0094713888904749167 -0.0021927027344748481 0.01576513264355164 5.6332336875182736e-08 -1.7136368716278566e-08 -1.7136368716276988e-08 2.3718355782913295e-05 2.9249950598242907e-05 5.792766010753141e-06 -2.5903846168977913e-06 -0.22661606669622036 -0.51999204730957882 -0.057291663317879181 -0.043462649846282057 -0.33091756057006816 2.0478926666664212
-0.010986197739839554 -0.76919390076294758 -0.025933478207618373 0.00067791178488774096 -0.011791049121737169 -0.67606467749773758 -0.012630902912154251 6.5080549875962552e-33 0 -0.0003598039884282936 -0.84081463313821703 -0.30417259304686317 -0.29233503793147347 -0.29389317588183905 -0.8019052132718909 -0.29426088110013049 0.024351313436456967 -0.13165532955556947 -0.28502141788179841 -0.13185818873039284 -0.7271351175944436 -0.29989664861093673 -0.0003599751408440857 0.18961615965530093 -0.019948829390475674 -0.25431101031743547 -0.010986197739839554 -0.0074621401457793989 0.24271105940949461 6.30579938519256 -0.01956662847012873 0.11273964773910419 6.30579938519256 0.11548918592489926 -0.71662279020915343 -0.090493309555364262 -0.72115273592903728 -0.034437766171366881 -0.12975586495699615 -0.17740549347162624 -0.12570826471784513 0.23621128735595234 0.087390434655396754 0.017032440295881707 7.4979948809792757e-08 -1.6354726746746081e-08 -1.6354726746741065e-08 5.8131025328311208e-05 5.3941079390863381e-05 2.165729074049955e-05 -3.5597879831422485e-05 -0.67606467749773758 -0.8019052132718909 -0.28502141788179841 0.18961615965530093 -0.98743692534853622 6.3057993879677703
-0.0032089024316519499 -0.65459657744599475 -0.024243454936152951 -0.0017344612736043953 -0.010139941639292233 -0.56195617920685248 -0.0095544261013000668 9.1960676646825777e-33 0 0.00018735609034214998 -0.80840495081601826 -0.2667970493412925 -0.26039466571481251 -0.25662733114634295 -0.76990050790018993 -0.25605473742723317 0.024197168167206316 -0.097307837933947011 -0.2262501521042253 -0.096700388542273336 -0.69490469492915585 -0.26676310528660602 0.00018704072311786908 0.27680192603336162 -0.018648811489348428 -0.21638286810308169 -0.0032089024316519494 -0.004391148541650125 0.32953821973383918 8.0600045088982544 -0.019244729001591399 0.14974713311736396 8.0600045088982544 0.14864562087178074 -0.68509578372717694 -0.087139223853707648 -0.68952295800485541 -0.030964022410980441 -0.12140263516795662 -0.10610691845020138 -0.090579296868063569 0.32073181229051728 0.12083249633893431 -0.0072796739528742816 -2.515417255314896e-08 8.5161859246432966e-09 8.5161859246455813e-09 4.9339533309966931e-05 4.843951543642715e-05 1.6968313223463192e-05 -4.4903998852312114e-05 -0.56195617920685248 -0.76990050790018982 -0.2262501521042253 0.27680192603336168 -1.2330805768772217 8.0600046294636272
0.017373569309711456 -0.038279518323966845 -0.0079720262031259329 -0.0019145050286263434 0.0061065821996016218 0.054121455616262436 0.007452890307020084 6.6899509272696995e-33 0 0.00050178004604492336 -0.45333851312870976 -0.06285799798584478 -0.059796154403433763 -0.052745298813791808 -0.41509225869514088 -0.05190865955292772 0.024142172220361725 0.039205765435673112 0.046593508253956188 0.039818378611918365 -0.42069978542560071 -0.065510766755868741 0.00050177577517503688 0.087173543110316651 -0.006132327848558411 -0.012391692919670197 0.017373569309711453 0.012615356466027502 0.13962415729343339 4.6657354951281835 -0.018965338747525921 0.079023508244978932 4.6657354951281835 0.075444502102231734 -0.41503629522237134 -0.040634518082312013 -0.41938830407256267 0.015529144262067666 -0.071291357273014846 0.13747684089650328 0.045932512743849213 0.13586452132739357 0.047867233508848112 -0.022844999618517159 -1.0123857114220932e-07 2.280818391113113e-08 2.2808183911132569e-08 2.1086338062630305e-06 1.5150261250225555e-05 -2.4870344806540431e-06 -1.6171284854178692e-05 0.054121455616262436 -0.41509225869514094 0.046593508253956188 0.087173543110316651 -0.69516894807892893 4.665735495150189
0.023747142404317856 0.2818789122814821 0.0020004097117047887 0.00068222128930122783 0.016076228216035764 0.37438382451321062 0.016405287879568513 6.4974055653147719e-34 0 0.00051748898621953299 -0.036456574284040581 0.04330401731937155 0.038561025056822233 0.053441582583375384 0.0017338737543618665 0.054045036277260247 0.024239914228769727 0.19337437101327332 0.35812931195263042 0.19371363313422665 -0.035933675538229209 0.032677782919518103 0.00051799103422999404 -0.22073172716947881 0.001538776701311377 0.093576339297534894 0.023747142404317856 0.021573416292780898 -0.16826709008791291 -0.98433658619252784 -0.018885771501419315 -0.039079891790908448 -0.98433658619252784 -0.042954305341790178 -0.035750853583375243 0.024783960567887689 -0.040077526208897797 0.08076523019514216 -0.0047066948498521582 0.3991391074333771 0.19985443192974206 -0.16384546021517735 -0.070498712729453086 -0.024480398297402957 -4.6249491734829325e-08 2.3522226646345461e-08 2.3522226646341252e-08 -2.2413333261366498e-05 -4.5493260604009463e-06 -2.4522197187352462e-05 2.7680122976557637e-05 0.37438382451321062 0.0017338737543618665 0.35812931195263042 -0.22073172716947881 0.17595976238655828 -0.98433658619252773
0.010376911610364914 -0.049154115731545683 -0.0054419300364465517 0.0030619084705990024 0.0086335815667832917 0.043457817095094498 0.007681434547919419 -2.054472064574599e-33 0 -0.00049951526964878048 -0.14446767759449933 -0.064702126127346368 -0.055794160760583245 -0.05456347380825604 -0.10627843323439755 -0.055537947054609529 0.024378131714001324 0.075250986357575433 0.14002496311742893 0.074123533139626996 -0.13850186412661333 -0.061605163762859801 -0.00049892526388894823 -0.27378417134882077 -0.0041861000280358114 -0.015990819094525037 0.010376911610364912 0.012855429683086589 -0.22104464327003936 -2.2877337119786247 -0.018989109738212752 -0.0664439367543673 -2.2877337119786247 -0.063132061483824276 -0.13630552953897693 0.0010769263050623848 -0.14063105327484623 0.056857298568368367 -0.028380726509699236 0.16878795482417636 0.080299719743394768 -0.21522087991505764 -0.090819998073533137 0.020779124000678585 5.2734427079182038e-08 -2.2705239529487658e-08 -2.2705239529491099e-08 2.9680873084189371e-06 1.1117525910428689e-05 -8.0771554299175217e-06 2.9533403709784725e-05 0.043457817095094498 -0.10627843323439755 0.14002496311742893 -0.27378417134882077 0.33128087632847314 -2.2877337119786247
0.0013174522900953889 -0.42034667351887994 -0.015275110693349183 0.0030936505572956336 -0.0012151461652514649 -0.3278933751514943 -0.0018119430509622571 5.3592574186333854e-33 0 -0.00075940525795046621 -0.60784231408400147 -0.18754960077187924 -0.17266359435848613 -0.17752968210143252 -0.56975675368065903 -0.1782832431989167 0.024308109733116274 -0.15193411474201404 -0.32013684128242631 -0.15256508633763649 -0.55580104525842988 -0.17721451210477665 -0.0007594597537177838 0.1182892880204319 -0.011750085148730141 -0.13885113767509535 0.0013174522900953891 0.0033632432980486566 0.17106591664296028 4.8051376684291345 -0.018944226345347828 0.081960023345084163 4.8051376684291354 0.087606231631849232 -0.54730335280225173 -0.077450215586329155 -0.5515762885831732 -0.021615990588770131 -0.10431409212300585 -0.23441924532982603 -0.14639941256197389 0.16647065086464596 0.059935795743001542 0.035404790665525536 4.3527468254325726e-08 -3.4518420815931909e-08 -3.4518420815928316e-08 3.1416335874240887e-05 3.4160550422869526e-05 2.4419485884293996e-05 -2.7634685886482142e-05 -0.3278933751514943 -0.56975675368065903 -0.32013684128242625 0.1182892880204319 -0.77487142954758137 4.8051376685071583
-0.085477985441684723 -2.642636070257609 -0.077428425895942107 -0.0024969621673754986 -0.063427415552679098 -2.5510265930171658 -0.06886228695866882 9.3307202001596646e-33 0 -0.001714397381010676 -1.6641259259166397 -0.91964319649971016 -0.88316568026674425 -0.90978780859589947 -1.6266422786963237 -0.91338050713492192 0.024027910530158309 -0.53022845156327858 -1.049944429096739 -0.53302631635756226 -1.3615256631821109 -0.8860166920183109 -0.0017152336532048633 0.59315957290199972 -0.059560327612263153 -0.87440081414874282 -0.085477985441684723 -0.063700699766822813 0.64552089878363705 13.171187880096976 -0.018595999897033134 0.25729178041436801 13.17118788009698 0.26931325065508316 -1.3412801749473002 -0.22522245353555914 -1.3454369303196663 -0.16911164477712279 -0.24640577398064512 -0.89524090819855529 -0.52691753609470182 0.62718402500404702 0.24196614796609764 0.074604508130369798 4.6334650372046918e-07 -7.7927153682318053e-08 -7.7927153682297962e-08 0.00020169951738553156 0.00014855168761613766 7.7728385048567478e-05 -0.00010027401211378698 -2.5510265930175873 -1.6266422786963242 -1.0499444290967388 0.59315957290199972 -2.101528100345623 13.171660863253749
-0.064822450280189514 -2.6994340905848664 -0.086505705391709903 -0.015943799586034393 -0.072635907685053569 -2.6097079796479359 -0.070848882887677378 2.0508569921985574e-32 0 0.00092684864374847778 -1.8963852343889998 -0.9437362379054185 -0.95158777118860516 -0.93413496431379128 -1.8602620539330614 -0.93122274386352999 0.023396379994380372 -0.43008454968230964 -0.92697941495059888 -0.42652227797667885 -1.4482720637683677 -0.95188163733022069 0.00092504891307332055 1.1772904000630979 -0.066542850301315307 -0.89320694690514335 -0.064822450280189514 -0.065721096670707205 1.2284377723141175 20.998979141759634 -0.017850055553743287 0.42175429347773341 20.998979141759623 0.48680956780121809 -1.4280000159542774 -0.23829158067391396 -1.4319211754799928 -0.18157263124259029 -0.24806906920142699 -0.65611860151791634 -0.42054744872237876 1.1795917921875598 0.46032526635941429 -0.035153157128460837 -1.9120135968448594e-08 4.2129483806739118e-08 4.2129483806761392e-08 0.00020599343508760119 0.00015811630768740784 6.5090741134981865e-05 -0.00016655674738680926 -2.6097079796485563 -1.860262053933063 -0.92697941495059899 1.1772904000630979 -3.1963943469290514 112.66786891091988
-0.062466353178024292 -2.2286383392908746 -0.079310295676177936 -0.025387494307008103 -0.065559390595149272 -2.1404389832332944 -0.065050394141418708 1.5730084614338145e-32 0 0.00016277288463958613 -1.4861514464579211 -0.78311647102460169 -0.7545875835747442 -0.77359179264013345 -1.4512493222874334 -0.77461416377209802 0.023134459041970822 -0.27113169855657915 -0.55087199373760853 -0.27235506438132417 -1.2237640558669587 -0.75411261623610781 0.00016193064668207027 0.59339083043264607 -0.061007919750906109 -0.73738572895673071 -0.062466353178024292 -0.059952268243346638 0.64353043838722879 16.977426202782837 -0.016947982812448411 0.33851956802109784 16.977426202782834 0.26730590617931305 -1.2072595076106425 -0.20013521394336969 -1.2110312858516143 -0.14330807043928862 -0.2029024148991824 -0.36677489713526457 -0.26643286401548055 0.62527110383198181 0.24154355559170604 -0.011543902249405682 5.3491168822934132e-08 7.3987674836052291e-09 7.3987674836245868e-09 0.00016987405695979599 0.00012570940248354858 4.1150741810584467e-05 -8.961513589850255e-05 -2.1404389832333157 -1.4512493222874332 -0.55087199373760853 0.59339083043264607 -2.6011241351935865 17.013431615431919
-0.077081747353076935 -2.4049696737804065 -0.088461908501090189 -0.033357388960139553 -0.074831316571106268 -2.3182077467721114 -0.075487359194862505 1.1196245449316729e-32 0 9.0471421331018436e-05 -1.6422874205561466 -0.84163855154314871 -0.82834498901912812 -0.83229277263956369 -1.6084369061797779 -0.83223993063871193 0.022831154420893368 -0.28069170264251303 -0.58800796242509623 -0.28038374488383649 -1.308245944802235 -0.82610149959118973 8.9595296179511335e-05 0.61286669578029274 -0.068047621923915544 -0.7957541470712084 -0.077081747353076935 -0.070419925405541609 0.66225460538782843 13.888872783875268 -0.016362134644633458 0.27449057615662831 13.888872783875263 0.27398965401380587 -1.2908630540396813 -0.21877537948773426 -1.2944687522051308 -0.16182525195103756 -0.21378133772087654 -0.3653195863757035 -0.2745234988764787 0.64328936150398786 0.24877509191853528 -0.0037776065521135179 1.4174089250075799e-07 4.1123373332144638e-09 4.1123373332327312e-09 0.00018335531697292993 0.00013701262761806076 4.2864999700410508e-05 -9.2630445602553146e-05 -2.3182077467721944 -1.6084369061797781 -0.58800796242509645 0.61286669578029274 -2.1335908880605174 13.890038013228658
-0.082324676215648651 -2.5037918331210149 -0.095792040063732778 -0.041755374272141141 -0.082296682848320882 -2.418601409672255 -0.082337795567575645 9.9097921021587025e-33 0 4.5039728854871422e-05 -1.6696317177657596 -0.87328174111131374 -0.85634429490332531 -0.86408928339684443 -1.6369538387700557 -0.86414637765241797 0.022550933900571273 -0.26887921453166824 -0.56077180577417129 -0.26884533961942647 -1.3348361400358384 -0.85260893237212554 4.4226872559615158e-05 0.57328077654155452 -0.073686184664409834 -0.82846857999315793 -0.082324676215648651 -0.077305585630071089 0.62193648802759161 13.097740945394248 -0.015795046706111784 0.25849787346688191 13.097740945394246 0.25823933968514945 -1.317368673393464 -0.22759573344706441 -1.3208096201500612 -0.17058614314490603 -0.214982766284434 -0.33209394348099175 -0.26304200473781314 0.60447841815632353 0.23355853362998408 -0.0024615677967230998 1.0678916139527289e-07 2.0472604024894198e-09 2.0472604025093958e-09 0.00019089537258102512 0.0001409358083301811 4.1075270856984325e-05 -8.7220987731251087e-05 -2.4186014096724251 -1.636953838770056 -0.56077180577417118 0.57328077654155452 -2.0131591026832836 13.098170705457505
-0.065921522676944733 -1.9828345259492972 -0.085737461815026075 -0.04851548643128991 -0.072376740029080872 -1.8991008608679136 -0.07106787872174733 9.2815175896557362e-33 0 0.00047898618654221845 -1.4442839202519255 -0.70096506067324971 -0.69173726166445415 -0.691918407077728 -1.4126962238923708 -0.69097142746703 0.022303157866204189 -0.1621678293123463 -0.35728148803565457 -0.16130875592616867 -1.161306775300492 -0.68660666144042215 0.0004783158092068982 0.48558889839450348 -0.065951893703866213 -0.6560443354053187 -0.065921522676944733 -0.066070245901752755 0.53355797000803085 11.585410378380157 -0.015259578347248139 0.22738905893187422 11.585410378380155 0.22416239948386493 -1.1467017815309279 -0.2004112541292008 -1.1499840770711487 -0.14341179226549566 -0.18054606267047379 -0.13086270200865885 -0.15555518082354558 0.51920276906842522 0.19998372509701501 -0.020937598766725098 -3.1643239320791255e-09 2.1772099388272448e-08 2.1772099388290729e-08 0.00015094626026278629 0.00011403414899080434 2.6059009437958735e-05 -7.2344493584577856e-05 -1.8991008608679163 -1.412696223892371 -0.35728148803565452 0.48558889839450348 -1.7619495023727152 11.585463767942482
-0.047926533967256546 -1.2851423370422068 -0.06874744636442652 -0.051302806233786177 -0.055499453503825985 -1.2024428419426578 -0.054221371595788347 4.6984279007346664e-33 0 0.00037050158360446279 -1.0759012639570564 -0.46893365178001095 -0.45715402462332277 -0.45998568079540469 -1.0451113921974013 -0.45950707470866614 0.022194219557528518 -0.049676377347365797 -0.12379116568678197 -0.049509857754968495 -0.90222382440759463 -0.45111412883138413 0.0003702627756199514 0.22242605637413551 -0.05288265104955886 -0.42512186359060306 -0.047926533967256546 -0.049251554412744689 0.26994103883459042 6.6899976367967477 -0.014877817756945418 0.12536657314827193 6.6899976367967486 0.12259278304964345 -0.89144613715631404 -0.15914608834644708 -0.89461121667059373 -0.10233356640576508 -0.13410221741907441 0.065406309967515647 -0.043775523079780353 0.26272538504374837 0.098758228944841556 -0.018026240188437997 -2.8191924372084425e-08 1.6840981072925797e-08 1.6840981072935809e-08 9.7471481229548671e-05 7.6104604767597277e-05 9.828792210966164e-06 -3.5506639230951817e-05 -1.2024428419426578 -1.0451113921974013 -0.12379116568678195 0.22242605637413557 -1.0115025577936756 6.6899976426587298
-0.051126290112733841 -1.1747064084713768 -0.065900258277701684 -0.051518981123745894 -0.052748002714839468 -1.0927475256192776 -0.052939113060346668 1.8479262130826011e-33 0 -0.0001134957197639393 -0.99987352242747196 -0.43107758608397828 -0.41629481122550083 -0.42223123622808278 -0.96964160452288106 -0.42256031603401523 0.022139031004005393 -0.065474712564660198 -0.14701575409889936 -0.065975526002400461 -0.85205906127903752 -0.40932875391725038 -0.00011356101116695192 0.11656548784054127 -0.050692506367462815 -0.38857192114979205 -0.051126290112733841 -0.047992482977619377 0.16385538778921022 4.558696073095498 -0.014656140138126978 0.081003652484027161 4.5586960730954962 0.081657759381569203 -0.84180606698851124 -0.15641374698337057 -0.84487737513919392 -0.09984632656567817 -0.12733773455655392 0.027669358537888909 -0.060248723847589926 0.15945895393426487 0.058011987769906764 0.0036728943633558822 6.6676747555628948e-08 -5.1588963529108644e-09 -5.1588963529023122e-09 8.9013443961202839e-05 6.9528871580120673e-05 1.1886952933201282e-05 -2.3119034823629545e-05 -1.0927475256192776 -0.96964160452288106 -0.14701575409889928 0.11656548784054126 -0.70521428323632729 4.5586960731181678
-0.06739354133605957 -1.5986020484423797 -0.077779743146847297 -0.052691239685750867 -0.064730680769591042 -1.5175004347307797 -0.065746304542443679 3.4341028448227214e-33 0 -0.0003874058090899198 -1.20998702731324 -0.57055793637276708 -0.5546563817687642 -0.56184353667598863 -1.1803717539500302 -0.56241308786976341 0.022011673733489917 -0.16956915140108891 -0.35488401648422124 -0.1700727430187893 -1.0051083914127745 -0.54647606137293858 -0.00038769424738184993 0.25191621575256379 -0.059830571651421 -0.52887860417675236 -0.06739354133605957 -0.060825626229108837 0.29895224149118604 6.9200170110959629 -0.014422574355444952 0.13062355849556354 6.920017011095962 0.1334333954341215 -0.99246236793037468 -0.18969483138698195 -0.99542710299243875 -0.1332854407232697 -0.15594938424226226 -0.16030314488469152 -0.16436944169716083 0.29096642282187363 0.1099956062422878 0.017254686417854329 1.3974287461597628e-07 -1.7609354958639867e-08 -1.7609354958626755e-08 0.00012150004196617467 9.1782530863436553e-05 2.6700557454667251e-05 -4.3842731176664209e-05 -1.5175004347307797 -1.18037175395003 -0.35488401648422135 0.25191621575256384 -1.0821812969182258 6.9200170223012565
-0.069788321852684021 -1.7595059200583831 -0.083678652498994616 -0.055643812247561042 -0.070748723274007885 -1.679493693543006 -0.070805607621566902 6.8837633218268374e-33 0 -4.798039307529761e-05 -1.3113274971221207 -0.62389089294835742 -0.61249796881096974 -0.61532153016549573 -1.2825003195353983 -0.61510620545058925 0.021796076104277497 -0.20021269360700811 -0.42577920987528867 -0.19991670677627971 -1.069898425677491 -0.60299107915262973 -4.8536010042132359e-05 0.41373805052328544 -0.064368194229995859 -0.58213951799498864 -0.069788321852684021 -0.065915558939157917 0.4603186250969476 9.9621316194936469 -0.01405475093448162 0.19461492392538571 9.9621316194936469 0.19520139689975288 -1.0564079094029235 -0.2056343287742648 -1.0592434893515708 -0.14929307206987899 -0.16613249459738816 -0.20786786318049066 -0.19425630180386042 0.4480456388834676 0.17210755430882116 0.0032252102309620941 8.2399210926092239e-08 -2.1809269579740708e-09 -2.1809269579598487e-09 0.00013382408990902947 0.00010081109874650946 3.1258976415070113e-05 -6.4895824861358817e-05 -1.6794936935430065 -1.2825003195353979 -0.42577920987528872 0.41373805052328555 -1.5363048220308335 9.9621357638444525
-0.05249437689781189 -1.2909621649335354 -0.072306559361176914 -0.057610188851613661 -0.059492447651566908 -1.2119491127816071 -0.058300071166819324 6.8638005382773898e-33 0 0.00034327890053728973 -1.0852835622128001 -0.46870208546009146 -0.4601352814855037 -0.46024753055667039 -1.0572029989186622 -0.45950568153878291 0.021613783996238367 -0.11499980820848352 -0.25892368206818478 -0.11441108024972496 -0.90319311282334691 -0.44962023551502878 0.00034282539947498277 0.35086323994522595 -0.055620430277828405 -0.42706181610168348 -0.05249437689781189 -0.05343916307396724 0.39693177746308506 8.9028249744884604 -0.013643776636366147 0.17286002011613344 8.9028249744884569 0.17053028128645076 -0.8922959849144434 -0.17952288690568491 -0.8950121966331035 -0.12330669083788251 -0.13478396035817278 -0.052350884264978102 -0.10878619306972469 0.38634377634442346 0.14781808995773058 -0.015165071566551756 -2.0101833535215393e-08 1.5603586388054211e-08 1.560358638806503e-08 9.7914601534485618e-05 7.6007711155863953e-05 1.9177667889997007e-05 -5.3722920932209945e-05 -1.2119491127816071 -1.0572029989186624 -0.25892368206818456 0.35086323994522595 -1.3548971257128153 8.9028255988377172
-0.039480507373809814 -0.79566004394723111 -0.058550875853194885 -0.056609502332278322 -0.045831631582642397 -0.71729793808798537 -0.045015327004349605 3.6272045582999483e-33 0 0.00021935956034528295 -0.8124178520518226 -0.30386608668292914 -0.29352859214054733 -0.29549465922359575 -0.78483647066432871 -0.29521929068471475 0.021531100992179694 -0.042517686759011825 -0.10687060723559386 -0.042505017475886551 -0.70805243188575373 -0.28233322007251288 0.0002192104453969453 0.16522615121400527 -0.04503913527168836 -0.26312626081443347 -0.039480507373809814 -0.040177207920889829 0.21095284857817362 5.4293129428587124 -0.013345449103304038 0.10049742780911906 5.4293129428587124 0.098818297583566736 -0.69994642787314798 -0.14915726379933658 -0.70257580634098127 -0.093186532489522467 -0.1007937374391239 0.070056602334660628 -0.036893767140095117 0.20530710975283903 0.076372092753130658 -0.011035688693128739 -1.4823415895316538e-08 9.9708891065976519e-09 9.9708891066063704e-09 5.9968041378333173e-05 4.8991353863146812e-05 8.6833855342892126e-06 -2.7986560192654382e-05 -0.71729793808798537 -0.78483647066432871 -0.10687060723559383 0.1652261512140053 -0.82448544447987526 5.4293129431036764
-0.049066357314586639 -0.94982973042105667 -0.061482246376387828 -0.054617066525051557 -0.048847933434626359 -0.87198113435527758 -0.049537234328236736 2.1829191120601452e-33 0 -0.00028904847257371142 -0.86677774774763661 -0.35363889401764187 -0.33868920608672237 -0.34536256690164169 -0.83956912059695221 -0.34596643862171123 0.021462338603612741 -0.1041495863130444 -0.22141630435248166 -0.10483078349341206 -0.7550311688192991 -0.32670353746314867 -0.00028916360396674163 0.14426168428785358 -0.047294035674144488 -0.31415624745509191 -0.049066357314586639 -0.044719469265397119 0.18978376614707079 4.8515045718491283 -0.013145157372397631 0.088607640702106916 4.8515045718491283 0.090543172116269346 -0.74600458085188648 -0.16293899510746074 -0.74855904212862945 -0.10722198381806139 -0.11152196479899441 -0.048625306999876432 -0.099230227085328818 0.18470083741625115 0.068269787826139183 0.0117436924498546 9.2486979769991942e-08 -1.3138566935173978e-08 -1.3138566935165081e-08 7.179868030580303e-05 5.6337309756231833e-05 1.7266025273548977e-05 -2.7805881373243143e-05 -0.87198113435527758 -0.83956912059695221 -0.22141630435248166 0.1442616842878536 -0.75834550651092636 4.8515045719111063
-0.066837668418884277 -1.4991727836553759 -0.076157485912366235 -0.0548423325164826 -0.063622506165057255 -1.4220883408748979 -0.064773910845873667 5.2414728904387045e-33 0 -0.00041529527592846046 -1.1529853384348048 -0.53497000462709132 -0.52011553620341366 -0.52682744998638298 -1.1263074851447141 -0.52738808780943358 0.021285830306241951 -0.22106181015402776 -0.45836951622637367 -0.22146251131068703 -0.96212545653379578 -0.50696710374988097 -0.00041574650135090051 0.34818941611347115 -0.058582681471050953 -0.49598392017016485 -0.066837668418884277 -0.059981257526042261 0.39338086197274152 8.51579535731058 -0.012866893465809799 0.16552524084059447 8.5157953573105818 0.1686153363567037 -0.94999726355635672 -0.20455285344239391 -0.95245145628359595 -0.14896468834876922 -0.14883413082660615 -0.25492281353972795 -0.21589642653414173 0.38288846719528186 0.14659972924745412 0.018980990714632519 1.458810828264296e-07 -1.8877057996757127e-08 -1.88770579967442e-08 0.00011390354469561958 8.5543313572201846e-05 3.3978461274218988e-05 -5.7446339349641573e-05 -1.4220883408748979 -1.1263074851447141 -0.45836951622637367 0.34818941611347115 -1.3294829111103645 8.5157956615137937
-0.066998206079006195 -1.6323136425593805 -0.080953563038832499 -0.057147851231651531 -0.068534969398029555 -1.5562535106876185 -0.068471366078024926 8.6542249079028501e-33 0 1.7547847037729463e-05 -1.2404790882692318 -0.57922011245588934 -0.56876591115188957 -0.5712173775394026 -1.2145328777082343 -0.57092583692763532 0.021029319615286899 -0.23334643005789912 -0.49260592967252387 -0.2329439243372006 -1.0175325726589479 -0.5544114493241239 1.6848730974146713e-05 0.49811707094951713 -0.062271971568332696 -0.54005542810895912 -0.066998206079006195 -0.063708710143313127 0.54274770689808127 11.362940038274196 -0.012432962127896859 0.22550318874833736 11.362940038274193 0.22563630952874239 -1.0047912377128723 -0.21749132856790312 -1.0071217326390867 -0.16195771408634851 -0.15635488777172959 -0.26648641810075879 -0.22742987806325632 0.52808669853466206 0.20403369247777234 0.00029200327736246816 6.9989275227517547e-08 7.976294107996015e-10 7.9762941081866006e-10 0.00012410300685793805 9.3026984863363253e-05 3.5918910678031456e-05 -7.6253721065276623e-05 -1.5562535106876185 -1.214532877708234 -0.49260592967252392 0.49811707094951724 -1.7489428716798392 11.36297846639633
-0.050555404275655746 -1.1789380042151716 -0.069577359128149302 -0.058393349563599178 -0.057270273322069618 -1.1037959438044245 -0.056158388529286819 7.9096689864141476e-33 0 0.00034946445953616093 -1.0152836609022016 -0.42893733275368479 -0.42024989534349561 -0.42104223178230105 -0.99001577426999876 -0.42038734824566582 0.020823480715673724 -0.14203520374241516 -0.31144285349692474 -0.14151047856059112 -0.85300299465073914 -0.40502541548213994 0.00034891698561483807 0.40500594604131274 -0.053521045483191775 -0.38999786418345678 -0.050555404275655746 -0.051423800130496425 0.44905121790865166 9.7283538244233689 -0.011977165694740522 0.19175917455250072 9.7283538244233672 0.1893540939466524 -0.84286430732037854 -0.19085419927185451 -0.84508370587244341 -0.13545527968630672 -0.12496471064750261 -0.098909184592942276 -0.13603728702236217 0.43708107842175875 0.16818040784208921 -0.015723518889292784 -1.8476507549796439e-08 1.5884748160727531e-08 1.5884748160741401e-08 8.9359270707995079e-05 6.8791387873691105e-05 2.2919735902884341e-05 -6.1129771618758367e-05 -1.1037959438044245 -0.99001577426999876 -0.31144285349692474 0.40500594604131274 -1.4813797818277576 9.7283565942889378
-0.043821569532155991 -0.8591990320884465 -0.060373847262145335 -0.057198699669802379 -0.048160365867138906 -0.78468381076000382 -0.047759279613902049 4.611917700718858e-33 0 0.00011498033844734479 -0.8265432750941446 -0.32205235480304523 -0.31033884160594649 -0.31424204297673974 -0.8017410804908931 -0.31422357415972541 0.02070806811166399 -0.094700087178742468 -0.20820225627019009 -0.094866441396994933 -0.72076583968572261 -0.29448247611560557 0.00011470519039806965 0.23876747351859687 -0.046441420970881025 -0.28417114137586696 -0.043821569532155991 -0.043047468677004493 0.28240596928919892 6.5684258977504832 -0.011641191219782954 0.12599261081920335 6.5684258977504797 0.12504241714218811 -0.71252021127793519 -0.17111350680099929 -0.714656928245055 -0.11596073207699896 -0.10188452457988167 -0.019573347073046924 -0.089414274349710499 0.27486443721319448 0.1041762566006964 -0.0065375691052358045 1.6470230960673662e-08 5.2263790203277609e-09 5.2263790203372975e-09 6.4868023520186615e-05 5.0890341126143292e-05 1.597309130479786e-05 -3.8756699479616331e-05 -0.78468381076000382 -0.80174108049089299 -0.20820225627019012 0.23876747351859687 -1.0042823299638242 6.5684259023280731
-0.059449110180139542 -1.215197611687566 -0.069155836093645173 -0.056078650259775535 -0.057034225423339996 -1.1413015517843912 -0.058087089078733375 4.0376088418555863e-33 0 -0.00037490808190949174 -0.98900474028372465 -0.43866597302077687 -0.42246311903240458 -0.43096413578577158 -0.96463245248355578 -0.43172346208105639 0.020575652923223855 -0.18236153419079879 -0.37642202116785983 -0.1830832746990162 -0.84646316018889922 -0.4057481159665578 -0.00037524617206805043 0.27657423775557338 -0.053196796995111671 -0.40200400203712433 -0.059449110180139542 -0.05339814024960382 0.31989151700934182 7.0657078818994821 -0.011369669096667019 0.13665999040347498 7.0657078818994803 0.13925753991602596 -0.83622448491914658 -0.19823368082570203 -0.83827921559691854 -0.14330470393745376 -0.12569489993817637 -0.17996373723740122 -0.17765600436286122 0.31135437670276433 0.11864060858648182 0.0158039623102889 1.2874404107523124e-07 -1.7041276450438442e-08 -1.7041276450426947e-08 9.2162034228654676e-05 6.8996031801273259e-05 2.8294713924078631e-05 -4.6810901054704138e-05 -1.1413015517843912 -0.96463245248355578 -0.37642202116785994 0.27657423775557338 -1.1031509008633178 7.065707897256269
-0.077671393752098083 -1.8060052697954632 -0.085769901059497028 -0.057791785489301473 -0.073760835049574286 -1.7330647863471484 -0.074890223810313308 7.5400771199844988e-33 0 -0.00035685062465411969 -1.2970329329871506 -0.63387035391560964 -0.61907195563514694 -0.626314288703952 -1.2733179728248532 -0.62677763679015486 0.020325438588851826 -0.28776804578925663 -0.59290869952759362 -0.28799881672974331 -1.0658046263724454 -0.60114062351392705 -0.00035755485858829177 0.4985216095331878 -0.065976846968843872 -0.59755652513189095 -0.077671393752098083 -0.070230672427341198 0.54134174897412002 11.0942525359781 -0.010985669530897633 0.22130013183043867 11.094252535978097 0.22403166837937438 -1.0524187280896249 -0.24111499348714724 -1.0543597459771497 -0.18628262120166539 -0.16372374332612857 -0.3601296945440165 -0.2826224179699719 0.52673085963560062 0.20378253929137127 0.016602897081596756 1.5831321967568374e-07 -1.6220482938833948e-08 -1.6220482938818417e-08 0.00013743791397933302 0.00010043851184146688 4.3416819600981212e-05 -7.8166048974623385e-05 -1.7330647863471491 -1.2733179728248534 -0.59290869952759384 0.4985216095331878 -1.7239052046490453 11.094278154307197
-0.075514882802963257 -1.8576449283093164 -0.08908340209066859 -0.061309313118555128 -0.077203959032855735 -1.7859017929742498 -0.07694580115467517 1.0152016755267544e-32 0 0.0001125179160103355 -1.3402271897120899 -0.65105582507386683 -0.64031413620618871 -0.64364346351797486 -1.3173625111270328 -0.64325704129910166 0.020019659929451615 -0.27330580060127324 -0.57275374257452416 -0.27280552949309411 -1.090029859409126 -0.62120433812689646 0.00011163910754477462 0.60363370747532086 -0.068525693915898925 -0.6146528694272253 -0.075514882802963257 -0.072320442441609609 0.64574876431742723 13.109088226817253 -0.010459577767122757 0.26395909015253266 13.109088226817256 0.26339764799605114 -1.0765805807803375 -0.24784849261930833 -1.0783885339646078 -0.1930745358412467 -0.16470591374119742 -0.32123658317636483 -0.26749219230451826 0.6274177890657644 0.24365632857648617 -0.0042046050818918546 6.7966816199020248e-08 5.114450727730307e-09 5.1144507277499947e-09 0.00014138618422762308 0.00010340736675766296 4.1521171195244298e-05 -9.0291091369774926e-05 -1.7859017929742509 -1.3173625111270326 -0.57275374257452416 0.60363370747532097 -2.0131620685500535 13.109524356705226
-0.06074688583612442 -1.4059957041479172 -0.078211216758373989 -0.063371751832373716 -0.066455054616301787 -1.3353067300987567 -0.065420743817131435 8.4932110217516463e-33 0 0.00034607887073505642 -1.1117302250215042 -0.50108091957565404 -0.49093378820741418 -0.49377999218594265 -1.0896318491173647 -0.49322551903963385 0.019783471345278771 -0.17872439296835799 -0.38267096106370396 -0.17829231646738294 -0.92574934030786771 -0.47098183300980945 0.00034540937229256838 0.47530531129059173 -0.060162474429518456 -0.46516718138945012 -0.06074688583612442 -0.060827278281417319 0.51674334249914033 10.804949977270015 -0.009947713685893261 0.21626509960957965 10.804949977270015 0.21385579615246766 -0.91492440713246437 -0.22110187165920606 -0.91661602764704542 -0.16649156729272296 -0.13308301073670067 -0.14723810994309988 -0.17302672102194189 0.5029581105383375 0.19460251373925752 -0.015855420282128291 -1.7104775594177177e-09 1.5730857760676348e-08 1.5730857760691733e-08 0.00010677136903067128 7.9028940521435963e-05 2.8000070908725451e-05 -7.0810781118678685e-05 -1.3353067300987567 -1.0896318491173649 -0.38267096106370374 0.47530531129059173 -1.6469258800790261 10.804966328090465
-0.060314156115055084 -1.2410244739581875 -0.073764734322026529 -0.063330875485500635 -0.062117704856898208 -1.1711476303155193 -0.062084286415232608 5.247019972904748e-33 0 1.0765435476785418e-05 -1.0025561729900438 -0.44519145335220356 -0.43102961537853035 -0.43798911940908408 -0.98103933814293565 -0.43819923107885539 0.019624763857046857 -0.1578113202199157 -0.33132517890698565 -0.15814075794156532 -0.85388269717907261 -0.41037391637417375 1.0326755288900158e-05 0.33417784874219014 -0.056742103324635793 -0.4105670286876309 -0.060314156115055084 -0.057518702111866854 0.37512246967609819 8.0653945548637793 -0.0095609222214638849 0.15934112825606445 8.0653945548637775 0.15912901380463262 -0.84408383867341974 -0.21220419076156496 -0.84568310786959378 -0.15785605987364551 -0.12050897184639456 -0.11337531068234161 -0.15290595335060445 0.36512085121568755 0.14023887938320767 -0.0019972874733989328 5.9477744748689758e-08 4.8933797620961337e-10 4.8933797622129005e-10 9.4136043781641921e-05 6.9226088274033215e-05 2.4793300017531914e-05 -5.2558034280655572e-05 -1.1711476303155193 -0.98103933814293565 -0.33132517890698582 0.3341778487421902 -1.2391920101089502 8.0653946773898983
-0.080385439097881317 -1.7348990663882111 -0.08727557343972725 -0.064111720067241487 -0.075743569539614863 -1.6659308583682391 -0.07701863557375617 5.4393360664863893e-33 0 -0.00040936529674264236 -1.2361217820298125 -0.60746425358255007 -0.58987922474243049 -0.60039096613043119 -1.2152264845054344 -0.60119481610123504 0.0194228529918728 -0.258789681396557 -0.52862242904496393 -0.25946915321871505 -1.0278964582244496 -0.56822710039629432 -0.0004099458873126243 0.41980178282634178 -0.067135056492097889 -0.57403589577407588 -0.080385439097881317 -0.072483332320608662 0.46028783674227958 9.4524960397601507 -0.0092052453613121372 0.18870305922289282 9.452496039760149 0.191604383191078 -1.0154772665267073 -0.24778035094375367 -1.0169756576787552 -0.19364749341990667 -0.15199653180654227 -0.29320285086353215 -0.25427477882747096 0.44802383569065091 0.17305330529450713 0.017605112515933032 1.6812993143133779e-07 -1.8607513488312807e-08 -1.8607513488298977e-08 0.00013198818994969981 9.4705519138404569e-05 3.9059816910282346e-05 -6.7002553229374875e-05 -1.6659308583682395 -1.2152264845054344 -0.52862242904496382 0.41980178282634184 -1.4722563539781477 9.4524977583144292
-0.097139574587345123 -2.2884915146773679 -0.10405067752737392 -0.067872068995264323 -0.092658390256125364 -2.2208065819885441 -0.093619893805326912 8.9317912914189286e-33 0 -0.00026695523628944844 -1.5229175074700294 -0.790377549595906 -0.77521069412477861 -0.78346469936048257 -1.5029065796951198 -0.78377340090693104 0.019106616893469191 -0.34326462717982081 -0.7048988444575166 -0.34331624843739311 -1.2287206162913411 -0.75226504810938644 -0.0002678906965799914 0.63464074373180779 -0.080038982713364543 -0.75727182829027928 -0.097139574587345123 -0.089122492524788238 0.6744676420873964 13.358552601360651 -0.0087192131884736533 0.2708810428345832 13.358552601360648 0.27299563043824504 -1.2135292527340003 -0.28706801760195461 -1.2148936325840505 -0.23303541506229203 -0.18560059136128768 -0.43222151734651443 -0.3381875019468964 0.65504786948071636 0.25491871387912335 0.012600617261472455 1.705762140969612e-07 -1.213432892225977e-08 -1.2134328922236317e-08 0.00017440345055603313 0.00012412866701879099 5.1229272359689469e-05 -9.6477832466652677e-05 -2.220806581988584 -1.5029065796951198 -0.70489884445751649 0.63464074373180779 -2.0683574500940911 13.359153624629048
-0.091935068368911743 -2.2155183327398107 -0.10483607901844776 -0.072785008062973069 -0.093598387091463661 -2.1492989928914401 -0.093090542433825488 1.0581341784774307e-32 0 0.00020528976882820758 -1.5010013709023822 -0.76613395633371517 -0.75462455420862806 -0.75937147347257505 -1.4820273354200992 -0.75887905433660652 0.018763530845401 -0.30212991826038665 -0.6300689979661801 -0.30155795137746277 -1.2072026635952759 -0.73050358376091373 0.00020426831644936011 0.68568860900004314 -0.080643137706498266 -0.73312398996052852 -0.091935068368911743 -0.088635106560687141 0.72469079485473753 14.379526151698457 -0.0081187501618083698 0.29282442313032897 14.379526151698455 0.29158495169155213 -1.1926648991160416 -0.28565378022190857 -1.1938827846782087 -0.23172147093912793 -0.17795258159821409 -0.34504238500881396 -0.29650071065426981 0.70328513834487361 0.27409337989276927 -0.0085807409886682635 7.0211953366488414e-08 9.3313531285414876e-09 9.3313531285631398e-09 0.00016879644033592809 0.00012032373816475401 4.549941440595403e-05 -0.00010092491637420368 -2.1492989928914632 -1.4820273354200992 -0.63006899796618021 0.68568860900004314 -2.2042943562043513 14.381629675261388
-0.078808493912220001 -1.7557373758455816 -0.094226442661543813 -0.07570792461363636 -0.083134655519253531 -1.6907877861109626 -0.082173827726588086 8.1096565618554671e-33 0 0.0003248554362336122 -1.2651323037097553 -0.61314803545896601 -0.60110893803526388 -0.60650427016329667 -1.2470677469462108 -0.60605325391570841 0.018505734378506094 -0.20913234938699027 -0.44078523560226945 -0.20881808368213675 -1.0402644985499399 -0.57614261776600528 0.00032409185451901006 0.52772027982734959 -0.072481878970418301 -0.58094754192075626 -0.078808493912220001 -0.077757451979611258 0.5659790855917145 11.499858014694858 -0.0075693783342625446 0.23312892494672041 11.499858014694858 0.23083471493999494 -1.028373621315241 -0.25885315683954269 -1.0294664460295773 -0.20514490631932886 -0.14602573938771171 -0.17487630906048054 -0.2038136027198782 0.55052958384408046 0.21387258050182939 -0.015206972266812177 2.2362594310830634e-08 1.4766156192428252e-08 1.4766156192444334e-08 0.0001335555146983997 9.5323469705112948e-05 3.2149113216055888e-05 -7.7934075669987504e-05 -1.690787786110963 -1.2470677469462108 -0.44078523560226957 0.52772027982734948 -1.7545140771203924 11.499905094261877
-0.083603434264659882 -1.7176131203374185 -0.093773365814035253 -0.076788904364485877 -0.082816551011609618 -1.6537315183840144 -0.083082335375390226 5.1131468551308532e-33 0 -8.1578818492943056e-05 -1.2207326024134721 -0.59903872518270629 -0.58259893271628849 -0.59250964502498249 -1.2034153017596296 -0.59288913926501896 0.018309294491223715 -0.21275633197189064 -0.43834048235309264 -0.21321139199040542 -1.0161539337138428 -0.55683833780896286 -8.2161185732727241e-05 0.41665329783585109 -0.072133358318488647 -0.56833281926662171 -0.083603434264659882 -0.078702111219324869 0.45434891525359278 9.2884809858721482 -0.007144582979711561 0.18728995272836016 9.2884809858721482 0.1877460292425509 -1.0045813574029947 -0.25895230503739086 -1.0055689010862472 -0.20554801566246486 -0.14199206148572463 -0.18419170351619132 -0.20824629227738917 0.44224630968317236 0.17119070025580169 0.0021303225745578991 1.0428346904968568e-07 -3.7081281133239109e-09 -3.7081281133077833e-09 0.00013063717978080379 9.2209669762577455e-05 3.2431207777531876e-05 -6.4384084220405876e-05 -1.6537315183840149 -1.2034153017596296 -0.4383404823530927 0.41665329783585109 -1.4315410878256238 9.2884822624410326
-0.10562239587306976 -2.2793632056283677 -0.10999421832581865 -0.079194009157088283 -0.099183912567071195 -2.2167197498706273 -0.10052878305373926 6.0026920720087286e-33 0 -0.0004113090626292707 -1.4897515583401195 -0.78380889072874449 -0.76524358722679076 -0.77742807203210662 -1.4732769447741425 -0.77819226549665876 0.018049138907866753 -0.31876974035044292 -0.64825868730098857 -0.31936243042287116 -1.2121332573496917 -0.73836651855640645 -0.00041209419489930042 0.53910903792743248 -0.084610937173706685 -0.75426864112791925 -0.10562239587306976 -0.096188790657537909 0.57622975381033104 11.364512313403166 -0.0067198605249772156 0.23112967760347081 11.364512313403164 0.23409431942666398 -1.1976709849950875 -0.29860673359441547 -1.1985381650609486 -0.2454394949519968 -0.17678637405227676 -0.37021529010108445 -0.31445085994631811 0.56042448224037589 0.21795311361309674 0.017922987547272822 2.0071500458578908e-07 -1.8695866483159396e-08 -1.8695866483140514e-08 0.00017368481482308047 0.00012138689646137399 4.7465857991917972e-05 -8.3487881302250682e-05 -2.2167197498706659 -1.4732769447741427 -0.64825868730098835 0.53910903792743259 -1.7668155601486868 11.364550846067422
-0.11856198310852051 -2.7229731804170623 -0.12463284047622923 -0.084360466174344131 -0.11399443416142159 -2.6619327063521916 -0.11465796391241487 9.3172565378798331e-33 0 -0.00016200449385595178 -1.7217965266444639 -0.9303135287372043 -0.91498851220496957 -0.92410452363056639 -1.7064271596107916 -0.9242148562275494 0.017685852957655807 -0.37758057551901081 -0.774303845895848 -0.37745543387184272 -1.3717079812857491 -0.88677734773354222 -0.00016310894394827854 0.73213066257394332 -0.095871415750945557 -0.90110301151329364 -0.11856198310852052 -0.1103659007428673 0.76846790640540186 14.882814639690277 -0.0061580205030976644 0.30527131417829467 14.882814639690283 0.30665413969386951 -1.3551368923039508 -0.33058177557336538 -1.3558526871451984 -0.2775544619331638 -0.20242041934909089 -0.4618403814508108 -0.37262011389509742 0.74524877794689515 0.29106743692720616 0.0078999582047066339 1.743847311841189e-07 -7.3638406298275947e-09 -7.3638406298015153e-09 0.00020766639961228468 0.00014498744073916623 5.5997722357281758e-05 -0.00010914848326383359 -2.6619327063530607 -1.7064271596107921 -0.774303845895848 0.73213066257394332 -2.2982263645319918 14.886593666281286
-0.10934872180223465 -2.49488799377162 -0.12158864126985634 -0.089802882766554334 -0.11113205351199368 -2.4355386781066919 -0.11034269040015757 9.9959900621514129e-33 0 0.00028723570198863258 -1.6208575806617636 -0.85452661854038969 -0.84240217595642253 -0.84847130649775671 -1.6066789271026545 -0.84787345725602392 0.017325776529807515 -0.31188525113959359 -0.64867197085368955 -0.31127359085357353 -1.2948924857697937 -0.81305543250027734 0.00028613893050742341 0.72609272300171324 -0.093529724053735677 -0.82561604432631297 -0.10934872180223464 -0.1061010855348717 0.76153321010287145 14.858101416321638 -0.005516307966632804 0.3053826831511014 14.85810141632164 0.30353378360162403 -1.2797807348946708 -0.31962692850651886 -1.2803413827333996 -0.26677538142426083 -0.18500596605337802 -0.33230985538247104 -0.30651379251614663 0.73860874126963316 0.28857730052800223 -0.012469974525468148 6.9098643986453357e-08 1.3056168272199997e-08 1.3056168272220425e-08 0.00019017126119047782 0.00013285225550691614 4.6728722124050949e-05 -0.00010569586345028322 -2.4355386781068837 -1.6066789271026549 -0.64867197085368988 0.72609272300171324 -2.27405326904685 14.861774483391969
-0.097396872937679291 -2.0234941270809776 -0.11065829004338686 -0.092720921481468085 -0.10037120623042374 -1.9655784536023708 -0.099484810092670739 6.9053661544622424e-33 0 0.00028818700008415038 -1.3759660505589566 -0.6974087832077237 -0.68380284217714293 -0.69147667639280463 -1.362800208523848 -0.69112703973075529 0.017062378653831558 -0.22488928658057569 -0.46924155298287668 -0.22470772129461128 -1.1234984232794174 -0.65363830175465731 0.00028738385848237833 0.5463375247526806 -0.085121761571836041 -0.66959643214946929 -0.097396872937679291 -0.09528978788725137 0.58101172383964639 11.544947712645454 -0.0049599373630383053 0.23662691601942679 11.544947712645452 0.23455475147013125 -1.111040881715269 -0.29265744338296246 -1.111472537669846 -0.2401153942801629 -0.15291042303568181 -0.17543545973752842 -0.22000221897933184 0.56504175678473245 0.22013929555456577 -0.013842240993926998 4.4831596817621499e-08 1.3099409094726383e-08 1.3099409094742051e-08 0.00015404184196687033 0.00010711246965263014 3.4185143903044251e-05 -8.0316450325470878e-05 -1.9655784536023759 -1.3628002085238482 -0.46924155298287656 0.5463375247526806 -1.7628175755331932 11.544998027386452
-0.10578649491071701 -2.0834725310376525 -0.11295172109486852 -0.094070229490782684 -0.10282527605907615 -2.0268216486934105 -0.10331532782112213 4.359340291595697e-33 0 -0.00016088019879911318 -1.381807020883884 -0.71565492050618096 -0.69773447162756275 -0.70984951429922072 -1.3695103776278519 -0.71034059095895641 0.016841950901356866 -0.25073727498159054 -0.51173119984581095 -0.25128052476050622 -1.1352176500077942 -0.66672821019507977 -0.00016155762802542271 0.46897279160713018 -0.086885939303745011 -0.68945296714759374 -0.10578649491071701 -0.099164712506778149 0.50304941274664927 9.9363519726218836 -0.004521997826201247 0.20340905540524507 9.9363519726218819 0.20444446426446572 -1.1225183135914334 -0.29968061476499636 -1.1228368006747493 -0.24750402659024978 -0.15560069864500872 -0.22496945442016139 -0.24662000179504515 0.4896573633593268 0.19045515394975279 0.0057436980140131008 1.4088898731785331e-07 -7.3127363090623478e-09 -7.3127363090433433e-09 0.00015864192011534926 0.00010924984549939352 3.7642383061013617e-05 -7.1803659712416453e-05 -2.026821648693419 -1.3695103776278517 -0.51173119984581095 0.46897279160713007 -1.5348556387597694 9.9363559410299533
-0.12702226638793945 -2.647858709523518 -0.12956948129369705 -0.09707275735925866 -0.1196182564517391 -2.5926863617921612 -0.12089245134523563 5.9169062413866188e-33 0 -0.00038840777247172483 -1.6559179389812588 -0.90138882460607672 -0.88267780389432537 -0.89574422330156833 -1.6446206443660145 -0.89640206944466194 0.016542555538607975 -0.35530664984518218 -0.72125722463648445 -0.35578180518476277 -1.3318390968539748 -0.85050323414882867 -0.00038933244547428733 0.61836166031734896 -0.099668831764382348 -0.87626210835574958 -0.12702226638793945 -0.11679118102914145 0.65178728813607623 12.521942250144479 -0.0040558941534799588 0.2579476273338383 12.521942250144477 0.26078936852613976 -1.3162622858388118 -0.33960946308385781 -1.3164482901774621 -0.28771471813131727 -0.19026286512473631 -0.4072307704687993 -0.35118375395227852 0.6332411189448145 0.2472616848643919 0.017114600630150262 2.1768266720847499e-07 -1.7654898748727712e-08 -1.7654898748707671e-08 0.00020189034117018112 0.00013874022149963625 5.2522535265847436e-05 -9.4065594187670923e-05 -2.5926863617927163 -1.6446206443660145 -0.72125722463648423 0.61836166031734885 -1.9441247087995679 12.522142380511703
-0.13405425846576691 -2.9268779094981738 -0.13990294121808822 -0.1023727755629136 -0.13014956950053913 -2.8734981270114384 -0.13042445630074187 8.9658199632500391e-33 0 -4.9519771637995726e-05 -1.8085651781358247 -0.99344089728210094 -0.97863854572862941 -0.98797147704469346 -1.7984991942324839 -0.98785822972725146 0.016156917742083388 -0.38556263724359308 -0.79080556207411135 -0.38527144336154967 -1.4335565317652568 -0.94516982079927103 -5.0710144961228738e-05 0.77866007054827502 -0.10761764709083711 -0.96861988309707037 -0.13405425846576691 -0.12637926005638678 0.81123114712954369 15.466121614692938 -0.0034545744993538454 0.32011911526123249 15.466121614692931 0.32071320391627828 -1.4167343946086053 -0.36131779691626775 -1.4167616630247677 -0.30962855372405784 -0.20546082141612909 -0.44835084205349812 -0.38075485427478556 0.78616024756174108 0.30778405890952054 0.0028899976541987677 1.6329783849745796e-07 -2.2508987108331115e-09 -2.2508987108083374e-09 0.00022325928821521939 0.00015369444280182972 5.6996526816209371e-05 -0.00011457114182248348 -2.8734981270146265 -1.7984991942324848 -0.79080556207411135 0.77866007054827513 -2.3829817776506355 15.473399441170255
-0.12025030702352524 -2.5360931761102723 -0.13207445872342169 -0.10700951893085868 -0.12252152609972891 -2.4844789814114741 -0.12146068690742365 8.7258909124637876e-33 0 0.00035103633572878515 -1.6249705070036589 -0.86363668975092689 -0.85147218734355423 -0.85831669242901043 -1.6161379361906743 -0.85763276605257488 0.015804027510921595 -0.29935320010549732 -0.62214106248968803 -0.29874021623963493 -1.2990458622286631 -0.81698292528705896 0.00034994592595996831 0.71647021796266364 -0.10159573747955514 -0.83928189014985977 -0.12025030702352522 -0.11747187365237122 0.74813111369509278 14.412126865095075 -0.0028117476827121193 0.29870232209946673 14.412126865095072 0.2963610190865778 -1.2844777826926259 -0.34038341168925457 -1.2843522151907691 -0.28896660611648556 -0.17836674149747378 -0.28555485295440464 -0.2942978688068526 0.72577300062901529 0.28406708034467387 -0.015554347559365892 5.9115603641582989e-08 1.5956197078572587e-08 1.5956197078592161e-08 0.00019330070314915875 0.00013287733380551616 4.4760212302400539e-05 -0.0001035219388091895 -2.4844789814117432 -1.6161379361906745 -0.6221410624896877 0.71647021796266364 -2.2023374586757449 14.414312955983153
-0.10915836691856384 -2.0649145514940912 -0.12046441529444402 -0.10872840436110648 -0.11109516298031384 -2.014750426184027 -0.1103062114794499 5.2651727090809718e-33 0 0.0002351673753442792 -1.376743285392513 -0.70639635185580141 -0.69199852495339409 -0.70119745317583682 -1.3689182489537761 -0.70095317522762779 0.015553438368474344 -0.22327458589379082 -0.46276088581810154 -0.22323531186033085 -1.1264553183877735 -0.65678337210833782 0.00023438887452424594 0.52563825213502058 -0.092664934841880042 -0.68333355138294094 -0.10915836691856384 -0.10636869810905678 0.55656049875858904 10.858276914424076 -0.0022831987584544574 0.22488472528230158 10.858276914424071 0.22315008601226222 -1.114468617706128 -0.31370910976020955 -1.1142202401871224 -0.26269839203492706 -0.14704331712231525 -0.15188483621774393 -0.2188447659977055 0.54144564674676987 0.21137439624246457 -0.011713684000690811 5.9354655521432983e-08 1.0689426152000531e-08 1.0689426152020177e-08 0.00015719465264315224 0.00010709707394119797 3.3733765717559079e-05 -7.7219756838484781e-05 -2.0147504261840345 -1.3689182489537761 -0.46276088581810171 0.52563825213502058 -1.6592737926885326 10.858294691127075
-0.11961078643798828 -2.2040356410844049 -0.12438456258444056 -0.10925114145068818 -0.11519128103430898 -2.1551858847672221 -0.11584610117130403 3.3763576155035189e-33 0 -0.00023006641823116635 -1.4243335614577186 -0.75085055920777977 -0.73252611006252244 -0.74578296050039117 -1.417392651085277 -0.74634121630479822 0.015325092554839237 -0.26966762513798975 -0.54736862223691063 -0.27026624845822139 -1.1671762535125985 -0.6964934396033523 -0.00023078158709172799 0.48622265507747697 -0.095680432757261957 -0.72938534691249801 -0.11961078643798828 -0.11195813691013309 0.516554111060887 9.9360238722917202 -0.0018603171568505666 0.20600819948938112 9.9360238722917149 0.20755264455807232 -1.1544692402283516 -0.3261985419434692 -1.1541096717336907 -0.27562084550218369 -0.15545933794736108 -0.23943025021448783 -0.26592275555033779 0.50278926180880124 0.19619445947938161 0.0089638663679684708 1.6282233037990257e-07 -1.0457564465063516e-08 -1.0457564465044592e-08 0.00016786497545451983 0.00011356789653234006 4.014050242140675e-05 -7.4163033797250956e-05 -2.155185884767246 -1.4173926510852772 -0.54736862223691063 0.48622265507747697 -1.5380251970832899 9.9360278401584452
-0.1378197968006134 -2.7232666341502618 -0.13946364787755242 -0.1116659077172725 -0.13046168320571547 -2.6759663827126716 -0.13156215597103418 5.5930882712932273e-33 0 -0.00034650945077191459 -1.6819451994612293 -0.92182363038877058 -0.90401421296668139 -0.91692002310091902 -1.6760382452598106 -0.91742590115243883 0.015006935796513561 -0.36761045384343194 -0.74602785829513085 -0.36794650351386227 -1.3495812313219291 -0.86685129157675578 -0.00034750285048613781 0.65440720413727183 -0.10727972913657875 -0.90124897804191373 -0.1378197968006134 -0.12772881360961813 0.684055937851207 12.895236451489076 -0.0013827525245363394 0.26837296736359856 12.895236451489071 0.27095570235412353 -1.3342048597602201 -0.36348317464957935 -1.333712182321855 -0.31324086981767579 -0.1876053132274417 -0.40984998557817059 -0.36366992364425638 0.66427848202168294 0.26007655421453257 0.015497534514883907 2.147017700211826e-07 -1.5750429580555244e-08 -1.5750429580532361e-08 0.00020765681260590441 0.00014090718339960926 5.4127278441540317e-05 -9.8429963932840031e-05 -2.6759663827136215 -1.6760382452598113 -0.74602785829513096 0.65440720413727171 -1.9999540138533893 12.895566228216113
-0.13776586949825287 -2.812655791584429 -0.14409759210892856 -0.11580145712753484 -0.13530419703965807 -2.7671421425086096 -0.13516028629101146 8.3022459667957105e-33 0 6.083707224238782e-05 -1.7434683944258624 -0.95119185683626961 -0.93773604713534897 -0.94645673606391412 -1.7387774097606985 -0.94612377944147985 0.014623385474210954 -0.36876410212907784 -0.75745458907247143 -0.3683303474732178 -1.3858011946571041 -0.89941452462790294 5.9643692292702228e-05 0.77470563395815906 -0.11084430162225271 -0.93084183280160793 -0.13776586949825287 -0.13138654146827908 0.80348287871137158 15.138412005588403 -0.00077837345837292442 0.31588470968145715 15.138412005588401 0.31569253990891533 -1.370122423320826 -0.37332729251568836 -1.3694768334938088 -0.32336627587701749 -0.19138051236006101 -0.4009841360305082 -0.36413506755602215 0.77876017994894864 0.30541930808380585 -0.0020284730080364632 1.3573038361647158e-07 2.7653214655524106e-09 2.7653214655752672e-09 0.00021449977533297181 0.00014592514294860782 5.4456072861707006e-05 -0.00011293250761381029 -2.7671421425102887 -1.7387774097606992 -0.75745458907247154 0.77470563395815917 -2.3276317406309035 15.143462859429821
-0.11970276385545731 -2.2820031595190962 -0.13141776762771107 -0.11843286892485727 -0.12282707948790422 -2.238132730911953 -0.12155956915322159 7.2373131150025116e-33 0 0.00038943594656395432 -1.4872659296903832 -0.77499522865150772 -0.76349797076361892 -0.7703964656383514 -1.4837078413326976 -0.76966751929248478 0.014299101004655793 -0.26819528785555596 -0.55785378260538054 -0.26762283836039547 -1.2006281939907197 -0.72435266920640529 0.00038842523468234926 0.66227611200845382 -0.10109059048285465 -0.75520908495109962 -0.11970276385545731 -0.11784320467629532 0.69018447607702416 13.154792413183538 -0.00017147714002096996 0.27498798118005319 13.154792413183531 0.27232750771260833 -1.187864056785676 -0.34342481864158814 -1.1870807907993035 -0.29383643381597607 -0.156206429583546 -0.21701965855120456 -0.26349581119887211 0.67017000595674903 0.26265747433140468 -0.017527196635663395 3.9565088918348197e-08 1.7701633934712319e-08 1.770163393473468e-08 0.00017383246397104026 0.00011765938222109435 4.0126932669852497e-05 -9.5230398912387953e-05 -2.2381327309119978 -1.4837078413326976 -0.55785378260538054 0.66227611200845382 -2.0068724664331876 13.155255091899139
-0.10978849977254868 -1.8433680112725017 -0.11946165231409142 -0.11801526395555971 -0.11105283051776103 -1.8007875229254133 -0.11041641696377136 3.6771547517230751e-33 0 0.00016432023465549097 -1.2509995808212728 -0.62845155204414116 -0.61413876342344187 -0.62396445562311242 -1.2483154166391894 -0.62384127168071879 0.014075646019252392 -0.20852068723842207 -0.42994947554295643 -0.2086295226623279 -1.0369202278045628 -0.57442551495635641 0.00016361765407369431 0.47384822680249367 -0.091893578703147225 -0.61003159757536785 -0.10978849977254868 -0.10675125346241532 0.50108794283597891 9.6042125513489136 0.00030047105995322865 0.20118336726537411 9.6042125513489118 0.19991307860666396 -1.0265027246181195 -0.31850869163910001 -1.025613833010659 -0.26941616146861364 -0.1276109207972711 -0.11666729960096442 -0.20454865045363593 0.48775661777835311 0.19070993691931948 -0.0087444810392732879 6.4622261917736615e-08 7.469101575239091e-09 7.4691015752567993e-09 0.00014023098829378999 9.360143788614618e-05 3.1410975734214975e-05 -6.9823809623793597e-05 -1.8007875229254144 -1.2483154166391897 -0.42994947554295637 0.47384822680249367 -1.4692540911241703 9.6042147844713561
-0.12138839066028595 -2.0584177303485096 -0.12449235504185066 -0.11693987937122027 -0.11625884922446385 -2.0170358467458422 -0.11704739810074379 2.6332606176727764e-33 0 -0.00029221980060542357 -1.3401853915257305 -0.69818054485401759 -0.68047666688957253 -0.69382175889725384 -1.3382814369728095 -0.69442075795959146 0.013851180050038044 -0.27443668091268397 -0.5550647231770991 -0.27506266123634482 -1.1063779615404519 -0.64003785337128749 -0.00029292960261355111 0.47740081853930566 -0.095763350032192801 -0.68121427353489605 -0.12138839066028595 -0.11343207379709967 0.50408778756292527 9.4697976446442649 0.00068733112159810388 0.19875060870751937 9.4697976446442649 0.20076032612094477 -1.0947641537189583 -0.33599977737728071 -1.0937761523064404 -0.28739700406908381 -0.1417343145032128 -0.24043967863521062 -0.27102831167897234 0.49067744866404395 0.19194502057645205 0.011946344086846016 1.692833375146064e-07 -1.328271820934845e-08 -1.3282718209329497e-08 0.00015672811565657519 0.00010429922240343899 4.0632441278708086e-05 -7.2794131735925941e-05 -2.0170358467458498 -1.3382814369728093 -0.5550647231770991 0.47740081853930566 -1.469259700645638 9.4697994141728099
-0.13532465696334839 -2.508611054086082 -0.13695614735005576 -0.11797386339803702 -0.12891280952431097 -2.4686739956652022 -0.12978717944397436 5.4749233386337417e-33 0 -0.00029218290225641838 -1.5708265014817513 -0.84657553807487551 -0.83058360756494887 -0.84237508406007722 -1.5698657709844848 -0.84270961194168137 0.013529555976935248 -0.36204123243066527 -0.73525091689401501 -0.36222692779955035 -1.2677141777687551 -0.78913186067855701 -0.00029319164923761852 0.65818373674590192 -0.10535088257696597 -0.83022702078088051 -0.13532465696334836 -0.12622649393552565 0.68418908429771164 12.699781305826033 0.0011547154798593467 0.2667690678368998 12.699781305826033 0.26900319260974292 -1.2537344985553576 -0.36901058996591013 -1.2526236716121408 -0.32078889681487111 -0.17021815356996409 -0.39278888470311746 -0.35826055434704013 0.66441135273499152 0.26066227407767101 0.013351030779465544 1.9357793676219182e-07 -1.3281041011668683e-08 -1.3281041011646635e-08 0.00019123601519192908 0.00012825575410733389 5.3194477250223572e-05 -9.8201934747233613e-05 -2.4686739956654433 -1.5698657709844852 -0.73525091689401501 0.65818373674590192 -1.9677286762879929 12.700035655015043
-0.12830431759357452 -2.4163889444154072 -0.13566241579448088 -0.12015357887925407 -0.12781997948510082 -2.378048975138336 -0.12729328313354385 7.7635233969457083e-33 0 0.00015968583110652335 -1.5440492870535474 -0.81595862682760889 -0.80447595910375647 -0.81191121488989726 -1.5441577258007058 -0.81139282118823397 0.013165410865276447 -0.33592276221224332 -0.69166932680372029 -0.33538097702254849 -1.240932127350971 -0.76207833948270476 0.00015854832009831553 0.73520076164041426 -0.10435570445729297 -0.79970842245628293 -0.12830431759357452 -0.12379013110460942 0.76035706342558784 14.180623273782565 0.0017361057584373148 0.29831273989156315 14.180623273782558 0.29740524240107502 -1.227542234612728 -0.36709349989281981 -1.2262957871255389 -0.31922172717145658 -0.16318139701526313 -0.33781295955354113 -0.33149191865927141 0.73749660327857169 0.2896511627028302 -0.0064646974221138102 9.6046521041819257e-08 7.2584468684664553e-09 7.2584468684882201e-09 0.00018417034215244477 0.00012374828242850858 4.9628559331663234e-05 -0.00010639773686853455 -2.3780489751384639 -1.5441577258007055 -0.69166932680372017 0.73520076164041426 -2.1758006665057632 14.182282890130068
-0.10744895040988922 -1.7979285535585172 -0.11919783563720462 -0.12020988424206196 -0.11154260060369374 -1.7609451663826396 -0.11018449393911176 5.9831131546816813e-33 0 0.00039831140719428539 -1.2381800146534578 -0.61066296355125893 -0.60036491416783955 -0.606732066097179 -1.2392026584804483 -0.60601693627927389 0.012881862554237261 -0.22849893415571126 -0.47607312414452924 -0.22800732302265814 -1.0208975640357416 -0.55739682086643239 0.00039742264265830448 0.58269841053351445 -0.091690642797849692 -0.59501152539695779 -0.10744895040988922 -0.10673434729321629 0.60706225485657017 11.441936736697253 0.0022836277764944875 0.24156431140768073 11.441936736697247 0.23878779010855716 -1.0108425016630278 -0.33070591938417992 -1.0094834411032534 -0.28329242722819331 -0.12283818812115035 -0.14615069323258456 -0.22417784861946616 0.59017751490609083 0.23158136646672761 -0.018205370515120878 1.5204321631345951e-08 1.810506396336466e-08 1.8105063963383956e-08 0.00013678572847394553 9.0773031093681456e-05 3.4275750879233038e-05 -8.3535478764347495e-05 -1.7609451663826405 -1.2392026584804483 -0.47607312414452924 0.58269841053351445 -1.7426016968142763 11.44197994656129
-0.099818333983421326 -1.4412517862924947 -0.10807821031433018 -0.1174158860045313 -0.10058708163341534 -1.4052691113064033 -0.10018447899018849 2.5693318835042975e-33 0 7.6730026805868227e-05 -1.0369891736138528 -0.49127306199232368 -0.47770076749246704 -0.4874393675036075 -1.0386599310775528 -0.48746239353161908 0.012690117282476258 -0.19056114553761611 -0.39080234021481708 -0.19081850565248909 -0.88175856824072718 -0.43436113151686373 7.6121663585179439e-05 0.41127308421070807 -0.083137084857177052 -0.47696008200152928 -0.099818333983421326 -0.09678060854561954 0.43505810304051606 8.1602940852699941 0.0026858119820975285 0.17331669264277 8.1602940852699941 0.17263364753485214 -0.87359433278400045 -0.309945987325978 -0.87215412498052458 -0.26309466929817782 -0.09966771188842706 -0.08796336299832852 -0.18702851855887184 0.42348561898695569 0.16582960536186858 -0.0049740017807406662 6.4632456123447289e-08 3.4877284911648899e-09 3.487728491181666e-09 0.00010947599072582644 7.1065111304717719e-05 2.8641689300698686e-05 -6.0978340919370077e-05 -1.4052691113064033 -1.0386599310775526 -0.39080234021481708 0.41127308421070807 -1.2508189019185028 8.1602942332996928
-0.11243279278278351 -1.742054156999526 -0.11445203706156851 -0.11468192439283859 -0.10712075331945688 -1.7070453432127148 -0.10803711654069205 2.505347844113993e-33 0 -0.00034970101616512762 -1.1748962249475896 -0.58961999490993977 -0.57317439944682591 -0.58590693220262147 -1.177166657237015 -0.58653776570544469 0.012471845440772013 -0.27542803039614905 -0.55557363762626466 -0.27605873367162692 -0.98563871136385484 -0.52923567193029408 -0.00035039511391027009 0.46264780334414013 -0.088040028508898846 -0.5765248766898744 -0.11243279278278351 -0.10467885306212156 0.48592652910238199 8.9158236727950033 0.0030314833042692437 0.18945837823353684 8.9158236727950015 0.19191229717662892 -0.97573762579057677 -0.33302039350683033 -0.97421630060552644 -0.28669031167620596 -0.12031283549508491 -0.24611536817145527 -0.27231420998466427 0.47300301653813848 0.18546100370081731 0.014809200891988089 1.6497744086515277e-07 -1.5895500734789026e-08 -1.5895500734771675e-08 0.00013255217392989783 8.6540970864499249e-05 4.0603248062678367e-05 -7.0583451644824565e-05 -1.7070453432127153 -1.177166657237015 -0.55557363762626466 0.46264780334414018 -1.3868710342899209 8.915824320410076
-0.12196340411901474 -2.1202912350557224 -0.12419598340839619 -0.11427680181312891 -0.11703885962263048 -2.086513484111082 -0.11768047307712629 5.8899012080105214e-33 0 -0.00023046022323733474 -1.3778564705846776 -0.71451678527046592 -0.70082842051432248 -0.71095108222968373 -1.3809034773064046 -0.71111761039599508 0.01215180160198045 -0.35011063511484869 -0.71189345127362813 -0.3501427549388344 -1.1260418246115678 -0.65603428785505413 -0.00023146623899392239 0.65133502723734071 -0.095535371852612447 -0.70172035771080121 -0.12196340411901474 -0.11437231256794088 0.67394230800472588 12.33529399460584 0.0034833677693093439 0.26142511207786157 12.335293994605838 0.26325564680638386 -1.1140906727362891 -0.36139664728538401 -1.1124628089953343 -0.31547199155273237 -0.14501261400424556 -0.37530347231632188 -0.34646613761717449 0.65456605731231909 0.25726822897361123 0.010866333994493242 1.6151258619306775e-07 -1.0475464692620441e-08 -1.0475464692598863e-08 0.00016155183397937673 0.00010695304844988861 5.1367988034122045e-05 -9.646931229783523e-05 -2.0865134841110957 -1.3809034773064044 -0.71189345127362835 0.65133502723734071 -1.9091526838480923 12.335449019145173
-0.10934805870056152 -1.8809864746250979 -0.11790121250140637 -0.11450772425460116 -0.11092289415746548 -1.8485147210812876 -0.11010201140826528 7.6487987459324072e-33 0 0.00024106622056261636 -1.2770955016864602 -0.6353434730242743 -0.62599944944985453 -0.63191073056473723 -1.2809939865415172 -0.63126374559341025 0.011812712452909742 -0.30011344564166764 -0.61955401184828851 -0.29950426288872195 -1.0466873139764161 -0.58050508411769486 0.00024000332570905567 0.68468466282209994 -0.090693240385697191 -0.62251844370061127 -0.10934805870056152 -0.1068449239642993 0.7064786541452891 13.038330235952628 0.0040335055672469523 0.27666899569991832 13.038330235952628 0.27516153564083923 -1.0360712562553576 -0.34928821323700138 -1.0343307354959184 -0.30376175659298177 -0.12895691822713709 -0.27994924702709367 -0.29589971370150264 0.68582884352492812 0.26973316228351796 -0.010181428514425815 5.3258185877926908e-08 1.0957555480106331e-08 1.0957555480127405e-08 0.00014322272136168697 9.4680389392952231e-05 4.4379722515287708e-05 -9.8435733418938932e-05 -1.8485147210812893 -1.2809939865415172 -0.61955401184828851 0.68468466282210005 -1.9962956063738218 13.038728002943085
-0.088097117841243744 -1.2451509028803107 -0.099687565221628735 -0.11227228775037572 -0.09286872389267202 -1.2136817892497289 -0.091565850475795962 5.2480285324720892e-33 0 0.00037937143208487839 -0.95197706887315336 -0.42428820332269579 -0.41534107458367525 -0.42094971578352719 -0.95652459852502214 -0.42031272873322806 0.011569298671524003 -0.19320414513680387 -0.4028038100699477 -0.19282494633038769 -0.81234519910483671 -0.36953998143367722 0.00037860345458611894 0.5042265548478766 -0.076682742478175955 -0.41206935962156993 -0.088097117841243744 -0.088353693892693388 0.52531044140021355 9.7579179181429883 0.0045180631001832715 0.20852776189280087 9.7579179181429883 0.20583080330027304 -0.8051965328873627 -0.30981064499795752 -0.80337177033754603 -0.26480123016947882 -0.086948015889298402 -0.092835330457322202 -0.18927142858199109 0.5112661363966361 0.20089083327803312 -0.017643493809548109 -5.4590649244543245e-09 1.7244156003847732e-08 1.7244156003864461e-08 9.4516284979444693e-05 6.0662636060616526e-05 2.9055693604759177e-05 -7.2154463300340381e-05 -1.2136817892497289 -0.95652459852502214 -0.4028038100699477 0.5042265548478766 -1.4840087106321389 9.7579208327604796
-0.084392324090003967 -1.02492629633208 -0.091196658326400004 -0.10770456246505342 -0.084514930606165509 -0.99414402079048125 -0.084431841274034844 2.1727223909020547e-33 0 -2.3827461232394099e-05 -0.81166353693625537 -0.35013760722945603 -0.33749453778677152 -0.34688125245534651 -0.81661824956380336 -0.34707797565257936 0.011401924953806998 -0.18141314514273257 -0.36943066073429409 -0.18181380255788587 -0.71576006876763509 -0.29151065247804347 -2.4364575595608753e-05 0.36305263699017315 -0.07015127563569229 -0.33918055285074589 -0.084392324090003967 -0.08125822697640836 0.38363769615475846 6.9968700618276287 0.0048574808850340278 0.15110785529727333 6.9968700618276278 0.1511211213742378 -0.7098115521187488 -0.29611455557000066 -0.70793061248096767 -0.25170081829308066 -0.072083785579108467 -0.083201572663493595 -0.17829470145687801 0.37343551306213474 0.14652596893153635 -0.00052279949439229892 6.6682917310549416e-08 -1.0830664196632463e-09 -1.083066419648642e-09 7.7670865249976587e-05 4.8162872468099757e-05 2.714121543856246e-05 -5.4277475367506205e-05 -0.99414402079048125 -0.81661824956380324 -0.36943066073429404 0.36305263699017315 -1.0762299194884757 6.9968700743648178
-0.098432615399360657 -1.4237283977736686 -0.099653058682671478 -0.10403775050953526 -0.093108370825259371 -1.3936923572762001 -0.094153444492379473 3.15187772218807e-33 0 -0.00040399624246189334 -1.0089018377138737 -0.48118136608297829 -0.46600704089094608 -0.47803840255273511 -1.0142765308254549 -0.47870360322127076 0.011180875051798341 -0.28491195377298756 -0.57336486387656027 -0.28553022905977055 -0.8633539047170351 -0.41953259618474759 -0.00040470391019194912 0.46605463358022481 -0.076656198986670351 -0.47118107157546912 -0.098432615399360657 -0.091018934198353899 0.48616016598072787 8.716649001190083 0.0051758629925102188 0.18739181203358099 8.7166490011900848 0.19027580889622589 -0.85502645780317887 -0.32614211775670843 -0.85308135158813958 -0.28224897761011281 -0.10052395855995258 -0.27366413384548882 -0.28205748648486112 0.473234377832842 0.18601192059295707 0.017566576424068159 1.5773789789376582e-07 -1.8363465566460595e-08 -1.8363465566443665e-08 0.00010826057248432936 6.9080967042715608e-05 4.1799924583890702e-05 -7.096625084316007e-05 -1.3936923572762001 -1.0142765308254547 -0.57336486387656016 0.46605463358022486 -1.3589771931926784 8.7166494473224301
-0.10423678904771805 -1.7372457551708462 -0.10726420702998911 -0.10288565759373167 -0.10087113797580625 -1.7082275881376174 -0.10129886600560709 6.9427348983145003e-33 0 -0.00016226935895300405 -1.188044475588198 -0.58496285730616049 -0.57349511834564182 -0.58195631413491677 -1.1940331389133345 -0.58196869477666457 0.010855837156548684 -0.34420317279456553 -0.70068399938149017 -0.3440805295956782 -0.9860113621589488 -0.52630912218425285 -0.00016329492232386827 0.65836287579867792 -0.082510928484607005 -0.57495448083867462 -0.10423678904771805 -0.098207888511915531 0.67778852898900066 12.243955064925212 0.0056256075464385085 0.26161202699316849 12.243955064925213 0.26298803774974139 -0.97593262876330233 -0.35023196631423065 -0.97389595995420652 -0.30674169073925117 -0.1216831608256263 -0.37413220044182532 -0.34067705027829742 0.65826798759995897 0.25919036673887852 0.0080401265109355958 1.282744794851671e-07 -7.3758799524219277e-09 -7.3758799524024005e-09 0.00013230269193483535 8.6294818008389172e-05 5.0410596834668269e-05 -9.6679847674091917e-05 -1.7082275881376179 -1.1940331389133345 -0.70068399938149017 0.6583628757986778 -1.8922701730710836 12.244091684495057
-0.088193356990814209 -1.3978049676923971 -0.097646500944942663 -0.10192567348843187 -0.091405121677927484 -1.3698174544862802 -0.090403233495262705 8.0202618616262815e-33 0 0.00030338363237842085 -1.0326243599575087 -0.4727099097529075 -0.46508453309007947 -0.4698170933399049 -1.0392613812893912 -0.46910807427612106 0.010535524430842009 -0.27417046780391913 -0.56672972906112418 -0.27353607609451969 -0.86791557503062433 -0.41742233069081602 0.00030237249331251012 0.64837597542802194 -0.075112693034571271 -0.46260798161181949 -0.088193356990814209 -0.087355325871817185 0.66700940556917765 12.163474769350447 0.0061550429924269907 0.26044699988554082 12.163474769350445 0.25846726827609878 -0.85973487221928602 -0.33029589308500867 -0.85760654661886482 -0.28722747029288748 -0.098839584190549709 -0.24429768815054612 -0.2702007858618703 0.64790465024603794 0.25521103036873782 -0.013123275542217542 1.7830449340369505e-08 1.3790165108098022e-08 1.3790165108117149e-08 0.00010630382193614134 6.8628630339449034e-05 4.0535112022506828e-05 -9.2590302948941926e-05 -1.3698174544862802 -1.0392613812893912 -0.56672972906112418 0.64837597542802194 -1.8587215818438749 12.163596878551184
-0.069298945367336273 -0.81632044212892929 -0.080163136023031295 -0.098411432103470323 -0.074051617002209011 -0.78903669441644286 -0.072946597998701693 5.0658810586390627e-33 0 0.0003387735980157231 -0.71898158736787887 -0.27961577413615196 -0.27169558109837799 -0.27679801552439343 -0.72604516660768592 -0.2762947225641425 0.010319688795701271 -0.17389972189717356 -0.36134789533242317 -0.17365113814220334 -0.63970469525419704 -0.22394714323885323 0.0003380839757256442 0.45183013555858959 -0.061663950786947141 -0.27014727700351437 -0.069298945367336273 -0.069934974937593153 0.46981307277257489 8.5505658819124477 0.0065922612184329005 0.18530466004914878 8.5505658819124477 0.18284469956865532 -0.63485301253888238 -0.29129321606800107 -0.6326642782688916 -0.24877104884716669 -0.058475394714653885 -0.071135335637211902 -0.17036107971871878 0.45732426653893476 0.18003322380971903 -0.016111547065494607 -1.3532544048013121e-08 1.5398799909795898e-08 1.539879990980993e-08 6.1767167286683861e-05 3.7282004931727959e-05 2.6117387437546063e-05 -6.4550312331138746e-05 -0.78903669441644286 -0.72604516660768581 -0.36134789533242323 0.45183013555858959 -1.2997403662213294 8.5505662001374958
-0.071129016578197479 -0.77563955406493101 -0.07615006374627363 -0.093314840026052837 -0.070150118245888821 -0.748823139641698 -0.070446788529614127 2.4800097168540626e-33 0 -0.00013772941809336408 -0.6644119464665682 -0.2649409987443237 -0.25266315194592476 -0.26219587335723282 -0.67171223389049395 -0.26259569115253517 0.010158552338410533 -0.19276516669357951 -0.38911586503532708 -0.19330758744241389 -0.60507881816213716 -0.20485308802190394 -0.00013825667910466699 0.35238480355796986 -0.058576972112518173 -0.25668413723332772 -0.071129016578197479 -0.067466395716567956 0.36991221001762198 6.5312886819363642 0.006893887291863003 0.14336320431379954 6.5312886819363642 0.14419003506806244 -0.60049100500427033 -0.28805109544167518 -0.59826391238104992 -0.24612540386005666 -0.054931319630308825 -0.11621406691567643 -0.19005085696352336 0.36007850514708839 0.14169083899161303 0.004631385355161625 7.7928103438929877e-08 -6.2604280951615537e-09 -6.2604280951496001e-09 5.8682271897118418e-05 3.4253079503745091e-05 2.8568491229927108e-05 -5.3006955631465305e-05 -0.748823139641698 -0.67171223389049395 -0.38911586503532714 0.35238480355796986 -1.0097353889789684 6.5312886863354187
-0.087025195360183716 -1.2731584026511031 -0.087415395477332028 -0.089965598256800172 -0.081533019210972391 -1.2469686818806271 -0.082689717837598334 4.5260895251794342e-33 0 -0.00044709824738125366 -0.92735942724445597 -0.4288984922834797 -0.41446303182487865 -0.42626597223706431 -0.93498057901228926 -0.42695546722075584 0.0099154840220535521 -0.31248745251289911 -0.6277211358893432 -0.31306448331209624 -0.80249161415653469 -0.36619554251607661 -0.00044788435482266838 0.50905727920725685 -0.067242611905640001 -0.4213580812580221 -0.087025195360183716 -0.079742885797709773 0.52608640700046394 9.2568044243647876 0.00721609055235207 0.20068767563877152 9.2568044243647876 0.20393186993844672 -0.79483846915002632 -0.32605529092573954 -0.79255557007043353 -0.28461943752266594 -0.091751006539955909 -0.33279623012502346 -0.30985923031837376 0.51202120029050224 0.20177340069353697 0.019843790100647438 1.549427566483867e-07 -2.0322647608249773e-08 -2.0322647608233391e-08 9.6834388766004742e-05 6.0682798639315453e-05 4.5586533047846755e-05 -7.6917626112065605e-05 -1.2469686818806271 -0.93498057901228926 -0.62772113588934331 0.50905727920725685 -1.4443791893656259 9.2568056364993527
-0.090023621916770935 -1.5257158494702638 -0.093634550991688978 -0.089200515983126796 -0.087885470827010717 -1.5004373403726192 -0.088117725779361972 8.4716228265474172e-33 0 -8.3153633257697048e-05 -1.0822655832948418 -0.51272868472055377 -0.50284817335585674 -0.51022657748619216 -1.0904187191814323 -0.51009763177193046 0.0095709234114044611 -0.35234496520488151 -0.71759317685045521 -0.35206763153302501 -0.90697428189781282 -0.45395372428875486 -8.4249652930899763e-05 0.69643327666560317 -0.072026577685914583 -0.50495423612291124 -0.090023621916770935 -0.085209089303676377 0.71273395461367373 12.726471657783467 0.0076913759423411533 0.27372727858877327 12.726471657783469 0.27456172625367786 -0.89790919244796663 -0.34581229624554399 -0.89554155261458934 -0.3047554660382259 -0.10891277272891854 -0.39606853352892057 -0.34893618791641789 0.69184162343740274 0.27289907601293656 0.0046226479803343993 1.0243686410840197e-07 -3.7797106026317977e-09 -3.7797106026127221e-09 0.00011620168003019136 7.4803215585818506e-05 5.1457736248810072e-05 -0.00010120045220669602 -1.5004373403726192 -1.0904187191814323 -0.71759317685045521 0.69643327666560317 -1.9631073983978233 12.726735231535869
-0.072828225791454315 -1.1295038930445125 -0.082495328140367252 -0.08820073477869593 -0.076876794993520237 -1.1051008004144167 -0.075799941944401233 8.6909356792320528e-33 0 0.00034627499284768757 -0.89063670931407524 -0.38163191350308323 -0.37472978419582981 -0.37923058626253703 -0.89932410688102404 -0.37852420260136938 0.0092553590388067004 -0.26648707008135331 -0.54989807145749214 -0.26587025235946704 -0.76369181721470858 -0.32551121730054311 0.00034526497069806508 0.64289378166325217 -0.063457944723359416 -0.37381672886872858 -0.072828225791454315 -0.072928174659518272 0.65838989914637602 11.845615822384641 0.0082229220461564143 0.25582304056680993 11.845615822384639 0.25350378268322588 -0.75691112025417451 -0.32062954955563766 -0.75446422264615243 -0.28000010825222443 -0.081435333852182906 -0.23821664640184437 -0.26280620720627484 0.63961768059820712 0.25238762150037364 -0.015272736083404315 -2.1265716609277484e-09 1.5739772402157083e-08 1.5739772402171873e-08 8.5850956471787406e-05 5.3918756010719733e-05 3.9281547942403201e-05 -9.1189754998924677e-05 -1.1051008004144167 -0.89932410688102404 -0.54989807145749225 0.64289378166325217 -1.8076565068924251 11.845693681118616
-0.058663897216320038 -0.65821276870383572 -0.067974486347019289 -0.084736580062569858 -0.062465246119680871 -0.63436840553772433 -0.061664665540032755 5.3212359395588891e-33 0 0.00027120392549301016 -0.61925937333008385 -0.22490631736115041 -0.2168751891241413 -0.22257096183452765 -0.62826213206630876 -0.22225589798904455 0.0090457424438231022 -0.18075224688276578 -0.37189558888185881 -0.18065695635394141 -0.56485085630115717 -0.16768199667412151 0.00027051882376904671 0.444302114050245 -0.052288066420784075 -0.21782797327015063 -0.058663897216320031 -0.058823289112893237 0.4591645826213806 8.1574601606539794 0.0086414395449640712 0.17908847109464079 8.1574601606539794 0.17707336784683222 -0.56095085703548275 -0.28643321682977635 -0.55845604216747624 -0.24635565120341879 -0.046491778866505261 -0.091423005748025837 -0.17763705151677933 0.44696254640147076 0.17638729239040807 -0.013315522972101979 -3.3913169483606795e-09 1.2327451158764173e-08 1.2327451158777155e-08 4.9757511137548978e-05 2.8182430840313613e-05 2.6898226756182945e-05 -6.3462347526429614e-05 -0.63436840553772433 -0.62826213206630876 -0.37189558888185886 0.444302114050245 -1.2420410011563567 8.1574603068090781
-0.066945105791091919 -0.81409874928607473 -0.069694077356443118 -0.08053605578052303 -0.064282633388905858 -0.79068171040943225 -0.064967597361232976 3.454050081124574e-33 0 -0.00026667430794328643 -0.67279201370456931 -0.27527271997097813 -0.26187163477885672 -0.27301454852114065 -0.68198877932385571 -0.27363888464091723 0.0088626724799874702 -0.2354033710563076 -0.47134989686153356 -0.2360847321141134 -0.61281037996421628 -0.21259147674497253 -0.0002672883005948097 0.40033059815532734 -0.05361082873572548 -0.26942554845251493 -0.066945105791091919 -0.062153689219019294 0.41472106429989869 7.1334766944126908 0.0089452922244262316 0.157967533391693 7.1334766944126908 0.15973379920105046 -0.60797975582031438 -0.29749823761609201 -0.60545016609239688 -0.25799062711520498 -0.057431742647346212 -0.1982189064258422 -0.23310327626383301 0.40370054535939143 0.15936787927516127 0.010520817074638646 1.019450334483581e-07 -1.2121559451976702e-08 -1.2121559451963691e-08 6.1731310853561258e-05 3.561650509595808e-05 3.4449638578330285e-05 -6.0142152285105608e-05 -0.79068171040943225 -0.68198877932385571 -0.47134989686153356 0.40033059815532734 -1.1082958386594339 7.1334767119373108
-0.084572501480579376 -1.3884620645682064 -0.083911138538951838 -0.078790160219640012 -0.07861052955604049 -1.3657291934502345 -0.079824152865592385 6.4324833550001836e-33 0 -0.00043713073907487241 -0.98450743328127888 -0.46490712165058939 -0.45085070127609 -0.4627705372652377 -0.9940567680742397 -0.46340656193673174 0.0085725337963063492 -0.35771151749489805 -0.71840771412722615 -0.35815803526613438 -0.84329095767402884 -0.40104446092846097 -0.00043807875313859229 0.60259371195883649 -0.064547029645347559 -0.45953411682814876 -0.084572501480579376 -0.077042081099164064 0.61640159058180943 10.722556236715718 0.0093157001717438515 0.23340217334378061 10.722556236715718 0.23663309708858879 -0.83500834790560741 -0.34059042272641771 -0.83241693337759515 -0.3015228732969365 -0.099055646664442623 -0.41465671306818269 -0.35523869069316494 0.59919192786557107 0.23666162960071443 0.019720332974775538 1.6022171024288482e-07 -1.9869579048870681e-08 -1.9869579048852864e-08 0.00010576398141294771 6.6358818747557454e-05 5.1904354817930811e-05 -8.9656615247865699e-05 -1.3657291934502345 -0.9940567680742397 -0.71840771412722604 0.60259371195883649 -1.6698211491227302 10.722570621367908
-0.08534056693315506 -1.5701207983355621 -0.089077995433556156 -0.079486295164628545 -0.083905254577440136 -1.5483563665937716 -0.083939987373860853 9.9719050279055127e-33 0 8.1520668518640214e-06 -1.1015891498135071 -0.52530970538741117 -0.51588795120685071 -0.52330370316041663 -1.1117103840876623 -0.52305586488148226 0.0081967898624772158 -0.3727370049496011 -0.75858069210773682 -0.3723333974500237 -0.92018563444008894 -0.46547439498834331 6.9402071985465236e-06 0.76181029680703272 -0.068521534948889351 -0.51966398338219821 -0.08534056693315506 -0.081194656657612718 0.77479986262028466 13.695353916310085 0.009844822078040695 0.29610157660803887 13.695353916310085 0.29628965396276929 -0.91098385513877689 -0.35467591351176653 -0.90830354633277122 -0.31596280047470471 -0.11036807379827702 -0.43085573379802544 -0.36949498631426925 0.75134367164500715 0.29687139593878897 0.0004923093369146815 8.8210856926440634e-08 3.7054849325651497e-10 3.7054849327133593e-10 0.00011969019261549974 7.660824135589955e-05 5.4233541870887422e-05 -0.00010945416167941622 -1.5483563665937716 -1.1117103840876623 -0.75858069210773682 0.76181029680703272 -2.1080788918476139 13.696271759057804
-0.068730950355529785 -1.1453198481264246 -0.077743099294880588 -0.079475770299662546 -0.072693817676518904 -1.124444634814014 -0.071617439068604585 9.2548628298442439e-33 0 0.00036679215661533345 -0.88972455279553253 -0.38457778715251001 -0.37711751255690495 -0.38266976552101345 -0.90038722417093686 -0.38201475472442575 0.0078721595669166925 -0.27725055525695275 -0.569390106946978 -0.27668919793269647 -0.76412838682898332 -0.32642851057886324 0.00036573273579700006 0.66779162512906254 -0.059802384072985063 -0.37906395820721661 -0.068730950355529785 -0.068907050815135998 0.67993364621204788 12.057934143361052 0.010398757649476755 0.26239437986952296 12.057934143361049 0.25989495626839521 -0.75742190821419619 -0.32689911178369829 -0.75466321803059533 -0.28861715035720209 -0.080372367710683068 -0.25552795517500015 -0.27392045860855629 0.66033958788891778 0.26104879493690752 -0.01645404182815708 -3.7468182894864016e-09 1.667237075523289e-08 1.667237075524859e-08 8.714309716329579e-05 5.3977373101731566e-05 4.063473615648867e-05 -9.4161399922582919e-05 -1.124444634814014 -0.90038722417093708 -0.56939010694697789 0.66779162512906254 -1.8391489103564984 12.058039434588014
-0.06067386269569397 -0.81311739728655685 -0.067576241337887005 -0.077174657976189942 -0.062631887680890383 -0.79284572522138674 -0.06218533317835187 5.7475801134163717e-33 0 0.00016304432185205815 -0.68980044294747977 -0.27366667114846283 -0.26360845695014612 -0.27183111440885716 -0.70079966231024471 -0.27176255142867251 0.0076458599061351856 -0.21758382392709982 -0.44176216615430319 -0.21768277973478256 -0.62117299779732438 -0.21290047198313358 0.00016228322671986347 0.48533187333800826 -0.051981724106066919 -0.26911173844708869 -0.06067386269569397 -0.059504376782194356 0.49681329151536952 8.6250607546421882 0.010827223402021817 0.1910092331787408 8.6250607546421847 0.18974478597012404 -0.61652783861377602 -0.30267155576790639 -0.61371943143107588 -0.26493712497639399 -0.055343455047672914 -0.15446311281070332 -0.21496216055588008 0.48361497105825668 0.19134344670728717 -0.0086427097835910429 2.488267901063548e-08 7.4111055387201242e-09 7.4111055387332689e-09 6.1702704259351818e-05 3.5475786476151052e-05 3.1925616242494245e-05 -6.9469828150111552e-05 -0.79284572522138674 -0.70079966231024482 -0.44176216615430319 0.48533187333800826 -1.3186730799857616 8.6250611236674928
-0.075150750577449799 -1.149467579872151 -0.075199965555196424 -0.074939637041152946 -0.070357114009365895 -1.1297791709743656 -0.071375395579298603 4.7900497485644284e-33 0 -0.00035878768819139109 -0.84460949731256163 -0.38377061550193675 -0.36855877276186066 -0.38203082257665455 -0.85590014494190514 -0.38280203105387162 0.0074134695851457077 -0.29991982406519885 -0.59829209898990454 -0.30065054013441295 -0.74366287675830955 -0.31760028378721861 -0.00035957903557226118 0.50288596831952515 -0.057846127350151093 -0.38044095193572519 -0.075150750577449799 -0.06872343935020378 0.5138159994044289 8.7287944208229504 0.011175053173927911 0.19351956153151761 8.7287944208229504 0.19598900894209978 -0.73705585459557432 -0.32685881369947134 -0.73420008916314561 -0.28965649369979524 -0.078829645282508271 -0.30668158295706816 -0.29797953956986672 0.50016545388956335 0.19795799052401086 0.014879068273903744 1.3675130270736718e-07 -1.630853128143753e-08 -1.6308531281421919e-08 8.7496883363292634e-05 5.259947998239449e-05 4.3455297874701037e-05 -7.4794195370683149e-05 -1.1297791709743656 -0.85590014494190514 -0.59829209898990443 0.50288596831952515 -1.3581584846703381 8.7287948766062389
-0.093469850718975067 -1.7532664606708488 -0.091559184103582339 -0.075601836793944582 -0.086837358928568906 -1.7344938537301875 -0.08801087425180007 8.1674436781630707e-33 0 -0.00036813741946235785 -1.1658191830319613 -0.58329701856975347 -0.56923279888616074 -0.58169354683391816 -1.1776238958972813 -0.58220090656069379 0.0070640083728408546 -0.40793737314901535 -0.81965787878469432 -0.40819614239611857 -0.97455148088468302 -0.51762536525182545 -0.00036929152618082862 0.72242408756832655 -0.070430141618140249 -0.58029306911325684 -0.093469850718975067 -0.08539413531062362 0.73264077194071242 12.654966265395561 0.011625152772592037 0.27608311106955652 12.654966265395558 0.27886172239299484 -0.9646059404887134 -0.36954696799960107 -0.96167018902176371 -0.33274395684552799 -0.11921680316966367 -0.49267875442682535 -0.40560060231345413 0.71095064932885899 0.28130997296416543 0.016793336117244522 1.7182373209259086e-07 -1.6733519066482304e-08 -1.6733519066463292e-08 0.00013377390410377544 8.4904109367771782e-05 5.8931810221515742e-05 -0.00010567889701867249 -1.7344938537301882 -1.1776238958972811 -0.81965787878469432 0.72242408756832655 -1.9642738996081892 12.655205784402431
-0.091889195144176483 -1.8383138143898436 -0.095284596847426795 -0.078288515878951401 -0.090701074663624287 -1.8207149446579924 -0.090510727618184517 1.0841072190864031e-32 0 0.00010381754716322143 -1.2280303392704521 -0.61159731331411749 -0.6016691000878176 -0.61012984536044856 -1.2405546685086499 -0.60977463011125688 0.0066555962565768871 -0.3959334598848982 -0.80460160797499258 -0.39543769282139446 -1.0124193322458706 -0.54942539362668052 0.00010247872427064586 0.83334856857306427 -0.073295843728789833 -0.60844662869653476 -0.091889195144176483 -0.087934082655133208 0.84264242822534119 14.747822329031473 0.012217799733194375 0.32043916727970917 14.747822329031473 0.31993541625884897 -1.0021987977409601 -0.37646419649298529 -0.99916149561688195 -0.34001261925091497 -0.12281371015112283 -0.4588266538903033 -0.39293056939030702 0.81618603462555428 0.32300381086095609 -0.0039543944625999999 8.4151329554121224e-08 4.7189794164956027e-09 4.7189794165142035e-09 0.00014028685726927466 8.9784141753921609e-05 5.7380269160940528e-05 -0.0001184766939187655 -1.8207149446579938 -1.2405546685086497 -0.80460160797499247 0.83334856857306439 -2.2655971386090306 14.751057868705299
-0.076703272759914398 -1.3950637902058411 -0.084271525945619374 -0.07971665009772351 -0.079820325879858947 -1.3785112081328585 -0.078782361917300439 9.2305601143705108e-33 0 0.00036437101065554578 -1.00401857626091 -0.46449090740889271 -0.45545417480510403 -0.4631269425315967 -1.0171923584014728 -0.46255223762283576 0.0063167095314825171 -0.2972949293207286 -0.60685426845110424 -0.29682268796235001 -0.85028477373317279 -0.40290533953074098 0.00036324166509626299 0.70455625791161269 -0.064824250727399502 -0.46174075107838103 -0.076703272759914384 -0.076243604184044009 0.71295126542062703 12.450296592678111 0.012798786333832041 0.27295116590578616 12.450296592678109 0.27043483126527446 -0.84265528301549164 -0.3478352950298767 -0.8395317149903716 -0.31183533692253279 -0.091658350371485578 -0.27804492497018013 -0.29438869200238155 0.69206068564862122 0.2741061855729085 -0.016612806533690593 9.7801824653350186e-09 1.6562318666147647e-08 1.6562318666168135e-08 0.0001063192127352761 6.5975177984429215e-05 4.328068537705532e-05 -9.887689469705568e-05 -1.3785112081328585 -1.0171923584014728 -0.60685426845110435 0.7045562579116128 -1.8993709541949266 12.450478073315551
-0.074863031506538391 -1.2027062566879121 -0.078735628283179399 -0.079043772197638584 -0.0744017069210645 -1.1869517188137371 -0.074299777841462883 5.8047684046082161e-33 0 4.8208637945614618e-05 -0.87973287544307832 -0.39960416244318758 -0.38672399926245471 -0.39832851935428598 -0.89336962950206744 -0.39849359366310555 0.0060626836218469152 -0.26652707022984551 -0.53580392567359325 -0.26680886432313328 -0.76652799765299162 -0.33402425147809217 4.7333595965919757e-05 0.54879692169561145 -0.060565867910137995 -0.39807588986289905 -0.074863031506538391 -0.071794596569470598 0.55648455171753652 9.4680291811255159 0.013249453702396805 0.21101298160132265 9.4680291811255142 0.21055740676453019 -0.76009095387749537 -0.33460233048914234 -0.75690590245560518 -0.29915587461257848 -0.07712793638966825 -0.22760765219412554 -0.26442943732143703 0.54140130135151798 0.21470134036604394 -0.0036177938515119853 6.5285849724852562e-08 2.1913017247883491e-09 2.1913017248049448e-09 9.1588536801428061e-05 5.4807895695579649e-05 3.8660066007925823e-05 -7.8613601800776246e-05 -1.1869517188137371 -0.89336962950206744 -0.53580392567359336 0.54879692169561145 -1.453422853631412 9.4680309390082691
-0.094013489782810211 -1.6737322936213477 -0.091223781111336652 -0.079096545604912166 -0.087011329439678806 -1.6588537718267991 -0.088252462098880324 5.6822257559119654e-33 0 -0.00039749903723537889 -1.1039690082891811 -0.55431468770340553 -0.53757670930131174 -0.55315743920806548 -1.1180951741943943 -0.55396778639059285 0.0057739175454302035 -0.36334765522209639 -0.72398661054049473 -0.36403737054540264 -0.93542586503625602 -0.48442941847196441 -0.00039849025789987001 0.61845350329889848 -0.070172139316412807 -0.55398191499157978 -0.094013489782810211 -0.085782746280370054 0.62548812352734728 10.53391124731904 0.013655648469654594 0.23370549855684675 10.53391124731904 0.23649953099583212 -0.92641588465100977 -0.36719590886022851 -0.92316235049290485 -0.3322595013543127 -0.10807428768376402 -0.40174938849122049 -0.36172031301663449 0.60795479080548709 0.24107858396768223 0.016849695468390609 1.7512220217958392e-07 -1.8068138056165336e-08 -1.8068138056146566e-08 0.000127693462286848 7.91613647920687e-05 5.2307649197658907e-05 -9.0829882998856061e-05 -1.6588537718267995 -1.1180951741943943 -0.72398661054049473 0.61845350329889848 -1.6379196169955632 10.533921898426687
-0.11109794676303864 -2.2411625311082428 -0.10796775273047114 -0.082158987597307928 -0.10390060807377517 -2.2275306274853999 -0.10490853887688674 9.0699098163313302e-33 0 -0.00027880425471371541 -1.4007710069304375 -0.74182827430071019 -0.72733927323179237 -0.74082293291324419 -1.4156454322856087 -0.74116957746230339 0.0053711532694929818 -0.45048044657311909 -0.90526841166399086 -0.45055979727584516 -1.1443714346600609 -0.67341870327136932 -0.00028014870170918645 0.83199095711305593 -0.083052117484977803 -0.7417976552101071 -0.11109794676303864 -0.10248168333107671 0.83818313080465079 14.369374422285111 0.01418403900474673 0.31444836833904893 14.369374422285107 0.31661892895216159 -1.1324390044572081 -0.40592977303271494 -1.1290832694315511 -0.3713819459699505 -0.14352338006971604 -0.5470507187129946 -0.44833025854311265 0.81193536488997331 0.32176052048962495 0.012876246200085643 1.8332475387153839e-07 -1.2672920668819635e-08 -1.2672920668797745e-08 0.00017117278778392989 0.00010945180561350316 6.4840229408990783e-05 -0.00012003025384840474 -2.2275306274854421 -1.4156454322856087 -0.90526841166399075 0.83199095711305593 -2.2241880945191257 14.371453116904647
-0.10639698058366776 -2.1954330150554897 -0.10918016390957563 -0.086554611206968293 -0.105273611847545 -2.1832450505996022 -0.10481748070692844 1.0805206976298075e-32 0 0.00019741224695620028 -1.3939147342722646 -0.7266622831877465 -0.71593587180858143 -0.72580031947237378 -1.4097015527400762 -0.72532821600924613 0.0049379680429791793 -0.4118300403218233 -0.83564105506096953 -0.41125906477051793 -1.1333742236829687 -0.66133776770258856 0.00019597096395998557 0.88932588598409967 -0.08398474146890432 -0.72666683327375037 -0.10639698058366776 -0.10243768661986341 0.89450719566618087 15.487446464070617 0.014828312649354518 0.33846563045834388 15.487446464070613 0.33728306374615569 -1.1219212330947221 -0.40436783917660712 -1.1184489338953341 -0.37019839317088704 -0.13802164404345429 -0.46528699753742964 -0.40912372680886117 0.86560623760192867 0.34310017631528528 -0.0083071369541237536 8.4240297102229674e-08 8.9732839525422295e-09 8.9732839525664328e-09 0.00016765633256569462 0.00010722289678260594 5.9460567347649163e-05 -0.00012526257929073209 -2.1832450505996319 -1.4097015527400762 -0.83564105506096953 0.88932588598409967 -2.3750655244792447 15.494896929109217
-0.092622973024845123 -1.732312745824532 -0.098254324135096799 -0.089081847403026423 -0.09449990244103279 -1.7213826559009204 -0.09351170598464098 8.3884990569987881e-33 0 0.00034467828332092879 -1.1570869193646363 -0.57266063046455229 -0.56170088221531966 -0.57190986445748782 -1.1736681105979996 -0.57142805143567976 0.0045903072412611674 -0.31439887633894037 -0.6379323964866831 -0.31404267611615211 -0.96480239728207828 -0.506753632272676 0.00034349606176521777 0.73031882622024258 -0.075580249334689834 -0.57338490072565484 -0.092622973024845123 -0.091176114451121282 0.73456626680577009 12.609714688879992 0.015424354892213965 0.27885632894536277 12.609714688879992 0.27644143779856784 -0.95601036665147099 -0.37521353769541166 -0.95244192993311805 -0.34154120307304742 -0.1059748494311413 -0.28800730620014214 -0.31198275469051728 0.71280523270342755 0.2828809573627335 -0.016004464537499867 3.0784224972855216e-08 1.5667194696389209e-08 1.5667194696409773e-08 0.00013216161204448668 8.2176237909436543e-05 4.5479256497348964e-05 -0.00010208916681269046 -1.7213826559009211 -1.1736681105979998 -0.6379323964866831 0.73031882622024258 -1.9245121350058514 12.609939998332838
-0.096009388566017151 -1.6608846830052413 -0.096651175242112031 -0.089698890017903654 -0.093036841583342245 -1.6509982452274568 -0.093227736344708129 5.2071568175400645e-33 0 -4.9923996897309761e-05 -1.0959399741138292 -0.5475839499698919 -0.53226961493307257 -0.54693819751737349 -1.1131465226711472 -0.54727781196553738 0.0043113012641188405 -0.30944624149342159 -0.6181826634528933 -0.30986564104769831 -0.9283335238427286 -0.47703876943473084 -5.0902171992920125e-05 0.60506573271152309 -0.074347057878547701 -0.54974682474667236 -0.096009388566017151 -0.090933078276439511 0.60856802809663191 10.154663547026725 0.015890189185178785 0.22796065995445014 10.154663547026722 0.22820219680327972 -0.92002385256000119 -0.37109133928296695 -0.91638017974657993 -0.33799890212456268 -0.099997570521000695 -0.28337419887064619 -0.30786616651132348 0.59165530505312469 0.23513557890866929 0.00072364737270301147 1.0800660190591337e-07 -2.2692725862531424e-09 -2.2692725862348944e-09 0.00012669339986229807 7.7390798100190837e-05 4.4527493877475356e-05 -8.6573520607638853e-05 -1.650998245227457 -1.1131465226711474 -0.6181826634528933 0.60506573271152309 -1.5634307914521004 10.15466927065971
-0.11738587915897369 -2.2038414730635574 -0.11204263535679701 -0.091524904712168273 -0.10857831513945986 -2.1951496865120981 -0.10990183071873111 5.8246660443775042e-33 0 -0.00040463058255559643 -1.3571306687008517 -0.72613977447030131 -0.70835201919629687 -0.72563239006482072 -1.3750439410889395 -0.72640692295484055 0.0039754272388581851 -0.41265493924233554 -0.82178514189606811 -0.41326312748032235 -1.1198779128279792 -0.65251046248407607 -0.00040579059625302759 0.71452139475067944 -0.086186642582151571 -0.72946200220590318 -0.11738587915897369 -0.10765171012854922 0.7172843089459352 11.962877496471332 0.016343972367681349 0.26622696107834953 11.96287749647133 0.26911719353898439 -1.1087103694722313 -0.40805179108562256 -1.1049777207485216 -0.3754736894514269 -0.13442850285334904 -0.46627962402480483 -0.4113367620876911 0.69622705577839805 0.27653980620329932 0.017405494490489119 2.0710997937074051e-07 -1.8392299207087402e-08 -1.8392299207064102e-08 0.00016830366079949188 0.00010565914633803402 5.9139193058753728e-05 -0.00010384956737306525 -2.1951496865121309 -1.3750439410889397 -0.82178514189606844 0.71452139475067944 -1.8583798521887345 11.96296956212348
-0.13085310161113739 -2.6657994001069776 -0.12686352740728307 -0.096156842831086053 -0.12357409337905742 -2.6586664252155341 -0.12429099127874911 9.081641205317977e-33 0 -0.00017613084327742918 -1.600081092517355 -0.87874507248250722 -0.8640737338657154 -0.87840150913163262 -1.6189624082560226 -0.87854901426508047 0.0035356533803549538 -0.47482711142263928 -0.95431953729365238 -0.47472951503364136 -1.2877484925101095 -0.80737799303871993 -0.00017761218643273097 0.90850442051077585 -0.097587328774833129 -0.88236895596285736 -0.13085310161113739 -0.12209298095749023 0.91032727012986814 15.462647311831615 0.01692899187373148 0.34000365188175141 15.462647311831615 0.34146562099384081 -1.2743167541745124 -0.43964542289716368 -1.270463389610877 -0.40747682833613413 -0.16196261025704378 -0.56549410684834567 -0.47289917018315092 0.88065544509283133 0.34951239781401172 0.0083407090254639001 1.8638554582228823e-07 -8.0059474217132202e-09 -8.0059474216892551e-09 0.00020369396773277682 0.00013035007936021642 6.8137168503857421e-05 -0.00012959614652915198 -2.658666425216385 -1.6189624082560228 -0.95431953729365238 0.90850442051077585 -2.3878969191239623 15.469897546944313
-0.12202024459838867 -2.4605892053170195 -0.1242177875347025 -0.1012345113284021 -0.12111372718831964 -2.4551186519103001 -0.12036257269571266 9.8758646026162115e-33 0 0.0002822361009964503 -1.511762581989621 -0.81060227708288946 -0.79929053993242039 -0.81040572419871493 -1.5317094797430082 -0.80981791156960803 0.0030953168359643141 -0.41107538163789109 -0.83290773432934728 -0.41045735906154796 -1.2194981053706757 -0.74191952918245718 0.0002807510094933308 0.90914549877079431 -0.095552144257463445 -0.81445301232858391 -0.12202024459838869 -0.11821937999487267 0.90990999062018441 15.553762681066784 0.017596911619215453 0.3425634408421952 15.553762681066777 0.34075412737074995 -1.2073794098545285 -0.42831511343716505 -1.2033997571711801 -0.39658153505167382 -0.14635297696357077 -0.44043835891662048 -0.40872315123554609 0.88026032500918083 0.3495040647996045 -0.012263281998079335 8.086945964928599e-08 1.2828913681640638e-08 1.2828913681667432e-08 0.00018795366854606349 0.00011955783960192776 5.914448442906323e-05 -0.00012700935531834113 -2.4551186519105199 -1.5317094797430082 -0.83290773432934706 0.90914549877079431 -2.3813147024671673 15.561776609941681
-0.10921213775873184 -1.9770794326369525 -0.11279713724478023 -0.10385901780566371 -0.10986619095611308 -1.9730189586431433 -0.1089350373905168 6.818026113765532e-33 0 0.00031099351256322881 -1.2615474199154415 -0.64956628742187839 -0.63704805909114659 -0.64948529945917743 -1.2823881269657722 -0.64909773021128014 0.0027528748841782122 -0.31876457851059187 -0.64323558593976382 -0.31853915594924476 -1.0434328143611558 -0.57932272804677487 0.00030980625812630942 0.72655592575535544 -0.086767028649830935 -0.65442294754415242 -0.10921213775873184 -0.10684277543524939 0.72638898457135015 12.21261549969919 0.018181943230281661 0.27325020186581284 12.212615499699188 0.27103398933399997 -1.0340245106453534 -0.39856950773773075 -1.0299441370107851 -0.36740083874041085 -0.11362205699816934 -0.27500709267133561 -0.31687960295770501 0.7049673714786675 0.28040017793773864 -0.014764181864723645 5.0411964329421718e-08 1.4136068752861834e-08 1.4136068752883652e-08 0.0001508971761861504 9.3301415573057716e-05 4.5844200492623707e-05 -0.00010120015218015514 -1.9730189586431488 -1.2823881269657722 -0.64323558593976371 0.72655592575535544 -1.8646424395885477 12.212746271294828
-0.11625903099775314 -2.0020662688040356 -0.11393187779182604 -0.10480627191348792 -0.11116389730392659 -1.9992306425066544 -0.11158092782062301 4.0619748765028326e-33 0 -0.0001331203139959921 -1.2501350983334567 -0.65628032941254122 -0.63940788255874859 -0.65631638094825862 -1.2717159505852313 -0.65677397280098015 0.0024609730639419142 -0.33683485541830493 -0.66988593720185785 -0.33735209803710386 -1.0427751365971889 -0.58131792436617713 -0.00013415834782760737 0.63463516254218488 -0.087639905993712325 -0.66269745149637382 -0.11625903099775314 -0.10953701236812606 0.63371585556201482 10.344456718798478 0.018641723669164605 0.23462450282852265 10.344456718798472 0.23546141214135438 -1.0332847449303684 -0.40149627063534976 -1.0291208495132647 -0.37095157742670198 -0.11441299460979872 -0.3121852041794827 -0.33575623128009541 0.61588913463539341 0.24532185132265621 0.0044642354862480804 1.430216729707956e-07 -6.0509233634662095e-09 -6.050923363446535e-09 0.00015281754918279353 9.3672432682040987e-05 4.81796206961828e-05 -9.0649540797279969e-05 -1.999230642506661 -1.2717159505852313 -0.66988593720185796 0.63463516254218477 -1.5963786531293951 10.344464548113642
-0.13714416325092316 -2.5544317387247948 -0.12994125665426251 -0.10730050386874004 -0.12734937181219219 -2.5530172864029361 -0.12861857328999587 5.3872483740921098e-33 0 -0.00038730180610805129 -1.51949209854717 -0.83804683056452189 -0.82006451465126173 -0.8382341561750547 -1.5419302296803599 -0.8389096488844604 0.0020955630767234825 -0.44009083185609749 -0.87612804086060037 -0.44058778593147063 -1.2369962606407965 -0.76127540612512956 -0.0003885703557942456 0.77361646542007867 -0.099954812810971169 -0.84552753241972289 -0.13714416325092316 -0.12662752084568729 0.77190743143704244 12.714089663234057 0.019118615790279729 0.28465650596823122 12.714089663234052 0.28746463747815199 -1.2246279716016191 -0.43920878881524544 -1.2203623307318778 -0.4092041866526962 -0.14909626566557999 -0.49400851625365022 -0.43907191591372885 0.74859442236463147 0.29784385015089276 0.016880039075655582 2.2375834904757883e-07 -1.7604627550383733e-08 -1.7604627550359692e-08 0.00019514709977641473 0.00012261040402673399 6.2851394184873733e-05 -0.00011148701056150477 -2.5530172864033633 -1.5419302296803601 -0.87612804086060037 0.77361646542007856 -1.9734588076537767 12.714348936745555
-0.14483502507209778 -2.8561370933689574 -0.14062888689239419 -0.11216443095240149 -0.13823554201804755 -2.8564613695825369 -0.13856884261345354 8.4295834228532679e-33 0 -6.4897588129016732e-05 -1.6847313765745431 -0.93764848885857321 -0.92350709846748813 -0.93800338698451513 -1.7082607398365761 -0.93792571622009535 0.0016419224668781764 -0.47424438629416554 -0.95335939532751923 -0.47397786187811103 -1.3479362959934502 -0.86386744215652367 -6.6437658499585698e-05 0.93722688695062562 -0.1081760668403032 -0.94539374235546736 -0.14483502507209778 -0.13663735455690845 0.93452906068313069 15.690294173471859 0.019727202705354403 0.34750497200932651 15.690294173471855 0.34818973314352153 -1.3341547003249874 -0.46079352281163416 -1.3297600550953537 -0.43124378829216942 -0.16634522258232021 -0.54357657923992186 -0.47256143465839517 0.90365031993894529 0.35922150753768545 0.003434857816367235 1.7441852159978173e-07 -2.9498903695135593e-09 -2.9498903694869626e-09 0.00021825659337699408 0.00013888030912482255 6.7871459762679454e-05 -0.00013241911359578178 -2.8564613695854182 -1.7082607398365766 -0.95335939532751923 0.93722688695062562 -2.4180236686288854 15.699598791766503
-0.13122865557670593 -2.4830033527084066 -0.13311156572648356 -0.11652556160676011 -0.13091999417105935 -2.4850547587616232 -0.12988227919007031 8.3198141641433832e-33 0 0.0003505809764756605 -1.5110063443984312 -0.81377293654189464 -0.80247911478846767 -0.81427059380759881 -1.5356413703955072 -0.81358602386463208 0.0012174977578564721 -0.38893340330166198 -0.78690755841351812 -0.38830529711647355 -1.2198563725270131 -0.74224705535257374 0.0003491302607247176 0.88125084112766727 -0.10239351209729503 -0.82189767059170549 -0.13122865557670593 -0.12801085766664927 0.87750208068477786 14.753889194156866 0.02038147026689895 0.32855897940033374 14.753889194156862 0.32622812807741891 -1.2082158017932232 -0.43918269828929712 -1.2036963344548586 -0.41014504047396677 -0.14065331795841451 -0.38331922702033677 -0.38698188158503738 0.84943250408176807 0.33795345202029453 -0.01549847156574646 6.8463785320363926e-08 1.5935498930699563e-08 1.593549893072507e-08 0.0001896519158575758 0.00011912714466876376 5.5765232418169995e-05 -0.00012218442580071468 -2.4850547587618932 -1.5356413703955072 -0.78690755841351845 0.88125084112766727 -2.2549863320555592 14.757147245077753
-0.11908949911594391 -1.9920364002797266 -0.12083331209097345 -0.11799471451730631 -0.11882658317499618 -1.995499948486156 -0.11797875647418071 4.8491754072833117e-33 0 0.00026157968050906404 -1.2532988368662819 -0.65007711343588304 -0.63680231764518769 -0.65068776799408856 -1.2788165119092596 -0.65040001737131115 0.00089795536993581004 -0.30643360303203304 -0.61499459358176833 -0.3063490187396854 -1.0396258182132054 -0.57628086859295291 0.0002604493306371451 0.68503525494096185 -0.092948701608441112 -0.65939936734592797 -0.11908949911594391 -0.11616223499474178 0.68040546467612339 11.124942963966287 0.020922738399480188 0.25318306354484721 11.124942963966285 0.251275738335625 -1.0306654802696253 -0.40929137346751543 -1.0260510879406679 -0.38089734889265781 -0.10817486156050932 -0.23919348552012223 -0.3050956158225876 0.66081463571110799 0.26357866404288843 -0.012807430241032317 6.2282215344733357e-08 1.1889985477672906e-08 1.1889985477693908e-08 0.00015203043694649157 9.2412950847388031e-05 4.3823688668120547e-05 -9.5085215236717164e-05 -1.9954999484861622 -1.2788165119092594 -0.61499459358176833 0.68503525494096185 -1.6992164274275754 11.124969789169285
-0.12831176817417145 -2.0968106133476927 -0.12362314850193892 -0.118133421926372 -0.12179212586741689 -2.1015314829080194 -0.12238045082982454 2.7232126437273327e-33 0 -0.00020622193050535192 -1.2839282042388336 -0.68320757140974464 -0.66588619427299656 -0.68393957192388133 -1.3101926603537504 -0.68447227849146419 0.00060853573739157543 -0.34587158096079612 -0.68527893381403349 -0.34645399742407973 -1.068412955976572 -0.60499604015328201 -0.00020726457120409647 0.6305737395447909 -0.095094729616876081 -0.69408245779326316 -0.12831176817417145 -0.12061663231659098 0.6252234079855048 9.9281688125007062 0.021349997172086955 0.22856872628665964 9.9281688125007044 0.22993383235988094 -1.0588820421972531 -0.41786683384365653 -1.0541859355795409 -0.39014680379237338 -0.11480574727368456 -0.3159681915425393 -0.34526413785409077 0.60771519886904857 0.24270498444519473 0.007828742223034247 1.6372629484214369e-07 -9.373724113892614e-09 -9.3737241138712777e-09 0.00016007020912584907 9.7141839456105943e-05 4.9224004632432209e-05 -8.992917397824495e-05 -2.1015314829080349 -1.3101926603537504 -0.68527893381403349 0.6305737395447909 -1.5356802196746129 9.9281727272359781
-0.14644166827201843 -2.6114181101809262 -0.13831358739270735 -0.12007933375183594 -0.13667236199954066 -2.6176168607092118 -0.13778406257690909 4.7498724565280657e-33 0 -0.00035097534261984223 -1.5404831470162768 -0.85266862972819335 -0.83556024934282924 -0.8535552783996192 -1.5676329663432347 -0.85408628195323044 0.00023328846044345223 -0.44406142067269039 -0.88383367700164484 -0.44442486764491868 -1.2510083719534211 -0.77397635259028663 -0.00035228394289793156 0.79109741935090638 -0.10639506722515946 -0.86441535387624335 -0.14644166827201843 -0.13607766259332729 0.78494915140953614 12.723891565041328 0.021821870883217381 0.28750824187806873 12.723891565041328 0.29009695841279204 -1.2387684813819568 -0.45348974955836624 -1.2339695082453459 -0.42634416546827869 -0.14744332129775289 -0.4886984649357099 -0.44331755301922882 0.76108282095354807 0.30338796409039365 0.015536499047452043 2.2051075912109623e-07 -1.595342466455567e-08 -1.5953424664530272e-08 0.00019950972061756514 0.00012432126003827538 6.322694736137188e-05 -0.00011318164596861187 -2.6176168607098647 -1.5676329663432349 -0.88383367700164472 0.79109741935090627 -1.9736235684356314 12.724154255170902
-0.1470896303653717 -2.7260265092437512 -0.14340751216478306 -0.12384530600001667 -0.14197342828758056 -2.7339475757299518 -0.14188841282788384 7.5049640171875261e-33 0 4.5688426284273858e-05 -1.6157641777591163 -0.89044107421533103 -0.87768697541929852 -0.89148879802257319 -1.6439863536316919 -0.89118736023535361 -0.00021044217883017783 -0.44929644578187478 -0.90345498524765011 -0.44888192797054649 -1.2970656634752538 -0.81535580053966294 4.4170685921176194e-05 0.91677025656492372 -0.11031347089598695 -0.90235502534908463 -0.1470896303653717 -0.14024445946522213 0.90963642252536026 15.045722018326432 0.022419373720388942 0.33665845885456075 15.045722018326435 0.33655858941793831 -1.2843487043449007 -0.46338996150856782 -1.2794257564881704 -0.43675486645524086 -0.15335096502978379 -0.48846476033244346 -0.44787224042234602 0.8800115223037297 0.35049549800879692 -0.0014393604412352987 1.4564193404574468e-07 2.0767466492712436e-09 2.0767466492976944e-09 0.00020828688986389038 0.00013079058556783206 6.4131986656763601e-05 -0.00012840933299192847 -2.7339475757313196 -1.6439863536316921 -0.90345498524765011 0.91677025656492372 -2.3139556977148352 15.050270925405478
-0.1289813369512558 -2.2061919923596989 -0.130886502396003 -0.12625089488791505 -0.12965431757582915 -2.2157060646548987 -0.12839235352808348 6.5666326559962136e-33 0 0.00039488881854703287 -1.365728200601745 -0.71792500516901725 -0.70738984340715816 -0.71910209036385875 -1.3949514360765407 -0.71836079685046184 -0.00059772408903214364 -0.34815305138542613 -0.7031803584641414 -0.34755607632599284 -1.115472329299221 -0.64463644512954099 0.00039354545325175376 0.80917666119084708 -0.1006819249200023 -0.73030257336209525 -0.1289813369512558 -0.12680880569132036 0.80105267754424914 13.161945286026242 0.023024167721940818 0.29784806294236899 13.161945286026244 0.29515922581044346 -1.1056011554648049 -0.43236486388371914 -1.1005679528106123 -0.40632304851679812 -0.11904522197613054 -0.30434284127864553 -0.34663159781080793 0.77648782872978062 0.30974412026636872 -0.017700709405286973 4.6224069360337871e-08 1.7949491752124512e-08 1.7949491752148067e-08 0.00016844945937055119 0.00010322252150353092 4.9725190259796933e-05 -0.00011132408772517499 -2.2157060646549365 -1.3949514360765409 -0.70318035846414151 0.80917666119084708 -2.007798681675323 13.162412260980604
-0.11784863471984863 -1.7408263846920002 -0.11808162587650495 -0.12558849807510147 -0.11703004565389755 -1.7515757113879313 -0.11632331486693663 2.9395142225159466e-33 0 0.00019467302916023797 -1.1156134063805379 -0.56263005989816284 -0.5495181795145484 -0.56390980488714948 -1.1455781122357522 -0.56373833835428921 -0.0008799560156474743 -0.28081577676395986 -0.56016579546869827 -0.28087849618779248 -0.94083062155779962 -0.48661280326173001 0.00019365142393817952 0.6122548141382429 -0.090832019905003794 -0.57627731732035259 -0.11784863471984863 -0.11479382288220265 0.60334219246357612 9.4778339371844176 0.023493440429964214 0.22124778103853515 9.4778339371844122 0.21977107063212248 -0.93345194201294579 -0.403720649612622 -0.92834094135318246 -0.37839525350199171 -0.088722513108327419 -0.19142157729090939 -0.28001620744002781 0.58663292453880667 0.23486670944171156 -0.010032893961589733 6.4995996545666043e-08 8.8487740527254595e-09 8.8487740527454855e-09 0.00013280036339450522 7.7846245132775582e-05 3.9916123498078933e-05 -8.4674180029116082e-05 -1.7515757113879322 -1.1455781122357522 -0.56016579546869838 0.6122548141382429 -1.4485161579829691 9.4778357236521593
-0.12836164236068726 -1.9237817647359108 -0.12203688424791888 -0.12411854576217543 -0.12115781264595155 -1.9356540179152248 -0.12188944387208599 1.6352223047371319e-33 0 -0.0002734392846655188 -1.1889120297601752 -0.6217755883249001 -0.60505361343988684 -0.62317307761346541 -1.219510140636326 -0.62375646322860601 -0.0011551343464977085 -0.34092908918743819 -0.67312052354924556 -0.34155026543614686 -0.9994015338580976 -0.54184831213193008 -0.00027444328093136116 0.60052454563699231 -0.093874526344552983 -0.63683678354155471 -0.12836164236068726 -0.12041217017521583 0.59095426551481012 9.0593894331932319 0.023867612211277922 0.21286161558740241 9.0593894331932301 0.21472050564035344 -0.99095683834569948 -0.41757857658936998 -0.98577633128445064 -0.39296704105310271 -0.10128931558703194 -0.30661275154133838 -0.34074877247559288 0.57468817668502414 0.23023757088497165 0.011013834215344355 1.6913770607386628e-07 -1.2429058393900079e-08 -1.2429058393879997e-08 0.00014683946017212841 8.6911047441340266e-05 4.8293269532356076e-05 -8.5537857831979229e-05 -1.9356540179152286 -1.2195101406363262 -0.67312052354924545 0.60052454563699231 -1.405168169607411 9.0593902765806238
-0.14244547486305237 -2.3763740591464591 -0.13430936692989776 -0.12470119412293047 -0.13361660984252038 -2.3896042587716639 -0.13451633896082674 4.3425542832786585e-33 0 -0.00030225324334354778 -1.4225252464766933 -0.77099369897876424 -0.75570646567070088 -0.77254018807617597 -1.4539106218393962 -0.77290617462027233 -0.0015252691207985661 -0.43043931389741891 -0.85661433525202879 -0.4306566339275994 -1.163859953409647 -0.69189571324994503 -0.00030354924602168172 0.77692526574123044 -0.10331489763838289 -0.78664308230683189 -0.14244547486305237 -0.13309579248726411 0.76658087727961477 12.187189034693159 0.024313619271779864 0.27872178327925845 12.187189034693155 0.28100164680833395 -1.1529658351886414 -0.44952917371195511 -1.1476924500229364 -0.42551887728048382 -0.13079326983848091 -0.46417674993410146 -0.4299369222025517 0.74350543882338627 0.29701823887756218 0.01366347482008569 1.989294122508211e-07 -1.3738783788356758e-08 -1.3738783788333609e-08 0.0001815329741732542 0.00011108919370326689 6.1110782903321887e-05 -0.00011040193273825651 -2.3896042587718025 -1.4539106218393962 -0.8566143352520289 0.77692526574123055 -1.8891569279696201 12.187315281993111
-0.13607423007488251 -2.3095617173731933 -0.13350361572505839 -0.12655029087339564 -0.13300820275849157 -2.3243123636779597 -0.13253565119781197 6.7276884662732843e-33 0 0.00014637581197091598 -1.4096537097360555 -0.74886328996399432 -0.73816853630194368 -0.75055529401524346 -1.4419597343575576 -0.75006142243204121 -0.0019419147413974101 -0.40815779817746189 -0.82089543931550801 -0.4076274376540156 -1.1467984405131495 -0.67379587908589322 0.0001449392141122703 0.86097170070275197 -0.10269508901927568 -0.7645343212348088 -0.13607423007488251 -0.13117483456372703 0.84968352403745129 13.785852473741583 0.024874826346692556 0.3127101398436038 13.78585247374158 0.31188682898536058 -1.1363238785789762 -0.44770102033138731 -1.130943257065276 -0.42425021274521968 -0.12583668120649016 -0.41725188181479778 -0.40699973621971663 0.82293102386842065 0.32851688720406175 -0.005904783981538291 1.0424245768416866e-07 6.6534459986594471e-09 6.6534459986843841e-09 0.00017641578122303323 0.00010804855707794004 5.8090532567641159e-05 -0.00011955191896944826 -2.3243123636780463 -1.4419597343575576 -0.82089543931550801 0.86097170070275197 -2.1156080121547207 13.786879077727047
-0.11488408595323563 -1.6936771948399798 -0.11698759758076205 -0.12639432872819192 -0.1166763115944521 -1.7097191831501721 -0.11530441222234493 5.0485301975844497e-33 0 0.0004114256496855336 -1.1048813427214157 -0.54453467612157391 -0.53535550857972725 -0.54633528328646042 -1.1379634654514261 -0.54559424392501044 -0.0022795300043185239 -0.29814964713636594 -0.60065026157109425 -0.29762302973613641 -0.92628965867492119 -0.47079489207772363 0.00041023355281029507 0.71087463634228332 -0.089990459677509252 -0.56068960222378761 -0.11488408595323563 -0.11399892359932039 0.69869240607533645 11.107294089671159 0.025406877452458145 0.25720425127278701 11.107294089671159 0.25434412326324596 -0.91914235894959939 -0.40951694989343035 -0.91367634933713093 -0.38672717061711714 -0.085620958694817409 -0.22182584544791628 -0.29706995831216498 0.67839554166443161 0.27155305719837441 -0.018705425265560956 1.8833241572672803e-08 1.8701165894783612e-08 1.8701165894804712e-08 0.00012922918797717654 7.5324235707212143e-05 4.2375532886053914e-05 -9.6939177049722906e-05 -1.709719183150173 -1.1379634654514261 -0.60065026157109425 0.71087463634228343 -1.6906022359702086 11.107320198306999
-0.10589415580034256 -1.3043754491071942 -0.10484707037156894 -0.12332611794881299 -0.1046960413171527 -1.3213432840031818 -0.10421488444193711 1.4939854659776849e-33 0 0.0001123841214201937 -0.88453694116421222 -0.41444624141354969 -0.40225601951016665 -0.41633325941175175 -0.91812506403570671 -0.41630207866926255 -0.0025190461948065585 -0.25090662476676528 -0.49688572337895376 -0.25111634561530277 -0.77177040131285923 -0.33772968580016882 0.00011149272821054655 0.52693379847225685 -0.080651592593514565 -0.43183931935722603 -0.10589415580034256 -0.10295772748824498 0.51407643924969582 7.6207654098090289 0.025790403835738961 0.18465280939014239 7.6207654098090289 0.18372160787204778 -0.76672223901896075 -0.38430193243884186 -0.7612034013971315 -0.36227936229184926 -0.05996307435354474 -0.14832046600104776 -0.25061642761898739 0.50044529005704619 0.20136051527531923 -0.0065016311587770825 6.2477198129741798e-08 5.1083691554511082e-09 5.108369155469039e-09 9.9420085401857156e-05 5.3955607033513233e-05 3.5413166710539824e-05 -7.2592545588627376e-05 -1.3213432840031818 -0.91812506403570671 -0.49688572337895376 0.52693379847225685 -1.1662618216223508 7.6207654582036808
-0.11758792400360107 -1.5767581786446827 -0.11022457053772028 -0.12016311582843416 -0.11022790571227342 -1.594603080089491 -0.11109931089528845 1.149528523836872e-33 0 -0.00033947309058691549 -1.0090334096504698 -0.50341604955067087 -0.4879364594205125 -0.50541202192105006 -1.0430631082085726 -0.50604240269013134 -0.0027770194481388007 -0.33206555524294362 -0.6534657026357551 -0.33270845920651371 -0.8672676872545092 -0.4232199511510677 -0.00034042577625653273 0.56330339766484339 -0.084788131182861742 -0.52199710633765928 -0.11758792400360107 -0.10988932143858875 0.54986139149407309 8.0881085431285165 0.026105421638383305 0.1947365505703087 8.0881085431285147 0.19709034573031384 -0.86056976884831426 -0.4042820624565226 -0.85500008069417821 -0.38298901656930234 -0.079565124337361015 -0.30183831202780909 -0.33226590854175669 0.53503012190665378 0.21509741581228642 0.014219460630616654 1.6380005457473566e-07 -1.5430595026689936e-08 -1.5430595026671328e-08 0.00012031985897447455 6.798541323977578e-05 4.6825136065852812e-05 -8.0165741730760107e-05 -1.5946030800894913 -1.0430631082085726 -0.6534657026357551 0.56330339766484339 -1.2589026415171829 8.0881086736854577
-0.12743689119815826 -1.9636307839120195 -0.11994269705145415 -0.11930471039146567 -0.12011387684251239 -1.9826024466416543 -0.12079207918004212 4.4914527224948474e-33 0 -0.00024663559127081311 -1.2197890544910093 -0.63121937944631445 -0.61828740254273662 -0.63335322450480691 -1.2544302664038298 -0.63355554152900828 -0.0031372150300245354 -0.41060210054554364 -0.81718283735723041 -0.41066765659786841 -1.0144558150765499 -0.55309701357787833 -0.00024790102014107779 0.75236614367379484 -0.09226361311650319 -0.65005029292436811 -0.12743689119815826 -0.11963352795111717 0.73818317679366952 11.494260603887977 0.026520307593174607 0.26638848468523307 11.494260603887977 0.26830951435007538 -1.0055697935701977 -0.43231331704027093 -0.99992351053149142 -0.41162694043320003 -0.10594192312193713 -0.43963019942768489 -0.4103050296966102 0.71629758013777889 0.2867898766779125 0.011483913189444592 1.6602900525620126e-07 -1.1210708694140425e-08 -1.1210708694118114e-08 0.00014998293479675661 8.8981324834860027e-05 5.8128082941702839e-05 -0.00010616923912493615 -1.9826024466416601 -1.2544302664038296 -0.8171828373572303 0.75236614367379484 -1.7803420562265779 11.494307315843125
-0.065331228077411652 -0.50701114067763242 -0.079703186890580022 -0.11665693558895003 -0.080027747257134615 -0.52688618990500913 -0.07609960710204218 7.1070647368922294e-33 0 0.0012449054246640998 -0.57469307756035226 -0.15168342823732126 -0.16096953338357947 -0.15390960300763928 -0.60983118208957598 -0.15100849421734933 -0.0034683623686385216 -0.14234160790567102 -0.31222675501827069 -0.13982571945170036 -0.50895021941579277 -0.095766879632833007 0.0012438137541388266 0.64534809015687 -0.061310143761984598 -0.16793273133071882 -0.065331228077411652 -0.074986605806854179 0.63030459699015817 9.9840873686011378 0.027021808380244691 0.23529153749923973 9.9840873686011378 0.22692459081123889 -0.50775534906477415 -0.34082997109020147 -0.50203991524323655 -0.32079319794839456 -0.013188057894589912 0.044278881435243826 -0.1395364373617525 0.61262122259834273 0.24595832650894869 -0.052905935128701995 -2.0543356871153418e-07 5.658661021199408e-08 5.6586610212008201e-08 3.8376425361170135e-05 1.5063101573938537e-05 2.0556911123329396e-05 -8.2711397893456886e-05 -0.52688618990500913 -0.60983118208957587 -0.31222675501827069 0.64534809015687 -1.4835506332777819 9.9840916478277766
-0.043435629457235336 0.4758659559361651 -0.047773427154363286 -0.10642978715257885 -0.048186475551309581 0.45605711784555614 -0.04710811756480357 -1.0078632380191991e-32 0 0.0014336986264698983 0.64705057201577132 0.17483262281278678 0.15253323599404112 0.17280344492693761 0.6119184758950188 0.17426190598728589 -0.0033337722034463722 0.31990107438352677 0.63356548207891428 0.32062322002612337 0.58438555306562889 0.21487679496064416 0.0014340832995427067 -0.2529157973564452 -0.036748790118740979 0.15738608526959222 -0.043435629457235336 -0.046021371993155626 -0.26816770820819952 -6.4003760486152617 0.027103779219930464 -0.10733838896353819 -6.4003760486152634 -0.11821021698843014 0.56999372332577614 -0.14604369264217001 0.57563530633003168 -0.12716664405483682 0.17589008149782875 0.82800513987334134 0.32094177236395122 -0.26100760532064898 -0.099064915163401851 -0.068553994505451382 -5.5015798636601769e-08 6.5168119384994739e-08 6.5168119384993825e-08 -3.6890423000625955e-05 -4.5508653096586162e-05 -4.5773088888045515e-05 4.5897736128938104e-05 0.45605711784555614 0.6119184758950188 0.63356548207891428 -0.2529157973564452 1.0535132799203004 -6.4003760535994552
-0.03827965259552002 0.58741897350769401 -0.038116981574149965 -0.094660907437668487 -0.038590690338710314 0.56797755105154502 -0.038676435792864894 -1.7363343019951012e-32 0 -0.0003834474972243366 0.82862252197965003 0.21349347013108175 0.20821070223722793 0.21161378419794621 0.79384212009379784 0.21098907700727032 -0.0030345467443781645 0.21339669840284003 0.44542419305860087 0.21212972804566016 0.69817925927580482 0.26820953763907662 -0.0003825748771917338 -0.54882616206196577 -0.02932075505703843 0.1943099480698893 -0.03827965259552002 -0.037608247475406718 -0.56350623742773176 -12.419488239671109 0.026642981147487574 -0.23368998163777002 -12.419488239671111 -0.2314286838447619 0.68342423742995029 -0.13084088109751033 0.68891484578304973 -0.1132171032901837 0.18178615147260541 0.58238384570873503 0.21251337430276085 -0.54849922334501833 -0.21269942979890286 0.014669072828880851 1.4285215321554301e-08 -1.7429431692012976e-08 -1.7429431692018548e-08 -4.5376584957683055e-05 -5.3595087413793249e-05 -3.1128374896334663e-05 7.7802023321342577e-05 0.56797755105154502 0.79384212009379784 0.44542419305860104 -0.54882616206196577 1.8965753255028794 -12.419662236740619
-0.05158870667219162 0.08817391361874917 -0.045820745240381343 -0.08490595598706463 -0.046353536707123721 0.068976161131905953 -0.047573128251936159 -1.1213582089646748e-32 0 -0.00077587538350688541 0.52103249653565376 0.048113444105600339 0.042201639834657474 0.046305142808370468 0.48657222474104445 0.045611398616061304 -0.0029357483049979355 -0.0074977631318798319 -0.0016883587032819221 -0.0083207321524345155 0.46938328733030704 0.10066192370812652 -0.00077556684869523735 -0.2050394611003607 -0.035246727107985647 0.029067819443015303 -0.05158870667219162 -0.04652356039571403 -0.21925338749193007 -6.219893722940518 0.026236560721011562 -0.10441235931997288 -6.2198937229405207 -0.098804708339733816 0.45891924059686218 -0.17411068873950719 0.46428963146480079 -0.15742152507183862 0.13090459331996593 0.15723830475606065 -0.0079161462321941864 -0.21339438954384893 -0.080419346809229492 0.03578020592229797 1.0776906971228674e-07 -3.5267062886677802e-08 -3.5267062886676062e-08 -7.0639063959636879e-06 -2.5041141013658683e-05 4.7562258597716302e-07 2.6709553686250685e-05 0.068976161131905953 0.48657222474104445 -0.0016883587032819121 -0.2050394611003607 0.92140449710955452 -6.2198937246751225
-0.057827580720186234 -0.34070082355284192 -0.053668468857269266 -0.078712106833410428 -0.054274495536882662 -0.35999407066531142 -0.054914400983974911 -2.0648268339091144e-33 0 -0.0008802399378255015 0.078288153524869925 -0.093648318094554456 -0.089080385524242439 -0.095460066634144525 0.043938105728328639 -0.096308712158432203 -0.0030579862752651106 -0.24892745152456214 -0.48460335038913172 -0.24973373013444689 0.06715481969048176 -0.03139326484357928 -0.00088068059896860692 0.25061424174299052 -0.041283437582514806 -0.11288390067251891 -0.057827580720186234 -0.053887730855048735 0.2363974769350993 2.1189719256497863 0.026144838033087685 0.069920037462542398 2.1189719256497859 0.076397053321355837 0.06305316140913006 -0.24562672576886704 0.068354471923232463 -0.22956937206067707 0.054392400143576755 -0.28430368910499049 -0.24935684930352353 0.23014899045929332 0.09475612998460535 0.040797856611632217 8.3826592875267072e-08 -4.0010906264801428e-08 -4.001090626479311e-08 2.5838888039316635e-05 4.4447559461882297e-07 3.4878918222592627e-05 -3.8642563350053381e-05 -0.35999407066531142 0.043938105728328639 -0.48460335038913172 0.25061424174299052 -0.36688667620301907 2.1189719256497881
-0.042090658098459244 -0.10388264984022699 -0.044508568939345385 -0.073697828789971456 -0.045188550204285395 -0.12335536921562405 -0.04435490132897333 5.4179878067751244e-33 0 6.7565245328168365e-05 0.03152617196411156 -0.016698008239864441 -0.021810134138641878 -0.018531251047955673 -0.0027978052996070328 -0.017852824431332643 -0.0033279904651206116 -0.25074721122061339 -0.50709354002272955 -0.25001391662330258 0.02196576665932061 0.035291396470073691 6.6670289752735623e-05 0.52617643657757407 -0.034237360722573371 -0.034500934170633789 -0.042090658098459244 -0.043350818190316727 0.51148206254822293 7.4680133905896913 0.026378377601164987 0.18203340457511274 7.4680133905896913 0.18192437812343384 0.018423381560617982 -0.24975719697987084 0.02369866236409459 -0.23415178418121507 0.047404987691571532 -0.28088876561352416 -0.24969711150774176 0.49792462930828624 0.20057817153620894 -0.00086516604622763262 -2.6811916848026472e-08 3.0711475149099116e-09 3.0711475149195173e-09 7.7198397570727443e-06 -8.6530167524047511e-06 3.5532564848155382e-05 -7.2483106309348372e-05 -0.12335536921562405 -0.0027978052996070328 -0.50709354002272955 0.52617643657757407 -1.148391151876025 7.4680134258419653
-0.022256385535001755 0.42451617094116756 -0.026587124636099666 -0.066869491250782925 -0.027319370216933616 0.40513987996425144 -0.02627445084680612 1.1527532631190552e-33 0 0.00094270267565237705 0.59738175901479473 0.15729929772609647 0.13629788785810837 0.15558656536807364 0.56315608243367743 0.15697715520938721 -0.0034456076597988348 0.016901465920759754 0.022248165388615255 0.018098516412290749 0.54861337296484058 0.19141120665240408 0.00094229500672826031 0.22908802582734103 -0.020451634335461277 0.14039207715620899 -0.022256385535001755 -0.025286135673071492 0.21393616514694036 2.2947061710656218 0.026613366466268305 0.074054559975912065 2.2947061710656218 0.067307460040101436 0.53726831320158797 -0.15073455889003745 0.54247706202221568 -0.1357531160780161 0.14158701558550288 0.18977476553248432 0.018388946045453262 0.20828554916694672 0.086241854360042253 -0.042634966832451264 -6.4462768895097837e-08 4.2850121620560847e-08 4.2850121620562991e-08 -3.2737001880307665e-05 -3.9063775071681852e-05 -2.4880237491596909e-06 -2.5342686561105692e-05 0.40513987996425144 0.56315608243367743 0.022248165388615244 0.22908802582734103 -0.31049769050262421 2.2947061710656222
-0.022613894194364548 0.44803648473864727 -0.021428656357328726 -0.058893015816161617 -0.022193648115587637 0.42897232626832621 -0.022499228374830343 -5.8445194014918168e-33 0 -0.0001823981939318635 0.74224038257651903 0.16689614042676862 0.16283475317791762 0.16532416190766419 0.70829976610641565 0.16459404744243047 -0.0033865707120940202 -0.0003797175609630184 0.015075149411801398 -0.0014027722785688601 0.63623782439591703 0.21579013224103338 -0.00018232320150311142 -0.064505273193363563 -0.016483581813329783 0.14817816124307776 -0.022613894194364548 -0.021521187230920568 -0.079670206417263648 -3.4620800875899973 0.026548328056884521 -0.04642253777996614 -3.4620800875899973 -0.045557393239455839 0.62416531632944328 -0.13378775248750072 0.62924962211852531 -0.11959421483717637 0.15092388548440294 0.13141226891683694 -0.0011000685179187316 -0.077519226141109676 -0.026643285081337932 0.0053100225247995712 2.3249084328593795e-08 -8.2908269969015641e-09 -8.2908269969051425e-09 -3.449749209339606e-05 -4.3321593982405132e-05 -6.2531239199208186e-07 1.0128168987375043e-05 0.42897232626832621 0.70829976610641554 0.015075149411801369 -0.064505273193363549 0.52747294041963144 -3.4620800875903388
-0.037995148450136185 -0.078810063005866696 -0.032059057202211312 -0.052993499575462295 -0.032861328262473885 -0.097733522422763647 -0.034076706861808623 -2.0052125554669596e-33 0 -0.00059497729529265199 0.38176115663902849 -0.0075859489374155969 -0.010928306391248709 -0.009108190482929733 0.34805480980129683 -0.0098687352098806407 -0.0034673118181942778 -0.17435096258211677 -0.33709690031120593 -0.17499842769725166 0.35447182065097116 0.040801020947539145 -0.00059530249920867573 0.17884244715305173 -0.024660813232470241 -0.026200029972098519 -0.037995148450136185 -0.0331108003263621 0.16364883217999288 0.84881671390428926 0.026478723676803817 0.043679384798607016 0.84881671390428937 0.047997450862610466 0.34693079529115262 -0.18226900617891625 0.35192170632672604 -0.16865817195304061 0.096450297343948055 -0.18903447408479071 -0.17471433840077308 0.15933438441960981 0.066901912725068152 0.027188775293958158 1.0392230050583195e-07 -2.7044422513306773e-08 -2.7044422513302257e-08 5.9097252449797546e-06 -1.3449518930887228e-05 2.4247973540477197e-05 -2.6736256928803485e-05 -0.097733522422763647 0.34805480980129683 -0.33709690031120593 0.17884244715305173 -0.15781255919978598 0.84881671390428992
-0.041498739272356033 -0.38770240792884558 -0.03860082763608845 -0.050102212501952584 -0.039455868858647207 -0.40679680571013843 -0.039797965108837048 5.364970452768315e-33 0 -0.0006881193119461492 -0.06173994669895732 -0.10971674108674412 -0.10233504957188712 -0.11127268947225018 -0.095392989033262418 -0.11203927682387797 -0.0037273244699600507 -0.36906595168595885 -0.7270595889918493 -0.36964582878010754 -0.065350441807151369 -0.050985318399439372 -0.00068904670677297274 0.54449085514533013 -0.029692944335452651 -0.1284395311761129 -0.041498739272356033 -0.038848743452426851 0.52890711368590215 7.5055405186410535 0.026649714813019306 0.1830840128904192 7.5055405186410553 0.18820044387839346 -0.066689276781519119 -0.2539699523659239 -0.061739520464704607 -0.24072095623052558 0.021356010039349751 -0.53107546460962807 -0.36941984418901685 0.51478591576476129 0.20733964834025503 0.031881022752216048 5.6382889785730794e-08 -3.1278150543015358e-08 -3.1278150543003764e-08 2.9599697043788251e-05 6.0444711044199959e-06 5.1988555110643966e-05 -7.9168578361416524e-05 -0.40679680571013843 -0.095392989033262418 -0.7270595889918493 0.54449085514533013 -1.1869124030136871 7.5055405596403917
-0.024372192099690437 -0.03727985156912389 -0.027758868227582903 -0.047425993603644467 -0.028664543098561965 -0.05654425631166627 -0.027653251250106013 9.9797401414406947e-33 0 0.00040828400321424622 0.0078054628317702881 0.0046142372280860416 -0.002410162237358909 0.0030345891821524284 -0.025839703654018043 0.0040135920936564184 -0.0040687620305521867 -0.27844790598598096 -0.56652583528589584 -0.27733563897039976 0.00049002639502338636 0.048463019140360573 0.00040713775164013188 0.6764566416448855 -0.021352975559679157 -0.012455082381861814 -0.024372192099690437 -0.026719530146453518 0.66013574236623962 10.226235223949711 0.027060240686509432 0.24039411884110234 10.226235223949711 0.23781229345960608 -0.0022257480913216924 -0.23612057721032514 0.0027160287924576565 -0.2231547892648863 0.037413876566442565 -0.35291742008125004 -0.27718552121013906 0.64133684984660189 0.25742047453510825 -0.016636655701022265 -4.9943362697080305e-08 1.8558363782454543e-08 1.8558363782471272e-08 2.7612740508573001e-06 -9.7338203679474154e-06 3.9500318077192723e-05 -9.1589860406334416e-05 -0.05654425631166627 -0.025839703654018043 -0.56652583528589584 0.6764566416448855 -1.5570842036981161 10.226241659948572
-0.0090223755687475204 0.4308167518551787 -0.012554244548177107 -0.042549849847042513 -0.013489109359926749 0.41168229420740532 -0.012662729481418191 2.548453389330389e-33 0 0.00099926225248705394 0.60104500140363881 0.15911457376668217 0.13942945460391487 0.15766473145198412 0.56749968866456912 0.1588681636276843 -0.0041891749468704756 0.011732636755371941 0.014539270032777355 0.012770999020819063 0.55100239848145449 0.18830865694327786 0.00099881305704211244 0.25165816598773488 -0.0096571111909054645 0.14247885938699076 -0.0090223755687475204 -0.011737901509992359 0.23479916607032997 2.6299184506960396 0.027350487893289518 0.081787824008878837 2.62991845069604 0.074533464362472643 0.5400524095938356 -0.1322584745720585 0.5449302017558183 -0.11983767293600914 0.13671522360747607 0.1596428331468891 0.012893991848612656 0.22859599495174648 0.094475267592237067 -0.045954485368187588 -5.7777147686057279e-08 4.5421011476681959e-08 4.5421011476685606e-08 -3.3085503282492076e-05 -3.8219416541361395e-05 -1.880275999495087e-06 -2.8027175783234625e-05 0.41168229420740532 0.56749968866456912 0.014539270032777336 0.25165816598773488 -0.35876417731982907 2.6299184506960414
-0.015896560624241829 0.2915443597402877 -0.013097361129374149 -0.036994968663984149 -0.014048450648907859 0.27267747337707338 -0.014690441119785885 -4.5958936224443048e-33 0 -0.00026234275760065885 0.65223363237496468 0.11486163098208953 0.11247186572280093 0.11354026458298004 0.61893834490811339 0.11262493987040978 -0.004147321531728288 -0.032472851958293421 -0.047117484047041108 -0.033593907790080195 0.56750172377959629 0.15940132928284739 -0.00026233955458175584 -0.02357278263956681 -0.010074893176441651 0.096382694807965172 -0.015896560624241829 -0.013771084280590706 -0.040472938321423832 -2.8430918248964376 0.027300949355542743 -0.032738418864236125 -2.8430918248964367 -0.031296300794745505 0.5568130584472899 -0.12789267369525117 0.5615747977179717 -0.11616887007730749 0.13402824050120557 0.056768236843044557 -0.033462599189220246 -0.039361655244608537 -0.011357343368382625 0.0089056136206565589 4.5222900928745907e-08 -1.1924670800028457e-08 -1.1924670800029244e-08 -2.2383425733492041e-05 -3.3771953627940326e-05 3.8294710105810028e-06 4.0832693731856274e-06 0.27267747337707338 0.61893834490811339 -0.047117484047041108 -0.023572782639566803 0.42862087200773974 -2.8430918248964536
-0.033252246677875519 -0.29185145323838479 -0.026857178628869376 -0.033961261024349806 -0.027836190295559692 -0.31070290001258183 -0.029077966713852852 8.0041581440571221e-34 0 -0.00082073247892584106 0.13821550438068675 -0.078085288071504902 -0.073993103492794102 -0.079405185731836844 0.10508882616028582 -0.080493436369594898 -0.0042868946329017617 -0.27034759452579915 -0.52512323914664338 -0.27124597339297291 0.1274047828918822 -0.027726431718462615 -0.00082127289230782589 0.30687061934768439 -0.020659368176053364 -0.096712942310883121 -0.033252246677875519 -0.028168026196257537 0.28985490760485322 3.0112767549897534 0.027284564025741379 0.089700066017422933 3.0112767549897534 0.095665116446557397 0.12347786556059079 -0.20471544038925699 0.12816934462604904 -0.19344422172115078 0.052477041308555017 -0.37148317834523409 -0.27114643603018185 0.28218888984953572 0.11565159480600276 0.037440618966329935 1.0817490386421359e-07 -3.7306021769361535e-08 -3.7306021769354924e-08 2.2342518189920441e-05 8.8213656937371375e-08 3.7761430973424421e-05 -4.5961129727293546e-05 -0.31070290001258183 0.10508882616028582 -0.52512323914664338 0.30687061934768439 -0.5008467648282372 3.0112767549899075
-0.034558437764644623 -0.51031266755941573 -0.032430038472528157 -0.03359168903426954 -0.033454002710124407 -0.52944817525984234 -0.033561912154529611 9.8827030297178605e-33 0 -0.00066573507650712451 -0.35745908955766298 -0.15059197698350016 -0.13806790661884935 -0.15200935553071604 -0.39058738652523994 -0.15267712673414599 -0.0046460980063733268 -0.46411568168615541 -0.91856941723130991 -0.46450530315776295 -0.34779185167479587 -0.091472253517300858 -0.00066699290134004724 0.74229302616653181 -0.024946183440406274 -0.16902140601814497 -0.034558437764644623 -0.032666278581313921 0.7246905204665669 10.980840118580026 0.027583046722388274 0.25668989246217849 10.980840118580025 0.26172067293005341 -0.3449336389635646 -0.28576477356264929 -0.34024360554268357 -0.27469578107827697 -0.029921342600916719 -0.70127013970952812 -0.46448587518872647 0.70335952262189827 0.28207319936146746 0.031195397516387276 4.0258706028318358e-08 -3.0260685295788555e-08 -3.0260685295777305e-08 3.9089067879624296e-05 1.6104528839791772e-05 6.5476797183509452e-05 -0.00010665672263754867 -0.52944817525984234 -0.39058738652523994 -0.91856941723130991 0.74229302616653181 -1.7210428771333797 10.980861654724212
-0.017772641032934189 -0.10678435504922054 -0.021229566355367099 -0.032764244950184651 -0.022294636901024401 -0.12614573199327853 -0.021236374735943832 1.3158536226734768e-32 0 0.00057932921801528384 -0.21894807684547885 -0.018644182064052321 -0.02261838505671715 -0.020120925548072904 -0.2521085000427683 -0.019019631868722534 -0.0050499820682834793 -0.31998416996507612 -0.65074459872655843 -0.31870520566644334 -0.21667920706834379 0.023920440248160136 0.00057796377587719921 0.80630570983622474 -0.016330435657974689 -0.035459894010245969 -0.017772641032934189 -0.020353371034736303 0.78777613419335546 12.497612483243165 0.028119861556315576 0.28894146957557754 12.497612483243165 0.28512297551641441 -0.21634911167412965 -0.25593105381111741 -0.211632855943059 -0.24504572307469924 -0.00014237735684614555 -0.42145817493444188 -0.31877553901862854 0.76380315934463017 0.30607100107752466 -0.024590728795819316 -5.4909148974505112e-08 2.6333146273409151e-08 2.6333146273427892e-08 8.1709570548200461e-06 -3.133880852989967e-06 4.5351345651433392e-05 -0.00010860019541944671 -0.12614573199327853 -0.2521085000427683 -0.65074459872655843 0.80630570983622474 -1.8986738236023484 12.497806043493537
-0.0083600673824548721 0.24344807450492736 -0.010193696059508484 -0.029716694572109972 -0.011280859520898917 0.22414485685612881 -0.010772900767060136 3.6476923272629526e-33 0 0.0010819939235776571 0.40114228230343768 0.097074912438119165 0.079698200854830203 0.095708574847382419 0.36802230391801305 0.096858693491421122 -0.0051906692023038492 -0.0028443508435259733 -0.013522777291187798 -0.0018175529406405178 0.37617246416455619 0.12449561346445148 0.0010814565294653866 0.30168874921136163 -0.0078413046611603716 0.08046241707971731 -0.0083600673824548721 -0.0098967998239203481 0.28252665702279062 3.4316910038383801 0.028471887251912718 0.099656265747490758 3.4316910038383801 0.091776772695159936 0.36757617977000095 -0.14497712472921789 0.37225265449385181 -0.13459501507360241 0.10747627434369712 0.14091061814681244 -0.0019196562324141795 0.2750578031708788 0.1131201854431098 -0.049993195422038755 -3.2696434924793579e-08 4.9181541980800142e-08 4.9181541980804139e-08 -1.8652822906291239e-05 -2.6624792375475097e-05 7.6096543285170046e-08 -3.4392376489319814e-05 0.22414485685612881 0.36802230391801305 -0.013522777291187798 0.30168874921136163 -0.4781107228314016 3.4316910038384938
-0.021586433053016663 -0.067218367763515835 -0.016701368172898318 -0.026656781522167959 -0.01780561105535362 -0.086426960902583908 -0.018771542384754491 -4.288545701914513e-33 0 -0.00026384950348658242 0.42011597802312317 -0.0037903737457602804 -0.0042669669688960646 -0.0050481903623969078 0.38711689136080196 -0.0060289742056976658 -0.005163086946833974 -0.050582870365315488 -0.082128336368080535 -0.051719202007310068 0.38399401061614236 0.038835283504427588 -0.00026390927650275548 0.01105209618521872 -0.012847206286844857 -0.02236336390552884 -0.021586433053016663 -0.017901385849094523 -0.0081927712034746344 -2.357495485977577 0.028446518127509979 -0.021459700916966709 -2.3574954859775774 -0.020012426611993032 0.37576274136952503 -0.14300603627446715 0.3803458636286447 -0.13329015721850357 0.10353735560780591 0.032908451927986346 -0.051816342047780489 -0.0079366618459021585 0.001354122963217237 0.0089007270770006218 7.8405259657916926e-08 -1.1993159249392332e-08 -1.1993159249390504e-08 5.171713884271031e-06 -1.3855099670162677e-05 6.2837746629453757e-06 -5.5251242564338566e-07 -0.086426960902583908 0.38711689136080196 -0.082128336368080535 0.011052096185218718 0.35389706959509415 -2.3574954859775787
-0.039894554764032364 -0.67849009187242992 -0.032824608495323038 -0.02649272286459332 -0.033964343327395202 -0.69792896832323925 -0.035166069696130745 3.3299230817836229e-33 0 -0.001318658051247927 -0.34201961727127966 -0.20509388016974023 -0.18479712255538436 -0.20644209657327225 -0.37496407887604161 -0.20825380517222483 -0.0053724307252713786 -0.42365337574921935 -0.82197888469145819 -0.42524797188065677 -0.33446113225770696 -0.14139090707015164 -0.0013194748336086276 0.4711530989087977 -0.025249698842556182 -0.22468638661582993 -0.039894554764032364 -0.034307726754981338 0.45170830720938782 5.7048175423309271 0.028479244042443695 0.14720995166129491 5.7048175423309271 0.15672184376840137 -0.33184009166543654 -0.27120506789707954 -0.32728803295688552 -0.26185212700855159 -0.027447407754870527 -0.63273603584601834 -0.42539255362900358 0.4397442278684377 0.17819077250645279 0.059578738428180317 1.1886868104364075e-07 -5.9939002329461206e-08 -5.9939002329449109e-08 5.2020016775618485e-05 2.3096196508281991e-05 5.9288933010008403e-05 -7.1777521504281708e-05 -0.69792896832323925 -0.37496407887604161 -0.8219788846914583 0.4711530989087977 -0.93749559423670847 5.7048175433535224
-0.038849808275699615 -0.79421319439715188 -0.037025572953785592 -0.028521699923210957 -0.038218326352053016 -0.81415372625472238 -0.038086168697457609 1.4004545631956973e-32 0 -9.8866893858786994e-05 -0.68383796064308289 -0.24522522236187552 -0.23939447398005084 -0.2467190378649195 -0.71694487484475833 -0.2463264188072557 -0.0058466455874907116 -0.48076451333365428 -0.96543940358682923 -0.47995793106225393 -0.60688710512285216 -0.19514440107104844 -0.00010045805508128303 0.94081850390009314 -0.028481209964450457 -0.26299073558765196 -0.038849808275699615 -0.037244573908229335 0.92052577121012558 14.569340494619322 0.028947979729628003 0.33308614092224725 14.569340494619324 0.33427606002357652 -0.60081536801570334 -0.31507268699593927 -0.5962079829111594 -0.30580064514949185 -0.06989723970108383 -0.70533818651193236 -0.48020806606254546 0.89037704820292118 0.35628531664838253 0.0069824224668607448 3.4153922712142101e-08 -4.493949720870705e-09 -4.4939497208500726e-09 6.0881599879976736e-05 3.4331065241169021e-05 6.8030913275291978e-05 -0.00013093151268370843 -0.81415372625472238 -0.71694487484475822 -0.96543940358682923 0.94081850390009314 -2.2490665241096872 14.571970392209236
-0.023253655061125755 -0.3592482325109686 -0.025986581182970609 -0.029456666037006658 -0.027226865707797431 -0.37957786217294248 -0.026179934012039212 1.2058652703157482e-32 0 0.0005792859340185909 -0.41545995730790392 -0.10134327609033708 -0.098295469319726575 -0.10289393069322723 -0.44873825079414748 -0.10218431023296427 -0.0062194749556329035 -0.30867275153667384 -0.62063302317566249 -0.30791764861366533 -0.39595638140421668 -0.054093340251425877 0.0005779638289078366 0.77564228979810468 -0.01998967783305431 -0.11902469941689781 -0.023253655061125755 -0.025352974201307249 0.75436555492143686 11.774629544662881 0.029524480683743432 0.27519423502598617 11.774629544662883 0.27115287954748601 -0.39351841417018713 -0.27250467194109096 -0.38886851192067662 -0.26347110418339664 -0.026625619817699481 -0.3824868929847362 -0.30825092942456012 0.73181736720609225 0.29379355606382157 -0.026170442191737645 -4.466636468470502e-08 2.633117881901317e-08 2.633117881902842e-08 2.7545863274058579e-05 1.027135340160183e-05 4.3462582700754644e-05 -0.00010397260656658624 -0.37957786217294248 -0.44873825079414748 -0.62063302317566249 0.77564228979810468 -1.7858337278229186 11.774699839966718
-0.019974935799837112 -0.13935319729325624 -0.019462740303348849 -0.028270953260832864 -0.020734784602914363 -0.15981754450232299 -0.020557356088419253 5.1140996316440783e-33 0 0.00054798809693121209 -0.094700547023233092 -0.02821258191743628 -0.030172785497528623 -0.029753948571536772 -0.12800072118790948 -0.029351872639523626 -0.0064160934456641474 -0.14536509386033411 -0.2887800412105137 -0.14502341844053135 -0.10016864431458165 0.013325379145609394 0.00054722470946850783 0.43478896000432865 -0.014971338694883728 -0.046242896454918671 -0.019974935799837112 -0.019740430960486804 0.41285000356233881 5.5135027568185215 0.029886884093318966 0.1445864595352791 5.5135027568185215 0.14053165151813996 -0.10222438904232084 -0.21690692056785646 -0.097575403006663716 -0.20832849375246515 0.027509601827245166 -0.092023292011109731 -0.14540114263695003 0.40192130591847952 0.16358521372569218 -0.026041787800045242 4.9894646670324604e-09 2.4908549860503749e-08 2.490854986051253e-08 1.0701857682827859e-05 -3.9854247991141181e-06 2.0050799316360279e-05 -5.593129065417166e-05 -0.15981754450232299 -0.12800072118790948 -0.2887800412105137 0.43478896000432865 -0.82243344720652667 5.5135027570937494
-0.038110341876745224 -0.58588863481047093 -0.030975869544445998 -0.02768978674025253 -0.032282274155688843 -0.60654661150178424 -0.033479279622383333 2.2890930468041449e-33 0 -0.00061035623358838523 -0.36113996869562709 -0.17412014992063329 -0.15801678501169411 -0.17570620402966136 -0.39443064648927761 -0.17706975626783056 -0.0065787393717662386 -0.29155915646051533 -0.56036419819965111 -0.29287401988812922 -0.3546182882722837 -0.11467423267402201 -0.00061105942373491614 0.39756526564553019 -0.023827591957266154 -0.19404039772925052 -0.038110341876745224 -0.032673758497170351 0.37523863796442336 4.4157250571120414 0.030054754803915697 0.12178884657449064 4.4157250571120414 0.12589257726334002 -0.35270573647373787 -0.26267874944214725 -0.34806870572082155 -0.25458258531583039 -0.020245972233221655 -0.36050847451543738 -0.29328898573578066 0.36530974732361504 0.14917280524070672 0.025322611744426963 1.1567198679946798e-07 -2.7743465163117011e-08 -2.7743465163106112e-08 4.4927467081583025e-05 1.8518802102775547e-05 4.0407682959426142e-05 -5.7030606735903945e-05 -0.60654661150178424 -0.39443064648927761 -0.56036419819965111 0.39756526564553019 -0.70486010714186242 4.4157250571330797
-0.055441182106733322 -1.1657254610216816 -0.047726377028695359 -0.030120960858760128 -0.049090179586839297 -1.1869425323442286 -0.05013598970030482 8.7883434393009725e-33 0 -0.00049955162435625419 -0.84149345000914166 -0.36645133112038586 -0.35327564664584032 -0.36817874108717147 -0.87498515048055336 -0.36872987277541613 -0.0069448596482709719 -0.45085194568328635 -0.89229922553573959 -0.45103643142168348 -0.7363658704332845 -0.30912906419857561 -0.00050085286613935727 0.76030189563540929 -0.036712597714381054 -0.3859600481932175 -0.055441182106733322 -0.049349016454705352 0.73733184106731353 11.010486375304366 0.030382928366789644 0.26005131377224844 11.010486375304364 0.26388428781294687 -0.72901976559562731 -0.32962959350396925 -0.72433370099200278 -0.32178476512410958 -0.086188355077943882 -0.62981692594685068 -0.45153348276155325 0.71549155067422554 0.28756378389749981 0.023646521502721344 1.2962054578783547e-07 -2.2706892016201333e-08 -2.270689201618598e-08 8.9355064810420391e-05 5.2111825058199295e-05 6.3365142064556896e-05 -0.00010759528541551636 -1.1869425323442286 -0.87498515048055336 -0.8922992255357397 0.76030189563540929 -1.718056158457937 11.010508911077498
-0.051232978701591492 -1.1481964411173613 -0.049456530681292757 -0.034047700938844461 -0.050893510135242952 -1.1701846851881597 -0.05048597024375371 1.1613558839914904e-32 0 0.00024699748276086925 -0.86682978137649769 -0.36124210125990414 -0.35440385802869562 -0.36308808538731302 -0.90072630559567624 -0.36256685250897025 -0.0073637378610015378 -0.39557452074720006 -0.79274485358270719 -0.39484784438809556 -0.74529591403771078 -0.30969116671964519 0.00024553044620388161 0.85968510645232299 -0.038043485139455969 -0.38016075092203583 -0.051232978701591492 -0.049721870725097685 0.83578133721916015 12.997484117462397 0.03091277854217659 0.30213167170161148 12.997484117462395 0.30061608449443206 -0.73829224698066598 -0.32828556479891957 -0.73353093461525209 -0.32066242581335247 -0.082610240158211917 -0.51194741909293129 -0.39543850167166994 0.80968309939256644 0.32489046339457339 -0.01018041475136146 3.2151233542429688e-08 1.1227158307302601e-08 1.1227158307319403e-08 8.7996480770061798e-05 5.1850786690016231e-05 5.5693214119022368e-05 -0.00011725460552619291 -1.1701846851881597 -0.90072630559567612 -0.79274485358270719 0.85968510645232299 -1.9900095878715076 12.997861218343328
-0.036833103746175766 -0.68438062420445167 -0.038347235326987666 -0.036222890166699842 -0.039849325031039474 -0.70696498020305065 -0.038832955728043191 8.3154892213321526e-33 0 0.00045309510121787342 -0.60542610767563609 -0.20739975051238055 -0.2007181412253409 -0.20931952351473446 -0.63962970917733308 -0.20877514402972389 -0.0076692550306192058 -0.26690675283400145 -0.53211783333952467 -0.26643645378947511 -0.55205248691002917 -0.15589114209583169 0.00045196527104319031 0.65327803803278417 -0.029497873328452051 -0.22664619995446467 -0.036833103746175766 -0.038088928353752119 0.62853208171924224 9.2835765307537095 0.031387509062094421 0.22491349215933781 9.2835765307537095 0.22169466431652982 -0.54817783961342159 -0.29180814840919977 -0.5433646657267257 -0.28456280537060091 -0.045102635535226296 -0.27568798805754074 -0.26709578987152827 0.61092489767014668 0.24650110194237959 -0.020901292092668597 -2.671967250161782e-08 2.0595231873528582e-08 2.0595231873545768e-08 5.2444598976718832e-05 2.6449616978002176e-05 3.7255022091201462e-05 -8.7041904370733855e-05 -0.70696498020305065 -0.63962970917733308 -0.53211783333952467 0.65327803803278417 -1.4077530085110546 9.2835777890537159
-0.038780864328145981 -0.58133100577331431 -0.035699973833132871 -0.036417523076892805 -0.037254204793983413 -0.60428631011906775 -0.037366148226918756 4.0259641590568459e-33 0 6.610256579148056e-05 -0.50249321786747891 -0.17228751230878014 -0.16224022558161408 -0.17426791699949093 -0.53683095775811684 -0.1745023229377079 -0.0078778688842031479 -0.23197304905893784 -0.45255761329317667 -0.23227124990136705 -0.47622599544829519 -0.11743053093320549 6.5272242686211196e-05 0.47018898993347125 -0.027461518333179124 -0.19253939679722035 -0.038780864328145981 -0.036638577004647073 0.44485211580904516 5.7741825887267542 0.031690533347816671 0.15180496441270763 5.7741825887267533 0.15116671531354872 -0.47345550428222355 -0.27817965641990328 -0.46861636501851911 -0.27142774765361838 -0.031727748952129278 -0.2168103896233208 -0.23297806990277548 0.43307686732018563 0.17633452001287267 -0.0045543073784637842 4.5580581351045405e-08 3.0046620814225786e-09 3.0046620814327347e-09 4.4549481950860266e-05 1.9775887623160007e-05 3.2039792177810968e-05 -6.3213664108810675e-05 -0.60428631011906775 -0.53683095775811684 -0.45255761329317673 0.47018898993347125 -0.88403703812186152 5.7741825893758945
-0.059430204331874847 -1.1054516316700091 -0.050316477646971627 -0.037695953862134021 -0.051931281215237317 -1.1289102427076687 -0.053226182564645952 4.1287845347611336e-33 0 -0.00045994884887893216 -0.78507581937406667 -0.34474153642465788 -0.32883468801139437 -0.34682565368592078 -0.81960303315707339 -0.34774943157419574 -0.0081299157701038155 -0.34854609225500238 -0.67957613172249942 -0.34930684920114463 -0.70056243951514541 -0.28361393963421444 -0.00046092382724407041 0.55733866657973219 -0.038704982805362789 -0.36601756919798772 -0.059430204331874847 -0.052518188340709412 0.53147161614652016 7.1551613928540707 0.031943973104430562 0.18093872999282981 7.1551613928540707 0.18416922013643322 -0.69442515322017029 -0.31911735136070962 -0.6895486117761126 -0.31280472684403543 -0.07234974307217662 -0.42468775670411407 -0.3500708759573381 0.51727594800808285 0.20965679843584145 0.01981477757477728 1.470641700248014e-07 -2.090676585814386e-08 -2.0906765858128914e-08 8.4713195862126526e-05 4.7208100212867395e-05 4.8490877390942057e-05 -7.8439806994435129e-05 -1.1289102427076687 -0.81960303315707339 -0.67957613172249942 0.55733866657973219 -1.1209258481349031 7.1551614117456888
-0.073368437588214874 -1.5861697890058783 -0.065378499695427389 -0.041811396227257172 -0.067078304360331284 -1.6104951666630809 -0.06784360071973497 7.9855523238611805e-33 0 -0.00019055272311388361 -1.06460730288951 -0.50406770018789482 -0.49254232323157054 -0.50629057666585275 -1.0995810844548817 -0.50645341040635261 -0.0085034553567099429 -0.41724516574586779 -0.82743231092611724 -0.41712000735711524 -0.89733672965192768 -0.44656951863442873 -0.00019189190769848503 0.77768700916056888 -0.050291153611867215 -0.52513139484304938 -0.073368437588214874 -0.067162613139999702 0.7510732074281623 11.189882168829643 0.032338591848060746 0.26571845304883251 11.189882168829644 0.26729273205332932 -0.88852809016186529 -0.35383978612702283 -0.88357578328846331 -0.34783820900544538 -0.10489399353381811 -0.5342362228589993 -0.41796800403319068 0.72866903881662848 0.29324602684093992 0.0093729296167288766 1.3203881804713877e-07 -8.661487414276615e-09 -8.6614874142603014e-09 0.00012153800803931048 7.3477441118392764e-05 5.847503101803118e-05 -0.00010786736136497848 -1.6104951666630811 -1.0995810844548815 -0.82743231092611724 0.77768700916056877 -1.7313898161789991 11.189911794131492
-0.06493329256772995 -1.4065420927440788 -0.063248360832547437 -0.046537712466184107 -0.065044345514587529 -1.4318542005967307 -0.064331416946224754 8.7673605023442384e-33 0 0.00029482822028821022 -0.98708906987237865 -0.44476521137009034 -0.4365197209374278 -0.44710586431453281 -1.0226257733119977 -0.44653394365725446 -0.0088756292022598281 -0.34897385277746301 -0.69692646231047883 -0.34833966859502546 -0.83639535340536431 -0.39001365923277859 0.00029348892305910263 0.77638458851330605 -0.048652585255805722 -0.46568045684620202 -0.06493329256772995 -0.063680319877131075 0.74889239079256875 11.273995749468021 0.032826562036070921 0.2679556015595696 11.273995749468016 0.26603008145815576 -0.82881618755664166 -0.3418085715935027 -0.82378098333889149 -0.33614452944603346 -0.090385327251596786 -0.40027649471137167 -0.34927130386524841 0.72658007465142893 0.29253735608684384 -0.012721093287895596 2.6658993417005638e-08 1.3401282740361156e-08 1.3401282740380156e-08 0.00010775426214060921 6.405797801303548e-05 4.8844289405042569e-05 -0.00010488098582072876 -1.4318542005967307 -1.0226257733119977 -0.69692646231047883 0.77638458851330605 -1.7222400657978241 11.274029371326815
-0.051301382482051849 -0.91464670000379777 -0.05148486007449346 -0.048887764911428551 -0.053365019334921542 -0.94070052212648803 -0.05238994341602754 5.4528843980454622e-33 0 0.00037598584463533185 -0.72068765678327629 -0.28142620787309053 -0.27312908950871051 -0.28384925983128123 -0.75662571229687969 -0.28337852659453983 -0.0091424141128035978 -0.24078219407775542 -0.47661206330619343 -0.24045609005706942 -0.64217821727078361 -0.22644794827986628 0.00037497227051508614 0.57711582002480155 -0.039603738518841129 -0.30287245655024086 -0.051301382482051849 -0.051764859163557102 0.54888163631520803 7.6409164732545429 0.033226251001772747 0.1923546179113767 7.6409164732545429 0.18964449806259262 -0.63759599850098925 -0.30686626606262268 -0.63250379552911307 -0.3016765105901032 -0.0542720334967184 -0.20608716439011612 -0.2414482095978028 0.53410004932559807 0.21661265815679073 -0.017616416781673069 -9.8612059894673778e-09 1.7090265665232977e-08 1.7090265665248657e-08 7.0050779373271387e-05 3.7374688554189629e-05 3.3312638327914597e-05 -7.6292341442060424e-05 -0.94070052212648803 -0.75662571229687969 -0.47661206330619343 0.57711582002480155 -1.1582477654816807 7.6409165229927734
-0.056976828724145889 -0.90685624305879697 -0.051570314155450929 -0.049456064203709148 -0.053523412255738277 -0.93345218105707561 -0.053864149868978702 2.1148435851047617e-33 0 -8.8532310546725066e-05 -0.68290052987118821 -0.27762927262682269 -0.26464066533556996 -0.28013150769924527 -0.71907858129029167 -0.28055294203537179 -0.0093421405938447829 -0.24633355173348029 -0.47740111532313756 -0.2468249494534191 -0.62098181721253887 -0.21781806966535799 -8.9344541060005505e-05 0.45382288960332429 -0.039669472427269939 -0.30029567717537647 -0.056976828724145889 -0.053262102976751637 0.4250583353620157 5.1942974086274569 0.03347977396380869 0.14142745034529131 5.1942974086274569 0.14188561207742112 -0.61660310977277089 -0.30439457654835422 -0.61147471492809313 -0.29975349256076944 -0.051648531128933181 -0.22218441204647743 -0.24786293495657549 0.41381284892764281 0.16917088933684796 0.0023887516573101986 7.9036718029669464e-08 -4.0241959339511077e-09 -4.0241959339381342e-09 6.9455344276355435e-05 3.5921463831494274e-05 3.3854710705071574e-05 -6.1314484475635949e-05 -0.93345218105707561 -0.71907858129029167 -0.47740111532313756 0.45382288960332423 -0.80174110581488223 5.1942974087732541
-0.077440500259399414 -1.4478191916242968 -0.067035096015144444 -0.05145945472603336 -0.06907293535473133 -1.475137011812065 -0.070331316379541847 3.3571565954344409e-33 0 -0.00042125814752946676 -0.96498151811011368 -0.45589976518425468 -0.44044520383644425 -0.45852184673988822 -1.0014978272879644 -0.45926931332645321 -0.009612568849173676 -0.35826266782076993 -0.69979878874643475 -0.35883685328559189 -0.83262487042452749 -0.39307957684694056 -0.00042229243936105877 0.58802756385099897 -0.051565458473188032 -0.47934916803557109 -0.077440500259399414 -0.069756397261170583 0.55871818453142741 7.4980585625818659 0.033734855032877556 0.18986445639238009 7.4980585625818641 0.19288858915350829 -0.82507212349001824 -0.34370976344955867 -0.81988966010625963 -0.33953106199185801 -0.089923876015298401 -0.42101763264269876 -0.35993639471577726 0.54360090346241052 0.22050029504144272 0.018555309672990551 1.6349155315381029e-07 -1.914809761498647e-08 -1.9148097614970412e-08 0.00011090764312344602 6.4475541972104452e-05 4.9745360882416472e-05 -8.2126169473107862e-05 -1.475137011812065 -1.0014978272879644 -0.69979878874643475 0.58802756385099897 -1.1724349714806204 7.4980586016814659
-0.085763603448867798 -1.7737043354510074 -0.078159488795808085 -0.055896967683067553 -0.080304422147227772 -1.8020656377195319 -0.080693444039708517 6.7834300611362225e-33 0 -8.5267079479391502e-05 -1.1544404309127898 -0.5639264737610542 -0.55275019931490676 -0.56668903722389086 -1.1915312024998543 -0.5666410094644887 -0.0099815143483226645 -0.39863846368866707 -0.79041406673812742 -0.39837918825404589 -0.96231410129303496 -0.50464510992209821 -8.6600388180978563e-05 0.76870810872150963 -0.060122683689083127 -0.58721604792009141 -0.085763603448867798 -0.08015231579185865 0.73864080446996949 10.836545496026787 0.034131210676020214 0.26008291134868855 10.836545496026789 0.26090610010266713 -0.95305879409457595 -0.36703360732608459 -0.94779134130239906 -0.36321566861420029 -0.11071160012756044 -0.48188774117303151 -0.39956197498367985 0.71675545842391486 0.28898780897188692 0.0046651650961690543 1.1938909908530837e-07 -3.8757763399835096e-09 -3.8757763399651338e-09 0.00013586644090881475 8.2334174305315652e-05 5.5681172941480253e-05 -0.00010559397827523949 -1.802065637719533 -1.1915312024998541 -0.79041406673812742 0.76870810872150963 -1.6723067589380547 10.836562689737363
-0.072398200631141663 -1.4219348194773946 -0.071095816653131333 -0.05999395371644755 -0.073351885762529712 -1.4513450005554958 -0.072339108370889929 6.7745265576526682e-33 0 0.00036149314111778651 -0.98833220358642249 -0.44753279747788982 -0.43953583197737423 -0.45040898429668652 -1.0260287441604461 -0.4497163939461945 -0.010322912262722429 -0.31061827892087729 -0.61907012949552676 -0.30996199953551556 -0.83771118051960425 -0.39096820029414903 0.00036024406834012307 0.71617261110753083 -0.054689089733177959 -0.47078879518788197 -0.072398200631141663 -0.071832476433859482 0.68527217570253762 9.9840594067347261 0.034583172438661713 0.24269415731267813 9.9840594067347244 0.2402608839480353 -0.83054569246202159 -0.34438452099180361 -0.82519579656319608 -0.34097958212679819 -0.085694075725595037 -0.31680461472359311 -0.31122194288672911 0.66552373246609364 0.26886269497027204 -0.015865256290467946 1.2036685048564675e-08 1.6431506414435234e-08 1.6431506414450133e-08 0.00010889453357688098 6.3782529599333917e-05 4.3208906316110679e-05 -9.5631047409565538e-05 -1.4513450005554958 -1.0260287441604461 -0.61907012949552676 0.71617261110753094 -1.5205866725367003 9.9840636988251461
-0.059252358973026276 -0.91532188446331808 -0.058308665189898051 -0.061234570181472478 -0.060658995363011878 -0.94546911016670032 -0.059753605748884359 3.0596609964411301e-33 0 0.00032145360878601105 -0.70804049207528008 -0.27911343674244626 -0.2701299198167505 -0.28206803389619806 -0.74612799811931174 -0.28169374505482736 -0.010551877696158181 -0.21311436957784752 -0.41800751191539587 -0.21293995088879694 -0.63450468678008443 -0.22145517765333808 0.00032055195965038317 0.50383684512110483 -0.044852819376844648 -0.30310946684199375 -0.059252358973026276 -0.059276249238269005 0.47228052980752011 6.0658707804843113 0.03491841848875965 0.16106650972765182 6.0658707804843104 0.15868654500159834 -0.63035514112288105 -0.30872583105811696 -0.62495378428474546 -0.3058710297429969 -0.049207571328935426 -0.14639638921208081 -0.21425236320454913 0.45978335243900587 0.18768780786801428 -0.015474927310566929 -5.0830351579716795e-10 1.4611527672081642e-08 1.4611527672094856e-08 7.0069342910169331e-05 3.6219000368358766e-05 2.9156846291893382e-05 -6.5791977185807201e-05 -0.94546911016670032 -0.74612799811931163 -0.41800751191539587 0.50383684512110483 -0.91800436218883663 6.0658707817661686
-0.067218497395515442 -0.98803196063697496 -0.06008086660206851 -0.061015409501610648 -0.062515099914145222 -1.0187444312110243 -0.063033744490711779 4.7145412360404122e-34 0 -0.00018230778921141946 -0.71711540632514814 -0.30194674257153103 -0.28826910780616416 -0.30498530361744353 -0.75544644777466385 -0.30550317043059738 -0.0107371182907985 -0.24538882902937703 -0.47292413128595451 -0.24597457153044561 -0.64818817265681772 -0.23943298794437853 -0.00018307997498101403 0.4243595718679754 -0.046216051232360389 -0.32717729772700166 -0.067218497395515442 -0.0625830402886388 0.39233710886153028 4.4087236561750478 0.035120865861114292 0.12660254416318584 4.4087236561750478 0.12773769447051014 -0.64365479730942909 -0.3131388584249527 -0.63821859462412223 -0.3108753098878364 -0.053592509698230054 -0.21226791524157557 -0.24732997611260979 0.38196465389221823 0.15700953586352692 0.0067128649504935821 9.8626746954826405e-08 -8.2867176914371911e-09 -8.2867176914243731e-09 7.5647759603966183e-05 3.9206239827713038e-05 3.3523491314516819e-05 -5.7236416915645479e-05 -1.0187444312110243 -0.75544644777466397 -0.4729241312859544 0.4243595718679754 -0.68517268469230475 4.4087236561898253
-0.085216537117958069 -1.4990270645580916 -0.074458754584301665 -0.062513739235418322 -0.076989860017388057 -1.5305117311434784 -0.078108012587897124 2.5804276502124687e-33 0 -0.00039009083993508345 -0.98954141265793027 -0.47051644940513543 -0.45602510756522185 -0.47367877129416475 -1.0282385822268953 -0.47427779237453405 -0.011009675564904972 -0.35383310300228776 -0.69122125412928315 -0.35426919266488205 -0.84926506597275886 -0.40663515380041598 -0.0003911332000146349 0.58784718422465254 -0.057275965064847417 -0.4963120158996866 -0.085216537117958069 -0.077688317932391171 0.55529394160421841 7.2933620726730775 0.035359235138064708 0.1871732686779603 7.2933620726730757 0.19002472361660552 -0.84170533226174926 -0.35072173002857787 -0.83621261236251909 -0.34894208347580985 -0.09006830647930901 -0.40493574073203342 -0.35568691083874887 0.54029787804750296 0.21961044870018653 0.017524816232801499 1.6017487628866281e-07 -1.7731401815241462e-08 -1.7731401815224588e-08 0.00011480672357710151 6.6445544315905206e-05 4.8980855954999271e-05 -8.1520335386274666e-05 -1.5305117311434784 -1.0282385822268951 -0.69122125412928304 0.58784718422465254 -1.1399035283029655 7.2933620979333824
-0.086571246385574341 -1.6411797153249743 -0.080120884424303651 -0.065926611686169811 -0.082766422693021327 -1.6736892650457602 -0.082739430904586519 5.7349092056331729e-33 0 2.6247945407822962e-05 -1.0871842357931292 -0.51782921845179597 -0.50815186175359905 -0.52112482035798058 -1.1264410513055592 -0.52084753114920179 -0.011361090931242768 -0.36492291689882395 -0.72348593629581581 -0.36451238205425862 -0.91179133419333147 -0.45812206081104234 2.4967559698007054e-05 0.73146346138425344 -0.061631449557156638 -0.54336595098669938 -0.086571246385574341 -0.082355824961577048 0.69817339303283321 9.9920904003251749 0.035736021033058674 0.24399087453850118 9.9920904003251749 0.24402287314563612 -0.90349539650115585 -0.36209208489865452 -0.89792155844436239 -0.36071585008755963 -0.099142816376520462 -0.41549147357995903 -0.36600975536091557 0.67792200053075669 0.2740612999606884 -0.00025991303543524238 8.9689817531864775e-08 1.1930884276150744e-09 1.193088427634983e-09 0.00012569060485735498 7.4637690624046826e-05 5.075003161496067e-05 -9.9342863270936694e-05 -1.6736892650457607 -1.1264410513055589 -0.7234859362958157 0.73146346138425344 -1.537427859370659 9.9920947582609649
-0.068484321236610413 -1.1365497810141469 -0.067924687955652346 -0.068128339486687603 -0.070680236032272373 -1.1699711065326546 -0.069426784641852687 4.85582097744479e-33 0 0.00041742186914848513 -0.83713432403883703 -0.35077632413735371 -0.3439110007819125 -0.35417015988764838 -0.8768967456898118 -0.35339712015988306 -0.011656528476555825 -0.25821999759217679 -0.51281780003061117 -0.25757624357241921 -0.72630606372140039 -0.29359804349922375 0.00041631515101491422 0.62465684367469065 -0.052249759965886412 -0.37634356445039019 -0.068484321236610413 -0.06907742435980764 0.59061341807860146 8.1404808050053976 0.036129414288094637 0.2056463325630003 8.1404808050053958 0.20276510224191513 -0.72090987245744542 -0.32882649443036205 -0.71526754190305109 -0.32793277314202296 -0.06423268775478036 -0.22165239482167975 -0.25914092940274547 0.57438715053365386 0.2332666863727009 -0.018607464689537286 -1.2619215387168117e-08 1.8973721324918876e-08 1.8973721324935469e-08 8.7013530361379504e-05 4.7912827176710582e-05 3.5576221702660678e-05 -8.2041355853550507e-05 -1.1699711065326546 -0.8768967456898118 -0.51281780003061106 0.62465684367469065 -1.234134871913187 8.1404809456301788
-0.056179184466600418 -0.64869761929171543 -0.054439425978368781 -0.067254149920745965 -0.05728348819889216 -0.68267137987248705 -0.056507704245933557 7.7726962157223483e-34 0 0.00028264936607033599 -0.54603104708199768 -0.18852113960587547 -0.18065874530034928 -0.19197665631041097 -0.5860476327810773 -0.1916760363087732 -0.011834260480465866 -0.16822038040781151 -0.32553660368965942 -0.16815998840468863 -0.510046599633453 -0.1304288965122456 0.00028190919358537527 0.40087322264653474 -0.041876481521822127 -0.2148731352510769 -0.056179184466600418 -0.056186106096799124 0.36629312353704563 3.9704312644655988 0.036378544215741999 0.11866625131487114 3.9704312644655988 0.11650487735888482 -0.50774435310944566 -0.2911793150186045 -0.50206884879044955 -0.29090220238002973 -0.026676081695034687 -0.069372982725687357 -0.16976614959685277 0.35661548147850819 0.14732240101614669 -0.013995381825822021 -1.472687276274852e-10 1.2847698457734393e-08 1.2847698457745586e-08 4.9636327320799815e-05 2.118996743461507e-05 2.2570920777484487e-05 -5.0991275548008957e-05 -0.68267137987248705 -0.5860476327810773 -0.32553660368965942 0.40087322264653469 -0.59701527755060135 3.970431264467797
-0.065583914518356323 -0.80176120088255587 -0.057435541307846547 -0.06542652048992241 -0.060358688720647993 -0.8361561932921534 -0.061030141308283069 -1.0988327864809468e-33 0 -0.00027415852813314701 -0.60055782019346748 -0.2380104982075332 -0.2249110754160773 -0.24154160263552649 -0.64070438790046513 -0.24215341384886613 -0.011988531098466461 -0.22706814992797672 -0.43382977488169527 -0.22774862016930641 -0.55877889690766125 -0.17462447120457522 -0.00027483370361809038 0.36075937621567106 -0.04418118562142042 -0.26553633352929973 -0.065583914518356323 -0.060734014706494109 0.32581451323726013 3.0236865856444517 0.036505749325077642 0.098987947503542506 3.0236865856444517 0.10078509013986915 -0.5554935867653602 -0.30202281320856367 -0.54979798486789921 -0.30237222820313225 -0.038219519026648427 -0.18522825411281818 -0.22939124490010765 0.31721281657805878 0.13180186303906438 0.010978895770711846 1.0318935769919941e-07 -1.2461751278788612e-08 -1.2461751278776194e-08 6.1380461781040691e-05 2.8573098082497228e-05 3.0732535099505792e-05 -4.8337369513363506e-05 -0.8361561932921534 -0.64070438790046513 -0.43382977488169527 0.36075937621567106 -0.47629438825550841 3.0236865856445254
-0.079784400761127472 -1.2581255596107219 -0.069608009557894701 -0.065589548460388711 -0.072623146803331373 -1.2931666301134206 -0.073544513452446933 2.0218856467111054e-33 0 -0.00036875553331268347 -0.86624888673944078 -0.38880362835923277 -0.3760928303396503 -0.39245304899545552 -0.90666225218369634 -0.39290928737382042 -0.012248349837353749 -0.33512347460097286 -0.65409922257703812 -0.33543261071363356 -0.75641912224025298 -0.3253266998009125 -0.00036975374704104161 0.55647737546124498 -0.053544622736842067 -0.41658859584631297 -0.079784400761127472 -0.073278079914880723 0.52105323197402575 6.5461495405054579 0.03670292294164558 0.17285957226318505 6.5461495405054588 0.17560988312263606 -0.75014197229452551 -0.33867924244323178 -0.74440017233747602 -0.33952332931819607 -0.074271466687677187 -0.37751984731804578 -0.33713500671103547 0.50721560250296172 0.20690304510184396 0.016979628246594731 1.3843235843078691e-07 -1.6761615150586683e-08 -1.676161515057144e-08 9.6359131209541838e-05 5.3388488574839227e-05 4.6196650111042714e-05 -7.6609676950721754e-05 -1.2931666301134206 -0.90666225218369634 -0.65409922257703823 0.55647737546124498 -1.0243692525536821 6.5461495453386043
-0.074098721146583557 -1.2197907272361919 -0.069425013272527314 -0.067137158443380529 -0.072543622148790121 -1.2556518920867299 -0.07212596066146644 4.9635634400194814e-33 0 0.00013246691696573547 -0.87591690144663903 -0.37656420133069873 -0.36931855503819194 -0.38033006980761808 -0.91674209443158494 -0.37984188590382761 -0.012568571371767513 -0.31728962859431947 -0.62873906420783254 -0.31674047919549025 -0.75465769038794639 -0.31809886550201288 0.00013128858347222889 0.66495818093920256 -0.053403856363482542 -0.40390299499430632 -0.074098721146583557 -0.07189233960194942 0.6288519375088425 8.6453996808300531 0.037038351356686892 0.21709753359311237 8.6453996808300531 0.21637121305353904 -0.74856588381679989 -0.33811545715413527 -0.74275897079999365 -0.33939231743927045 -0.072188326149391899 -0.33850890268581157 -0.31851589997025576 0.61124597346120668 0.24807745134402415 -0.0049488698595438699 4.6944288183711546e-08 6.0212234984326622e-09 6.021223498448243e-09 9.3419855923567978e-05 5.21564652031317e-05 4.3852325994410753e-05 -8.9043600949960402e-05 -1.2556518920867299 -0.91674209443158494 -0.62873906420783265 0.66495818093920245 -1.3254957241419807 8.6454000653201142
-0.05265972763299942 -0.61134082892963537 -0.053044310408553307 -0.066806016560073594 -0.056253892994270825 -0.64780693961450786 -0.054871904323530042 3.1142765133129617e-33 0 0.00047676615699204756 -0.54876788394576881 -0.17517941312719065 -0.17092312413195745 -0.17901530496303281 -0.58988142621463791 -0.17818000715293159 -0.012803942540550801 -0.19013868693309852 -0.37538859811208081 -0.18950723022067703 -0.50706585986069874 -0.11971686927721921 0.00047585271064764855 0.50284404525948712 -0.040803315698887156 -0.20251658831588601 -0.05265972763299942 -0.054666853564458828 0.46609742862235704 5.7689918441885748 0.037351847665051258 0.15723928862482228 5.7689918441885748 0.15387137126425515 -0.50470086334886199 -0.29351702264550456 -0.49885134425831656 -0.29533212851741192 -0.027193616020203308 -0.11284533601499891 -0.19133697744146042 0.45377010080303853 0.18596181336315379 -0.021562262456825649 -4.2704807052321912e-08 2.1671188954173572e-08 2.1671188954185834e-08 4.6797954527577313e-05 1.9701483100811193e-05 2.5730590414206572e-05 -6.4129799930757724e-05 -0.64780693961450786 -0.58988142621463791 -0.37538859811208081 0.50284404525948712 -0.86623002400303251 5.7689918447592277
-0.042359661310911179 -0.193587610551295 -0.040057539586840621 -0.063511622711537402 -0.043333723532482972 -0.23028655952036217 -0.04277495920390894 -2.4123594569870257e-33 0 0.00049386585686256464 -0.14143128967489038 -0.036581189414971974 -0.038414653460221715 -0.040414811284327223 -0.18260326866490387 -0.039818262009655561 -0.012892170867483833 -0.042983456032545733 -0.077313322791858555 -0.042657339470548103 -0.14854115650003377 0.01206033808959023 0.00049343499807529565 0.20874861112244505 -0.030813491989877394 -0.064246804495753179 -0.042359661310911179 -0.042591257816005992 0.17163929557293428 0.35929192866443332 0.037480515873167745 0.044211773728614755 0.35929192866443249 0.040508453587763095 -0.15126141810860552 -0.22991998379695983 -0.14541580300784165 -0.23243074765788582 0.034536486850527182 0.13556970103697025 -0.044509057663086257 0.1671365854092583 0.072794767814266706 -0.023479881961809817 -4.9275852147800901e-09 2.2448448039203938e-08 2.2448448039209275e-08 1.4803608965432973e-05 -4.4667480545658756e-06 4.6645914482069866e-06 -2.2187691072503099e-05 -0.23028655952036217 -0.18260326866490387 -0.077313322791858555 0.20874861112244505 -0.031810121196404584 0.35929192866443349
-0.053118195384740829 -0.43965139807310455 -0.044559406131526209 -0.059969641927126317 -0.047894885662970919 -0.47651450301538673 -0.048718052802734918 -5.4486099302075938e-33 0 -0.00036775395747272888 -0.1881689995431744 -0.11657689911436289 -0.10818011753915914 -0.12041908192591921 -0.22931211369692045 -0.12120425220646767 -0.012928559211359951 -0.1248079095824364 -0.22520193826829746 -0.12574403258597594 -0.19231779296524928 -0.058316843655254143 -0.00036805046826388814 0.12685796278669634 -0.034276466255020163 -0.14569086139879028 -0.053118195384740829 -0.048554066566928962 0.089647409249789783 -1.43637683121028 0.037426640376407375 0.0065994204544784505 -1.43637683121028 0.0089707278373656989 -0.19390260335810469 -0.24001946646506506 -0.18808644338403835 -0.24325149240784835 0.021381930318016645 -0.030911544412573103 -0.12760650340219359 0.08732340017380677 0.041275868215263557 0.014813322835392653 9.710912378323237e-08 -1.6716088976038759e-08 -1.6716088976032006e-08 3.3682249840955576e-05 6.8601914188830894e-06 1.5971634777533773e-05 -1.5324508858197174e-05 -0.47651450301538673 -0.22931211369692045 -0.22520193826829746 0.12685796278669634 0.20623331794965671 -1.4363768312102798
-0.063279435038566589 -0.83694002970687797 -0.054360713578968448 -0.058702483919736918 -0.057768293812566957 -0.87421057899929977 -0.058480526459453418 5.0548899555135246e-34 0 -0.00070739386494754442 -0.60700479165032173 -0.24779013161693855 -0.23293781951919282 -0.25174446931667821 -0.6482155293477434 -0.25252461342570065 -0.013137762395887435 -0.33237825584611147 -0.64313601825279432 -0.33305042799646484 -0.56455660049008827 -0.18264965354532534 -0.00070823107072244876 0.45527366102630384 -0.041815933522283417 -0.27718905519714587 -0.063279435038566589 -0.058340309376815683 0.41779045646777885 4.4523674240793714 0.037476908079031201 0.12982219257036007 4.4523674240793714 0.13502334664073645 -0.56043266992785845 -0.30784594678030802 -0.55460402675127185 -0.31157520291252983 -0.047386001677917518 -0.40370896090167518 -0.33496180209121063 0.40674735724777505 0.16746321409177697 0.032576026236559315 1.05087780037257e-07 -3.2154266588533702e-08 -3.2154266588520963e-08 6.4139520302840543e-05 3.0573864379318481e-05 4.5592725668045165e-05 -6.3850469240865369e-05 -0.87421057899929977 -0.6482155293477434 -0.64313601825279432 0.4552736610263039 -0.71775210926978139 4.452367424106253
-0.051750261336565018 -0.64812004076788021 -0.049110505588825418 -0.058341293254327568 -0.052595857722457229 -0.6858987883618094 -0.051866594374427089 5.7955157768784216e-33 0 0.00024581883631112584 -0.58826010521497585 -0.18657658575294039 -0.18427394378125142 -0.19063569273804443 -0.62965285455497266 -0.18980218513608133 -0.01345612804236818 -0.28824014622907046 -0.57426194393846541 -0.28732352827195951 -0.53298274052672279 -0.1336423751309396 0.00024467483522353162 0.64087523032879579 -0.037777311991404168 -0.2146938988010943 -0.051750261336565018 -0.051751410280777205 0.60275929912683235 8.1274035540186311 0.037773299633732424 0.20698229916915301 8.1274035540186311 0.20556311886017173 -0.52956007296873353 -0.30036093660909807 -0.52368512169969361 -0.30446875995959827 -0.039191800371468584 -0.31416987867505636 -0.28930768712508098 0.58610394224720697 0.23838092887355822 -0.0091778609083038917 -2.4445621529125859e-11 1.1173583468677254e-08 1.1173583468690445e-08 4.9675643503072139e-05 2.2775740004372593e-05 3.9701946898961636e-05 -8.4765207006895301e-05 -0.6858987883618094 -0.62965285455497266 -0.57426194393846541 0.64087523032879579 -1.2415519357809708 8.1274036920266255
-0.029311014339327812 -0.0047378033661565205 -0.030503597228163506 -0.055696122564558484 -0.034048171411914713 -0.042739577239030713 -0.03268283417759562 7.242571875973148e-34 0 0.00092930779172996662 -0.0050401163063209823 0.025884463998020454 0.016311752878172683 0.021849689922390916 -0.046513051364164539 0.023234268473155899 -0.013601465731908138 -0.029146836423150059 -0.058894494029594201 -0.028014616437190804 -0.01649782070064279 0.066000071621749701 0.00092871190845603645 0.3066670579146013 -0.023464305560125766 -0.0017440498346277021 -0.029311014339327812 -0.032586684177664346 0.26802217624165803 2.216173675503152 0.038012995327370375 0.083573098562021761 2.216173675503152 0.076902267086475726 -0.020756497583976886 -0.20597383721168785 -0.014882182847936947 -0.21066558939416596 0.053583643747138233 0.14240527484472063 -0.030033367656161374 0.26095991277841962 0.11002722578110473 -0.04217204568184215 -6.9695102943326011e-08 4.224126326044924e-08 4.22412632604546e-08 3.8628941142404352e-07 -1.3816305339974135e-05 2.8273712380190408e-06 -3.3490615453147524e-05 -0.042739577239030713 -0.046513051364164539 -0.058894494029594201 0.3066670579146013 -0.29887468693927322 2.216173675503152
-0.022754445672035217 0.28520262200693025 -0.019862261926514926 -0.05052950044574836 -0.023441776996566691 0.2473195040674615 -0.023193962728397237 -9.0691344770288266e-33 0 0.00066692863694844463 0.56084530233939667 0.12232970625639177 0.10669338293672079 0.11843282619820458 0.51948428969385929 0.11911929947148045 -0.013500593769425607 0.16983966039346823 0.34921726584021007 0.17013874489427205 0.51148969111297649 0.154324636695508 0.00066712009527445618 -0.17225037829519954 -0.015278663020396091 0.094222722942228818 -0.022754445672035217 -0.023109777242853999 -0.21091005775398752 -6.6550560298558112 0.037909139245414968 -0.10208612686395646 -6.655056029855813 -0.10719727026104882 0.49992163206576823 -0.11162420067263118 0.50571575403190994 -0.11715136155913707 0.14247400377892491 0.46917058716823634 0.16813952169190988 -0.20524633111102894 -0.074113253252044251 -0.032016403251497579 -7.5602461876342804e-09 3.0314938043113332e-08 3.0314938043113749e-08 -2.1805602717110432e-05 -3.3916179329461056e-05 -2.5749985964053949e-05 3.3125286897142625e-05 0.2473195040674615 0.51948428969385929 0.34921726584021007 -0.17225037829519954 1.0561690393437846 -6.6550560365325779
-0.035327088087797165 -0.0690587206660285 -0.026669878671546916 -0.045967213172665659 -0.030281155542210971 -0.10684107422736665 -0.031261328371019068 -1.2019875203928574e-32 0 -0.00057697343159668205 0.45491392802905462 0.006604864042547046 0.0060498710630438419 0.0028045538692693332 0.41372722017615665 0.0017914592920891487 -0.013360483359014325 0.024135304810358683 0.077139749031380669 0.022879357871249156 0.41103321427024136 0.052065224900344646 -0.0005766835863639571 -0.23158756147417428 -0.020515291285805322 -0.023032278940393124 -0.035327088087797165 -0.031188699418988362 -0.26990407588258686 -8.138344844689362 0.037552703007658589 -0.13346073034425951 -8.138344844689362 -0.1296550802833405 0.40176579500955917 -0.1317742746051582 0.40745052790971953 -0.13811899792032264 0.1155567487851336 0.17645030527979849 0.020908055470369835 -0.2626732839188553 -0.096853907841518219 0.024242887409877317 8.8050822740609784e-08 -2.6226065072577251e-08 -2.6226065072576946e-08 5.3682433594151173e-06 -1.6807109186466567e-05 -5.4031199364639677e-06 3.4606096684649328e-05 -0.10684107422736665 0.41372722017615671 0.077139749031380669 -0.23158756147417428 1.2281740239880898 -8.1383449841164257
-0.042021539062261581 -0.41279958645572407 -0.034627867762163318 -0.043937300758396858 -0.038284426131614958 -0.4507469250124177 -0.038800396512951502 -3.1043855339036871e-33 0 -0.00091204940831495884 -0.054458154862686049 -0.10722558352225996 -0.099455832161342766 -0.11106793049526063 -0.095560458257216957 -0.11192422763830101 -0.01346385067733653 -0.24651347603123594 -0.46954616972133389 -0.24730184101766164 -0.059701700873925088 -0.053658537134211676 -0.00091251360369808783 0.22710288588379324 -0.026636821355510244 -0.13680607330340955 -0.042021539062261581 -0.038743446865894024 0.18884970661932696 0.16643959847105622 0.037371479185037623 0.040071168373485726 0.16643959847105538 0.0467924270031983 -0.061644424877972517 -0.21613624483141908 -0.056011031123460876 -0.22297326849476784 0.027375323063313833 -0.31337426873393059 -0.2492988917190688 0.18389044397030138 0.079500427569406576 0.042483991882797376 6.9746642475906263e-08 -4.1456791287048224e-08 -4.1456791287041898e-08 3.1723976304039492e-05 5.8276972826870185e-06 3.3275891388956553e-05 -3.2452660324061733e-05 -0.4507469250124177 -0.095560458257216957 -0.46954616972133389 0.22710288588379324 -0.068095827974817835 0.16643959847105669
-0.026685871183872223 -0.11683528513243133 -0.02587128822866714 -0.042386833263414386 -0.029574359120769066 -0.15498834520109969 -0.02863958937290987 4.0092622283239772e-33 0 0.00017571819391725633 -0.055379322172476687 -0.010832118913469418 -0.015240583070970598 -0.014714038431881652 -0.096473599692721762 -0.013886663113504205 -0.013710075566188994 -0.21823981449241053 -0.43368297527567889 -0.21734713459014288 -0.061040951304724506 0.030314809337555967 0.00017483456174406428 0.48154537471886355 -0.01990099094512857 -0.038846608071707756 -0.026685871183872223 -0.028598173489355838 0.44287485436753776 5.1835801046927159 0.037520235591123441 0.14515922706765874 5.1835801046927159 0.14427272986219669 -0.063156354989844579 -0.21266155833413727 -0.057531140278088998 -0.21982454597530787 0.029159385246375558 -0.25330917794075936 -0.21940117222556574 0.43116611800795862 0.17721265212573578 -0.0056070860211747519 -4.0687283095391507e-08 7.9871906325970441e-09 7.987190632605885e-09 9.053007566875711e-06 -6.505363836113594e-06 2.9683991123205765e-05 -6.2521742047933713e-05 -0.15498834520109969 -0.096473599692721762 -0.43368297527567889 0.48154537471886355 -0.79209579537004349 5.1835801048223411
-0.0060233618132770061 0.48943095627219924 -0.0075003376573814905 -0.038394682402545378 -0.011228328601859794 0.4513893889587397 -0.01002549039027173 -1.8077671016552916e-33 0 0.0011329790147177772 0.61998364110214355 0.18880943179732412 0.16568018828127248 0.18505388761611957 0.57898303506319837 0.18670126902020107 -0.01376436457792822 0.10035539627709769 0.19675415137446053 0.10177014977910273 0.56960817919065043 0.20934848382512136 0.0011327133883713588 0.1051260398483555 -0.0057694905056780666 0.16181952961541243 -0.006023361813277007 -0.0099927908792990759 0.066118828129595172 -1.4062867349986765 0.03763149358802631 0.0074293766571962875 -1.4062867349986767 -0.00071579130845242822 0.55813761256849592 -0.095483865642591148 0.56370306357582955 -0.10319422933208841 0.14210995590469019 0.30760823842392404 0.099701552029469787 0.064421473831008935 0.032401106944348196 -0.051217328376039498 -8.4455937574935453e-08 5.1499046123536438e-08 5.1499046123535221e-08 -3.7387319841284642e-05 -4.1786822001798669e-05 -1.5574134340525588e-05 -3.6638018957884307e-06 0.4513893889587397 0.57898303506319837 0.19675415137446056 0.1051260398483555 0.26763339358370708 -1.406286734998677
-0.0049593192525207996 0.60395213423933136 -0.0011573328606321136 -0.032571854303089946 -0.0048894663352456753 0.56629239077119176 -0.0050230034357749021 -1.0164837982586908e-32 0 -0.00015919227421113834 0.82586637467209756 0.22872051042269287 0.22483267558179482 0.22511476664337216 0.78519365001510788 0.22439639849403847 -0.013607886093881505 0.090316235655589189 0.20759363872762357 0.089218596822482621 0.69788565016570869 0.26641171761627025 -0.00015887170072471145 -0.25112159077797724 -0.00089025604664008304 0.19972591426067046 -0.0049593192525208005 -0.0049931194702920803 -0.28992669282829497 -8.3505672572001419 0.037379067422466591 -0.13806974310591016 -8.3505672572001419 -0.13745418816859195 0.68517726593336481 -0.072283657948453969 0.6906132184393301 -0.080740956408847861 0.15773957044401088 0.257799138592751 0.087181578020745804 -0.28216363464051492 -0.10452485238180244 0.0039990611701960811 -7.1915356960497589e-10 -7.2360124641427529e-09 -7.236012464146112e-09 -4.6134440568930475e-05 -5.1288103176595225e-05 -1.481267835427381e-05 3.9756652958655837e-05 0.56629239077119176 0.78519365001510788 0.20759363872762357 -0.25112159077797724 1.2810768891252216 -8.3505674737588187
-0.019832689315080643 0.13776434469380447 -0.011074673045863648 -0.028235207057213902 -0.014813932588520196 0.10036551333930284 -0.015937933908883591 -6.6564518811632618e-33 0 -0.00051099188725781824 0.52832299741994238 0.074059315161788417 0.067591395277286748 0.070518657112870725 0.48796039134408076 0.069944376834006838 -0.013587244310818482 -0.064341340975565681 -0.10857612223662644 -0.064857268657057904 0.47920377013122334 0.10794893935740496 -0.00051103850806821685 -0.027474913264507891 -0.0085189792660489583 0.045425388821097805 -0.019832689315080643 -0.015912267012535831 -0.066059615581502432 -4.3625463623194918 0.037098513485456605 -0.054927881335563686 -4.3625463623194918 -0.051228012293801438 0.4701758883139322 -0.1102261675278299 0.47550936192927795 -0.11922349086873585 0.11365923857435015 -0.031666395792129362 -0.066892702368912094 -0.064245454398639615 -0.018498255844585507 0.023635201178998828 8.3413240479675437e-08 -2.3226903966262647e-08 -2.3226903966266968e-08 -1.0385690046548872e-05 -2.4660226287727683e-05 7.3746667670822572e-06 6.0016300893487748e-06 0.10036551333930284 0.48796039134408076 -0.10857612223662644 -0.027474913264507891 0.64772157847942724 -4.3625463623273095
-0.023890642449259758 -0.1544585682692271 -0.017884194401894475 -0.026576195224878751 -0.021645728594996881 -0.19188363561519925 -0.021978021124620668 -1.0512800256722339e-33 0 -0.0004336584037284115 0.2477982700993642 -0.022897478654810462 -0.024732705941423908 -0.026412009690510111 0.2075462610853365 -0.026787164010719084 -0.013703703261513748 -0.1899012852230873 -0.36265252356736566 -0.19016780908588013 0.23273741220302349 0.014807661697533952 -0.00043415752679921467 0.24759095132118272 -0.013757072616841904 -0.051296209536475103 -0.023890642449259758 -0.021961041066492371 0.20892286051021858 0.71656088547970465 0.037022251279945489 0.051236009983723262 0.71656088547970431 0.054487821875837936 0.22746842235735981 -0.15136276560257497 0.23273615224669778 -0.1607193261666392 0.06823947068436903 -0.25687182221761856 -0.19223180584222793 0.20343026930234778 0.087223692662919239 0.020561536520903388 4.1055348569519918e-08 -1.9711745624021871e-08 -1.9711745624017679e-08 1.2018614943477273e-05 -7.4133228037735118e-06 2.5326531941701277e-05 -3.2658640250109472e-05 -0.19188363561519925 0.2075462610853365 -0.36265252356736566 0.24759095132118272 -0.13083191478834555 0.71656088547970453
-0.0069523821584880352 0.20776430034917245 -0.0073493537514830731 -0.024973991826486283 -0.011131602796295584 0.17032033194762938 -0.010093126202432461 1.4147351570524011e-33 0 0.00049438962277489255 0.43912594390101256 0.095445325197818967 0.079978799573637446 0.091990430164561918 0.39893690117903891 0.093090037284333529 -0.013848404878353459 -0.074569916197553959 -0.14876342323723865 -0.073477098438971364 0.412782268097309 0.11837843570031328 0.00049383451721177305 0.28114824831764795 -0.0056533490396023641 0.068594553752671955 -0.0069523821584880343 -0.010083814830952281 0.24217505774573153 1.6312377220694834 0.037102119253699016 0.070446299641924129 1.6312377220694831 0.067148974682483417 0.40470149032565611 -0.1139935134440912 0.40991559975828262 -0.12367445001415309 0.10192818587614823 -0.046342557389359329 -0.075575716764291215 0.23579917814744844 0.10004081921136171 -0.020659464869993972 -6.6626227073704764e-08 2.2472255580675383e-08 2.2472255580676985e-08 -1.5731494007089253e-05 -2.5223442588520208e-05 9.2478374671212615e-06 -3.223088301855014e-05 0.17032033194762938 0.39893690117903891 -0.14876342323723865 0.28114824831764795 -0.23037112974381313 1.6312377220694834
0.0094648171216249466 0.71900496426504978 0.0085069788958445306 -0.020948412114272067 0.0047256097800006721 0.68185799316213469 0.0056526756406864789 -3.902317509078469e-33 0 0.00042129580391941441 0.82456942025409252 0.2650154011237138 0.25235343614538419 0.26169572828019316 0.78462732793456968 0.26213555840100033 -0.013825064263236032 0.060032822211525352 0.13164326744976321 0.060198975620010572 0.7125129341712455 0.28887948343195619 0.00042123523980871136 -0.019807967606003115 0.0065438299198804098 0.23780920398621505 0.0094648171216249466 0.0056610115563135305 -0.058876425069042074 -3.9030175236014637 0.03704971380118318 -0.045363797617563789 -3.9030175236014646 -0.048605180560502698 0.70018189686741339 -0.056560243675372192 0.70529514161919837 -0.0667452129966883 0.15338547910264835 0.18029055365405211 0.058102719013089325 -0.057252817489336215 -0.015699499021130256 -0.02033295872388283 -8.093203330449871e-08 1.9149809269065572e-08 1.9149809269062684e-08 -5.4890899861704795e-05 -5.4164367231238317e-05 -1.0177746779602853e-05 1.0141073001252287e-05 0.68185799316213469 0.78462732793456968 0.13164326744976318 -0.019807967606003118 0.62097254102074273 -3.9030175236049516
0.0039461790584027767 0.63573624519473926 0.0091510429995410748 -0.015900716311385704 0.0053849646724570726 0.59905707103193639 0.0048504413477657785 -6.541264401732095e-33 0 -0.00023248893639493968 0.81102839013774553 0.2380949842927706 0.23133851125210281 0.23489117967636916 0.77149546734510011 0.23432349416777562 -0.013754584759392594 0.011103951397324391 0.044322086988300036 0.010421541443586355 0.69373753299395668 0.26620961510577235 -0.00023240619712112151 -0.10675468843561439 0.0070392638458008283 0.21025021297861671 0.0039461790584027767 0.0048616883013679483 -0.14566943318062864 -5.704964478067148 0.036823655468209281 -0.083276051819802174 -5.7049644780671471 -0.081851978845710979 0.68209045374751598 -0.057621072419280703 0.68708322352505991 -0.068327828302175417 0.14545822131246591 0.075599532439769968 0.0083378836700222971 -0.14173986193564442 -0.049100787657792883 0.009154283959108403 1.947892006308661e-08 -1.0567678927041751e-08 -1.056767892704656e-08 -4.8485324285207053e-05 -5.0197531242068369e-05 -3.4338215557871808e-06 1.8848652462647532e-05 0.59905707103193639 0.77149546734510011 0.044322086988300022 -0.10675468843561439 0.86878809011255498 -5.7049644785906946
-0.013160203583538532 0.076848551749438734 -0.0041055378837132443 -0.013104392063735945 -0.0078666362534663553 0.040412855443096925 -0.0090824941868625306 -3.4089153496059115e-33 0 -0.00050366065245460137 0.48501392859348325 0.053070474794325917 0.048576347397217445 0.049930857581953286 0.44575972228939664 0.049198190844493797 -0.013794906640202716 -0.12812048202712642 -0.23527223597120869 -0.12869245198384335 0.44407984937287581 0.082328130529872909 -0.0005039197419061586 0.10122229602470191 -0.0031581060643948041 0.025267260577156721 -0.013160203583538532 -0.009071871725956927 0.062370220894785472 -1.9747643420628522 0.036651360104517069 -0.0054209754548359933 -1.9747643420628518 -0.0017952382781301058 0.43634708567055996 -0.099359327067046546 0.44124685166104 -0.11042934280706075 0.098268201928745746 -0.17830314818166676 -0.13078795937536458 0.060771649539791944 0.030863281758760359 0.022988974452514747 8.6985784203863314e-08 -2.2893666020663735e-08 -2.2893666020663629e-08 -5.6409240341937988e-06 -1.9654897478811502e-05 1.6427628096762542e-05 -1.2222782891251304e-05 0.040412855443096925 0.4457597222893967 -0.23527223597120869 0.10122229602470191 0.28091043993395937 -1.9747643420628518
-0.015082679688930511 -0.15198681959052179 -0.010071039236105368 -0.012918632756298199 -0.013844132750075738 -0.18847468715023674 -0.013984868315911029 2.144787007137492e-33 0 -0.00034284960565793293 0.19061200120161417 -0.023142275741141173 -0.024318566873800147 -0.026272843318921962 0.15144491047163883 -0.026539740657247918 -0.013968966215593506 -0.23592558194128022 -0.45671662952322978 -0.23600733431399892 0.17974912775669721 0.0088768004721698473 -0.00034354467995848566 0.36601794985675329 -0.0077469532585425927 -0.050474048085796551 -0.015082679688930511 -0.013979759007285016 0.3269364844674188 2.9297728541319836 0.036674933273897301 0.097189220003016122 2.9297728541319836 0.099837958552182915 0.17583502090127379 -0.14235957594387244 0.18068334681883802 -0.15363120656741733 0.051876427371718672 -0.36342956804234838 -0.23814411359848442 0.31830811528580538 0.13260140909179038 0.016654819006554977 2.3466397481821051e-08 -1.5584072984455532e-08 -1.5584072984450516e-08 1.1897582694474179e-05 -5.1995775937368506e-06 3.1905727207531884e-05 -4.8937977265337016e-05 -0.18847468715023674 0.15144491047163883 -0.45671662952322978 0.36601794985675329 -0.46751785805917995 2.9297728541320387
0.0017388705164194107 0.24984408152978219 0.00094872126685184642 -0.01230798381782508 -0.0028331069783285854 0.21335572906399833 -0.0017646028441454665 3.052852594314121e-33 0 0.00064804469331634842 0.44317040653052359 0.10830971393547215 0.091991440848450956 0.10524238943166506 0.40405737136789599 0.10643868707763655 -0.014133410565857086 -0.074593497892415567 -0.15020374043908155 -0.073369300698022166 0.41786285315859928 0.12409785952406148 0.0006474184816405447 0.3234979400596546 0.00072978558988603427 0.082526476204412058 0.0017388705164194105 -0.0017634860823548997 0.28401698906795114 2.4640396877897257 0.036821267564230674 0.087590856238284193 2.4640396877897257 0.083163573203093241 0.41014232043614324 -0.093680491357784723 0.41494487795546586 -0.10517478834863547 0.097423775289424711 -0.066580803686323742 -0.075545066228429741 0.27652946068422168 0.11614675874554362 -0.027856551714753069 -7.4518225505833334e-08 2.945657696892402e-08 2.9456576968925989e-08 -1.8893648892960239e-05 -2.5691441002553911e-05 9.2556078586288054e-06 -3.7336766425878657e-05 0.21335572906399833 0.40405737136789599 -0.15020374043908155 0.3234979400596546 -0.35133449757740859 2.4640396877897275
0.012385700829327106 0.63387092572970138 0.012802205068048245 -0.0093782512982567619 0.0090310573960967217 0.59767547747178995 0.0096237720520754473 -3.5348356554295954e-33 0 0.00034298871682680632 0.77926461332447727 0.23615837000130141 0.22588539793937795 0.2332249108441139 0.74038369920838998 0.23338077078336197 -0.01410849227373784 0.044201322577906918 0.10317641027069611 0.044129598593648581 0.67606894850108634 0.25621913986902289 0.0003429143454690989 -0.01233200515179477 0.0098478500523448056 0.20963512580505378 0.012385700829327106 0.0096267901351931688 -0.051923676209872122 -3.7898260938588213 0.036780810088687839 -0.043259476731754079 -3.7898260938588213 -0.046012322354764074 0.66467906718506098 -0.04363740811091301 0.66938440943826172 -0.055563636464848472 0.14182189646789764 0.13306655230981637 0.0419564721873492 -0.050484632540451858 -0.013004996495022779 -0.017325778606751212 -5.8700227534765403e-08 1.5590396219401035e-08 1.5590396219398798e-08 -4.8310024193221675e-05 -4.8493588663180753e-05 -8.0189282069778695e-06 8.7044146252387651e-06 0.59767547747178995 0.74038369920839009 0.10317641027069609 -0.012332005151794745 0.60054624537532031 -3.7898260938609845
0.00035668956115841866 0.36350605925848939 0.0074099751905077511 -0.0062144040881555269 0.0036560658251293936 0.32766568229563131 0.0027650055232218765 -5.3939833465818466e-33 0 -0.00032085291225159246 0.65651469620114455 0.14725390835376451 0.14222879597253585 0.14441710411658415 0.61795998610841751 0.14369818474779195 -0.014069629842921172 -0.033473836233254069 -0.043952437576191904 -0.034199070808561091 0.57720633329014237 0.17118396785170414 -0.00032087842836524792 -0.0418973621963937 0.0056999809157751956 0.12014955035745524 0.00035668956115841844 0.0027713735989750962 -0.081376379954358355 -4.5490396171956586 0.036581273773212221 -0.059335140056577217 -4.5490396171956586 -0.057235669235166327 0.56759731357297416 -0.058926076927739532 0.57219710001275315 -0.071269443816785266 0.1205402348497084 -0.018082086687360322 -0.036366639882012865 -0.079154954752480536 -0.024355224920079101 0.013365864587287366 5.1376256123757309e-08 -1.4584223284162578e-08 -1.4584223284163553e-08 -2.7575747054808415e-05 -3.4398580126041421e-05 2.8687516847315824e-06 9.2083220694133079e-06 0.32766568229563131 0.61795998610841751 -0.043952437576191876 -0.041897362196393707 0.68669046168827674 -4.549039617212685
-0.017981579527258873 -0.24232859276060389 -0.0084521276253949496 -0.0058195477410099639 -0.012206075475257769 -0.27812237698742442 -0.013417279296679364 -7.4854928404881808e-34 0 -0.00071445224920186278 0.18705203721261476 -0.05300008951919119 -0.049717283471207713 -0.055823714031252705 0.14865624395651189 -0.056869132476376497 -0.014177966995855469 -0.2310612071475445 -0.437804902134943 -0.23186991554325775 0.1768091174025522 -0.021292464882423059 -0.00071495416886179332 0.24775536345279844 -0.0065016366349191935 -0.080372870406184682 -0.017981579527258873 -0.013413098791545806 0.20822554833253751 0.63261640776734418 0.036483664528721094 0.048952840733534286 0.63261640776734418 0.054118378289911069 0.17321483660691708 -0.1277125566171026 0.17775024425938238 -0.14028341502384972 0.047826883889729561 -0.36940001268908312 -0.23406441493163666 0.20275171680608772 0.086982672687642093 0.032535648176786239 9.7201717781129461e-08 -3.2475102236451706e-08 -3.2475102236447868e-08 1.8854735250563628e-05 -5.108679557381014e-07 3.098811014210668e-05 -3.4140769367813824e-05 -0.27812237698742442 0.14865624395651189 -0.437804902134943 0.24775536345279844 -0.12988777953389921 0.63261640776734418
-0.017579847946763039 -0.3795883808086602 -0.013146284433864687 -0.0076851312048972931 -0.016918033234593215 -0.4156132870224406 -0.016833319482882046 7.0665993385001577e-33 0 -0.00047511779157989191 -0.22966811106223886 -0.098889095415036932 -0.090104365302689282 -0.10179125867118038 -0.26806076993533218 -0.10220893138936124 -0.014472053179104546 -0.37763132446142428 -0.73891246126890631 -0.37776824775249263 -0.22401056994054636 -0.061292274686021019 -0.00047622192391186106 0.61330114569521066 -0.010112526487588222 -0.12580457423133123 -0.017579847946763035 -0.016836340024582189 0.57331322410153651 7.3882389642277095 0.036658851006772672 0.19043021964112244 7.3882389642277095 0.19410339799710008 -0.22200633533370157 -0.19495817603760512 -0.21747356695722517 -0.20755322517251837 -0.020330829488652537 -0.61232395198302392 -0.38003054852578255 0.55770037842283726 0.22722694506325408 0.022876798200489563 1.5819317493213725e-08 -2.1596263253640834e-08 -2.1596263253630693e-08 2.9365333195611412e-05 1.0880115712978042e-05 5.2027336475997789e-05 -8.4657191997926929e-05 -0.4156132870224406 -0.26806076993533212 -0.73891246126890631 0.61330114569521066 -1.1598561196679662 7.3882389955742536
-0.0017310439143329859 0.052678802050969739 -0.0021521283998310377 -0.0085486091969664748 -0.0059367501906825507 0.0165250503384161 -0.0048760821047153392 8.1437582469531662e-33 0 0.00073502407368762905 0.011956203620080296 0.04259306385943238 0.033586142588687765 0.039676230922428224 -0.026447339748180223 0.04090656130376033 -0.014759081313356459 -0.18770717223237707 -0.37762044148753238 -0.18633950027260177 0.0066550810968919903 0.062143371357565438 0.00073398221235170728 0.57433662155533249 -0.0016554833844854154 0.017269483227601339 -0.0017310439143329861 -0.0048843293816183695 0.53365424605920897 7.0479302334640721 0.037003597646201099 0.18364959314394916 7.047930233464073 0.1786456322012325 0.0046839115675633061 -0.1473172567546524 0.0092270313896783453 -0.15997830658915574 0.026968862870015972 -0.25331088534000618 -0.1886678522802939 0.51939983319442551 0.21218778037348096 -0.031761047925210353 -6.7091180155002456e-08 3.3410185167613132e-08 3.3410185167622376e-08 -3.7655498876277899e-06 -1.0970299983042432e-05 2.5344903213176377e-05 -7.234537992388822e-05 0.0165250503384161 -0.026447339748180209 -0.37762044148753238 0.57433662155533249 -1.0528479238256399 7.0479302465330873
0.0028641489334404469 0.30491848392666737 0.0052992151831874048 -0.0072170718527834882 0.0015181145710754598 0.2688995322995989 0.0017760871911378906 -1.6843714297767534e-33 0 0.00081422985811926963 0.52582930474277589 0.12642666780941036 0.11179374101740709 0.12363513747945869 0.48750839109163885 0.12430652524868435 -0.014785724390699508 0.060859787152591119 0.12962224763453395 0.061391357486878712 0.4864900973317135 0.13871118352324308 0.00081398862267502035 0.086855329374774401 0.004076319371682618 0.10075788808017495 0.0028641489334404469 0.001767448124626633 0.04584315921437087 -1.8743104575071925 0.037113852217000032 -0.0028669855920952238 -1.8743104575071925 -0.0089819018247642921 0.4773741924514231 -0.05743770423586516 0.4818604883868875 -0.070474800399073501 0.11318141903504439 0.18322015208486103 0.059054264081567304 0.044685637381682942 0.024731622367640475 -0.038617667824004803 -2.3334059761994983e-08 3.7010448096331332e-08 3.7010448096330015e-08 -2.3089873761934447e-05 -2.9203003610920629e-05 -1.0305152409900473e-05 -2.6001439793483947e-06 0.2688995322995989 0.48750839109163885 0.12962224763453395 0.086855329374774401 0.32705818843747042 -1.8743104575071925
-0.014313391409814358 -0.11139165002752126 -0.0052455279508401781 -0.0063175446203195991 -0.0090241696682698651 -0.14731236665886088 -0.01016966386501118 -6.7387190753089579e-33 0 -0.00045936802095435385 0.38244692815715364 -0.0096963216260101525 -0.0080940835438000069 -0.012403366853229432 0.34425829335560398 -0.013556103937087711 -0.014725677973931626 -0.047936597789984499 -0.06628520766786547 -0.04914559007071926 0.35306325860774868 0.017614080651027222 -0.00045937288314288108 -0.056781202967537074 -0.0040350215006462924 -0.03703440742805976 -0.014313391409814358 -0.010179581734470151 -0.09769362091519207 -4.9314643841363983 0.036924756799506596 -0.066997935512014342 -4.9314643841363992 -0.064072402642098056 0.3463333933248775 -0.080801196956318044 0.35073296777581414 -0.094285027517925307 0.084737635911776493 -0.028287248412497964 -0.051472623304985088 -0.095037334873537618 -0.030478134819189685 0.018452001899465279 8.7953397347746985e-08 -2.08803645888359e-08 -2.0880364588836711e-08 8.8186062298520823e-06 -9.2806024916392248e-06 4.7216416578758012e-06 1.0727312542434178e-05 -0.14731236665886088 0.34425829335560398 -0.06628520766786547 -0.056781202967537074 0.74045593854051062 -4.9314643841900168
-0.031953830271959305 -0.69845997080298594 -0.021996066539377176 -0.0083836256338813211 -0.025794479604681068 -0.73463920479378397 -0.026872953890264895 2.1860510643567899e-33 0 -0.0013094654620978659 -0.41502589221237923 -0.20318218547418157 -0.18133678341391687 -0.20600176310472557 -0.45318401885167259 -0.20776275955000395 -0.014927710689099413 -0.41879256102352308 -0.80413614919223997 -0.42026912822069057 -0.40133093967461025 -0.15486441060686931 -0.0013103135350452408 0.45583524440513201 -0.016920051184136288 -0.23134649551908062 -0.031953830271959305 -0.026891063903069539 0.41478580197830339 4.1749241024550257 0.036877619936512653 0.12343221925932978 4.1749241024550257 0.13292469382827701 -0.39683961920596544 -0.21498045629483603 -0.39245361223036462 -0.22859108092237765 -0.050888141755299557 -0.68284115556084435 -0.42264398541404313 0.40382469090230105 0.16656003326277921 0.059601270627067597 1.0771843338063509e-07 -5.9521157368093958e-08 -5.952115736808241e-08 5.3799794780281597e-05 2.6917606703892959e-05 5.7467885792105861e-05 -6.6835413839741887e-05 -0.73463920479378397 -0.45318401885167259 -0.80413614919223997 0.45583524440513201 -0.70208144511134152 4.1749241024749342
-0.028373723849654198 -0.70667353128679766 -0.024288820331349218 -0.012071004948800619 -0.028123297623202734 -0.74333559857559173 -0.027765162732502405 1.1960749441697194e-32 0 0.00011507040168312685 -0.66334718200031606 -0.20797684895021032 -0.20415912014943993 -0.2109414363559034 -0.70167885067358771 -0.21026705937369713 -0.015364466677620401 -0.41750050458455856 -0.8330476729039874 -0.41640069552096987 -0.58698514119303602 -0.17661496179533315 0.00011354698013246084 0.86536238344914984 -0.018683707947191704 -0.23406658802202715 -0.028373723849654198 -0.027795946233055948 0.82353090455608846 12.050834444912798 0.037267805952800194 0.28855291144061496 12.0508344449128 0.28823351857449708 -0.58046121070654577 -0.24291515105054345 -0.57600752934280286 -0.25641755646141817 -0.076344122387115285 -0.64688455013966117 -0.41887480712504299 0.79800756150243601 0.32234593006651174 -0.0023414149652423661 1.2293140778694079e-08 5.2304728037686933e-09 5.2304728037817007e-09 5.4412817336000991e-05 3.2099966136798065e-05 5.7940438256313561e-05 -0.00011656451681890833 -0.74333559857559173 -0.70167885067358771 -0.83304767290398751 0.86536238344914995 -1.8521677641819529 12.050938697995552
-0.013518943451344967 -0.24179178167890608 -0.013085056741719074 -0.014103813646370008 -0.016948028670369805 -0.27877180720417777 -0.015907379832691498 7.8541563313762315e-33 0 0.00066945507354920102 -0.32107995448757914 -0.053972682527826082 -0.051889689501843764 -0.056976178363341706 -0.359561918593793 -0.05626431337162973 -0.015646950337338459 -0.21534024805502885 -0.4241777617094582 -0.21461834401039129 -0.31193120262182633 -0.024340360082475466 0.00066836108771601839 0.60289967994529925 -0.010065428262860826 -0.080198222876148764 -0.013518943451344967 -0.015948147517528748 0.56025640434749802 7.4500706990330796 0.037695484017366568 0.1927384902949538 7.4500706990330805 0.18795312708277689 -0.30998456882310021 -0.18926854286265254 -0.30549043785896429 -0.20288507408095768 -0.021650193183947331 -0.27187409741787766 -0.21715767363961658 0.54509892510298608 0.2225619287528825 -0.030661689253479854 -5.1685192897521244e-08 3.0429776070413402e-08 3.0429776070421886e-08 1.8777593665613844e-05 5.471419642923363e-06 2.9008608980219663e-05 -7.6511511124891475e-05 -0.27877180720417777 -0.359561918593793 -0.4241777617094582 0.60289967994529925 -1.1158329124114466 7.4500707313682017
-0.014149602502584457 -0.10613774301449404 -0.0094584608781872765 -0.014071778098570216 -0.01333615325044419 -0.14319934347846713 -0.013370361318365828 3.4629873811535341e-34 0 0.00049613486722726446 -0.027424738763460511 -0.0086465635795102743 -0.010971443731331042 -0.011631140275819147 -0.065908575315726164 -0.011347014799268203 -0.015750749188411753 -0.067155838618711758 -0.12161260816510133 -0.066927565881794479 -0.033468913360488572 0.016008671721182113 0.00049561408165208019 0.25358869977356191 -0.0072757391370671352 -0.035298772389233748 -0.014149602502584457 -0.01341720909818842 0.21051678575489199 0.96229275252057411 0.037865746028320435 0.057201780432030225 0.96229275252057411 0.053435791664261226 -0.035714122600062154 -0.13750409758963342 -0.031224966891317978 -0.15145216956267291 0.028901710068192261 -0.0098476164880485807 -0.069492884171229036 0.20498563368650749 0.088281170124035413 -0.023958598030107411 1.5582838391407744e-08 2.2551584873962903e-08 2.2551584873967591e-08 8.3825289648062748e-06 -4.5634633359084929e-06 7.7385562248758502e-06 -2.7809892362741478e-05 -0.14319934347846713 -0.065908575315726164 -0.12161260816510133 0.25358869977356191 -0.12412758131794313 0.96229275252057422
-0.034136198461055756 -0.60887642075477011 -0.023312199719179173 -0.014978852484799503 -0.027211606845036315 -0.64613220266068694 -0.028476089519417325 -1.4676345884340723e-33 0 -0.00074354651354537017 -0.3739687184863158 -0.17311527003439683 -0.15506365719201423 -0.17615444112620296 -0.41244635911029898 -0.1776736476804365 -0.015849481560910018 -0.25256683797723067 -0.47140531186050871 -0.25401568213453246 -0.36495495741637501 -0.12791210091194236 -0.00074409977704209941 0.27303487022706596 -0.017932461322445511 -0.201698710126197 -0.034136198461055756 -0.028531693505766648 0.22977932532893039 0.8921801001282379 0.037860173659327791 0.055729793839140347 0.8921801001282379 0.060785806512217787 -0.36208817225953177 -0.19770691706283203 -0.35760740757476522 -0.21198026573195022 -0.032659618433857576 -0.34725734217293625 -0.25660614948447252 0.22373646097013825 0.095701792582883666 0.03155751673161615 1.192447862827482e-07 -3.379756879752328e-08 -3.3797568797515061e-08 4.6906977021013824e-05 2.1390042868292968e-05 3.3685803983833319e-05 -3.7441506037111421e-05 -0.64613220266068694 -0.41244635911029898 -0.47140531186050871 0.27303487022706596 -0.16885401414288845 0.8921801001282379
-0.048633754253387451 -1.1063090323364231 -0.038628500633173933 -0.018732306126559493 -0.042573616245301732 -1.1441201587911014 -0.043387823961396274 5.9669376594539127e-33 0 -0.00040980930306404382 -0.83157412471453673 -0.33855776736813159 -0.32673432626621096 -0.34174597361089382 -0.87026141496203013 -0.34206749952255927 -0.016169546669385845 -0.39300392542333595 -0.77034430277983734 -0.39294613088324482 -0.72544283790134645 -0.29847896892889625 -0.00041100386617886806 0.66228101619153179 -0.029714231256287638 -0.36634366681056274 -0.048633754253387451 -0.043459496386740404 0.61852126554047748 8.0870787665541215 0.03805989815265038 0.20641943834618359 8.0870787665541197 0.20968074013208687 -0.71753496720969234 -0.26090687478312607 -0.71299550864863848 -0.27525939176126063 -0.093936557009636393 -0.57943232219150476 -0.39561046530711214 0.60130029969147436 0.24488399555528903 0.020288848198309329 1.1009059290738957e-07 -1.8627695593831547e-08 -1.8627695593814044e-08 8.5012001978044077e-05 5.1131325106808047e-05 5.4064997426749466e-05 -9.0730986294764021e-05 -1.1441201587911014 -0.87026141496203002 -0.77034430277983745 0.66228101619153179 -1.264813024071203 8.0870788978037904
-0.040758363902568817 -0.95262268111868742 -0.037084207394620927 -0.023249910207037604 -0.041086956995745126 -0.99112485840758469 -0.040418000791733223 7.8119444878622895e-33 0 0.00033411843064010463 -0.77732074184864242 -0.28820025603089744 -0.28172177315543795 -0.29149936589952669 -0.81637510099535826 -0.29088403094602211 -0.016508227211641559 -0.30968791876295804 -0.61232623220660065 -0.30892325538049648 -0.67784346418149288 -0.25275661251055509 0.00033285617050430683 0.70225423430433653 -0.028526313380477637 -0.31547788639455526 -0.040758363902568817 -0.04050884328712076 0.65773010500015827 9.0247799025321012 0.038443901280262684 0.22640909578797788 9.0247799025321012 0.22422604614875832 -0.67112383559985078 -0.24979368174819402 -0.66650864380178287 -0.26423891959397922 -0.080133816578267528 -0.41215261064860165 -0.31166544273711771 0.63905315121442052 0.25989198886551956 -0.014163982743391255 5.3089492648593254e-09 1.5187201392721294e-08 1.5187201392736488e-08 7.3214858486531626e-05 4.3321919048475148e-05 4.235326890783617e-05 -9.2137435770887679e-05 -0.99112485840758469 -0.81637510099535837 -0.61232623220660065 0.70225423430433653 -1.3746636205149985 9.0247806868034228
-0.026483368128538132 -0.45393844417176854 -0.02508084351747061 -0.02546802762280612 -0.029129608087153189 -0.49289470645169581 -0.02811761203213332 3.6709488126347527e-33 0 0.00049057341181872084 -0.47648734053229025 -0.12283275560630322 -0.11729783022458908 -0.12619413699033633 -0.51576474799192018 -0.12562730486828624 -0.016715862543614197 -0.1692934690579537 -0.32772721763058915 -0.16883368790204509 -0.44861456058109289 -0.088115007670611631 0.00048971010706341984 0.45863185500783837 -0.01929295655190047 -0.15042184093053074 -0.026483368128538132 -0.028223819846821999 0.41349172772844106 4.5983840795903648 0.038734389777630253 0.13410756976036214 4.5983840795903648 0.13053920386420909 -0.44551652868173036 -0.20746144480355569 -0.44085512631872636 -0.22217457051176875 -0.036614977643255678 -0.1568925770131965 -0.17162490541449896 0.40256930326117368 0.16656677826244642 -0.022835497578197098 -3.7030887623056084e-08 2.2298791446298989e-08 2.2298791446308267e-08 3.4989311307769222e-05 1.5858177215487645e-05 2.2241099539469199e-05 -5.6724967796992192e-05 -0.49289470645169581 -0.51576474799192018 -0.32772721763058915 0.45863185500783837 -0.6848111286337043 4.5983840796080013
-0.030908213928341866 -0.4136143032048808 -0.024183862794743646 -0.025799632039706012 -0.028266451579715801 -0.45281140131902409 -0.028534031393746627 -9.5611454019833124e-34 0 5.1348803990329076e-05 -0.37418650444783758 -0.10850720684986796 -0.09992519162759457 -0.11191439563964657 -0.41352376962727894 -0.11218577214443562 -0.016823714998096442 -0.13796986563894109 -0.25503508907740569 -0.13831334803443823 -0.36451620345018088 -0.070690550530542587 5.0797176677837733e-05 0.26852065135380521 -0.018602971380572035 -0.1370757906275529 -0.030908213928341866 -0.028652299560263016 0.22304257537143407 0.94404829768527776 0.038834865817016909 0.057769014147149633 0.94404829768527732 0.057181890123353361 -0.36258946320797925 -0.19298973865412303 -0.35791022219902474 -0.20808645226405253 -0.022355336177090245 -0.106562947115776 -0.14113175863279631 0.21718102782869153 0.093382564413454008 -0.0039401591625929161 4.7998178044233498e-08 2.3340365450094912e-09 2.3340365450167138e-09 3.1899300755125869e-05 1.2163608184368473e-05 1.7541974346086205e-05 -3.2102068674569732e-05 -0.45281140131902409 -0.41352376962727894 -0.25503508907740569 0.26852065135380521 -0.14133832590327527 0.94404829768527754
-0.051025696098804474 -0.9418219069660132 -0.039123301314129624 -0.027445303506471279 -0.043250250490699201 -0.98142266153453073 -0.0444982904490724 -1.248179022395565e-34 0 -0.00055378776530465952 -0.69972679724554121 -0.28232202249375821 -0.26565366463972367 -0.28583294126889214 -0.73918744936016778 -0.28684069126459572 -0.016991967303697311 -0.28307399423697649 -0.53853078781929098 -0.2839316576640421 -0.63625108999617164 -0.23579218583453487 -0.00055454180712325709 0.39115718126655985 -0.030094847164715093 -0.31190630451161722 -0.051025696098804474 -0.044632323147793466 0.34538727861726609 2.9704932142483065 0.038895124424197076 0.10021471063769642 2.9704932142483056 0.10410711592315502 -0.63021884214492108 -0.24302547886635714 -0.62550677691273049 -0.25842956529866257 -0.071853952419830447 -0.36604741236044019 -0.28679071700939396 0.3362750739183597 0.14044947421366005 0.02425678491192312 1.3602921172364151e-07 -2.5172171150219977e-08 -2.5172171150207648e-08 7.2373284355877948e-05 4.0177879057508919e-05 3.805450579996971e-05 -5.2856490144366707e-05 -0.98142266153453073 -0.73918744936016767 -0.53853078781929098 0.39115718126655985 -0.48138620815483285 2.9704932142483895
-0.060096669942140579 -1.2913495553644561 -0.050718993374236875 -0.031578312860268874 -0.054912593827102688 -1.3316788627087157 -0.055360822295303876 4.5275618602855383e-33 0 -0.00010088224221355423 -0.93555664442512798 -0.39862794885835345 -0.38916186612625236 -0.40227585367997498 -0.97537535193082781 -0.40219634821115108 -0.017293326580398095 -0.33256001692282755 -0.65193939268952872 -0.33221697427743974 -0.79893424263731216 -0.35835387653339751 -0.00010202390741117433 0.6260392657997782 -0.039014610287874521 -0.42759739541786024 -0.060096669942140579 -0.055517276652840779 0.57971681266061637 7.3841086922950634 0.039127431557439543 0.19276077345982856 7.3841086922950634 0.1937530323944085 -0.79076135355345545 -0.2717341111885706 -0.78597491629774019 -0.28730525266729912 -0.098008401369742593 -0.44008490878560808 -0.33514594909474948 0.56388639786478589 0.2304131371253699 0.0059948633492281052 9.7433899772342179e-08 -4.5855564642605008e-09 -4.5855564642460674e-09 9.9142878683475773e-05 6.0066972283143825e-05 4.5395549221096623e-05 -8.3587279289981317e-05 -1.3316788627087157 -0.97537535193082781 -0.65193939268952861 0.6260392657997782 -1.1423384646916317 7.3841087221408577
-0.047158610075712204 -0.96267694707725182 -0.044202914379669847 -0.035531610596782191 -0.048468106391817416 -1.0037575343858502 -0.047488418525797077 4.4167166366420037e-33 0 0.00037240758136866718 -0.77187144064323521 -0.28998614461844052 -0.28305308401248508 -0.29373498053746516 -0.81210254092448309 -0.2930664857464011 -0.017561104889667653 -0.2385824024699649 -0.46774476586289931 -0.23792718352275291 -0.67582760390011021 -0.25166931700325329 0.0003713603141268955 0.56759999206545952 -0.034002241830515256 -0.31881382997790381 -0.047158610075712204 -0.047668255252026323 0.52062744735961752 6.4466907384685541 0.039432744563578356 0.17345193713746959 6.4466907384685541 0.17090925893916245 -0.66976758850791762 -0.24887678658482038 -0.66490939757230771 -0.26467816170889463 -0.072776102608371002 -0.26270136954768414 -0.24091862909608114 0.50681425350214437 0.20795253660767826 -0.016337992992524423 -1.0843514389655873e-08 1.6927617334931936e-08 1.6927617334942911e-08 7.3939205989875152e-05 4.2504851992295174e-05 3.2062047336264458e-05 -7.2629666838896546e-05 -1.0037575343858502 -0.81210254092448309 -0.46774476586289931 0.56759999206545952 -0.97574572937472603 6.4466907417585251
-0.033193051815032959 -0.44272963868188558 -0.031020243045707441 -0.036671436809832411 -0.035340366662624106 -0.48425423362815917 -0.034385374628401792 3.250190363136347e-34 0 0.00042213133384334811 -0.45638127304744835 -0.11749349888473296 -0.11195608903101675 -0.12130072684162169 -0.49682013690187665 -0.12077797914727585 -0.017706729799881384 -0.1164647094778495 -0.21951933265858914 -0.11613062650571289 -0.43333737011260887 -0.080426634157277646 0.00042147016013957756 0.33204073525591971 -0.023861725419774948 -0.14671996481490307 -0.033193051815032959 -0.03458338992473986 0.28460880981241166 2.1193818206643003 0.039613253107693404 0.083115310373007373 2.1193818206642998 0.079986690144091571 -0.4309119549264086 -0.20571402442559075 -0.42601465542480965 -0.22189665773986997 -0.028866056996182048 -0.047117677644279418 -0.11915768687832873 0.27711331100875747 0.11728359961499282 -0.019927339690792804 -2.9581661908653748e-08 1.9187787901965258e-08 1.9187787901973219e-08 3.4090106056353594e-05 1.4072188718468653e-05 1.4555389517131552e-05 -3.8822486681762946e-05 -0.48425423362815917 -0.49682013690187665 -0.21951933265858914 0.33204073525591971 -0.30622395951851861 2.1193818206642998
-0.040023744106292725 -0.48390360156274259 -0.031842681487933663 -0.036225532412684884 -0.036206296720116729 -0.52568443417214628 -0.036658794871920572 -3.2610618273372438e-33 0 -0.00010880485701511091 -0.41224502687490111 -0.12999904469482867 -0.11970169954251603 -0.13385816986873472 -0.45273926921871771 -0.13430469976354742 -0.017781631896303801 -0.12754280896349851 -0.23070930863517458 -0.12808708716558781 -0.39984291468931682 -0.08809219619339731 -0.00010925195274431743 0.20147111838699799 -0.024494370375333582 -0.16034868491975424 -0.040023744106292725 -0.036872003271628227 0.15381943129206557 -0.46485191456252212 0.039628606321337065 0.029076499297954139 -0.46485191456252306 0.029630961923546265 -0.39770903658493245 -0.20149262667995635 -0.39279689931153089 -0.21812819519191312 -0.025072387715232718 -0.076786913499360343 -0.13113432714180798 0.14979939815411381 0.067019124097390415 0.0033394212391614228 6.7058315631161699e-08 -4.9456753188745964e-09 -4.9456753188673156e-09 3.7250273038819138e-05 1.4890720035863511e-05 1.5882501891451997e-05 -2.3187643611774851e-05 -0.52568443417214628 -0.45273926921871765 -0.23070930863517458 0.20147111838699799 0.068198709215843409 -0.46485191456252284
-0.057979688048362732 -0.99046972998758331 -0.045936561514020903 -0.037401062580418379 -0.05035558175402715 -1.0326999802625541 -0.05148190983392547 -1.057540186802783e-33 0 -0.00052188540305266192 -0.7310498727271153 -0.29699371324484469 -0.28179247194323831 -0.3009627616119242 -0.77169126168507074 -0.30177528659055519 -0.017946795184231611 -0.27046690262761736 -0.51460890405531023 -0.27113944271911433 -0.6581498119506447 -0.24952786014207246 -0.00052261990700420275 0.37586088664587286 -0.035335816549246848 -0.32801632640302031 -0.057979688048362732 -0.051714352107170368 0.32795644765244425 2.5780686275910814 0.03965752681635723 0.092752908096469383 2.5780686275910796 0.096490713667573003 -0.65208327524200527 -0.24951640171208789 -0.64713474236448987 -0.2664902128642207 -0.072442465824004876 -0.33282973125168214 -0.27422685131193869 0.31930949461771096 0.13399232346109685 0.023372864080985843 1.3330502002537264e-07 -2.3722063775128531e-08 -2.3722063775117206e-08 7.6068784343541604e-05 4.2201263811413881e-05 3.6190016790047181e-05 -5.0234198226195726e-05 -1.0326999802625541 -0.77169126168507063 -0.51460890405531012 0.37586088664587286 -0.42011177568364655 2.578068627591092
-0.060185227543115616 -1.1605765511557893 -0.052224224888370301 -0.040578993329757951 -0.056716480376078418 -1.2035168822628972 -0.056752987458383801 3.2611371646336919e-33 0 4.8254103506434918e-06 -0.86780287767129249 -0.35395907009497385 -0.34597121219653676 -0.35805585234450277 -0.90879026040747657 -0.35775530319383986 -0.018222191430236127 -0.29070196184470731 -0.56892054513527579 -0.29022861022370278 -0.74766477370639117 -0.31288524874952811 3.7685131309159916e-06 0.57112885736953245 -0.04017248068336176 -0.3843215787314061 -0.060185227543115623 -0.057009833854572756 0.52271108989655735 6.3037533951539295 0.039861087184819788 0.17088153154376415 6.3037533951539277 0.17111472547908951 -0.74049098404914948 -0.26541045187404899 -0.73547232740896318 -0.28260582556699687 -0.086044513087727412 -0.35762891548756914 -0.29338039554182815 0.50883003050421882 0.20890577975235197 0.0012808230394378251 6.7561567841343186e-08 2.1933683411049358e-10 2.1933683412396732e-10 8.9093501261306547e-05 5.2483451959510485e-05 3.9352749672264396e-05 -7.4985184384982693e-05 -1.2035168822628972 -0.90879026040747668 -0.5689205451352759 0.57112885736953245 -0.97136780458139427 6.3037533976776601
-0.042326971888542175 -0.67366853599864718 -0.040468136817828466 -0.042698662150808829 -0.045030148631741714 -0.71722296424502308 -0.043794683596773763 2.3020721729873855e-33 0 0.00044127275665263799 -0.61128422137880212 -0.1929271376095347 -0.18773012815398871 -0.1971070093841171 -0.6525866081923184 -0.19631991822264677 -0.01843654440513506 -0.17550983709262358 -0.34096341224648746 -0.17483762306447576 -0.55386561309747862 -0.15427708034262591 0.00044039877747851478 0.4590002518014748 -0.031129336013714204 -0.22316383882066501 -0.042326971888542175 -0.044074351687247888 0.4100302296274842 4.3695711519317113 0.040098654053696822 0.13065726882907139 4.3695711519317113 0.12756781141587853 -0.54974368595949963 -0.23032077149631852 -0.5446679256195418 -0.2478252601174212 -0.049338618936429129 -0.14761452405604308 -0.17804029633465226 0.39920352043432294 0.16567415079804515 -0.019682157277953676 -3.7178293589478168e-08 2.0057852575111948e-08 2.0057852575123098e-08 5.1772397873931059e-05 2.646316067084765e-05 2.2971240141599325e-05 -5.6565553406882594e-05 -0.71722296424502308 -0.6525866081923184 -0.34096341224648741 0.4590002518014748 -0.65275223630762547 4.369571151940197
-0.029039317741990089 -0.16582882291252693 -0.026422788447000384 -0.041744308664196747 -0.031033040244966805 -0.20963814982240458 -0.030196221500879195 -3.02752983840835e-33 0 0.00057350730779514875 -0.18778930912944217 -0.024682788874460702 -0.025920791285647858 -0.028874587948832676 -0.22918699955678348 -0.028132348858798385 -0.018501924252046619 -0.010682009079001069 -0.0091586707298540963 -0.010188332490748925 -0.19040884695778079 0.0071874017736464962 0.00057312112128935985 0.16182675428002913 -0.020325221882307988 -0.055076754099503245 -0.029039317741990089 -0.030492171750532447 0.11255452792020537 -1.0517786272306635 0.040171746107281046 0.017331662641823359 -1.0517786272306635 0.013084322076971317 -0.19157622369835303 -0.16571999326242004 -0.18648727012088542 -0.18370457348997496 0.014719563413287028 0.1376282357615142 -0.01340910796978232 0.10963252829148215 0.051336391252929582 -0.026787412735244376 -3.091178741579207e-08 2.6068513990685335e-08 2.6068513990691661e-08 1.2861257977076744e-05 -2.2082016068722999e-06 -5.7493211621630948e-07 -1.3554294739757968e-05 -0.20963814982240458 -0.22918699955678348 -0.0091586707298540963 0.16182675428002913 0.18864810515453639 -1.0517786272306646
-0.037457399070262909 -0.28948269192292331 -0.028528270596797814 -0.039693857042963639 -0.033176143703547642 -0.33339786252104586 -0.033790875387402976 -7.8113281582786436e-33 0 -9.3488297647171135e-05 -0.089889683666106113 -0.064422751748366078 -0.060399826382556213 -0.068603978443342914 -0.13126459436831109 -0.06903322922809807 -0.018469198720888261 -0.016681227097132104 -0.0075430008602530591 -0.017286690388906335 -0.095680206789035854 -0.027853720810604925 -9.357902206223395e-05 -0.017885609590804395 -0.021944823535998317 -0.096004633270562231 -0.037457399070262909 -0.034100429074910406 -0.067145104399920608 -4.5667793186427206 0.040028973377689563 -0.056330612614726668 -4.5667793186427206 -0.055950390955258979 -0.097835483643442606 -0.15097599496563394 -0.092770253696301652 -0.1695278729005143 0.027157044309943396 0.10780692550737561 -0.020504116579821402 -0.06529229295387215 -0.017765723350537523 0.0024635980717574056 7.1424893518138433e-08 -4.2494680748752591e-09 -4.2494680748715252e-09 2.2350023053411076e-05 1.8782871721332537e-06 -2.0298825392897204e-08 8.2802926786876672e-06 -0.33339786252104586 -0.13126459436831109 -0.0075430008602530591 -0.017885609590804395 0.70032285596131194 -4.5667793186638761
-0.05188201367855072 -0.74916194069949371 -0.040640842189021427 -0.039566089694383744 -0.045338413182304506 -0.79339753252726541 -0.046284140446616807 -3.6619254839920341e-33 0 -0.00087522899849139517 -0.53952127305289954 -0.21556163880947438 -0.19733405022069311 -0.21984309968752869 -0.58092829386400502 -0.22104886183950329 -0.018570353748603448 -0.25930960246060636 -0.4857805958440945 -0.26045250743497006 -0.51286121403513463 -0.16424103922547292 -0.00087576485938556132 0.2527691912688943 -0.031262186299247242 -0.2481529244754376 -0.051882013678550713 -0.046611276193648743 0.20347416485951952 0.13402983125821313 0.039906714436904571 0.041875466769170491 0.13402983125821211 0.048120100310591031 -0.50854366779848625 -0.22804614433607032 -0.50347265593199086 -0.24698393030009713 -0.05071367161516796 -0.33190288406920326 -0.26369623248794866 0.1981360886830969 0.086270145322774355 0.039303795762711306 1.1214335074259658e-07 -3.9783136295070164e-08 -3.9783136295059669e-08 5.7581492815855219e-05 2.8101684521293253e-05 3.4391048934704599e-05 -3.4525804393639207e-05 -0.79339753252726541 -0.58092829386400502 -0.4857805958440945 0.2527691912688943 -0.059927958637184961 0.13402983125821266
-0.04705418273806572 -0.7404584056508059 -0.041161214839568527 -0.040937083034767001 -0.04592049686337165 -0.78520003739332911 -0.045564792302284343 3.5249475357310863e-33 0 8.9507549142038844e-05 -0.66021665441333455 -0.21420939156792324 -0.21050380260238455 -0.21861601089569591 -0.70181061054505067 -0.21794575350458545 -0.018844654255128837 -0.26562596973613545 -0.52271149981490317 -0.26477883377714295 -0.58723372808101004 -0.17662730227548934 8.8485555395421321e-05 0.54771882499026425 -0.031662472953514244 -0.24527375398640641 -0.04705418273806572 -0.04591279484761953 0.49797153282005463 5.8400779679431931 0.040064554012762807 0.16138214656048425 5.8400779679431931 0.16114844623766819 -0.58207524836385416 -0.24020966794365914 -0.57694724400539599 -0.25934075338207629 -0.061171261042234137 -0.32906132160122525 -0.26808681766137232 0.48480859296756057 0.19954566716525179 -0.0015096052288336103 2.4284848732903251e-08 4.0685249609926983e-09 4.0685249610032283e-09 5.6911260571739551e-05 3.0736302421953269e-05 3.5801535492149746e-05 -7.1022917322820106e-05 -0.78520003739332911 -0.70181061054505067 -0.52271149981490317 0.54771882499026425 -0.89722205083822293 5.8400779687296067
-0.025590339675545692 -0.14244991320953282 -0.025049316001208421 -0.04056223447491536 -0.029858687683010761 -0.18749774188366439 -0.028476825667421077 4.4702200748846808e-34 0 0.00070882430282363882 -0.21691287100108173 -0.016557779543417809 -0.019082074014343444 -0.020986546484194971 -0.25863756236129315 -0.019888953664505413 -0.018991370238896136 -0.066619634950030773 -0.12563245620601951 -0.06571088043741985 -0.21703517071857145 0.014545038389262018 0.00070818418132131522 0.31472030107897742 -0.019268704616314164 -0.047342247994209406 -0.025590339675545692 -0.028841685059369224 0.26450998105724527 1.762362194244939 0.040243796870642078 0.076264964951012301 1.762362194244939 0.071190584435105023 -0.21749845953335381 -0.17253666354230457 -0.21234527209793444 -0.19202318762839449 0.0066124961902460991 0.026212946051846771 -0.069054928717892011 0.25755097798020116 0.10984182291693448 -0.032064062360524379 -6.917756135794332e-08 3.2219286491978948e-08 3.2219286491985168e-08 1.1087157063538882e-05 -2.5695906625937664e-06 7.4509252027591624e-06 -3.4416001305178158e-05 -0.18749774188366439 -0.25863756236129315 -0.12563245620601951 0.31472030107897742 -0.23914522369107777 1.7623621942449392
-0.01416997704654932 0.3013262187845287 -0.011340127755227416 -0.037183321897294931 -0.016174911398669937 0.25634904209230719 -0.015546191866351219 -8.752335801996931e-33 0 0.0010108049135706153 0.46020353092049948 0.129937416282917 0.1107023388356891 0.12562436374385863 0.41853173774408609 0.12693470830060513 -0.018899547066823577 0.21642154941524497 0.43942315399569076 0.21739719183227177 0.42998386639086306 0.14271354780494427 0.0010109626240064633 -0.17061668265480762 -0.0087231751963287793 0.099541826770016092 -0.01416997704654932 -0.0159205452453706 -0.22086424359811771 -7.0394464550066242 0.040142019643593763 -0.10794016028900981 -7.0394464550066242 -0.11539093491512704 0.42022301128815331 -0.056393810711550509 0.42532808462487159 -0.076494948116005476 0.11929322388596733 0.51170769561598617 0.21406961796269861 -0.21492606964326361 -0.076773956386757838 -0.046618238597291056 -3.7246131889814537e-08 4.5945677889576229e-08 4.5945677889570405e-08 -2.2903678736361031e-05 -3.0427545791545441e-05 -3.2860028613561695e-05 3.6254719104165058e-05 0.25634904209230719 0.41853173774408609 0.43942315399569076 -0.17061668265480762 1.1299250693739418 -7.0394464713509723
-0.024117356166243553 0.081242264400236394 -0.015035564648764916 -0.033405653102698322 -0.01988718560368111 0.036423403248746822 -0.020665420128470675 -1.5426786092359011e-32 0 -0.00038368766304875529 0.52748802091744751 0.059111160958255665 0.057948013137916927 0.054917590317990823 0.48598369591823792 0.053987234820584248 -0.01866557960354151 0.13656230564869373 0.30742580777563061 0.13528774694457324 0.47035916240459957 0.088332154018490122 -0.00038313391298987242 -0.41080247648745899 -0.011565818960588392 0.026697866609861971 -0.02411735616624355 -0.021047228628180703 -0.46058165719485827 -11.87472797474679 0.039693156193415596 -0.20951814472077654 -11.87472797474679 -0.2072567171785541 0.46082876889689689 -0.052074617388821805 0.46582829837912881 -0.072898122313619404 0.11743882200947657 0.33300095038662936 0.13200768231487045 -0.44827445000925409 -0.16901575766990565 0.014634857042287168 6.5321862511970758e-08 -1.7440348320400437e-08 -1.7440348320402767e-08 -6.0175456675617185e-06 -2.2321984306575312e-05 -2.2071914944130509e-05 6.2581799810046605e-05 0.036423403248746822 0.48598369591823792 0.30742580777563056 -0.41080247648745899 1.8127766066522868 -11.874809148756276
-0.034718569368124008 -0.32635322891379281 -0.024973733303408942 -0.031866712194789461 -0.029854403283907371 -0.37125060166455676 -0.030604402974944992 -8.0117496120075113e-33 0 -0.00089318872504317085 0.045192054068979547 -0.075803860969402337 -0.070022051596919238 -0.080020029702239814 0.0037998501034675518 -0.080908003707617124 -0.018652382166787902 -0.13057754737965974 -0.23168365678813527 -0.13143142661529114 0.037956800472411401 -0.039832927876419698 -0.00089329971767962771 -0.0060331884165257602 -0.019210564079545342 -0.10821059400879893 -0.034718569368124008 -0.030997551735890451 -0.055491298122466851 -4.6046420338980223 0.039326860616460714 -0.057810005445924982 -4.6046420338980223 -0.051296706858365765 0.035290584595960378 -0.13086115605171736 0.040233114633590916 -0.15210213382467033 0.034970591288328391 -0.15499314264979272 -0.13471268518729732 -0.053948543214088991 -0.01333153042130901 0.041433960663981688 7.917058791986158e-08 -4.0599487501965037e-08 -4.0599487501962211e-08 2.5228225474305909e-05 3.1020858182047113e-06 1.6102949650445713e-05 2.1903006789622067e-06 -0.37125060166455676 0.0037998501034675518 -0.23168365678813527 -0.0060331884165257602 0.66717918027267065 -4.6046420339125449
-0.023964812979102135 -0.16645676146983002 -0.020429729578137781 -0.031366619214402133 -0.025345834265892327 -0.21154755882214041 -0.024671909021428337 -5.5069844150766385e-35 0 -8.551369956373827e-05 -0.077109761655390491 -0.024102291871147048 -0.02489230727706521 -0.028365411261837441 -0.11849366140015251 -0.027915227952863893 -0.018811678723783708 -0.173288677523986 -0.33397330692494809 -0.17277256989486917 -0.079811664237863816 0.0053446555515950936 -8.6148107192210758e-05 0.31204201209460003 -0.015715176598567519 -0.055287606816518842 -0.023964812979102135 -0.025077876133050368 0.26242482158507341 1.5052078485161504 0.039287617258079353 0.069949945192716328 1.5052078485161504 0.070891494444762185 -0.080828411931871902 -0.14969196265381607 -0.075894245602285415 -0.1711436881145684 0.014869003298786109 -0.2240902418571733 -0.17609281663706619 0.25552007995236942 0.10890591911321618 0.0061167837425059601 -2.3682194764853396e-08 -3.8869863438107808e-09 -3.8869863438050063e-09 1.297893271089361e-05 -1.7907200660935379e-06 2.2551681982525741e-05 -3.8512782558621989e-05 -0.21154755882214041 -0.11849366140015251 -0.33397330692494809 0.31204201209460003 -0.23775246097136526 1.5052078485161497
-0.001217737328261137 0.47481613829290326 -0.0018760004089704908 -0.028687077981527111 -0.0068097010288720554 0.42980485959337494 -0.0054257348941829167 -3.5380012281728776e-33 0 0.0011517938244125002 0.56178632611985002 0.18656427478007609 0.16273319751206841 0.1824064968006226 0.52046471249390425 0.18427281560601941 -0.018835475511739343 0.13918340060259274 0.27636642326393873 0.14085615605172999 0.52412056223912917 0.19150325877996865 0.001151621466415145 0.030682540655579793 -0.0014430772376696041 0.15696514669617334 -0.0012177373282611372 -0.0058386965921467457 -0.019134674843680938 -3.2377090962378254 0.039292474605950201 -0.029251839514947614 -3.2377090962378254 -0.037418393314427673 0.5140712476498388 -0.037679473950175624 0.51896146576064583 -0.059501391332287108 0.1238557304154824 0.33034047337723516 0.13752698996029319 -0.018557752146630638 0.00067282427626643565 -0.051131257453766114 -9.8318282210330521e-08 5.2354264746025775e-08 5.2354264746022202e-08 -3.6151244765895452e-05 -3.7781360186802384e-05 -2.1657521692231359e-05 8.375923822887782e-06 0.42980485959337494 0.52046471249390425 0.27636642326393873 0.030682540655579793 0.54938618814887619 -3.2377090962384347
0.0065522012300789356 0.79540556645242666 0.0096271757012439691 -0.023405883355053472 0.0047007675947872991 0.75082501299515225 0.0050236289494543108 -1.2653486918682489e-32 0 2.6572966725307314e-05 0.89622792064346679 0.29456948077683159 0.28885928706912783 0.2905690304818932 0.85523702862569362 0.29014746757272575 -0.018613351234088974 0.18253390445619647 0.39418320311287525 0.18166451730378214 0.75358906765612743 0.31567121383077712 2.7090358014696854e-05 -0.38835596331782335 0.0074055197701876734 0.26307740535951296 0.0065522012300789348 0.0046109733245282888 -0.43784499967740037 -11.262345700840019 0.038945607526003213 -0.19744099304952095 -11.262345700840013 -0.19817580257693218 0.74076277371699695 0.0033501857910477962 0.74553023960822229 -0.019088143901776242 0.15805786777283348 0.37611860771217792 0.17838036442012797 -0.42614271848249874 -0.16036502876866141 -0.0043246754071524299 -4.1302721394698847e-08 1.207862123878491e-09 1.2078621238725647e-09 -6.0694058563295007e-05 -5.8539398517828597e-05 -2.8501025840408698e-05 6.1629263983937292e-05 0.75082501299515225 0.85523702862569362 0.39418320311287536 -0.38835596331782329 1.7374961949811412 -11.262378749988965
-0.0054124379530549049 0.4622000525309013 0.0035104722067331841 -0.018580234140537201 -0.0014041658479321821 0.41805136041582713 -0.0023535565401748017 -1.0818543492651776e-32 0 -0.00042889118086013507 0.69708969989560243 0.18405189091136959 0.17627207811534901 0.18013604819322762 0.65650003865811524 0.17962488257197609 -0.018481616569745774 0.055083610361036761 0.13546595590716345 0.054540208382249752 0.6116057601049264 0.20187295359648108 -0.00042860023544235296 -0.24997431479706664 0.0027003632359486069 0.15279274883957719 -0.0054124379530549058 -0.0027650920662728082 -0.29901873832982567 -8.8559449759390958 0.038505451956409108 -0.14753779241879725 -8.8559449759390958 -0.14451913905521807 0.60139893480954754 -0.021699604961599055 0.60605615320871664 -0.044597744197442439 0.126903563587458 0.13107927590093876 0.051281072445780271 -0.29100595754843334 -0.10706703753612708 0.019569044815245261 5.6326508229402979e-08 -1.9495053675456581e-08 -1.9495053675462844e-08 -3.5135285631769994e-05 -3.944053123700852e-05 -1.0247896228027412e-05 3.9388516197633855e-05 0.41805136041582713 0.65650003865811513 0.13546595590716345 -0.24997431479706664 1.3432798650963131 -8.8559455466290835
-0.012712173163890839 0.10194172089386683 -0.0047541530519203141 -0.016286498554774292 -0.0096701920248821408 0.057961471151135903 -0.010234475615640913 -6.2429139390883922e-33 0 -0.00036960079686044301 0.46714997889916376 0.064441304825605464 0.058105231000772556 0.060585779274280577 0.42677001403803483 0.060277233726820562 -0.01847057580825626 -0.052220255129740469 -0.08296645635792925 -0.052451515299312336 0.43210872251800631 0.082753184305049507 -0.00036969519971589759 -0.015310603439926306 -0.0036570408091694704 0.033553075519751091 -0.012712173163890837 -0.010648920080745901 -0.064147942580065648 -4.5049899092707397 0.038224129438164195 -0.056805269680357588 -4.5049899092707406 -0.054064058379357328 0.42477809242082493 -0.051693198163834927 0.42935393042057374 -0.074881932608683852 0.092288520156008608 -0.066287554416586958 -0.055712156584003046 -0.062376443079672737 -0.01680948260915632 0.017654314358233957 4.3899001769039886e-08 -1.6800036220927243e-08 -1.6800036220928238e-08 -7.5151811691717277e-06 -1.9314316928962869e-05 5.1323458291316417e-06 6.336544902244811e-06 0.057961471151135903 0.42677001403803483 -0.08296645635792925 -0.015310603439926306 0.67562324650969396 -4.5049899092845926
0.001999459695070982 0.37159780693861016 0.0033541675782177466 -0.014616866890786307 -0.0015653304772904955 0.32772951176606829 -0.0006754362036354933 -3.3484264565759908e-33 0 0.00028676431855521932 0.58011141570390701 0.1524219030402095 0.13801840765586534 0.14864083699058012 0.53986961711230319 0.14945009291627756 -0.018501000852243852 0.0067378937350114831 0.022539177389777797 0.0075079343703063038 0.53200075264732472 0.16158497510507525 0.0002865554724735004 0.054270047007790444 0.0025801289063213445 0.12280600590920848 0.0019994596950709815 -0.0010928848020290581 0.0054343192626746667 -2.9971356467811407 0.038086696562702978 -0.025400375149429045 -2.9971356467811407 -0.027266205408007237 0.52317800044543727 -0.029809995881269889 0.52768496972554768 -0.053230189349065815 0.11019055334396315 0.039222066196441613 0.0042367892594404009 0.0053567920043144446 0.0099300463766271805 -0.011379768787099107 -6.5794563768085788e-08 1.3034741752511602e-08 1.3034741752509358e-08 -2.8172128525373745e-05 -3.2222259479377252e-05 -2.9973494995191581e-06 9.4641531749907677e-08 0.32772951176606829 0.53986961711230319 0.022539177389777797 0.054270047007790444 0.47261263947556553 -2.997135646781206
0.023247603327035904 0.98416293185372228 0.021902402698212191 -0.010576919602276901 0.017000557813411712 0.94071543795604029 0.018239647348148778 -6.368468549345055e-33 0 0.00040568381597390823 0.93679546015611881 0.35499820542409588 0.3408970661613473 0.35134662178731824 0.8968807628080202 0.35197004773884361 -0.01841519132151152 0.12609369403409648 0.26621192772203583 0.12643940287824473 0.7989718817608028 0.36285184099980539 0.00040582499009008489 -0.15846855879019978 0.01684800207554784 0.32555806914458224 0.023247603327035904 0.017825912396938252 -0.20718989773752672 -6.8344884908477441 0.0378816018183913 -0.10586623723604045 -6.8344884908477432 -0.10890624977828223 0.78637041692932264 0.021537959935474832 0.79077491793910304 -0.0022316996387842986 0.15593781785752173 0.24063373664464394 0.12318338561016827 -0.20161787100223671 -0.071844507368596627 -0.0187904540853331 -1.153551261722922e-07 1.8440173453364373e-08 1.8440173453356886e-08 -7.5097635072340286e-05 -6.5146909038794315e-05 -2.0106337529857532e-05 3.0971290292960777e-05 0.94071543795604029 0.89688076280802032 0.26621192772203589 -0.15846855879019975 1.0705560683741346 -6.8344885001754774
0.025550322607159615 1.1318200019615658 0.0291984454241896 -0.0045942063144907581 0.024335914945529936 1.089077262519426 0.024277556253540493 -9.2570251723399769e-33 0 -8.8876258464896411e-05 1.0371904606270843 0.4043007724104889 0.39504652158949638 0.40078110046634641 0.99782727795595461 0.40047335217693358 -0.018259033771136742 0.11933845807326729 0.26302508537547964 0.11883805994850752 0.86420368614763554 0.4153884003546508 -8.8522349121881338e-05 -0.28736214889795786 0.022460342633991999 0.3744330974469266 0.025550322607159615 0.023873746457033967 -0.3357433585064814 -9.3330890988851039 0.037522705594522962 -0.15848030055169079 -9.3330890988851021 -0.15810390056535789 0.85103364879792542 0.03554861532779053 0.85530969343614971 0.011382936498933006 0.16313999112202501 0.21053129475738608 0.11561257629580746 -0.32675595820460324 -0.12132906937747272 0.002785354609252875 -3.5671832981400334e-08 -4.039829930221203e-09 -4.0398299302308909e-09 -8.6386103927202899e-05 -7.3323426554120302e-05 -1.9357911050921405e-05 4.6498912899887006e-05 1.089077262519426 0.99782727795595461 0.26302508537547964 -0.28736214889795786 1.4334915344303361 -9.3330904804929169
0.011049866676330566 0.68017266116633013 0.01981594655669448 3.6550292331312126e-05 0.014990999400025146 0.63803148390566788 0.013881408199036263 -7.556739461286773e-33 0 -0.00042080888475482328 0.8052580152773734 0.25475619261348847 0.24736036348361931 0.25133239152097286 0.76639752451694398 0.25066615954749472 -0.018173681929124125 0.0084224619252727551 0.04231625648149212 0.0078373785653844119 0.69313272318052499 0.26646921850714833 -0.00042067241414744022 -0.15463853329318866 0.015243035812841912 0.22494644620758861 0.011049866676330565 0.013486507001888305 -0.20269272419001838 -6.9831404210074313 0.037166469907133695 -0.10967573030336239 -6.9831404210074339 -0.10673175207456279 0.68279705387485223 0.0075314676454545787 0.68695910482769329 -0.016913610086581789 0.12909789908884042 0.0027017874992745256 0.0046267914120294911 -0.1972412100414514 -0.070234500745576217 0.018958237343657824 5.1843411182076732e-08 -1.9127676579764456e-08 -1.9127676579769578e-08 -5.1753026340930553e-05 -4.8923715091661868e-05 -3.5689107449215005e-06 2.5751941088619821e-05 0.63803148390566788 0.76639752451694398 0.042316256481492141 -0.15463853329318869 1.0556834884091613 -6.9831404325828048
0.0062648700550198555 0.36600620371950288 0.012551024715121654 0.0019518037239165777 0.007748597625189502 0.32417732600275329 0.0073602421973544673 -3.3874678131484926e-33 0 -0.00018304811845303297 0.60332003497683939 0.14991277152250759 0.14013647002034335 0.14655828750244687 0.56475263549045862 0.14650495134443517 -0.018195528696854833 -0.05642915922504587 -0.095763280807425438 -0.056328341329732898 0.54586969027267507 0.15829234506129786 -0.0001832435010183826 0.047333591400696748 0.0096546343962474242 0.12096302569838424 0.0062648700550198555 0.0069697947879863009 -0.00061505861123574304 -3.1834042527499911 0.036958691605163296 -0.030400924943431391 -3.1834042527499902 -0.028939760191363621 0.53773817695877602 -0.014744757008414653 0.54181705233212274 -0.039328914397806454 0.10234802069036011 -0.11139144002158496 -0.059547577181891291 -0.00053332909889779504 0.0074300801822966859 0.0095517660271856545 1.4998398573753411e-08 -8.3203690205908841e-09 -8.32036902059345e-09 -2.7668605085887482e-05 -3.1054206948150116e-05 5.856980867849027e-06 -1.645107795852438e-06 0.32417732600275329 0.56475263549045862 -0.095763280807425438 0.047333591400696748 0.48034605272897152 -3.1834042527500759
0.022771811112761497 0.70589311097964513 0.022535497679155407 0.003660441136343986 0.017756263617864108 0.66436734454064994 0.018762777188036466 -2.2840044220921802e-33 0 0.00036076612327549977 0.7651354204600378 0.26131640968095804 0.24614618290941292 0.25805730193821602 0.72681953594463711 0.25883083644679311 -0.018210870654490102 0.028453881179026273 0.066136439088422275 0.029182922517558049 0.67584664043023424 0.26310303415457098 0.00036059877158790962 0.030235278544559201 0.017334998214734929 0.23346202396876958 0.022771811112761497 0.018377551150420571 -0.01772808651867077 -3.3027197883287531 0.036838650834126033 -0.033014151409156228 -3.3027197883287527 -0.035482837996578483 0.6657070756962612 0.013631229293497818 0.66970522835965773 -0.011095742915104536 0.12637977264319186 0.041929800138347156 0.025956582058573884 -0.01719171662954783 0.00084106668431603614 -0.015217999344023542 -9.3494892815764511e-08 1.6398460148888877e-08 1.6398460148884473e-08 -5.3709219510315398e-05 -4.8240145301104691e-05 -6.0659611475395445e-06 3.8071720394002752e-06 0.66436734454064994 0.72681953594463711 0.066136439088422275 0.030235278544559194 0.52347735899348147 -3.3027197883290444
0.040011744946241379 1.2310166043202213 0.038782602656628209 0.0077560253684602967 0.034047932688080054 1.190105641570832 0.035025930688252882 -5.6905770572298541e-33 0 0.00031386602840993228 1.0563217874908313 0.4350569644402435 0.42191146212263231 0.43193260543697498 1.0184646044005465 0.43231515465245363 -0.018110664995983669 0.12503077493560696 0.2661277971385444 0.12518621921274897 0.88546777848537783 0.43729587272124298 0.00031404950150259987 -0.18293827509236579 0.029832771274329394 0.40727280318012715 0.040011744946241379 0.034652601190114575 -0.2307521967770898 -7.2039980887941173 0.03661383814346951 -0.11483643358152676 -7.2039980887941164 -0.11725898066481234 0.87236887632431959 0.055302459515280809 0.87625451211284588 0.030313441072614335 0.16217144927307103 0.20430225531862764 0.12197821871615699 -0.22455568723152872 -0.081091944502782634 -0.014911577024401296 -1.1402433523674281e-07 1.4266637655000339e-08 1.4266637654994345e-08 -9.3934957202836957e-05 -7.6424764912225179e-05 -1.9969755645011063e-05 3.3821196808846252e-05 1.190105641570832 1.0184646044005465 0.2661277971385444 -0.18293827509236577 1.1235412099211093 -7.2039981094846031
0.035670813173055649 1.1807493105800089 0.040400450888443747 0.013007493216701624 0.035725848377224145 1.1406405053954951 0.035261065399810033 -7.8691199379162565e-33 0 -0.00018078905845926886 1.0509300763973377 0.41875399397195756 0.4100973717903551 0.41575650231805356 1.0136882292117002 0.41526192337458212 -0.017969256472415124 0.092442371765072293 0.20989342018155521 0.091867251762092872 0.87443683147409446 0.42400983049385799 -0.00018048029823321751 -0.25865035680524345 0.031077269914187498 0.39063798350273637 0.035670813173055649 0.034903887170009251 -0.3061281372830415 -8.7287452843616471 0.036260080546454979 -0.14707559019261079 -8.7287452843616471 -0.14601504564309353 0.86181421995554419 0.056344230387702289 0.86557188439449961 0.031075513138021135 0.15663430333485426 0.13251233864152479 0.088686581279483853 -0.29792926618596222 -0.11013084435811621 0.0070747932438546173 -1.6317574532905634e-08 -8.2176844754178928e-09 -8.2176844754240139e-09 -9.0060279277909963e-05 -7.4024490671690583e-05 -1.5510820280765654e-05 4.1790956317677653e-05 1.1406405053954951 1.0136882292117002 0.20989342018155532 -0.25865035680524345 1.3361991725531273 -8.728745734898169
0.018669605255126953 0.62843655942735288 0.027476731458698129 0.016115611983086007 0.02285299625365543 0.5889205432735648 0.021633490140720971 -5.5550872901102508e-33 0 -0.0004192639462930602 0.76223968097003048 0.23572218154488259 0.22842312242604962 0.23281237126572346 0.72548371820531732 0.23214150200075676 -0.017915700411547705 -0.021696233969779075 -0.019216203128292947 -0.022195305946927254 0.6624671501700925 0.24127270779081295 -0.00041922763399656677 -0.092557867382558195 0.021135947275921635 0.2078324595112398 0.018669605255126953 0.021289263405339567 -0.13976661901528201 -5.7392066679033764 0.035945928825313604 -0.084851655529937148 -5.7392066679033773 -0.081868109829800237 0.65315458058392206 0.021803031834764359 0.65680697613149552 -0.0036180894392610092 0.11668456115146132 -0.075313487683633815 -0.025368021302750447 -0.1359886893321024 -0.046220911200678928 0.019166502950617424 5.5737407451329746e-08 -1.9057452104226003e-08 -1.9057452104231214e-08 -4.7721085461810412e-05 -4.4251848303992048e-05 7.779890046378403e-07 1.6827759313859198e-05 0.5889205432735648 0.72548371820531732 -0.019216203128292905 -0.092557867382558182 0.86404538517144414 -5.7392066684383884
0.015934854745864868 0.37312718752853158 0.020923243962080378 0.016536601296785209 0.016333199409626787 0.33390156063793441 0.016131497437179745 -1.6726531070742846e-33 0 -8.5518918578530951e-05 0.58654082828586784 0.1502400104292263 0.13998457446764123 0.14739649699543847 0.5500458072990918 0.14747317966862558 -0.017957649517076939 -0.062016106283039739 -0.10911836491482027 -0.061758641267814662 0.53451702973178949 0.1519976304506537 -8.5777336474455437e-05 0.086738149348985591 0.016094803047754139 0.12332982010051302 0.015934854745864868 0.015795264551236962 0.039571070313850334 -2.3270836285113616 0.03578561362027137 -0.013637997585864261 -2.3270836285113612 -0.012853909945497547 0.52700466116587863 0.0036713651219889773 0.53058262408261414 -0.021784979091328916 0.094676590089731394 -0.14127991020489217 -0.06494435746221322 0.038583536113670949 0.022710361127446514 0.0052482547920405589 -2.9700041410195879e-09 -3.8872235717495698e-09 -3.8872235717521382e-09 -2.8155420355084912e-05 -2.9523509500132204e-05 6.7256879654972627e-06 -6.8053484525744593e-06 0.33390156063793441 0.5500458072990918 -0.10911836491482027 0.086738149348985591 0.35286976775237155 -2.3270836285113625
0.032532963901758194 0.75749527367744407 0.031510814515052055 0.01723455153835007 0.026956811060223369 0.71859515840202692 0.028007503152500311 -1.6599423919413904e-33 0 0.00041301694379198222 0.78121435353652202 0.27649333394627157 0.26156579187338946 0.2737486838712932 0.74496881621515443 0.27451204855049655 -0.017966166144032545 0.040887677309067352 0.09086544395277997 0.041605299910646196 0.68821289837342825 0.27243024337206756 0.00041286921989158677 0.019341381485118821 0.02423908808850158 0.25055153059779689 0.032532963901758194 0.027680535452733763 -0.027854924470186983 -3.3848030597392555 0.035680388232763434 -0.035865104448449203 -3.384803059739256 -0.038749190773749775 0.67829164898149585 0.036532010454798876 0.68179188518039757 0.010999914165555298 0.12349555115027355 0.045496743688654077 0.038414045827309846 -0.027050895268862379 -0.003219811790348854 -0.01786373149124372 -1.0324315848988189e-07 1.8773497445092803e-08 1.8773497445087698e-08 -5.7610757781382733e-05 -4.9372525466623177e-05 -7.8099072119671223e-06 5.5453087377948692e-06 0.71859515840202692 0.74496881621515443 0.090865443952779901 0.019341381485118818 0.53875488821133422 -3.384803059739701
0.044171374291181564 1.1615205925584777 0.043925822252660646 0.020249885131821965 0.039427298588454882 1.123239252943999 0.040081446169609923 -5.5176399141750492e-33 0 0.00022790807947721582 1.0162166687725891 0.41037339588146282 0.3989626664139771 0.40776012551791019 0.98042225671279803 0.40791394176091678 -0.017858464785897827 0.11789322386749956 0.25386093279723204 0.11786502329490983 0.85427661646975173 0.40837260402436665 0.0002281109336726081 -0.1936530413455145 0.033789094040508186 0.38428052417367037 0.044171374291181564 0.039769696151358065 -0.24068130361993895 -7.3290165128257545 0.03544663325797693 -0.11859420691377889 -7.3290165128257581 -0.12044035207229181 0.84202550478647442 0.070258729125917935 0.84541673371536286 0.044528637004446835 0.15166558324977966 0.17386199000795227 0.11469379561100325 -0.23422240923544477 -0.085079196087857786 -0.01130696757254652 -9.3652726379225885e-08 1.0359458158060253e-08 1.0359458158052325e-08 -8.8562126382036167e-05 -7.1388526616685482e-05 -1.8971611883713397e-05 3.4763693551506663e-05 1.123239252943999 0.98042225671279803 0.25386093279723199 -0.19365304134551456 1.1391757160141893 -7.3290165396640452
0.033166397362947464 0.92130943108790819 0.039446074670153458 0.023643673039553233 0.035010792466473185 0.88372708452768689 0.034178629972577083 -6.9738860019243022e-33 0 -0.00027405982591500446 0.911219764910842 0.3312027270545479 0.32411237044067881 0.32870133745801566 0.87596044332974921 0.3280437249141504 -0.017738864390419853 0.057792257906475096 0.14122650865884046 0.057149761423566231 0.77134446009505897 0.33228179906085492 -0.0002738215417016751 -0.21474310874375285 0.030343134361656508 0.30477659245544342 0.033166397362947464 0.033883941396551813 -0.26145526043633244 -7.8573346388216452 0.035108471375964068 -0.12997600845460444 -7.8573346388216416 -0.12821562944229492 0.7605669582428719 0.058388902947499578 0.76384336177039203 0.032472451637108615 0.13400440113454617 0.056757005620469952 0.054001094195013193 -0.25444484773606324 -0.093122522420612974 0.011450132232134817 1.526689433200392e-08 -1.2457264814315789e-08 -1.2457264814323806e-08 -7.0140446783858597e-05 -5.8896025064156527e-05 -1.0563757553105429e-05 3.493293763926822e-05 0.88372708452768689 0.87596044332974921 0.14122650865884054 -0.2147431087437528 1.1977218250068409 -7.8573347179116393
0.014641798101365566 0.31310243221300216 0.023673603915117421 0.024341085728692528 0.019285155080021755 0.27592145355691799 0.018051639171448981 -3.9317982511464553e-33 0 -0.00042726174313575309 0.57389388699869492 0.12961383315320904 0.12386608445075162 0.12717954546896545 0.53897585938578185 0.12651796188329809 -0.01772579737537789 -0.062504668757115758 -0.1019343540488271 -0.062927876382606135 0.51922230564850524 0.13125638262688483 -0.00042735666219958926 -0.011815712324275359 0.01821046455009032 0.10347018689452327 0.014641798101365566 0.017768731924914471 -0.058335570642898307 -4.1685349327875425 0.034848591655956614 -0.05307264806315528 -4.1685349327875425 -0.049978432343371772 0.51223337426952942 0.016784896891670717 0.51542552680312803 -0.0091780235512732428 0.088148240691983029 -0.15680579717827456 -0.066077457869387735 -0.056722732542767815 -0.015069230009848958 0.019802886437143351 6.653050688401738e-08 -1.9420988324350239e-08 -1.9420988324353729e-08 -2.3529587516616837e-05 -2.5996482535857872e-05 6.6376104868253429e-06 5.2175319835889074e-06 0.27592145355691799 0.53897585938578196 -0.1019343540488271 -0.011815712324275352 0.62169724661304315 -4.1685349327916885
0.014181532897055149 0.1460292729757719 0.018277069397553844 0.022665871302008526 0.013917187213205742 0.10896065559711732 0.013939196900365167 -6.1903972621001757e-35 0 -4.6045644684632634e-05 0.40788819012465322 0.073403196574868365 0.065526918927588579 0.071012733910518516 0.37309746739360233 0.071142808822289516 -0.017802932313055596 -0.092641945230882539 -0.17134720847513041 -0.092318587152379047 0.38673290970013813 0.072379402850162811 -4.6422503771880098e-05 0.15956217634418832 0.014059284151964491 0.048171865397439478 0.014181532897055149 0.013662901512872598 0.11299311693851878 -0.8909695913586867 0.034753166340894134 0.015390028996933175 -0.89096959135868659 0.015907219862847689 0.38150277769849522 -0.0021512580837148277 0.38464271871596117 -0.02805958032785448 0.066530632359942013 -0.20036629841060566 -0.09548886655013672 0.11005341677238518 0.050796064805648029 0.0034840038202855073 -1.1034710301756109e-08 -2.0929838492975412e-09 -2.0929838493016428e-09 -1.0736175441672331e-05 -1.571156669339634e-05 1.1128598865641419e-05 -1.701614736206875e-05 0.10896065559711732 0.37309746739360233 -0.17134720847513041 0.15956217634418832 0.13362943916868952 -0.89096959135868636
0.030011877417564392 0.56634074233282861 0.028965140250457322 0.021854720165196882 0.024637849424586911 0.52947090789654938 0.025695267312248148 -1.0478202893908705e-33 0 0.0005287262169307766 0.65646067714996226 0.21157438522343017 0.19670115328262802 0.20927487118928723 0.62181089097388043 0.21014148969620811 -0.017824093928304953 0.044526656797307503 0.096546781402587267 0.045358805054081665 0.5944380145412238 0.20255477342409456 0.00052853830737856601 0.044476628010645815 0.022280877115736401 0.18728988226912571 0.030011877417564392 0.025427318652728213 -0.0021824059884040848 -2.8025510395964073 0.034693357755651529 -0.024652653225900188 -2.8025510395964064 -0.028379227909304455 0.58592586798265334 0.040244882391698267 0.58900564509009667 0.014316925009017515 0.10583484691895147 0.049785494633817817 0.042180263196876469 -0.0020616789223452622 0.0065168275359827324 -0.023220352484084151 -9.7543803507152894e-08 2.403300986049251e-08 2.4033009860488073e-08 -4.2953416591089899e-05 -3.7844588462560851e-05 -8.2780164150124015e-06 2.5441834732993679e-06 0.52947090789654938 0.62181089097388043 0.096546781402587281 0.044476628010645815 0.45450831899200211 -2.8025510395964424
0.035685837268829346 0.84292720091147022 0.037092253640611722 0.023270405250395379 0.032814188014491159 0.80652345177062024 0.033139416268191085 -5.9368485275182442e-33 0 0.00014683287799694493 0.8534211145667584 0.30370993254238632 0.29513041394183664 0.30153358796788921 0.81910059719809447 0.30143861454841459 -0.017712718683292435 0.10525616149806387 0.231192114193986 0.10500351318442806 0.73131873895926169 0.29968070191452656 0.00014703529595770895 -0.19270099144967234 0.028532502800470552 0.27883787112262892 0.035685837268829346 0.032884773105169886 -0.23919688799550598 -7.2568627507052259 0.034466645557655787 -0.1180444722101926 -7.256862750705225 -0.11937320973303012 0.7209135985290821 0.067994603660176622 0.7238974628168795 0.041903216857169738 0.1287517114624378 0.14882248544040877 0.10184582497626651 -0.23277856801208446 -0.084641089928108926 -0.0081076329850040436 -5.9597109865097704e-08 6.6742217271382998e-09 6.6742217271312795e-09 -6.414602561644544e-05 -5.3802620677400512e-05 -1.7212740760646959e-05 3.4105860223625757e-05 0.80652345177062024 0.81910059719809436 0.231192114193986 -0.19270099144967234 1.1248725479103547 -7.2568627734891127
0.019295671954751015 0.45154088989417335 0.027320012764209249 0.024398597833130385 0.023091318422371356 0.41558475155444902 0.021989453882515501 -6.5206489642865588e-33 0 -0.0003601553798316695 0.65693658928202359 0.17451199061810074 0.1697118937349526 0.17242224946322543 0.62296899799824224 0.17165544421342838 -0.017622486153292732 0.016473688823086464 0.058920329920379946 0.015798173227083465 0.58057537664585757 0.17333983690581464 -0.00036001387727120139 -0.15524700832433569 0.021015394434007111 0.14929621546675678 0.019295671954751015 0.021747617948440628 -0.20146252302748568 -6.7188540287883969 0.034153923034688359 -0.10709724462694269 -6.7188540287883978 -0.10467401784509885 0.57259510612711717 0.043391841108543737 0.57548704615816104 0.017182949254951931 0.099555904318913771 -0.016103892415716529 0.012656588519722515 -0.19604730757895705 -0.070184819256207717 0.015586854427006913 5.2169063695520656e-08 -1.6370699083254642e-08 -1.6370699083259601e-08 -3.4149401774062426e-05 -3.3082027489132714e-05 -4.6709014082263658e-06 2.5933255599559571e-05 0.41558475155444902 0.62296899799824224 0.058920329920379946 -0.15524700832433566 1.018383530555103 -6.7188540351115567
0.0011744432849809527 -0.14705651921457139 0.010391871998785815 0.022593006762071769 0.00619086153742984 -0.18291599792534965 0.0050723770488545327 -1.8878000023032642e-33 0 -0.00063760093387300334 0.1959296473020718 -0.023520368904253922 -0.020775681597649077 -0.02560041629862846 0.16210842934934314 -0.026539830199615661 -0.017674680559781664 -0.16210943228784416 -0.2982188336142218 -0.16277033041295313 0.18926619818957047 -0.017293335872136578 -0.00063792592459895319 0.12858356911712898 0.0079937476913736986 -0.048830613992094089 0.001174443284980953 0.0048365902997207291 0.082452300791182945 -1.5929636389617758 0.033967650003708647 -6.2510468644613035e-05 -1.5929636389617761 0.004567551872492452 0.18703865199134004 -0.023815016163751701 0.18988149007095478 -0.049969069469559098 0.029878956608043426 -0.32838570302699688 -0.16592721394456278 0.080323207199682084 0.038946829165667537 0.029326055340307626 7.7918021590207204e-08 -2.8981860630591187e-08 -2.8981860630590442e-08 1.1713659116875556e-05 2.7674319086839534e-07 2.0774983847053436e-05 -1.5960920794316964e-05 -0.18291599792534965 0.16210842934934314 -0.2982188336142218 0.12858356911712898 0.21581767832748466 -1.5929636389617761
0.0038854409940540791 -0.18678473808465623 0.0073113640017279744 0.019025305554914784 0.0031209449728049629 -0.22278718260687522 0.0034183475958493026 4.4978376985015963e-33 0 -0.00023474071222417251 -0.10159216265749808 -0.037416100550051221 -0.033197585301576925 -0.03955240848119098 -0.13541557505176832 -0.039640042843094948 -0.017873698902135797 -0.24494135725536276 -0.47400982992765139 -0.24476642252831973 -0.097230633377225192 -0.029204722611443568 -0.00023553285815012273 0.41226384400619137 0.0056241261551753623 -0.06198044430592748 0.0038854409940540791 0.0031838893174425831 0.36585658556143458 3.7369672837901522 0.034024795371066084 0.11147842107453604 3.7369672837901518 0.113420496995416 -0.09562594274710752 -0.07075895573469218 -0.092779848938094378 -0.096708279882830248 -0.016999052594865838 -0.45577857127430144 -0.24797086209647654 0.35619718699628733 0.14793356770149069 0.012207792398846951 -1.4926631417263283e-08 -1.0670032373827548e-08 -1.0670032373822332e-08 1.4739510653669699e-05 5.8338964633918143e-06 3.278707002829082e-05 -5.4009227599641774e-05 -0.22278718260687522 -0.13541557505176829 -0.47400982992765139 0.41226384400619137 -0.58729063100717482 3.7369672837917283
0.018916312605142593 0.27218866646431755 0.018340114064542723 0.016993046472205342 0.014166995220408079 0.23619384617513342 0.015218915433202784 2.9355999497412943e-33 0 0.00090166100259146773 0.26573648177130632 0.11297666233839773 0.098298676000651036 0.11087782741721446 0.23191625532720617 0.11224925832255989 -0.018002888427806701 -0.0055094032664235373 -0.010920988612369223 -0.0040693484791009581 0.25448911126757223 0.1018620094475427 0.00090113198921644444 0.25160922267339736 0.014107780049648246 0.089933461457449348 0.018916312605142593 0.01498825508371208 0.20481865088946433 1.156924781464399 0.03416606512655769 0.057650559860816054 1.156924781464399 0.051344671367427604 0.25039631372129401 -0.0022434821373098312 0.25323945802745357 -0.028101373771971572 0.051210836184465362 -0.012876720388125104 -0.0073057669827763377 0.19943868129312611 0.08606384294246007 -0.039651968432130265 -8.357569194532732e-08 4.0984591026885757e-08 4.0984591026886022e-08 -2.0445789010234065e-05 -1.8843679116914433e-05 -9.9781403525333123e-07 -2.4812365326275723e-05 0.23619384617513342 0.23191625532720619 -0.010920988612369223 0.25160922267339736 -0.13838642649554261 1.1569247814643993
0.019371919333934784 0.43478293884197949 0.022699804571378452 0.017089277152557175 0.018558180111659401 0.39903919719723407 0.018592548225561514 -6.5043510467764651e-33 0 0.00039970159859354 0.61637283463544679 0.16789275607401252 0.15919424140494154 0.16592139139287948 0.58269087510716255 0.16592221750188438 -0.01788979793426252 0.1347013337965238 0.28920601391319684 0.13452482163895962 0.55401343221666022 0.1614432130572746 0.00039988818401079661 -0.18357996965728096 0.017461388131829576 0.14375089296504356 0.019371919333934784 0.018369765867174988 -0.2303231263015911 -6.9765880374964322 0.034024384591963698 -0.11261503856698359 -6.9765880374964304 -0.11588391965701013 0.54559782095345821 0.053587003830590042 0.54837260498807494 0.027539852805892984 0.10351358051953996 0.22584792213883184 0.13130966163227631 -0.22414077452169459 -0.081250195862706556 -0.020454659240263073 -2.1322414186380845e-08 1.8168254481529852e-08 1.8168254481523569e-08 -3.290801475854932e-05 -3.1794589638993712e-05 -2.1403924358806042e-05 3.4238175275295417e-05 0.39903919719723407 0.58269087510716255 0.28920601391319689 -0.18357996965728096 1.0940878945508532 -6.9765880503381856
-0.00012220327334944159 -0.049982208003369048 0.0094176851238306509 0.016382385966454475 0.0053016776927450222 -0.085570609368162895 0.004062728427253217 -7.9042362835350989e-33 0 -0.00053329009454746302 0.34746993490878092 0.0083442416202584753 0.0094480326256678841 0.0064294890506494465 0.31393973911909329 0.0053752946040317509 -0.017790006074541068 -0.0070954617992285687 0.01591343029904943 -0.0080896741474170645 0.32727548749709418 0.011104958369847954 -0.00053314409026495875 -0.15846453166373436 0.0072443731721774218 -0.016698858657889247 -0.00012220327334944145 0.0038455010165500234 -0.20490841927137352 -6.8134913876285612 0.033700522554458837 -0.10952067004839025 -6.8134913876285621 -0.10591122473260303 0.32250798915562923 0.013296336590197329 0.32521339637822416 -0.012899762086110213 0.059694850195153769 -0.036880951364625929 -0.011286702752998463 -0.19940183994176017 -0.071533041052634819 0.023017216660404259 8.4419240210623828e-08 -2.4240458843063825e-08 -2.4240458843067497e-08 4.2370578051570685e-06 -6.3756339618775925e-06 -1.4193815421976639e-06 2.5453343982092229e-05 -0.085570609368162895 0.31393973911909329 0.015913430299049434 -0.15846453166373436 1.0255169535318502 -6.813491395359291
-0.015367978252470493 -0.56737358753446432 -0.00633994700838758 0.012819093341142864 -0.010454163129545415 -0.60316747900154311 -0.011323322176228397 6.6923753714623326e-34 0 -0.0011472804355952605 -0.37282161912365519 -0.16223572969849845 -0.14232450194353569 -0.16425642441049618 -0.40634083961077044 -0.16579390778701009 -0.017929794405174788 -0.32953682425341568 -0.6255230150586486 -0.33078010670361879 -0.35767541622114701 -0.13963639663211627 -0.0011479217122281349 0.32033434900307928 -0.0048768823141442938 -0.18794868586051661 -0.015367978252470493 -0.011542266788634944 0.27388433252719302 1.7690618836890548 0.033571099916027455 0.069871975233042255 1.7690618836890548 0.078205378139940829 -0.35237556474449694 -0.10842727220437177 -0.34966973520920719 -0.13449089766086023 -0.062113392124327649 -0.60094396057174737 -0.33401185971908043 0.26666846700018343 0.11253493080329907 0.052466076182646842 8.139811625182084e-08 -5.214911070888028e-08 -5.2149110708874172e-08 4.386962332611478e-05 2.5520932533678417e-05 4.4445279439003077e-05 -4.6012466380658179e-05 -0.60316747900154311 -0.40634083961077044 -0.6255230150586486 0.32033434900307928 -0.3247066788089687 1.769061883689055
-0.0083136437460780144 -0.44480108265501345 -0.005622847486340116 0.0083326917001669328 -0.009748250413424548 -0.48095449239097943 -0.0091338101427022207 9.2153084156781574e-33 0 0.00018309622835845148 -0.55702568024037702 -0.12363710717080952 -0.11996251634168924 -0.12579370003117232 -0.59068000239163687 -0.12506884566177801 -0.018265683633054763 -0.30816166106379511 -0.61145851363613535 -0.30706441905714321 -0.50344503688088127 -0.1159640003018769 0.00018189230786246104 0.66162765156512371 -0.0043252672971847064 -0.14738001446187141 -0.0083136437460780144 -0.0093578825342793097 0.61459961979637812 8.4295082326180388 0.033830988581082674 0.2094415050340141 8.4295082326180388 0.20861090772989305 -0.49671878796971025 -0.12987971739989068 -0.49394152489798793 -0.15562577871162184 -0.080239806151421955 -0.52925100241943612 -0.31037383371859384 0.59752030194105699 0.24327852657428073 -0.005371652800297071 -2.2217846557468287e-08 8.3225558344661265e-09 8.3225558344788568e-09 3.4454169239089762e-05 2.351927355485724e-05 4.2003223401457114e-05 -8.6951971978828805e-05 -0.48095449239097943 -0.59068000239163676 -0.61145851363613535 0.66162765156512371 -1.2918494069991842 8.4295084853667213
0.0063220313750207424 0.054528490658820775 0.0063454057215685629 0.0060548901474379042 0.0022196668612841754 0.01824079789687507 0.0032571458979601385 3.4648147934338877e-33 0 0.00093937211668228011 -0.075858259839930678 0.041303810100793717 0.03555656079546167 0.03915039327137055 -0.10960830852076527 0.040247201225980217 -0.018413235021688741 -0.034680191713306753 -0.064522344514290397 -0.033601800223301365 -0.076022736116864414 0.039467139555985062 0.00093873685296777748 0.3149115910435093 0.0048810813242835096 0.017890722409493576 0.0063220313750207424 0.0030315639728885815 0.26734590297417105 2.3227889332116001 0.034081949702908183 0.081954325414928003 2.3227889332116005 0.075179984261434199 -0.076115571549979152 -0.049424442747924811 -0.073304860268392488 -0.075115017865585679 0.0015804654167250898 -0.028670350607482773 -0.036947284163749566 0.26030494035671681 0.11015779351308352 -0.042859482526733585 -7.0009944726212484e-08 4.2698732576463643e-08 4.2698732576468043e-08 -3.8239881352886197e-06 -5.8081664449438119e-06 3.0194846344227614e-06 -3.351456633982766e-05 0.01824079789687507 -0.10960830852076527 -0.064522344514290397 0.3149115910435093 -0.31459451716281789 2.3227889332116001
0.0029247011989355087 0.12282232728527147 0.0079853475719603821 0.0057567259886920057 0.0038720348523863758 0.086623724548711048 0.0036704393117857662 -6.5032148439447278e-33 0 0.00054811163252991993 0.3019746282642744 0.064593138136569431 0.056374172690755335 0.062526286474934495 0.26825820481757395 0.062787225284641909 -0.018324824153364595 0.13286464519635091 0.28232729352861546 0.13298373518983345 0.28648310482013989 0.059370912898660477 0.00054821931573210557 -0.1370188985180712 0.0061425750553541396 0.040495476291653398 0.0029247011989355087 0.0034468701586350872 -0.18460725288222837 -6.0981649279652954 0.033987788573269097 -0.094277088007644311 -6.0981649279652954 -0.098549042275567031 0.28112418220232616 0.016179283231150976 0.28390293698198021 -0.0097306555680671709 0.065324236032798036 0.25975170405773662 0.12965401019507883 -0.17963910204440642 -0.063609699353169624 -0.026779640997430493 1.1109977865947409e-08 2.4914165114999225e-08 2.4914165114996168e-08 -9.060201996325055e-06 -1.3956566721423077e-05 -2.1114246386309489e-05 2.8550557433200262e-05 0.086623724548711048 0.26825820481757395 0.28232729352861546 -0.1370188985180712 0.96523176467712257 -6.0981649297930867
-0.017019782215356827 -0.39527653912872318 -0.0066174281483632668 0.0042650903564361046 -0.010727895602452615 -0.43153418375330027 -0.011969484209116907 -7.9029336528399196e-33 0 -0.00081974051328644298 -0.060814436265612365 -0.10509129648377459 -0.092175928058837522 -0.10716365678628131 -0.094493259937093108 -0.10868796236637601 -0.018246971400874439 -0.081067254190363328 -0.12512153026318298 -0.082582798691708675 -0.060434042805715446 -0.089163467020784273 -0.00081970320608854442 -0.093841045615495486 -0.0050903293448948204 -0.13098800976371358 -0.017019782215356827 -0.012194448432345075 -0.1411685035223168 -5.748246326146127 0.033689151959417497 -0.087250308419292169 -5.748246326146127 -0.081666869850742244 -0.060289763140083212 -0.047919972060410689 -0.057546729000946768 -0.074012131245135074 -0.00077121083675622099 -0.13420160570623096 -0.085899363965085893 -0.13735500953720942 -0.046957592574258515 0.035310247458251502 1.0266667623429005e-07 -3.7260932422110052e-08 -3.7260932422110919e-08 3.0636915818009437e-05 1.305625489157237e-05 8.9267480035677096e-06 1.4781199772462593e-05 -0.43153418375330027 -0.094493259937093108 -0.12512153026318298 -0.093841045615495486 0.8492926591804193 -5.7482463266444777
-0.027047239243984222 -0.77157636706301302 -0.018883465490527131 0.00023705101094309024 -0.023013589660459348 -0.80822292573114096 -0.023527341427019975 2.0530924080390358e-33 0 -0.00077832728722657314 -0.657702673342481 -0.23010481464838037 -0.21363539509077525 -0.23232847469603748 -0.69149072931520916 -0.23306836273560255 -0.018443830060263174 -0.32146395576946496 -0.61895921607080462 -0.32188775275438197 -0.59899896775979888 -0.20916178534557411 -0.00077912283793570502 0.41248551844648357 -0.014525742685020873 -0.25553915524273779 -0.027047239243984222 -0.023760432384571355 0.36502652621260501 3.5423727683201909 0.033642828593501324 0.10703415354550591 3.5423727683201913 0.11291838964740902 -0.59107665414904509 -0.14406658273555695 -0.58828983463154161 -0.17002554847726983 -0.095005323224990404 -0.54667267017427246 -0.32525164190776451 0.35538960060021807 0.14766331369175584 0.037088075757840601 6.9932060838574238e-08 -3.5378513055759195e-08 -3.5378513055751254e-08 5.9455814542734375e-05 3.8211532736381678e-05 4.3454780512045018e-05 -5.6930022451376396e-05 -0.80822292573114096 -0.69149072931520916 -0.61895921607080462 0.41248551844648362 -0.58222465340847074 3.5423727683215747
-0.014815446920692921 -0.47121982460955064 -0.013171456355448198 -0.0037757645132920729 -0.017327403933475847 -0.50829794763822522 -0.01639157293388277 6.3817411187571836e-33 0 0.00046441691427877372 -0.58032710058068893 -0.13212035743011508 -0.13000932263324083 -0.13445558134498714 -0.61433384624822496 -0.13346435294150383 -0.018715105548320128 -0.20892666014561462 -0.41370411015630643 -0.20774516859346887 -0.52071965628754835 -0.12449144606397669 0.00046341282868201332 0.53844507056753388 -0.010131889504190921 -0.15612671917522963 -0.014815446920692921 -0.016634105307544143 0.49043369996627983 6.2480220826201913 0.033890625539826968 0.16387023323131655 6.2480220826201931 0.16088023681649596 -0.51455969476064845 -0.12697030237777909 -0.51169504871318017 -0.15275034815992641 -0.074402704478831072 -0.32134290364162676 -0.2111725299726134 0.47746506273352191 0.1959452343410974 -0.018956283829703127 -3.869485929470122e-08 2.1109859739938585e-08 2.1109859739948497e-08 3.6419015980479599e-05 2.4187866016551779e-05 2.7833230416857052e-05 -6.7861594085655527e-05 -0.50829794763822522 -0.61433384624822496 -0.41370411015630643 0.53844507056753388 -0.94255443508403924 6.2480220846149495
-0.00031220944947563112 0.056301654441865731 0.00012953849187226577 -0.0050294983764013557 -0.0040361834274015296 0.019091077064573921 -0.0030421770125315536 -1.0337796195530557e-33 0 0.00090566688651308252 -0.039455325520209132 0.042453305953212506 0.036403901132299687 0.040136085598539054 -0.073561158086157208 0.041181597717311627 -0.018766036224290884 0.054194422581404847 0.11588099855163961 0.05508547443928246 -0.042517531017329899 0.041665767197939858 0.00090534130044654269 0.12522190155394811 9.9644993747897769e-05 0.018475150078371572 -0.00031220944947563123 -0.0032890824213054775 0.07686847293020882 -1.1914006242740245 0.03401083680627108 0.0083791774067277346 -1.1914006242740245 0.0017396469453050051 -0.043667366475498071 -0.039666489927954941 -0.040779074138267618 -0.065549596128078036 0.013684374796610452 0.14983859475840239 0.051643210262766526 0.074889302987163425 0.036981979433660168 -0.041854944316946342 -6.3337722804888127e-08 4.1166676659685091e-08 4.1166676659686276e-08 -4.0139230412691751e-06 -7.183555005038121e-06 -9.7423364603820631e-06 -6.6412660143602668e-06 0.019091077064573921 -0.073561158086157208 0.11588099855163961 0.12522190155394811 0.22520188349694201 -1.1914006242740247
-0.0062227211892604828 0.042761076502933516 2.5141098571249601e-05 -0.0045786032430928424 -0.0041382116243226389 0.0056186089494618969 -0.0045305625906818725 -9.6838896764139913e-33 0 0.00030285087350855169 0.25195191568318231 0.038891287847721848 0.03359260794382618 0.036650586902340083 0.2178835312166533 0.036645520910780167 -0.018621995116540641 0.15390202691986388 0.32870364131726709 0.15370125591858963 0.23790175854479861 0.038022083169233757 0.00030314067141925567 -0.24884102181428353 1.9339306593269624e-05 0.013993794856220671 -0.0062227211892604828 -0.0047786043292310874 -0.29703309539343659 -8.2439104164272212 0.033790111053741169 -0.13935271261853527 -8.2439104164272212 -0.14188291093445393 0.23290538567301391 0.0093323704355237035 0.23575717277100008 -0.016865249583610561 0.060533395198325429 0.31045402567638841 0.15028686956104428 -0.28907734290591452 -0.10680385471507083 -0.015679116218569492 3.0725890638921159e-08 1.3765948795847275e-08 1.3765948795845043e-08 -2.9742963704091387e-06 -1.0502441807002573e-05 -2.4239646898232989e-05 4.3158386615227363e-05 0.0056186089494618969 0.2178835312166533 0.32870364131726709 -0.24884102181428353 1.2843414154246777 -8.2439105947920375
-0.024315912276506424 -0.46173386632888519 -0.013973249982126679 -0.0056494532307140776 -0.018145394088757098 -0.49898955282288138 -0.0192836650520927 -8.4250039122940371e-33 0 -0.00094784714844228335 -0.18175104472734741 -0.12650297170628733 -0.11110907781931739 -0.12877958151938909 -0.2157930483272108 -0.13030079975105832 -0.018550740936336896 -0.1008820020338153 -0.16436178014241179 -0.10239886544788825 -0.17749732972294402 -0.10638188842396795 -0.00094782011214614658 -0.088567763768937727 -0.010748653832405135 -0.1529871696291244 -0.024315912276506424 -0.019536655898550928 -0.13644404525903472 -5.7021121171452487 0.033451275685926818 -0.086518230083127562 -5.7021121171452487 -0.079931301804554017 -0.17593340190568069 -0.067928608461130927 -0.17310700766283973 -0.094325967979987074 -0.018269111897691877 -0.1564745292913596 -0.10580163978574916 -0.13275590426781314 -0.045119627185887037 0.041699875906750512 1.0168630591394432e-07 -4.3083961292830422e-08 -4.3083961292831037e-08 3.5683111257317314e-05 1.6969343888608327e-05 1.1710018876349043e-05 1.3390316666040509e-05 -0.49898955282288138 -0.2157930483272108 -0.16436178014241179 -0.088567763768937727 0.83580339638319112 -5.7021121175695351
-0.027601534500718117 -0.66317622051857339 -0.02109907216459531 -0.0088053411781366508 -0.025298390099989174 -0.70081543483203246 -0.025405577649589874 1.5901085848324249e-33 0 -0.0004917747097044347 -0.6235905931139748 -0.19419619167321606 -0.18258668377416842 -0.19661769000260046 -0.6577487425698354 -0.19680883533573124 -0.018741517151707687 -0.26643029923753681 -0.51474139105431149 -0.26635793251544543 -0.56674126137928904 -0.17648657345205399 -0.00049252621910419797 0.38471266126132903 -0.016230055511227161 -0.2196629328300512 -0.027601534500718117 -0.02566886359731094 0.33669660929255413 3.1233126513345391 0.033411539014565735 0.098042314394645252 3.1233126513345391 0.10194149695548031 -0.55963388885716303 -0.13733535454227483 -0.55675749454812107 -0.16363291407049638 -0.085512682370130974 -0.435572785871013 -0.2698066994244287 0.32781265273468024 0.13679422611322323 0.024673000579535264 4.1120657519304546e-08 -2.2353395895662507e-08 -2.2353395895652243e-08 5.1106499216172647e-05 3.2664815948934033e-05 3.5710343417842695e-05 -5.1318760755796899e-05 -0.70081543483203246 -0.6577487425698354 -0.51474139105431149 0.38471266126132903 -0.50532015153442944 3.1233126513347127
-0.010264884680509567 -0.19942536140168823 -0.010052522307290387 -0.011060101609528731 -0.014276828792068583 -0.23737202201882415 -0.013070538668521528 3.3963680945779344e-33 0 0.00056288774101914446 -0.39709098497645734 -0.041742669223045321 -0.041323118189427216 -0.044242427966344637 -0.43139675891147589 -0.043184663518446111 -0.0189321492960315 -0.11800774855830935 -0.23064066758358606 -0.11691349610926123 -0.37441874709865774 -0.034531600615428024 0.00056214075087689932 0.38127061684149494 -0.0077327094671464508 -0.066168846257878708 -0.010264884680509567 -0.013342903929083218 0.33281991515126169 3.4040737259610014 0.03358383805569938 0.10408362654326019 3.4040737259610014 0.10026140299534562 -0.37060267472121383 -0.1006445978381441 -0.36766643262092386 -0.12687492835123834 -0.04623948601668517 -0.15478562184107239 -0.12040801633278171 0.32403940112806801 0.13535443380995293 -0.024113849317157078 -6.5489771246243479e-08 2.5585806409956319e-08 2.5585806409960836e-08 1.5556603446648517e-05 8.8166761735392149e-06 1.4826768614195258e-05 -4.4921719106317156e-05 -0.23737202201882415 -0.43139675891147589 -0.23064066758358606 0.38127061684149494 -0.4997398003806624 3.4040737259611697
0.0037274367641657591 0.32294124017482684 0.004277055655489778 -0.010253172186623367 4.8891731951176857e-05 0.28504259730162851 0.00093688215381676487 -5.6860743464012277e-33 0 0.0011738174946686565 0.30721037944413865 0.13059483373349279 0.1134310943319199 0.12817995165834509 0.27289231147693277 0.1296665426175414 -0.018870380047536679 0.21344776617776778 0.43002740829014141 0.21469829156190243 0.29051507108484897 0.11928391459357487 0.0011738905068252028 -0.11767979771267245 0.0032900428119152151 0.10672745918864784 0.0037274367641657591 0.00066191149645823438 -0.16625329209062015 -5.5419869819203651 0.033558889959270609 -0.083063564859751568 -5.5419869819203651 -0.091636832373231586 0.28444167352702415 0.019652958322897932 0.28736901868424047 -0.0068134986805333513 0.073233740828285321 0.42961168866925675 0.21121368027345536 -0.16177250944185387 -0.056514756749322971 -0.053750636948959186 -6.5223941866117102e-08 5.3355340666760751e-08 5.3355340666757363e-08 -2.4471315154314693e-05 -2.3347186942059464e-05 -3.2356357554090197e-05 2.9405393302116217e-05 0.28504259730162851 0.27289231147693277 0.43002740829014141 -0.11767979771267245 0.90661215166545306 -5.5419869825764252
-0.0039119953289628029 0.22529187996127312 0.0028388649206028183 -0.0082113883433420753 -0.0013817178180381947 0.18760526595056537 -0.0019449089748778509 -1.5024621224841979e-32 0 -3.9390142022842963e-05 0.52927845719359046 0.10007274827686322 0.096095474954309201 0.097781693268536723 0.49509210386458152 0.097221050401799597 -0.01859609169237245 0.2285802724031866 0.48654319836626997 0.22769227690444019 0.47846256924297137 0.10063930288802367 -3.8690134336448409e-05 -0.49832082437704911 0.0021837422466175556 0.074407782324667118 -0.0039119953289628029 -0.0022195272143650051 -0.54641755078671617 -12.893794698899562 0.033126787272585757 -0.23726275872211422 -12.893794698899564 -0.23749901835201276 0.47023841518452436 0.050671471516479917 0.47308481787043999 0.023759822525951792 0.09995577226927943 0.42631832157216648 0.22426412923779704 -0.53183581815373482 -0.20275327653643904 -0.0010523325926358647 3.6009959885054443e-08 -1.7904610010355656e-09 -1.7904610010404982e-09 -1.6978279601346656e-05 -2.2797972563523025e-05 -3.5070442547866823e-05 7.6703270540379013e-05 0.18760526595056537 0.49509210386458152 0.48654319836626997 -0.49832082437704911 1.9852883524066298 -12.894123811422991
-0.018749101087450981 -0.24000111506935701 -0.0094043018765564423 -0.0080183965550716055 -0.013628847897146489 -0.27768172037931343 -0.014603023591675892 -1.0722649803311765e-32 0 -0.00085691980370853087 0.095966386953897739 -0.053452921380304136 -0.047222367631335263 -0.055748189768501231 0.061881690363297978 -0.056808433549548218 -0.018474308330481186 -0.020748331744520346 -0.0098288242886066853 -0.021799160064676366 0.090438244745528501 -0.042698354911302826 -0.00085667838679426322 -0.21864741385857475 -0.0072340783665818765 -0.079597474997944853 -0.018749101087450981 -0.014881112665504652 -0.26623665800341068 -8.0102925693557356 0.032656843457623007 -0.13557574328124122 -8.0102925693557374 -0.12946687576584953 0.088438087370406981 -0.021266057899714971 0.09123324928942321 -0.048402345687034228 0.025274456689827376 -0.031867977112937845 -0.025204570002282184 -0.25910053248961901 -0.095117586519849751 0.038990678273990026 8.229762599885462e-08 -3.8950900168569056e-08 -3.8950900168571511e-08 1.8680892731962882e-05 4.183093671801318e-06 4.1829906271894316e-07 3.2356376166772034e-05 -0.27768172037931343 0.061881690363297978 -0.0098288242886066853 -0.21864741385857475 1.1937199663777263 -8.010292675416478
-0.015028671361505985 -0.2646981249870507 -0.010854797916201375 -0.0094336482131053816 -0.015096146652039011 -0.30257172786059872 -0.01481062275815968 -1.5572283806926198e-33 0 -0.0004591013931038733 -0.23680249802805411 -0.062392303135628047 -0.055284641777607522 -0.064771471641694653 -0.27089737415682164 -0.064909522779704423 -0.018571773732287664 -0.16714776017480132 -0.31534072461861029 -0.16715948993051602 -0.22927737253873065 -0.049990081279011951 -0.00045953790771619311 0.19372781949927412 -0.0083498445509241331 -0.087772357103628962 -0.015028671361505985 -0.015095722257927357 0.14618727394587938 -0.29800606746364983 0.032493872263733445 0.025580878419858493 -0.29800606746364983 0.029162577506554068 -0.2266218110736988 -0.077918112887430904 -0.22381689892165854 -0.10501924562493531 -0.031105024688766809 -0.28415746460731472 -0.1705903206267155 0.14236442318362127 0.063426206935812246 0.022832922519608785 -1.4266148174748416e-09 -2.086824514108836e-08 -2.0868245141083952e-08 2.0567332600427775e-05 9.8947448725877083e-06 2.1557198361504452e-05 -2.4051834195247192e-05 -0.30257172786059872 -0.27089737415682164 -0.31534072461861029 0.19372781949927412 0.023028873280031822 -0.29800606746364977
0.0061575821600854397 0.31723827169840019 0.0047091022632893111 -0.0092415489692807516 0.00046132624663892843 0.27935320690437249 0.0018315744490021461 -1.3493294826859913e-33 0 0.00097921825875871629 0.2237010140140594 0.12827659258665869 0.11144411774829154 0.12592605355287384 0.18960110068184849 0.12768764340294653 -0.018629140638219646 0.08859097231995948 0.17465592599676194 0.090297583504641357 0.21234234317814613 0.11637837242622834 0.00097895719830838699 0.08671417265906356 0.0036223863563763924 0.1048405044427083 0.0061575821600854388 0.0015431295877434961 0.038994829898681818 -1.7753511914375464 0.032498870178115279 -0.005315528084428596 -1.7753511914375464 -0.012102820791830556 0.20815598407890987 0.0044104894285065099 0.21096533323571534 -0.022719512659893193 0.051200768946643729 0.18057760344797405 0.086850447469196443 0.038020391745542066 0.022229031189747218 -0.042422964769929433 -9.8179841964720157e-08 4.4509920852669674e-08 4.4509920852668708e-08 -2.402869553214652e-05 -2.103938996278766e-05 -1.4417265951103926e-05 -8.2745878320322449e-07 0.27935320690437249 0.18960110068184849 0.17465592599676194 0.08671417265906356 0.31563437346529777 -1.7753511914375468
0.018428109586238861 0.78191759108728565 0.018869840333569789 -0.0060141117780102447 0.014640209957549508 0.74439909980670216 0.01532981361474281 -1.1584036125051901e-32 0 0.00060990275342826233 0.79341004341859533 0.28300655307840783 0.2698861782396611 0.28080921104736151 0.75951561752011343 0.28128951909442063 -0.018401175999802708 0.2859480089777493 0.58900716184039503 0.28602896780378456 0.69242931799275009 0.27323132789258103 0.00061048796990921961 -0.42760388031109653 0.014515261795053681 0.25864423590076613 0.018428109586238861 0.01504540495712935 -0.4750470568299755 -11.296059975661562 0.032208819323691011 -0.2047420633484526 -11.29605997566156 -0.20954401664635208 0.68147595752064516 0.090706381243195175 0.68420518885315496 0.063232164292687895 0.13334164380376545 0.51030381740992714 0.28262828883882385 -0.46236293723981553 -0.1754516769586443 -0.029841569091357028 -7.1972438917227353e-08 2.7722852428563455e-08 2.7722852428554796e-08 -5.9624924417143484e-05 -5.0520643514989225e-05 -4.295399666521237e-05 7.0176376597830991e-05 0.74439909980670216 0.75951561752011332 0.58900716184039514 -0.42760388031109653 1.7682011007765617 -11.296094765821904
0.0090901413932442665 0.58482896349083835 0.01576613978376365 -0.0022379230330413901 0.011564140794449276 0.54778106996753717 0.010826264761644205 -1.4528269373988283e-32 0 -0.00039172917844462084 0.73472284390885945 0.2186336010429614 0.21419717671817284 0.21654267885729847 0.70118601157101501 0.21580485827785267 -0.018133983676273877 0.18520336681071803 0.40003148701415342 0.18427290016673298 0.63641830824251022 0.2164403884747049 -0.00039101466351565103 -0.50528510502671165 0.012127799833664347 0.19341245692050751 0.0090901413932442665 0.010548229728374683 -0.55208633021947606 -13.017293989306086 0.031660965098840942 -0.24128112785043876 -13.017293989306088 -0.23877892046079585 0.62691604771253218 0.079117305286895534 0.62954034967290196 0.051301732688057357 0.11647484537264106 0.30577105693393097 0.18092712484999385 -0.53735601739124572 -0.20517297665817766 0.016384576609829171 3.1023156066598875e-08 -1.7805871747478878e-08 -1.7805871747484334e-08 -4.4503819948763974e-05 -4.0845511608618195e-05 -2.8853362743968912e-05 7.5578162807211086e-05 0.54778106996753717 0.70118601157101512 0.40003148701415342 -0.50528510502671165 1.9868567649869076 -13.017680967317776
-0.0021507397759705782 0.16454998220932524 0.0054967920951344588 -0.00065710168096549764 0.0013105155450130442 0.12774074407526659 0.00051807551591526082 -9.5662851396106937e-33 0 -0.00045526593895272173 0.44974457042764726 0.078988891690067009 0.073239441648786166 0.076946890052908584 0.41643038506990321 0.076560997732576005 -0.018018148425453125 0.046026504057050492 0.11406656405199496 0.045718584372754431 0.41976506894138182 0.07496569200846831 -0.0004549941120638877 -0.23532458409094231 0.0042283016116418911 0.054307008270253282 -0.0021507397759705782 0.00024261073308644461 -0.28164533837185229 -8.0520715778707199 0.031213828275169945 -0.13786245747866041 -8.0520715778707199 -0.13450720553374784 0.41376806125062615 0.040571888499023358 0.41632127921296225 0.012625074768606359 0.07439111382978332 0.049931765919386147 0.042394415685908175 -0.27410179055106726 -0.1012777023144307 0.021757334903333172 5.092235125652913e-08 -2.0693906316029263e-08 -2.0693906316036052e-08 -1.2288599679209732e-05 -1.685296911026528e-05 -8.8410941453580478e-06 3.6801159294309902e-05 0.12774074407526659 0.41643038506990315 0.11406656405199497 -0.23532458409094231 1.2173826446242058 -8.0520716949898805
0.0075594638474285603 0.29133621828555462 0.0090942710804544271 -0.00024459416535131933 0.0049163080643040511 0.25463460125872528 0.0055256528743884772 -5.7387016549208004e-33 0 0.00012641657604717973 0.47744031759946215 0.11985562546129992 0.10843917794305409 0.11787194549567227 0.44422333859326579 0.11845221167538127 -0.017973002992850991 0.063778349755812314 0.13861681797096215 0.064347245155322322 0.44812987482033545 0.10956157039760513 0.00012647408202274749 -0.10466032008171913 0.0069955931388110985 0.096271986154224706 0.0075594638474285603 0.0052509712188770711 -0.15076172708994745 -5.4312452081612745 0.030948000001940073 -0.083303482322791167 -5.4312452081612745 -0.08402994667312233 0.44172358118825605 0.048029741373445727 0.44422480722042829 0.020044195897266248 0.079274329836550486 0.0820722021196022 0.061029268924315073 -0.14669634318123242 -0.050999781517977467 -0.0040496055556972794 -4.9116864437267152e-08 5.7462080021486454e-09 5.7462080021433688e-09 -2.2003606145077191e-05 -2.2272167066071958e-05 -1.1121738336333056e-05 2.1432607430115665e-05 0.25463460125872528 0.44422333859326574 0.13861681797096212 -0.10466032008171913 0.83986887968692758 -5.4312452084446372
0.030307566747069359 0.92477374545933166 0.027309867013264929 0.0022359197148792893 0.023156959378377331 0.88843726306113413 0.024548016587454858 -7.6174245289341034e-33 0 0.00050112674132977097 0.8473336768515447 0.32888455634957764 0.31338204517127832 0.32701578261046449 0.8143574777256346 0.32791199346574529 -0.017837081687339443 0.20012628995130682 0.41008691166560696 0.20076818548079137 0.73805747961316404 0.31334725014904419 0.00050146795461675903 -0.27684733846060933 0.021007590010203789 0.3059322981781763 0.030307566747069359 0.024279648520012305 -0.32269323961670909 -8.4306522049788821 0.030667125303046539 -0.14631641209047849 -8.4306522049788821 -0.1499549024507674 0.7274588686225566 0.10257427689972487 0.72988182293466686 0.074455314899486702 0.12997303506408631 0.31747472182545816 0.19747648777004043 -0.31405973775938695 -0.11714824588746843 -0.02238045080719003 -1.2825357929908883e-07 2.2778488242268169e-08 2.2778488242260714e-08 -7.0536947764943123e-05 -5.5975176822147356e-05 -3.051092107260903e-05 4.7951460383076966e-05 0.88843726306113413 0.8143574777256346 0.41008691166560696 -0.27684733846060933 1.3197804276756444 -8.4306524637342406
0.039031483232975006 1.2713067527242907 0.039412481557430094 0.0073899732362221523 0.035309716761133529 1.2356926831501518 0.035699446525972872 -1.1495388895363913e-32 0 4.0498802232166653e-05 1.060132312172406 0.44406989900652438 0.43437357327562398 0.44233698351050804 1.0276639563037522 0.44223589674340302 -0.017592321253877767 0.23054973337441428 0.48330448913446894 0.23016693608617619 0.88364103302543673 0.43299085425919931 4.1164394497199591e-05 -0.47338083121188224 0.030317293505715458 0.42063249277516512 0.039031483232975006 0.035444800779161657 -0.51871690697327855 -12.143514977719649 0.03021655713089887 -0.22441868191581932 -12.143514977719652 -0.22500698062393201 0.87128000958591578 0.12984788226902017 0.87358758125938274 0.10149952188854841 0.15163570629293693 0.35277383333400242 0.22692542429612547 -0.50487542514886175 -0.19259543049359842 -0.0031334992496258891 -7.6312392634331772e-08 1.8408546469250501e-09 1.8408546469156986e-09 -9.7071255658802809e-05 -7.506346615570339e-05 -3.5096403861552088e-05 7.3257258990526582e-05 1.2356926831501518 1.0276639563037522 0.48330448913446894 -0.47338083121188224 1.8719083498493099 -12.14363373932183
0.027477925643324852 0.95653337607722111 0.033780488291007459 0.012238657186117019 0.029733299220163743 0.92165954533812977 0.028810539086041084 -1.0825576938587398e-32 0 -0.00037311476738810512 0.90364408131272778 0.33990816928122802 0.33219691477067687 0.3382790589612244 0.87172731137467185 0.33766834855112804 -0.01739074067958879 0.13543122765688637 0.29590233964289631 0.13481584420427212 0.76777200445670002 0.32980286447353313 -0.00037257530210770354 -0.39581544235001753 0.025984990993082661 0.31644964770977496 0.027477925643324849 0.028570733285777191 -0.44057961215245106 -10.816891423292782 0.029717950991166073 -0.19715816854214302 -10.816891423292786 -0.19462161867715613 0.75749730127476467 0.11027949380032431 0.75969389810735699 0.081788054651605963 0.1267485917216416 0.16980241370078408 0.13161496348778817 -0.42881515900251971 -0.16264651070414438 0.016592881039994557 2.3251226435151368e-08 -1.6959762153999511e-08 -1.6959762154012369e-08 -7.2927635297924322e-05 -5.8034245938706602e-05 -2.1585918428222191e-05 5.9865902951068364e-05 0.92165954533812977 0.87172731137467163 0.29590233964289625 -0.39581544235001759 1.6480269761529909 -10.816908082767767
0.019360307604074478 0.5772085416567454 0.025009621898128387 0.014563829003992609 0.021004899336552026 0.54281236278283518 0.020386873271799472 -6.8975769786672772e-33 0 -0.00027035717161966199 0.68261706089726093 0.21363248632609022 0.20442077720683341 0.21207831599819396 0.65106714138242849 0.21186394481506735 -0.017297420495413166 0.050593983749049144 0.11967794736309867 0.050509750018930585 0.60774069788054574 0.201315435947235 -0.00027015246678966975 -0.19164617556779778 0.019238170690867994 0.19090026605001389 0.019360307604074478 0.020157884914723312 -0.23602729986474924 -7.0037796036598827 0.029344741260389391 -0.11776555878912225 -7.0037796036598836 -0.1157356348394437 0.59994997293426755 0.084172781013803877 0.60206374620049619 0.055684310493688993 0.096752689953239907 0.016792373438292405 0.047325717849865175 -0.22969871182585502 -0.084068601966267156 0.013341317011922173 1.6969730013802054e-08 -1.2288962346344221e-08 -1.2288962346350362e-08 -4.3848902195135993e-05 -3.6943695421742207e-05 -9.3412276548694287e-06 3.1371740732083318e-05 0.54281236278283518 0.65106714138242849 0.11967794736309867 -0.19164617556779781 1.0644762380356925 -7.0037796159615393
0.033164028078317642 0.81597852596571385 0.032217328068554964 0.016121984966570909 0.028251863718279285 0.78198559140506374 0.029086751699604139 -4.7111617150300249e-33 0 0.00026431332740767613 0.78051942481046976 0.29144811788794678 0.27675126363897601 0.28998340455821831 0.74925473384567265 0.29067682792644178 -0.017229015527205582 0.10557459080102111 0.22017408357340099 0.10624495671047238 0.68910356659907124 0.27279969812423166 0.0002644494027849864 -0.14959046863632855 0.02478256005273459 0.26993130420185896 0.033164028078317642 0.028868144781786734 -0.19375116747249904 -6.0261648696476557 0.02908683497247545 -0.097569520219845898 -6.0261648696476557 -0.099326008750818651 0.68005376478889612 0.10262624637715315 0.68209416145027069 0.074175011870527247 0.11179446066831131 0.11679920587725298 0.10307241633279703 -0.18854628529599751 -0.06785665095895145 -0.010532587667518448 -9.1401772266617021e-08 1.2014242154899581e-08 1.2014242154891615e-08 -6.2142059453253331e-05 -4.8554579512453686e-05 -1.6959289019431477e-05 2.8337113805380955e-05 0.78198559140506374 0.74925473384567276 0.22017408357340099 -0.14959046863632852 0.93790435691241003 -6.026164871011864
0.054691985249519348 1.4291505127097763 0.050656576719973576 0.019971161042421012 0.046750604858599401 1.3958579547408743 0.04801464069257836 -7.2875670151247233e-33 0 0.00039068621978324554 1.1048843680127423 0.49398341505396859 0.47930531474156984 0.49265099194839712 1.074094772823702 0.49326638974215004 -0.017057262572563237 0.2169348149043821 0.44628250498534988 0.21730363140288583 0.92556559112603098 0.47409459347810678 0.00039114051132181263 -0.34265109793703274 0.038966597476902745 0.47288516104693162 0.054691985249519348 0.047812911170597272 -0.3864820473196614 -9.4875358981021876 0.028762680347935235 -0.17028762369619274 -9.487535898102184 -0.17320983465701426 0.91312790264895594 0.1483862253900296 0.91506624283368465 0.11986394088842457 0.15275481057090193 0.30710751593468771 0.21416539369967727 -0.37615645770641526 -0.14201178346570406 -0.017862589694492736 -1.463632782749415e-07 1.7758464535612051e-08 1.7758464535597724e-08 -0.00010911760866510725 -8.1092462122294033e-05 -3.2886258055652574e-05 5.6432966119158359e-05 1.3958579547408743 1.074094772823702 0.44628250498534983 -0.34265109793703274 1.4779070083800303 -9.4875377266617669
0.057986963540315628 1.6057177236410662 0.058654702705025138 0.025868524744667998 0.054830367894192447 1.5734198382232489 0.054839968778437206 -1.0190388407649011e-32 0 -5.1076028811230017e-05 1.2146425117709221 0.55265972201627367 0.54238002698238241 0.55146610720074707 1.1845546131151221 0.55120235179444477 -0.016812361232028172 0.22067212178108564 0.46353266998495685 0.22023011310175813 0.99732774960697979 0.53586355149190013 -5.0397941319168316e-05 -0.47795230736828553 0.045119002080788569 0.53133000467613956 0.057986963540315628 0.054661517831173054 -0.52123742369981141 -12.071115498173437 0.02829239148984216 -0.22478823637583373 -12.071115498173436 -0.22468924919889063 0.9841607900292797 0.16345145373313621 0.98597178367854099 0.13480196397853014 0.16183411830748198 0.29836177629987415 0.21714223294764576 -0.50733189864506445 -0.19390817028027443 0.0012161254621466853 -7.0754164024315509e-08 -2.3216376732273209e-09 -2.3216376732483106e-09 -0.00012262466659978329 -9.0766643983498449e-05 -3.3611917831657811e-05 7.3138251804791025e-05 1.5734198382232492 1.1845546131151221 0.46353266998495685 -0.47795230736828553 1.8564170359855248 -12.071222775636478
0.04366544634103775 1.1662792420859096 0.049608647352952603 0.030551914621617975 0.045865144324297093 1.1348885015298329 0.044766040063279423 -8.9073334964576296e-33 0 -0.00039193201473956937 0.99625049257072396 0.40704004124699211 0.39863981422861094 0.40595285902274059 0.96682498800435801 0.40529239497013814 -0.01662697836554667 0.11880252709412269 0.26141321529026251 0.11822697438535701 0.83754871388584951 0.39115687708613195 -0.00039143623037055103 -0.36625015146988571 0.038160497963809686 0.38588533321324547 0.04366544634103775 0.044610137738886231 -0.40898384723254899 -10.094311866264768 0.027813001030075505 -0.18390923695962516 -10.094311866264764 -0.1812003404177982 0.82701441459743952 0.13714443557311537 0.82871020209979696 0.10846662815374317 0.13020090392530601 0.10798656989926105 0.11517631683710422 -0.39806185047369669 -0.15083934533849808 0.017661171992267733 2.0099816975494876e-08 -1.7815091579065131e-08 -1.7815091579074942e-08 -8.8929624459321792e-05 -6.7178663568331494e-05 -1.9113262280448646e-05 5.5301027170416055e-05 1.1348885015298329 0.96682498800435801 0.26141321529026246 -0.36625015146988571 1.5357603572029421 -10.094317032929881
0.037927001714706421 0.82737512810583225 0.041682301810402014 0.032489945240218247 0.038004367438461015 0.79659868101445874 0.037553652914808382 -5.0423224991718205e-33 0 -0.00016675277570897507 0.79700137344891331 0.29386288458825394 0.28266192981886284 0.29285771080313155 0.76802516142177712 0.29280153617621818 -0.016543209278717955 0.058418294702848927 0.13220990509410738 0.058525527359969853 0.69711981538580348 0.27446769457723447 -0.00016656812259646523 -0.17650401432749491 0.032063309084924628 0.27371510272906302 0.037927001714706421 0.037415771478220623 -0.21888902286805462 -6.5072098301194865 0.027469637413728997 -0.10921480182706361 -6.5072098301194847 -0.10789301803202983 0.68867201522727028 0.11565611453376537 0.69028207581220413 0.087080922263104626 0.10486593288966657 0.0026391634342228364 0.05548979352399578 -0.21301868436519866 -0.077814390578336279 0.0088769478393490135 -1.0877239074168783e-08 -7.5796716231292887e-09 -7.5796716231385101e-09 -6.2951945673436898e-05 -4.8194124422393896e-05 -1.0312671104895106e-05 2.9541720237977884e-05 0.79659868101445874 0.76802516142177701 0.13220990509410738 -0.17650401432749491 0.99252307475024892 -6.507209834040462
0.053706705570220947 1.1400173403462832 0.050854308396167086 0.034071440992510055 0.047241391998015109 1.1098270908450458 0.048205118592858892 -3.8937241690964937e-33 0 0.00032620761733717423 0.93794180457444309 0.39616627796425236 0.38058272274376886 0.39526484383755256 0.90936433243073911 0.39597735480697666 -0.016455009722220634 0.13355214859038769 0.27526526568081372 0.13422724343787695 0.80731446369739546 0.37147092696018619 0.00032641221371150676 -0.18829701491667081 0.039118698766282364 0.37719743008133566 0.053706705570220947 0.048085669938693558 -0.23044781666720277 -6.5294693744910228 0.027210153398597888 -0.10993445621903102 -6.5294693744910228 -0.1121755118909317 0.79714400654567696 0.13993572492961245 0.79867138102137014 0.11145961033057571 0.12545287385350951 0.13925774459573864 0.13120753204780661 -0.22427070863518087 -0.082301441580640691 -0.013585763171478032 -1.1959650279845744e-07 1.4827618969877493e-08 1.4827618969867572e-08 -8.6907848014965066e-05 -6.3964051841614741e-05 -2.0850478670986391e-05 3.3925949147486265e-05 1.1098270908450458 0.909364332430739 0.27526526568081378 -0.18829701491667081 1.0184113101349128 -6.5294693790636948
0.071469612419605255 1.6734989847565909 0.067209079215071688 0.037994955659983717 0.063681923761270548 1.6441989940368873 0.06470005251624851 -6.9258060405305304e-33 0 0.00031520189784765758 1.2197331985576714 0.57245135554736692 0.55841939346712288 0.57168946888396455 1.1917577428534847 0.57209950163137835 -0.016259913420617101 0.22840492515886548 0.47059308380470366 0.2285974560327747 1.008156269824557 0.54804795580181243 0.000315734429549941 -0.38718742617538338 0.051699291703901293 0.55377555164488224 0.071469612419605255 0.06460556916694557 -0.42895611913722076 -10.141303833175071 0.026857103848134983 -0.18582806038866545 -10.141303833175067 -0.1882545416514827 0.99512661946592396 0.17959585973668882 0.99654224736470098 0.15110633232244206 0.16001316128249687 0.30021349150007309 0.2256173346163316 -0.41750484672043797 -0.15868472611248458 -0.014735332993772823 -1.4604347346084842e-07 1.4327358993081933e-08 1.4327358993069031e-08 -0.00012777751401392705 -9.2393787536954657e-05 -3.4472384908483516e-05 6.2080535828912357e-05 1.6441989940368875 1.1917577428534849 0.47059308380470338 -0.38718742617538338 1.5753884443390476 -10.141309438906335
0.068074099719524384 1.6525250399285392 0.069563362254976516 0.04320347261767736 0.066138176536854484 1.6243161735026168 0.06573687835809898 -9.178957228792318e-33 0 -0.00015756719703414706 1.2286255546786 0.56569682678524924 0.55609705967852652 0.56507010095243249 1.2014154883906036 0.56460686658203019 -0.016019102166440986 0.20272399584210171 0.42819295080442293 0.2021749759610878 1.0072733496315407 0.54452749062044614 -0.0001568955578996217 -0.47094784650424781 0.053510278657674236 0.54683737595786741 0.068074099719524384 0.065671865840570207 -0.51215051549061064 -11.789914991986299 0.026378098642941186 -0.22078067984374083 -11.789914991986297 -0.21990185913286717 0.99454561454233603 0.18200353183335471 0.99583312817337966 0.15347410251239613 0.15656950141555387 0.24175724956242581 0.19924445470032282 -0.4984893927199448 -0.19076015935655063 0.0061221398998697208 -5.111135912669024e-08 -7.162145319724871e-09 -7.1621453197400704e-09 -0.00012615054636672487 -9.1582065272298368e-05 -3.0988136319201731e-05 7.1286259415516908e-05 1.624316173502617 1.2014154883906034 0.42819295080442299 -0.47094784650424781 1.8082368055317901 -11.789986867142229
0.050984706729650497 1.1046620119772732 0.05678060987736154 0.046382487293992462 0.053448994832862924 1.0773480633312491 0.052221932024485135 -7.1126445246509055e-33 0 -0.00040444642859081744 0.95080951585060514 0.38401229747466742 0.37560398914960602 0.38348414214919929 0.92424383661277631 0.38281784137912045 -0.015859839987832178 0.093445386818019172 0.20901765131694594 0.092946360582232171 0.80563672334817127 0.36321580530391445 -0.00040402656059988925 -0.31705416367121986 0.04367739221335503 0.36550565050746597 0.050984706729650497 0.052183432113832064 -0.35774513995533114 -9.010545209745711 0.025930676802773903 -0.16308328255093268 -9.010545209745711 -0.16023032079096697 0.79605886484624555 0.1487711416187287 0.79723913659992784 0.12031943427813896 0.11856140176679267 0.042942095844306673 0.090047471195129125 -0.34818753938244162 -0.13147932267234685 0.018541563796790769 2.550479540811399e-08 -1.8383928572302315e-08 -1.8383928572313323e-08 -8.4154626831964584e-05 -6.2176009251885793e-05 -1.538630306095861e-05 4.797963084416427e-05 1.0773480633312491 0.92424383661277654 0.209017651316946 -0.3170541636712198 1.3680983181397985 -9.0105459725322543
0.047197192907333374 0.81978357474939445 0.049425856182461453 0.046805308204344448 0.046170148012911881 0.79305388880917049 0.045900255494238429 -3.3944266493374337e-33 0 -8.0910347124519121e-05 0.77597313450299654 0.28860349015105646 0.27689569910062301 0.28815474754105208 0.74981960170307838 0.28822534509485348 -0.015793687020129399 0.054495730035381516 0.12179509456652635 0.054749951945984317 0.68318990502195309 0.26388973357480211 -8.0775695114460619e-05 -0.14315259436395938 0.038019889371124188 0.27121704019947995 0.047197192907333374 0.045883152365949975 -0.18354944689208169 -5.6840770760955506 0.025630799665148082 -0.093797891995178032 -5.6840770760955515 -0.093066694248157569 0.67533245929896013 0.13104021247347067 0.67643529753644749 0.10277919257339502 0.097533697138088085 -0.020471898429805114 0.05186228502520833 -0.17862096619776563 -0.06455870271373472 0.0051226036580821338 -2.7958309391138749e-08 -3.6777430511090018e-09 -3.6777430511174274e-09 -6.2325490862954027e-05 -4.607195011748628e-05 -9.6220453281392036e-06 2.5025046267827242e-05 0.79305388880917049 0.74981960170307838 0.12179509456652635 -0.14315259436395941 0.86960489626358739 -5.684077076606437
0.063268087804317474 1.1815308312488142 0.059312175729435666 0.047355139418072512 0.056133465431488151 1.1554013705560351 0.057155060166265557 -3.203046071078822e-33 0 0.0003704945325179474 0.94878016062173431 0.40728713836802416 0.391989504705752 0.40694522969529889 0.92301867778339619 0.40764930552292 -0.015698879006977157 0.14534878081631747 0.29825983865489514 0.14600855386137662 0.81539724334018571 0.37810189543584904 0.00037072247062158682 -0.19957159577573247 0.045624750561104363 0.3909524805898677 0.06326808780431746 0.057160266186942324 -0.23974670511340954 -6.5392536349209145 0.025387101549868736 -0.11192403089967581 -6.5392536349209127 -0.11451958873575828 0.80545237032078765 0.15940845014535043 0.80647546495264932 0.13130184644534848 0.12248580581920815 0.14511968536769926 0.14313853314018726 -0.23332531365499445 -0.086205319397774496 -0.01584972269618088 -1.2995365143351597e-07 1.6840660569003954e-08 1.68406605689932e-08 -9.0050514117140157e-05 -6.4698714136922391e-05 -2.2442832284122507e-05 3.5521716116444309e-05 1.1554013705560351 0.92301867778339619 0.29825983865489514 -0.19957159577573244 1.0221808947988804 -6.5392536396511876
0.075608745217323303 1.6003185664969029 0.072012878791676393 0.05021207943483269 0.068930222944644334 1.5750790384426949 0.069635733677297695 -6.6438239504360906e-33 0 0.00023261998079439973 1.178643591185746 0.54582324788460812 0.53339083226470729 0.54561799757948992 1.1534738369620317 0.54581147567947019 -0.015497086525986602 0.22167139009934772 0.45852907511116092 0.22168789365189634 0.97653557124300683 0.51833851475992165 0.00023317382409820012 -0.3972009683816331 0.055394522147443372 0.52956851879202116 0.075608745217323303 0.069669134729574519 -0.43697758474523801 -10.170514978313614 0.025029081643468842 -0.1882288492946633 -10.170514978313614 -0.1901006458308217 0.96431017528231244 0.19177368987328061 0.96522492080299049 0.16370722483313635 0.15004635083803153 0.27365545815711423 0.21885908066195345 -0.42531598785755015 -0.16209931152696125 -0.011271981235680165 -1.2637469122870198e-07 1.0573635490663423e-08 1.057363549064855e-08 -0.00012213649292546874 -8.7287237820916341e-05 -3.3467824285662482e-05 6.2790095191127469e-05 1.5750790384426951 1.1534738369620317 0.45852907511116092 -0.3972009683816331 1.57642033356252 -10.170520860748827
0.065409533679485321 1.3870727209574363 0.068222952241676724 0.053589426082427428 0.065244946988483779 1.3628186341415007 0.064466318304655101 -8.2152274837251046e-33 0 -0.00025364469592976106 1.0896430111631783 0.47544956694229046 0.4673644415184805 0.47536572229475199 1.06515657519009 0.47473316307970492 -0.015277882512500823 0.1681991742799622 0.35938715128420412 0.16757281030274748 0.90546624863710479 0.45131532907073663 -0.00025303944035899264 -0.42765543494123687 0.052479194032059015 0.45899067178666519 0.065409533679485321 0.064530040591286392 -0.466887185746304 -10.849002015555543 0.02456897274586349 -0.20287109688037866 -10.849002015555543 -0.20127511260420536 0.8945235612677942 0.18153121537646377 0.89532272348005459 0.15350715653971728 0.13468893198759613 0.16899334266498767 0.16478897837680478 -0.45443157827484165 -0.17368517408311127 0.010599117273007275 -1.8712618897855107e-08 -1.1529304360436585e-08 -1.1529304360449338e-08 -0.00010578394178860732 -7.6298741174205323e-05 -2.5999624630832931e-05 6.4347991555460297e-05 1.3628186341415007 1.06515657519009 0.35938715128420418 -0.42765543494123687 1.6589620309311406 -10.849019537250916
0.046503160148859024 0.77447321375230149 0.052352812642935648 0.054350463077948254 0.049463625238980846 0.75091623888385584 0.04820367743913849 -5.4568433591298027e-33 0 -0.0004014079911866061 0.76791791447747793 0.27225645397126613 0.26484743083257256 0.27225360507394253 0.74392488148782243 0.27161588532886966 -0.015158660454476032 0.055488977972507139 0.13125366082234036 0.055085117749586472 0.67085294226156911 0.24821608111408194 -0.00040111296941801192 -0.23832179417262936 0.040271394340719725 0.25623138412077506 0.046503160148859024 0.048292607923013861 -0.27711930533386586 -7.3917693358441428 0.024178829754550043 -0.1309389111369223 -7.3917693358441401 -0.12805120071344728 0.66343869465299565 0.14251500227856082 0.66415073258413138 0.11466391697442416 0.091989531135299674 -0.030980851508916239 0.052324255525473901 -0.26970676497922669 -0.10079721208710107 0.018699402575454844 3.8073356896907723e-08 -1.8245817781203014e-08 -1.82458177812129e-08 -5.8838709099601406e-05 -4.3359012848286355e-05 -9.8659292425230757e-06 3.656471564899327e-05 0.75091623888385584 0.74392488148782232 0.13125366082234033 -0.23832179417262936 1.1188259176086828 -7.3917693648026752
0.044926624745130539 0.57415214717172358 0.046032811729187932 0.05263312701575535 0.043213382803031226 0.55099039669657068 0.043164523804269467 -2.0121375153524356e-33 0 1.3733797350358027e-06 0.62595785481607502 0.20485202932973406 0.19397487526139079 0.20491580764359166 0.60222792256089919 0.20510491503213343 -0.015120946600393865 0.037977535619372067 0.086538424668558531 0.038355974327813167 0.56967017122930086 0.17691133791042754 1.4182992120652975e-06 -0.085904522092665872 0.035409855176298403 0.18992940426977917 0.044926624745130539 0.04327324584015569 -0.12449182630092091 -4.4378879218855634 0.023941988441394488 -0.069385116937050989 -4.4378879218855625 -0.069226348274982252 0.56356468152906336 0.12863180847576403 0.56421850468124102 0.10104423675316415 0.07583917157387067 -0.052636836520840127 0.035600237581972942 -0.12113519468000561 -0.042156334500911899 0.0014478599037816007 -3.5178274573934941e-08 6.2426351597321252e-11 6.242635158908875e-11 -4.3500044429129836e-05 -3.1724444285667314e-05 -7.1510611234520476e-06 1.7113761923936046e-05 0.55099039669657068 0.60222792256089919 0.086538424668558517 -0.085904522092665872 0.68150269638792838 -4.4378879218997405
0.060431234538555145 0.97719594099765916 0.056141816873106661 0.051637952275393612 0.053394907418973035 0.95449719133670574 0.054437577939770873 -2.8450489034330733e-33 0 0.00041985497580223415 0.83430491771835213 0.33739991443823275 0.32313122034941982 0.3375650353075193 0.81085274822552578 0.33826625022508638 -0.015030662030727554 0.1462329151084418 0.29944952533615854 0.14688246655919421 0.73010982024092985 0.30529673342394326 0.00042006764128458369 -0.18767091753128801 0.043186012979312807 0.32333292891251686 0.060431234538555145 0.05456747330890771 -0.22607622112890338 -6.1387350121252844 0.023732005322197245 -0.10516694875881363 -6.1387350121252826 -0.10815187433599746 0.72146110053039481 0.16174301594606572 0.7220487178477254 0.13434966748311736 0.1062729655496974 0.14490436186062142 0.14414353474339231 -0.2200206111952617 -0.081246509231674299 -0.018359597337297629 -1.2476087722654351e-07 1.9084317081925562e-08 1.9084317081915705e-08 -7.4397324047691552e-05 -5.2859470932305552e-05 -2.2488686601041893e-05 3.3877185451032163e-05 0.95449719133670574 0.81085274822552578 0.2994495253361586 -0.18767091753128801 0.96305462152728349 -6.1387350140150074
0.066908404231071472 1.2732817370863343 0.064679597146121343 0.052893284076897758 0.062021679336962496 1.2513135804079634 0.062404993143269506 -6.7422742842889787e-33 0 0.00014898110673815224 1.0136674962334447 0.43562401023480957 0.42558526372375383 0.43591517075319292 0.99068342268118548 0.43589536402281931 -0.014832748442908519 0.20340839415757433 0.4235134333999383 0.20324813711113274 0.85371488936947759 0.40674630084332858 0.00014951837979192684 -0.38452427228942554 0.049753536266247185 0.42133578921301335 0.066908404231071472 0.062561020161923761 -0.42254036242615439 -9.8023773506425922 0.023385790061722769 -0.18213751550708127 -9.8023773506425886 -0.18344480826892637 0.84333634268690494 0.18673840303712708 0.84382902095302281 0.15942205691395434 0.12719123181826908 0.23976698286835721 0.20054968438329621 -0.41126490546584654 -0.15684393989544318 -0.0077716446614866938 -9.249753338612599e-08 6.7718684881054725e-09 6.7718684880924278e-09 -9.7087513798042104e-05 -6.9280452756969991e-05 -3.0831857132817451e-05 6.0297528305194854e-05 1.2513135804079634 0.99068342268118548 0.42351343339993813 -0.38452427228942554 1.5162669822353689 -9.8023805086072979
0.051100041717290878 0.90411740249573391 0.055471852435466942 0.054005613645035561 0.052903931773408013 0.88287700634334421 0.051841085324721349 -7.5681380929528408e-33 0 -0.00033325392276082548 0.83975859809822184 0.31369632989574137 0.3077179391636311 0.31408690550703749 0.81726858073182618 0.31333780226120123 -0.014645856482103127 0.12506496853060386 0.27300867897519815 0.12439889032333171 0.72098561386561622 0.28815289708787944 -0.0003327518564535886 -0.36236774613712774 0.042670655719589952 0.2991502135818318 0.051100041717290878 0.052023027394106469 -0.39988638788198066 -9.5198551265372107 0.022961688505644621 -0.17664329160428596 -9.5198551265372089 -0.1744375136937843 0.71274534019185842 0.16496083828822061 0.71314461254794215 0.13775213441494641 0.10144843479293744 0.094065872889602192 0.12173842494370435 -0.38921356458934192 -0.14821382652504786 0.014383055597097917 1.9637993123730895e-08 -1.5147905580029495e-08 -1.5147905580041413e-08 -6.8796449637089602e-05 -4.9968384892331663e-05 -1.9786857625348556e-05 5.4407416916742987e-05 0.88287700634334421 0.81726858073182618 0.27300867897519826 -0.36236774613712774 1.4506347322402833 -9.5198570495596044
0.032297622412443161 0.29196636361637107 0.03818103866754647 0.052224520428674349 0.035681691388293336 0.27110720030807012 0.034518643098720457 -4.0730505167560053e-33 0 -0.00041452825958417159 0.48284590973732067 0.11069971247236947 0.10602261573089183 0.11114211644627567 0.46062049737410438 0.11052487321619872 -0.014575443805759036 0.005049234795214773 0.029083790809633504 0.0047043613969448232 0.45022059863050506 0.086213628180186352 -0.00041439183422105385 -0.13948635243481169 0.029370029744266505 0.096538256856405893 0.032297622412443161 0.034719810241095571 -0.17667013813991339 -5.4315141444626605 0.022643009107879208 -0.091440384847534834 -5.4315141444626605 -0.088408619152317042 0.44594485532883416 0.11912803610216798 0.44628575449373775 0.092168053816140683 0.053387986753426132 -0.1144274949693968 0.0020562479790773797 -0.17192903882474969 -0.062451588786758792 0.019516939153459967 5.1535911247920714e-08 -1.8842193617457733e-08 -1.8842193617463923e-08 -2.1897065765194289e-05 -1.6760545299554594e-05 -2.5900887674135151e-06 2.223730717854388e-05 0.27110720030807012 0.46062049737410438 0.029083790809633518 -0.13948635243481169 0.81634335215853993 -5.4315141446923043
0.033872377127408981 0.21693242915052763 0.034083702332961478 0.048545415745939215 0.031634742762612501 0.19619784120220449 0.031862348397694959 -5.017795855719975e-34 0 2.3988459872363959e-05 0.35306212719244817 0.084908843108782509 0.077832728950219643 0.08538404492166754 0.33090807123127619 0.085615824192236969 -0.014583807095237251 -0.0063002003847056768 -0.0030388010183138177 -0.0058834658965835505 0.34153164082793763 0.057971536318075674 2.3879656862712568e-05 0.0097911896404003079 0.026218232563816515 0.071703605289947139 0.033872377127408981 0.032077686706517131 -0.027297241089811363 -2.5304313742324109 0.0224888603647821 -0.030910005245395031 -2.5304313742324109 -0.030897886652909656 0.33857997319314759 0.10347719976552544 0.33889270257500498 0.076843791760665706 0.036969388758582342 -0.12128557158792111 -0.0085364692926619672 -0.026525427416874137 -0.0050451906624505213 0.0004085872844007315 -3.8184902572167959e-08 1.0903845396548997e-09 1.0903845396504803e-09 -1.6168513370453957e-05 -1.1346664663937403e-05 -7.6319725243235223e-07 3.4444080241639461e-06 0.19619784120220449 0.33090807123127619 -0.0030388010183138169 0.0097911896404003079 0.38900216182057412 -2.530431374232414
0.048772901296615601 0.6646372364802805 0.044663734419719082 0.046277130121455186 0.042270641268340979 0.64416057327304566 0.043322380474174138 -2.435764119346022e-33 0 0.00058779394370563596 0.64265717638594644 0.23220125916052473 0.2175006527467222 0.23276629912426972 0.62061682695687703 0.23366078190155584 -0.01451463643314378 0.15010053119213015 0.30417054064163257 0.1509484834638285 0.58689314756198496 0.19702101963448587 0.00058794417382272972 -0.14763014854242215 0.03435671878439929 0.21988857682745833 0.048772901296615601 0.04355402276836022 -0.18462379126659631 -5.2105794732186554 0.022344027600536605 -0.08711187117049235 -5.2105794732186554 -0.091302228272017671 0.58007028290243146 0.15138780496377091 0.58034101271184124 0.12497518258175652 0.083398952201123158 0.16409632805861332 0.14830778629470096 -0.17967172376065249 -0.06555335436117278 -0.026015721695781445 -1.1103996868628608e-07 2.6717906532080678e-08 2.6717906532072045e-08 -5.0493765285329274e-05 -3.5353950422681262e-05 -2.2920720942693471e-05 2.8937675519148215e-05 0.64416057327304566 0.62061682695687703 0.30417054064163251 -0.14763014854242212 0.82787621785119114 -5.2105794734215118
0.050055235624313354 0.84978884984424252 0.049504822197799288 0.046193739426852932 0.047181817382231463 0.82981740179996266 0.047276595909760244 -7.7185924445093381e-33 0 6.9332141762234323e-05 0.80201726617254576 0.29427175156765228 0.28755098769460624 0.29495399076133233 0.78027227062494342 0.29468353692770477 -0.014310776068194751 0.19214737442865149 0.40358613463411014 0.19173249288047264 0.69376671364913645 0.26619170283710752 6.987515995896566e-05 -0.38596654526039509 0.038080632459845602 0.28117299578547306 0.050055235624313354 0.047528676388948851 -0.42258117092579117 -9.7188857745535486 0.022010543062908842 -0.18173762201407076 -9.7188857745535469 -0.18255462720000259 0.6855010106222994 0.17221038228800467 0.68569261147961114 0.14586889004966333 0.10092463167445748 0.23002354271828984 0.18913368169811837 -0.41130669319276697 -0.15710158404319163 -0.0047583957341348375 -5.3756579475845029e-08 3.1514609891991869e-09 3.1514609891888732e-09 -6.4687941250054284e-05 -4.6813561103937829e-05 -2.9231267378921994e-05 5.987802309251973e-05 0.82981740179996266 0.78027227062494342 0.40358613463411014 -0.38596654526039509 1.500405098553502 -9.7188885076955494
0.030858367681503296 0.38071866577270091 0.036599932786478023 0.045445509065033612 0.034341928943576877 0.36117143240340616 0.033124461174361922 -7.4905505478338913e-33 0 -0.00041188733731654719 0.55027930384589963 0.13925862237230194 0.13573856628366865 0.14001068964850488 0.52881449842155481 0.13920796095761251 -0.014153882998824923 0.084898267887754272 0.19228055056396826 0.084228000634221575 0.50100350797954396 0.11398176658405024 -0.00041148051501916895 -0.302441852732723 0.028153794451136933 0.12591893142098817 0.030858367681503296 0.033394908701828145 -0.33859519787540221 -8.3175050594204656 0.021613689031472073 -0.15281380592947186 -8.3175050594204691 -0.14998812711085771 0.49573912975670698 0.13875381426254602 0.49586273691421245 0.11255384527185169 0.064751877777534439 0.035096003560298732 0.08166065887178485 -0.32955300470226123 -0.12488604301313688 0.018253861200676583 5.3968957879247974e-08 -1.8722151696200691e-08 -1.8722151696207917e-08 -2.8748268469769581e-05 -2.1770350853946976e-05 -1.4005045537147138e-05 4.5279253689671488e-05 0.36117143240340616 0.52881449842155481 0.19228055056396823 -0.302441852732723 1.2617334241167912 -8.3175052602538653
0.014656336046755314 -0.15876659015447125 0.020215616726209345 0.041839886523303428 0.017998688050576642 -0.17825136582680479 0.017069394872290495 -1.8825171947453235e-33 0 -0.00074055377366358168 0.035931563596968238 -0.039075102810451186 -0.031432698351965688 -0.038347597335619724 0.014547337242803602 -0.039396898799258388 -0.014158083285569797 -0.12279962057108612 -0.22176456426971936 -0.12356709025129084 0.039805166359062998 -0.052643504145094333 -0.0007406842082989906 0.024641006951627884 0.015550474404776419 -0.052642786088375228 0.014656336046755312 0.017350892343804498 -0.011293647815475309 -2.4053716340635747 0.021375096264807547 -0.029384626176418072 -2.4053716340635747 -0.024005607967965133 0.041258806578872355 0.057682805919449985 0.041363424126480086 0.031809624719302133 -0.016625914119473728 -0.32540562527784472 -0.12613846653848984 -0.010948762045448148 0.00091008918152192346 0.034104808999928515 5.7330985043597941e-08 -3.3661535166526884e-08 -3.36615351665274e-08 1.2574880945383424e-05 9.0770721481558999e-06 1.5566789474539182e-05 -3.0660824220330836e-06 -0.17825136582680479 0.014547337242803602 -0.22176456426971936 0.024641006951627884 0.33606036488084023 -2.4053716340635751
0.020611276850104332 -0.071445554292155669 0.019868838386572 0.037155227865535281 0.017678653160570604 -0.091042116611546917 0.018228711388553392 4.7492929096940157e-33 0 -6.6038597055256858e-05 -0.19450377534921731 -0.011318916742617813 -0.0074079403292421847 -0.010670358584603348 -0.21592383886754069 -0.010452470807625987 -0.014311082383447299 -0.16294125033709875 -0.31744648209872084 -0.16245283240919664 -0.18290459093352213 -0.027542020195062307 -6.662332108450103e-05 0.3006504292639855 0.015283721835824614 -0.023741053765416395 0.020611276850104332 0.018517442293549673 0.2645359678115034 2.8795489109779617 0.021407233458056913 0.08119034820813946 2.8795489109779631 0.081974999249532929 -0.1786860462059181 0.021296037562165693 -0.17854591239939671 -0.0041098222420486927 -0.05070114868993441 -0.37172438529743707 -0.16506087184206175 0.25755172999619697 0.10697400349556328 0.0050178272180761421 -4.4549671416054593e-08 -3.0017544116041889e-09 -3.0017544116023641e-09 5.8576577503951147e-06 8.2069706414110906e-06 2.1615779748080884e-05 -3.8525041503537953e-05 -0.091042116611546917 -0.21592383886754069 -0.31744648209872084 0.3006504292639855 -0.44815255010040494 2.8795489109779919
0.035306256264448166 0.4232343342118135 0.031530866803948995 0.034581488712853443 0.029377132681827699 0.40373641182059333 0.030428942647908797 8.7485212511639963e-34 0 0.0010771078596874943 0.29610387145591677 0.15100320676071155 0.13457827087157598 0.15170315096796799 0.27467165630381929 0.15321904778970249 -0.014334806724667864 0.13131230923779957 0.25780091498375968 0.13284916292945328 0.28707164121449275 0.11421003502384992 0.0010769687035224555 0.029317800102265573 0.024254512926114604 0.13999145149053571 0.035306256264448166 0.030728219759701896 -0.0070010060585958753 -1.7153773136952857 0.021470724060769379 -0.014858540636397764 -1.7153773136952852 -0.022499685249658924 0.2838404635962164 0.10963733769666868 0.28399286950827268 0.084510653207183498 0.038729105691834805 0.16743509579261184 0.13023314406154601 -0.0067698542211758785 0.0025990317324064271 -0.047936551927980374 -9.7405032015877012e-08 4.8959448167619382e-08 4.8959448167614214e-08 -3.2067881063515436e-05 -1.977020634893059e-05 -2.002692321923032e-05 6.4160335869121644e-06 0.40373641182059333 0.27467165630381929 0.25780091498375968 0.029317800102265573 0.31191805034281278 -1.7153773136952861
0.032694123685359955 0.51563126277437221 0.033677408950859293 0.034074638063780367 0.031573080531249291 0.49646243603889756 0.031430351572043984 -9.3940992134448804e-33 0 0.0002773325431873049 0.61406050142763124 0.18303670613941109 0.17662016011579837 0.18386443865578839 0.59276464499490811 0.18362794187749706 -0.014102990218685506 0.23948077147953523 0.4983773527626254 0.23903014815519186 0.55192117987946754 0.15526583072527922 0.00027794222994110472 -0.42567178782006732 0.02590569919296868 0.17057476176253905 0.032694123685359955 0.031743796451617359 -0.46167456625276426 -10.297084476413307 0.021188693332204456 -0.19463633514044312 -10.297084476413307 -0.19710587320322334 0.54497448716356389 0.15720375282466614 0.54506722051229894 0.13206279445358671 0.083845782096856405 0.34559953806534716 0.23646226118530786 -0.44936239945579315 -0.17225942493980564 -0.015265264440172765 -2.0219728377506442e-08 1.2606024690338086e-08 1.2606024690328795e-08 -3.9154543656259827e-05 -2.9431109559970589e-05 -3.5956235968389928e-05 6.6593006675407898e-05 0.49646243603889756 0.59276464499490811 0.4983773527626254 -0.42567178782006737 1.5998913091535358 -10.297091727857302
0.01273481547832489 0.0057024326182228994 0.019228777548613511 0.032499371739002171 0.017164924551219731 -0.013272562329639104 0.015926072883184924 -9.3027181967537279e-33 0 -0.00059939891803356845 0.29060725155061273 0.014909255382029304 0.01690950736058772 0.015775631643763135 0.26944445273282208 0.014741816511462499 -0.013926305895396434 0.072000930505564636 0.16986994365014793 0.071042034693891101 0.27987916822401226 -0.0045321823814207787 -0.000598945155258549 -0.33005921964249829 0.014791367345087313 0.001796258982588792 0.01273481547832489 0.016250478762625524 -0.36554300193682288 -8.8110812559831988 0.020755334722942911 -0.16397822992467107 -8.8110812559832006 -0.15983978164866514 0.27724973982127499 0.10729162417332531 0.27729188456024306 0.082224392211695557 0.031979829600542443 0.038608572180656921 0.068509971008624715 -0.35578591768811896 -0.13538237861835095 0.026528053320115635 7.480134647447704e-08 -2.7245405365154799e-08 -2.7245405365163047e-08 -8.6242494754831589e-08 -1.9731122164741047e-06 -1.2219721274253825e-05 4.8076221776489106e-05 -0.013272562329639104 0.26944445273282208 0.16986994365014793 -0.33005921964249829 1.3294159592763868 -8.8110817788987887
0.0015331193571910262 -0.39970595569818596 0.0061044900214820555 0.02834757635714245 0.0040581388846500999 -0.41882317198354807 0.0034729058312691513 -6.8266787974180564e-34 0 -0.00098936423438104317 -0.34208676198836918 -0.11892298585623925 -0.10152892266297626 -0.11815947062184291 -0.36326097728294371 -0.11938508109316037 -0.013981692611128962 -0.20975290776330008 -0.39331470797940021 -0.2107196102751355 -0.3247133891000672 -0.12165100199424032 -0.00098966665443702361 0.13011194597693845 0.0046957615549861921 -0.13238861586327369 0.0015331193571910266 0.00380138261137565 0.094804128536730772 -0.48182126873547981 0.020544635399058347 0.010036759344619853 -0.48182126873547981 0.017270286222292434 -0.31850131633600531 -0.0010633206792866859 -0.31844243179666643 -0.025789211079796929 -0.075016914422333325 -0.45181060189246552 -0.21326698564367802 0.092328706293993937 0.041571191917663911 0.045715490900988122 4.8260920301799817e-08 -4.4971101562776408e-08 -4.4971101562773715e-08 3.0960547092173215e-05 2.3828645744493504e-05 2.7924462820003438e-05 -1.9520570306116174e-05 -0.41882317198354807 -0.36326097728294371 -0.39331470797940021 0.13011194597693845 0.028433215318334697 -0.48182126873547987
0.012771650217473507 -0.13210772879184404 0.010769281416201383 0.024047482521118352 0.0087327294784347448 -0.15143182738342081 0.0096141979450391039 6.462772770425117e-33 0 0.00027338153960932457 -0.42116503925354293 -0.032208223191065394 -0.029959994096156801 -0.0315616010200701 -0.44243663583246651 -0.030724717905726819 -0.014189646671106493 -0.1599918681185494 -0.319363399352392 -0.15888326874654671 -0.39060762756120221 -0.04864482527187438 0.00027264561310968565 0.39325786064631563 0.0082840626278472152 -0.043818003796531529 0.012771650217473507 0.0099449765693582597 0.35762464070465172 4.7551305881194779 0.020677745803130063 0.11970724450756635 4.7551305881194788 0.11817094257943409 -0.3840862122432035 -0.009648181866991349 -0.38395378777880595 -0.033897736973392142 -0.079531650615653038 -0.33317082775347695 -0.16147930051357723 0.34816594807690593 0.14265453186307178 -0.0096307556624232182 -6.0141992513086536e-08 1.2426433618597574e-08 1.242643361860525e-08 1.043061806814981e-05 1.3565788980957886e-05 2.1380989058904068e-05 -4.9862671237640731e-05 -0.15143182738342081 -0.44243663583246651 -0.319363399352392 0.39325786064631563 -0.72213849741703129 4.7551305881540715
0.027520371600985527 0.39787802239345998 0.02392355240222873 0.022444448962704852 0.021911860608285132 0.37863484583495199 0.022934278879408642 -1.0870841448476608e-33 0 0.0012255671601889612 0.23018959686373455 0.14239561904800285 0.12681850663347335 0.14310341728335349 0.20887475963491983 0.14464138871658477 -0.014169944929946329 0.18906140854740452 0.37412517816519608 0.19050950156635399 0.22217062921220268 0.10778257743347525 0.0012255558530992253 -0.047793263114532449 0.018402732617099023 0.13160018201259613 0.027520371600985527 0.023272172376943023 -0.083628381389697609 -3.0123039277897843 0.020746653604034979 -0.042694991845679958 -3.0123039277897843 -0.051552633160169448 0.21923178198035842 0.10284867094940918 0.21938485568625898 0.078774038420648257 0.034354221628472299 0.29679525714991978 0.18791512020176399 -0.081362034915516579 -0.026970210766223943 -0.05564076499351539 -9.0387217532818366e-08 5.5707598190410104e-08 5.5707598190405326e-08 -3.0195013890353065e-05 -1.8547100433624586e-05 -2.8257169865013559e-05 1.8134495778424719e-05 0.37863484583495199 0.20887475963491983 0.37412517816519608 -0.047793263114532449 0.51920712072399566 -3.0123039277900538
0.022305276244878769 0.40864981258476996 0.024317474025453648 0.02266084766078209 0.02234312823466764 0.38969812545197757 0.022004844287205033 -1.2045239124461551e-32 0 0.00024245679522049232 0.55062743201276376 0.14748395527697858 0.14123559908345623 0.14831742356782909 0.52942392578209607 0.14805207669644949 -0.013889817952018345 0.2820693169376618 0.58432691510124302 0.2815402328664014 0.50196801523341117 0.12121613760365049 0.00024322460004129644 -0.52102869377069749 0.018705749250348958 0.13516658946657992 0.022305276244878769 0.022353227451839101 -0.55644108679065529 -11.990277771575645 0.020395445741987053 -0.23082913868788779 -11.990277771575647 -0.23307635148697656 0.49525125205172998 0.15137177805296387 0.49534673884559599 0.12718385487235459 0.080440286860184146 0.44183002975745528 0.27900463935106007 -0.54161186493433955 -0.20881754111425094 -0.013774251962299054 1.020238445959448e-09 1.1020763419120866e-08 1.1020763419109577e-08 -3.1021872283992135e-05 -2.427036240809818e-05 -4.2023226052823454e-05 7.9878230483256283e-05 0.38969812545197757 0.52942392578209607 0.58432691510124302 -0.52102869377069749 1.8589668910586452 -11.990373481590082
0.0038912841118872166 -0.095466159451249186 0.010241825730954347 0.021461563561901421 0.0082941351145607422 -0.11429736724952749 0.0071403165387306363 -1.0766068880611639e-32 0 -0.00074219516384844617 0.17982180375395879 -0.018597389980010662 -0.013504834332367419 -0.017745352698219207 0.15871720846611115 -0.018874048485715337 -0.013693639497189431 0.071720160327203075 0.17091439106320899 0.070616281675042594 0.17515442383454879 -0.033430479099937821 -0.00074167559645999133 -0.36914406906376745 0.0078783274853494959 -0.031688194650517622 0.0038912841118872166 0.0074955149438667946 -0.40395572928580725 -9.502889300279044 0.019907888546771991 -0.17927834548741281 -9.502889300279044 -0.17410140268744181 0.17367717250076437 0.090224514916596929 0.1737284990623493 0.066052901992856156 0.017582938151368556 0.054844147456678038 0.068120813581949283 -0.39317910613889551 -0.1502859885249157 0.033127286122140047 7.6685762382539348e-08 -3.3736143811290057e-08 -3.3736143811295622e-08 7.6037115037140264e-06 3.3638964182378083e-06 -1.2193636719879173e-05 5.2753364343509079e-05 -0.11429736724952749 0.15871720846611115 0.17091439106320899 -0.36914406906376745 1.429279483649502 -9.5028911607773452
-0.00070299115031957626 -0.3308464943754636 0.0020857457571258889 0.018102917748062896 0.00014551946587384741 -0.3498383881470134 -3.9160003874389292e-05 -1.3419519357314375e-33 0 -0.00080161369476325676 -0.34912986204014029 -0.09668672218455604 -0.082466007719632375 -0.095942240542132212 -0.37025954110563286 -0.096714908178382214 -0.013740290941028998 -0.16589300969910967 -0.31072052579367065 -0.16646338853778711 -0.3319917671524078 -0.10104711794989815 -0.00080186116357066153 0.097662732113825562 0.0016044198131737592 -0.10959624345722277 -0.00070299115031957605 0.00031724817302733292 0.063049209844022944 -0.94006197909240308 0.019684556833569854 -0.00039024832376023601 -0.94006197909240308 0.0055793993552238378 -0.32605648531747605 -0.0011329185531452825 -0.32598084412055789 -0.02500574008828254 -0.072110230579924592 -0.35761933595315937 -0.16897216546953955 0.061416391751180917 0.029224313068350095 0.037855977075727909 2.1707219645678493e-08 -3.6436986125604351e-08 -3.6436986125602584e-08 2.5624864167952946e-05 2.0568157015941556e-05 2.1809286016873957e-05 -1.3950462491248509e-05 -0.3498383881470134 -0.37025954110563286 -0.31072052579367065 0.097662732113825562 0.10681165513604085 -0.94006197909240297
0.015819914638996124 0.10507558041007341 0.012175217390523008 0.015487155804188154 0.010243028952550096 0.085976898673698163 0.01140922116723524 3.2802628259286435e-33 0 0.00054360003141927754 -0.20924534956369997 0.045728566916613075 0.041869307741785267 0.046402093709557918 -0.23043562388606445 0.047609438640285107 -0.013865466683680893 -0.036092247113074301 -0.074757790129905161 -0.034757484926308188 -0.19903028305371934 0.024247628123879733 0.00054315023576871613 0.22037672964696892 0.0093655518388638496 0.034687537876830973 0.015819914638996124 0.011767584584877352 0.18555110548991577 1.7596780518281379 0.019747765693901201 0.056141501095907924 1.7596780518281379 0.052592371071593119 -0.19559482715471599 0.025267625786632431 -0.19546226567635788 0.0017502959296371247 -0.04250873017596353 -0.10420548097344427 -0.03729658478551471 0.18066339114985974 0.076344362843123292 -0.022170759564310798 -8.6219788385502971e-08 2.4709092337239044e-08 2.4709092337240235e-08 -7.7961429505357296e-06 -7.5901208173069358e-08 3.824825710294286e-06 -2.3890666099283742e-05 0.085976898673698163 -0.23043562388606445 -0.074757790129905161 0.22037672964696892 -0.24862637419652012 1.7596780518281383
0.030237842351198196 0.63716605725423414 0.02653366630265289 0.015912841877979624 0.024629886804656054 0.61830917860781553 0.025559228822767517 -6.4838540078802291e-33 0 0.0012803505427401653 0.5529776557653806 0.22121381263496551 0.19958517842967535 0.22201229012910351 0.53182440162164268 0.2235936642163211 -0.01371208094611768 0.33130793513444007 0.65929768412321477 0.33266129949930506 0.5208140900130801 0.18096442937987253 0.0012807873143036617 -0.31876671418353775 0.020410512540502215 0.21080291508321072 0.030237842351198193 0.025925836333079776 -0.35352985718514374 -7.8632281248021769 0.019644006966964417 -0.14524027883328017 -7.8632281248021769 -0.15460227113843514 0.51347891651687549 0.15578356020507031 0.51359446471656478 0.13228080541226656 0.087531402458816313 0.54610581849420881 0.33015335813092955 -0.34409339297222541 -0.13092907118333769 -0.058585719941548847 -9.1744808896138012e-08 5.819775194274311e-08 5.8197751942733065e-08 -4.8573107135133959e-05 -3.3541065965411115e-05 -4.8502361114628188e-05 5.681987617146909e-05 0.61830917860781553 0.53182440162164268 0.65929768412321477 -0.31876671418353775 1.2686639413866285 -7.863228214766993
0.023169521242380142 0.56275407782160025 0.025560482760954083 0.017710159084509059 0.023697030865601154 0.54431547784950529 0.023180280406601785 -1.5609690895374112e-32 0 -0.00025454538935382155 0.68352970364869303 0.19875067476651131 0.19793980965866456 0.19967900189060331 0.66260420017251342 0.19874795544995122 -0.013348862505505845 0.29038090197177541 0.60960086021537097 0.28911422857434388 0.59495620137028382 0.17828954887558229 -0.00025351469288035838 -0.67894934089857151 0.019661909816118529 0.18617513263947008 0.023169521242380142 0.023558261761805924 -0.71301671023918889 -14.933493072471512 0.019109199655160697 -0.29365106148856585 -14.933493072471515 -0.29241178675435181 0.58715887203499484 0.16598462166577838 0.58718684799909604 0.14228833345144634 0.093852688833929193 0.44352137343215842 0.2866833582630739 -0.69402896528895797 -0.2692453904225775 0.0083388656180863729 8.2710748813922768e-09 -1.1570244970622529e-08 -1.1570244970633102e-08 -4.2864078988052076e-05 -3.3615865951699056e-05 -4.3348601445776211e-05 9.9393005011540555e-05 0.54431547784950529 0.66260420017251354 0.60960086021537108 -0.67894934089857151 2.2897870544339702 -14.93749698347508
0.0077377320267260075 0.090306633068900161 0.013021612909846504 0.017740524574751809 0.011187213689158797 0.072087573492510687 0.01018087994078634 -1.0622495453986955e-32 0 -0.00060787786340485146 0.30653639702994617 0.041917937864501015 0.040045602658568089 0.042866786542140781 0.28578375772933995 0.042255512204091163 -0.013161485115791899 0.10039769656498942 0.22066051017852606 0.099873890328764217 0.29544229213004319 0.020463264712048592 -0.00060733257908594156 -0.38271758153152985 0.01001662531526654 0.029802526539249856 0.0077377320267260075 0.010566482820270442 -0.41612314852169119 -9.5861714919970478 0.018580337594006759 -0.18232012346107973 -9.5861714919970478 -0.1778859413144068 0.29242436356049673 0.11052785294196019 0.29240303139026075 0.08687800487433342 0.036475683490218951 0.09691904390534832 0.097481330278107195 -0.40502525099415221 -0.15520253472196821 0.028621010493440201 6.0186187096685446e-08 -2.7630811972942648e-08 -2.7630811972949299e-08 -6.659414250998562e-06 -5.9812629466338346e-06 -1.6063744609729532e-05 5.5258521815897246e-05 0.072087573492510687 0.28578375772933995 0.22066051017852606 -0.38271758153152985 1.44660205144943 -9.5861736489168905
0.010111529380083084 0.029308147088127835 0.010443969371984552 0.016060393250950468 0.0086247024759056167 0.0110949676495091 0.0088323803311221652 -4.5213687306688346e-33 0 -0.0002741342692150857 0.10728887838975518 0.021141995010839017 0.020919721790641832 0.022080760362992599 0.086552543115529498 0.022051463858559953 -0.013112460131411468 0.013453666504335229 0.039624515853094885 0.013500108057104256 0.10652449587695698 0.0017083500770490635 -0.00027403270394210118 -0.11239050728285935 0.0080338225938342677 0.009612989002010304 0.010111529380083084 0.0092217259692511412 -0.14549048400204553 -4.4798053151670008 0.018294116767994358 -0.075791630139413174 -4.4798053151670008 -0.073647089358253565 0.10626650828893131 0.077133945580644292 0.10623414065205465 0.05369497183806287 0.0030560934996075096 -0.053215379795041193 0.011115526139232204 -0.14158420182768372 -0.051205109063242646 0.013965670161456256 -1.8931987464511217e-08 -1.2460648600682633e-08 -1.2460648600686254e-08 -1.9942184603477942e-06 -5.0537785456515096e-07 -3.5055179520222563e-06 1.8647410478993843e-05 0.0110949676495091 0.086552543115529498 0.039624515853094885 -0.11239050728285935 0.67543532999677236 -4.4798053151804256
0.030727328732609749 0.59037700715429486 0.025210963906411681 0.015846102009810493 0.023415633705333377 0.57233048274308607 0.024763199733808843 -4.8013783735622288e-33 0 0.0008518146234451539 0.53038269986826414 0.20507931164001689 0.18533015821293336 0.20609428078159933 0.50968747460546604 0.20766432132908164 -0.013016832049281186 0.23088385806248776 0.45666316477764057 0.23234793370612195 0.50196426927498228 0.16562541435023082 0.00085210928237400795 -0.2295795640764417 0.019393049158778208 0.1953195391129276 0.030727328732609749 0.025159501951899057 -0.26250355843870737 -6.2296150542545172 0.01810673382259536 -0.11257547536281819 -6.2296150542545172 -0.11851319823929499 0.49567438414606763 0.15033036307302952 0.49562101834184513 0.12703888741180019 0.075719214940106819 0.33867678987504718 0.22998183061740224 -0.25548831096176555 -0.09622468786404928 -0.036829240852663099 -1.1846439958959057e-07 3.8718846520241318e-08 3.8718846520232305e-08 -4.4994895294514262e-05 -3.0274498091268956e-05 -3.4088176574905775e-05 4.1540045890775472e-05 0.57233048274308607 0.50968747460546604 0.45666316477764063 -0.2295795640764417 0.9955096041454039 -6.2296150569247724
0.043585769832134247 1.0715801720891984 0.039581249804036545 0.018690847740746971 0.037833957522375894 1.0540764703196244 0.038575611294526684 -1.2261785605102785e-32 0 0.00022769706449196527 0.91078950856259377 0.36549393250725487 0.35720988347640525 0.36665172780676819 0.89039261826966987 0.36665889389236361 -0.012705814113058968 0.3228516658384285 0.66291557558549785 0.3224705274151109 0.77475343176595401 0.33636060490631914 0.00022860780485606878 -0.60345629568701575 0.030447115233874261 0.35459297300921977 0.043585769832134247 0.03898615308741777 -0.63582735659193323 -13.241342100173089 0.017673474806670635 -0.25966240949419667 -13.241342100173092 -0.26172040258591867 0.76479483544431692 0.19879923322837814 0.76465465877968497 0.17542393798289907 0.12045157242777509 0.48185008301671711 0.32017025015910311 -0.61889297920584985 -0.23983999955347893 -0.012425145851109702 -9.7864186057803469e-08 1.0349866567820532e-08 1.0349866567806763e-08 -8.1861145035970411e-05 -5.8667781177753715e-05 -4.7655470713885896e-05 9.113044009228262e-05 1.0540764703196244 0.89039261826966987 0.66291557558549796 -0.60345629568701575 2.0501447760734672 -13.241859472784828
0.034666042774915695 0.89526066083228684 0.036884790436156924 0.022234705860993152 0.035195617675852178 0.87841801324547908 0.034493881223018635 -1.2732754251447341e-32 0 -0.00031093987240762318 0.81992183611351888 0.30720906983824448 0.29993305678767151 0.30846414457074228 0.79996423126300853 0.30796517837426246 -0.012415599380988122 0.23940723475311251 0.49850943092515515 0.23882124750593256 0.70767424197591011 0.27840637164968363 -0.00031006246246959458 -0.5820608444397497 0.028372915720120715 0.29623607007619318 0.034666042774915695 0.034921198335012608 -0.61368903403268305 -12.984175155921283 0.017102470514651937 -0.25484236635338942 -12.984175155921283 -0.25278613430219726 0.69914173943614966 0.18590575875882784 0.69891013812778668 0.16250776014884313 0.10367101615318179 0.31711117166165298 0.23658213724112026 -0.59734387380171361 -0.23144158203325163 0.013681580143086252 5.4288417041831386e-09 -1.4133630563971272e-08 -1.4133630563983793e-08 -6.8334683031305682e-05 -4.884919606449963e-05 -3.57954641237852e-05 8.5011927022412057e-05 0.87841801324547908 0.79996423126300842 0.49850943092515515 -0.5820608444397497 1.9844624344960768 -12.984545735645021
0.022602278739213943 0.46081902005647635 0.026124867333461903 0.023635667690451865 0.024481964354101611 0.44440931224606295 0.023643083663854002 -9.1502763942945216e-33 0 -0.00039367175388301136 0.57357349858928819 0.16307157476919826 0.15677062056566554 0.16439296863221814 0.55390144341483405 0.16394854399078548 -0.012233758895463787 0.12723482148959303 0.271157557587755 0.1268863469395316 0.52275347715709752 0.13488318111314646 -0.00039313129448418298 -0.37623532833471207 0.02009605179497069 0.15244358438768515 0.022602278739213943 0.024083374758758158 -0.40727429254810649 -9.1897538189122194 0.016631793308692272 -0.1759361300443931 -9.1897538189122194 -0.17308699669913999 0.51716304932617718 0.15313753090493343 0.51686498852312168 0.12986576542897094 0.068294268549761672 0.11209243389205326 0.12468458571477309 -0.39641470665207074 -0.15217357760817932 0.018588620739455882 3.1512681266893524e-08 -1.7894170631038969e-08 -1.7894170631047741e-08 -3.5036817045798742e-05 -2.5123184363600592e-05 -1.9724532270042748e-05 5.5224578399760235e-05 0.44440931224606295 0.55390144341483405 0.27115755758775506 -0.37623532833471207 1.3956293780790496 -9.1897548803245019
0.031020473688840866 0.55129653367448317 0.028574153998281303 0.023744631583270618 0.026968833822156979 0.53517125066236448 0.027505153591765408 -5.6682130749802258e-33 0 0.00013171861157727647 0.57944832091288212 0.1918092801494776 0.17960576307835929 0.19319575735168965 0.55993614791659829 0.19374557753902638 -0.012118611064530486 0.14313527834441792 0.29145352848545142 0.14370722789667126 0.53515280926198805 0.15737386204970835 0.00013206263945170658 -0.25621031523651355 0.021980118460216386 0.18239142911462189 0.031020473688840866 0.027956237152905079 -0.2868785720509891 -6.7781407354884289 0.016312337390539999 -0.12580572866433828 -6.7781407354884289 -0.12657612122353917 0.52933323304435442 0.15743776751252159 0.52898803164460428 0.1343741739808241 0.070948362371710511 0.14358217702286288 0.14152827052414882 -0.27921861849055657 -0.10594544721774149 -0.0042434643718732871 -6.5196522041189926e-08 5.9872096171551468e-09 5.9872096171467724e-09 -4.1972534624388214e-05 -2.8609262127006509e-05 -2.1723718001447982e-05 4.1039143341286843e-05 0.53517125066236448 0.55993614791659829 0.29145352848545147 -0.25621031523651355 1.0473367256186541 -6.7781407432513792
0.053481057286262512 1.1721061081755424 0.046205134821326127 0.025805534213132655 0.044652713210611872 1.1565047496880179 0.046039947559590094 -7.3970490148390227e-33 0 0.00046610573406119564 0.91842550971009096 0.3966288032841222 0.38162609986871637 0.39813039690227914 0.89920914788159156 0.39895806008086965 -0.011917466258141494 0.26923499197602241 0.54296229276842345 0.26983165149985916 0.79284905067913536 0.35855803367146322 0.000466718691377103 -0.41916743104339904 0.035542411401020095 0.38787254627070672 0.053481057286262505 0.046506952746669494 -0.44942852568138003 -9.6133646968970687 0.015977304318585291 -0.18543750389553823 -9.6133646968970705 -0.18882833154346942 0.78326019530609214 0.20578164317876443 0.78284411557935984 0.18283111874490876 0.1164877965192949 0.36333639458138034 0.26769454066132925 -0.43744988861083145 -0.168504643363004 -0.020746689080006118 -1.4838520297006798e-07 2.1186624275516676e-08 2.1186624275503159e-08 -8.9541876555257675e-05 -6.1512503056503602e-05 -3.9657704846332264e-05 6.6002884445362525e-05 1.1565047496880179 0.89920914788159156 0.54296229276842345 -0.41916743104339904 1.5001544153631519 -9.6133669789685001
0.062916681170463562 1.5407291405284909 0.058682021781693412 0.030605225199566637 0.057207432057259228 1.5260121683877355 0.057656340288757157 -1.1081789269458758e-32 0 7.8561693387467393e-05 1.1327226853349297 0.51892360006341887 0.50851848102582486 0.52056102474627197 1.1140695386922315 0.52052433113627705 -0.011611610737942389 0.30818214102692931 0.63153460759482272 0.30788575807806406 0.94048533133835499 0.48442115836423982 7.9492556952323173e-05 -0.6115437455319267 0.045140016755148775 0.50988471825321136 0.062916681170463562 0.058146670598876432 -0.64115736712193383 -13.218389452595975 0.015482357609767619 -0.26132760014709466 -13.218389452595972 -0.26217090153152389 0.92903138054286016 0.23307998816372605 0.92850981479671268 0.21014443346132625 0.13932581296770791 0.41703277119167081 0.30581351979781912 -0.62408500391024535 -0.24231619835631354 -0.0046526852833280296 -1.0148958662951925e-07 3.5709860630743091e-09 3.5709860630629581e-09 -0.00011777248959083277 -8.160413903632515e-05 -4.5414590390059007e-05 9.1107325854628308e-05 1.5260121683877355 1.1140695386922315 0.63153460759482261 -0.6115437455319267 2.0388400199627141 -13.218891754102366
0.051598049700260162 1.242666656372247 0.053367894028879669 0.03525251988282703 0.051977236587818332 1.2288667963854536 0.05107762912650636 -1.0850333909917289e-32 0 -0.00035064927508562141 0.98993939238274642 0.42028326303075092 0.41239452259189557 0.42202928754872687 0.9719012223228366 0.42141151192235227 -0.011336506054798219 0.22119584256205113 0.46144759092928789 0.2205744395520095 0.83393445784383657 0.3875524483958705 -0.00034980869019687861 -0.55553839964729135 0.041052226176061288 0.41123348466364018 0.051598049700260162 0.051592613219039921 -0.58442755123674162 -12.283020935627151 0.014930261671519039 -0.24230325246868445 -12.283020935627153 -0.23994975200081387 0.82438851034806693 0.21463022536782594 0.82376324632666698 0.19177582181464628 0.11656716320272412 0.25006211601329309 0.21856026821855959 -0.56886353344560947 -0.22061534331833343 0.015515777781295498 -1.1566981320303899e-10 -1.5938603412975444e-08 -1.5938603412990048e-08 -9.4912212768837097e-05 -6.5668345823633912e-05 -3.3078711449333695e-05 8.0673634744125362e-05 1.2288667963854536 0.9719012223228366 0.46144759092928794 -0.55553839964729135 1.8747270561259617 -12.283165132505861
0.04247654601931572 0.84277514825841027 0.043935452932294172 0.037394493646055925 0.042615454010973983 0.8296297622065546 0.041939243181213247 -7.1296952652126321e-33 0 -0.00026789532305657713 0.76410996789886831 0.2871339302286523 0.27754438038760276 0.2889588544372938 0.74650379776801001 0.28872358499859935 -0.011166869418794131 0.13703848498452961 0.28656414788151729 0.13694455403709063 0.6722976882699202 0.25226212729559788 -0.00026737811736846832 -0.35802370107198134 0.0337965022556109 0.27887736441947997 0.04247654601931572 0.042474789518334471 -0.38636145243914188 -8.5899197524634214 0.014492727680544782 -0.16548385735139387 -8.5899197524634214 -0.16348297987792593 0.66523427329660656 0.18755730700333625 0.66453293601902697 0.16492289070134708 0.086580880240960223 0.099491343879822863 0.13496529081426131 -0.37606111947775089 -0.1445510438138955 0.013251946818731847 -3.7372361307594325e-11 -1.2177060138927788e-08 -1.217706013893889e-08 -6.4259921465848838e-05 -4.359409785176934e-05 -2.0923333865840643e-05 5.2993667520113687e-05 0.8296297622065546 0.74650379776801001 0.28656414788151729 -0.35802370107198134 1.3086570978491929 -8.5899200964555611
0.055117256939411163 1.0471943480534767 0.050037458036266885 0.038630606435028518 0.04878350329267489 1.0346096320820546 0.049554301749588178 -4.9048339203791512e-33 0 0.00024247444498677826 0.84361656798726603 0.35353497529836647 0.33886182462609227 0.35545111446021382 0.82634878544596246 0.35610015501934467 -0.011024935264918233 0.1858611506688303 0.37493259997041339 0.18650129244810718 0.73890230773645238 0.31302263069768943 0.00024291414257018959 -0.31029911402158905 0.038490352335589909 0.34653924967017063 0.055117256939411163 0.050109546983640091 -0.33824740188161806 -7.5069949633253135 0.01416996856340339 -0.14314856806266227 -7.5069949633253135 -0.14475414050789151 0.73077565462327343 0.20262607688262177 0.73000861771033421 0.18024543996860345 0.099251897759135455 0.18978854015910421 0.18455097774285451 -0.32922606871442928 -0.12611459273277559 -0.0094900399481414842 -1.0654702033555819e-07 1.1021565681224491e-08 1.1021565681212776e-08 -7.9923771126224426e-05 -5.3456210024429324e-05 -2.7660729568435307e-05 4.8997143754407553e-05 1.0346096320820546 0.82634878544596246 0.37493259997041339 -0.31029911402158905 1.164747062288882 -7.5069950024110756
0.076646097004413605 1.6563206304497682 0.068127926928961469 0.042072621287692832 0.066959043650027597 1.6445793445380619 0.068237570409666326 -7.2660267203704682e-33 0 0.00039342697867137202 1.1597462454799996 0.55460984667079261 0.53967259158555536 0.55665810150278583 1.1429971410723572 0.55729104824111642 -0.010784946762454832 0.29640379854144971 0.59861297538778713 0.29680129789650084 0.96863041951430451 0.51287862892914682 0.0003941704900486359 -0.49434844149294727 0.052406097637662664 0.54815445803473761 0.076646097004413605 0.068818680418353928 -0.52180917790720294 -10.786201304568436 0.013788705529079726 -0.21211228711648464 -10.786201304568433 -0.21504414489177312 0.95718070789792142 0.24649159621855835 0.95632108751517209 0.2242582260190053 0.13941137898107778 0.38041175904716013 0.29490159651432635 -0.50791093272135157 -0.19676287463414086 -0.017830184019620419 -1.6654077842680666e-07 1.7883044485076075e-08 1.7883044485057913e-08 -0.00012659282025038348 -8.5720894331793408e-05 -4.3446934209065762e-05 7.59293091853301e-05 1.6445793445380621 1.1429971410723574 0.59861297538778702 -0.49434844149294727 1.6777264097477245 -10.786217203547523
0.08071339875459671 1.8585474064354774 0.076622779802158536 0.047663082957113863 0.075561262400958382 1.847951545396487 0.075632371807388285 -1.0238950970827156e-32 0 -2.902866559660976e-05 1.28157172023208 0.62169771970560483 0.61107580223317381 0.62388687162075041 1.2655718127597331 0.6236566574625122 -0.010468233755045575 0.30610952614529979 0.62770596273121482 0.30569705631150107 1.0489002012529669 0.58325381153678124 -2.8049884775416576e-05 -0.63637787015296787 0.05894059984781426 0.61509270528372284 0.080713398754596696 0.076245829870972212 -0.66313599767258768 -13.477457340574647 0.013262689602072695 -0.26891970533264276 -13.477457340574647 -0.26898205170638645 1.0365660285948823 0.26237353056721924 1.0355878001547978 0.24022272614626003 0.15035594502216562 0.38356826154749685 0.30386483003788911 -0.64548335722096517 -0.2512038989013376 0.00029221231472939362 -9.5054657098400069e-08 -1.3194847998365164e-09 -1.319484799854867e-09 -0.00014206937294513079 -9.6796554131360534e-05 -4.5013818811651516e-05 9.3678195846099137e-05 1.8479515453964888 1.2655718127597333 0.62770596273121471 -0.63637787015296787 2.0737631512326211 -13.478156055250622
0.066407814621925354 1.4300412121589818 0.06776324987603187 0.052182701429408736 0.066808960249224877 1.4205174929698614 0.065717428470759828 -9.1665778666262545e-33 0 -0.00038518502565639288 1.0715107185430033 0.47966091286825946 0.47105704821621397 0.48195997377448713 1.0562312136395064 0.48129491979819056 -0.010205665551257719 0.20697166803085251 0.43146930425265589 0.2063851825558686 0.89524226157831954 0.44252873956359012 -0.00038437168642840185 -0.53466380671519376 0.052125576827716819 0.47326696490548908 0.066407814621925354 0.066362706793950732 -0.56070257899986697 -11.679390152083158 0.012720389423519902 -0.23184089026086541 -11.679390152083155 -0.2291947968186081 0.88543742996815156 0.23636181623137267 0.88435112128078863 0.21438295575031846 0.11998058034515073 0.19865331532713987 0.2046084918695151 -0.54577269634476422 -0.21193028518871013 0.017354270232725705 -9.5974102074318252e-10 -1.7508410257102579e-08 -1.7508410257116079e-08 -0.00010921451005255569 -7.3888478342666158e-05 -3.0906109442021484e-05 7.7154358985041726e-05 1.4205174929698614 1.0562312136395064 0.43146930425265589 -0.53466380671519376 1.779995327082178 -11.679451395462454
0.059525974094867706 1.0648046615691169 0.059022826983680499 0.053937032912816554 0.058160091013966984 1.056055883095067 0.057642019019497441 -5.346592281755252e-33 0 -0.00018277769994542068 0.86305402023462208 0.35772905506691322 0.34641468189626701 0.36011284614529604 0.84827994330597722 0.36002037494464051 -0.010045561992940643 0.14269901047047015 0.29467143086181663 0.14277495912911484 0.74886459243224068 0.3174391140826498 -0.00018227756824557424 -0.34337993531376582 0.045402174602831163 0.35238155119719039 0.059525974094867706 0.058314444919383958 -0.36889716999639122 -8.0621003459083092 0.012310751676054825 -0.15657991213634617 -8.0621003459083109 -0.15515347303521415 0.74122695704274333 0.21295990907758691 0.74006197348385039 0.19128231648333871 0.09368575537960129 0.08694961817651449 0.14103132868148047 -0.3590645727240907 -0.13826806481012696 0.0096288722492618301 -2.5777216499658491e-08 -8.3080772702386773e-09 -8.3080772702509411e-09 -8.1221268958003669e-05 -5.3606753838193807e-05 -2.154794040442757e-05 5.1028416901593529e-05 1.056055883095067 0.84827994330597722 0.29467143086181657 -0.34337993531376582 1.231053599728376 -8.0621004667224021
0.074320130050182343 1.3465270824229585 0.067175816851594891 0.055187090656111187 0.066402603222384407 1.3385046355735191 0.067314011164909246 -4.0059529394940975e-33 0 0.00030487801789072077 0.98653828578413783 0.44973105492485388 0.43413550924031741 0.45221891975884543 0.97220587852040152 0.45290425262426642 -0.0098871454110138791 0.21136343916314046 0.42453784468113115 0.21202245832434072 0.84569674887061119 0.40452646836045314 0.00030537910930642577 -0.34336538232190883 0.051673705270457608 0.44563027390960847 0.074320130050182329 0.06801355327052358 -0.36848433679460924 -7.860488182482559 0.011990906751350765 -0.15267599008620766 -7.8604881824825572 -0.15476177286343767 0.83651811781143504 0.23402526211155608 0.83527905331380348 0.21264946568714527 0.11208260751064786 0.21310085334058099 0.21031165408079547 -0.35866323995214117 -0.13817157400175237 -0.012519118633851099 -1.3418248467359425e-07 1.3858091722313813e-08 1.3858091722300346e-08 -0.00010281070117484639 -6.7759077874733612e-05 -3.1151281129156352e-05 5.3684497121526625e-05 1.3385046355735191 0.97220587852040152 0.42453784468113115 -0.34336538232190877 1.2221753479615904 -7.8604882645778096
0.092341713607311249 1.8839879759544718 0.083409435296028997 0.058727688490802316 0.082745534885709335 1.8769856247653542 0.083794076306260193 -6.8546645253610041e-33 0 0.00032295938338538382 1.2670859291752892 0.62722487228758261 0.61290031894351837 0.62985237285803319 1.2533905353159172 0.63029063805257279 -0.0096255129178650419 0.30715159820794674 0.62107051369040123 0.30737636294901927 1.0455455017271393 0.58231418431640913 0.00032377802118656443 -0.53569464550533974 0.064161104073868463 0.62352584561565694 0.092341713607311249 0.084527017560381043 -0.56027988384030047 -11.333784523270074 0.011586301724034933 -0.22572230031188981 -11.333784523270079 -0.22819521242561244 1.0334952500219716 0.27275714750758351 1.0321541582054872 0.25157105908751543 0.14678594177773346 0.37710722285010884 0.30572116249453107 -0.54536313979240714 -0.21199135382556233 -0.01494243335385506 -1.66270128658095e-07 1.4679971972076282e-08 1.4679971972059706e-08 -0.00014398861393267797 -9.6376563510047083e-05 -4.4885088467245392e-05 8.1049202828635902e-05 1.8769856247653562 1.2533905353159172 0.62107051369040123 -0.53569464550533974 1.7591065026992441 -11.333821323650167
0.089695274829864502 1.889703344759178 0.086316736361589569 0.06367913928085138 0.085778754856299946 1.8839331317462711 0.085435749264911418 -9.2069336483918839e-33 0 -0.00013945674018063503 1.2896331171289781 0.62924375203382188 0.61935868760105084 0.63200870523858621 1.2767450458998544 0.6315735360599245 -0.0093139317693173296 0.28663660858738843 0.58908555888199909 0.28610650054566378 1.0543271023365697 0.58783121786810388 -0.00013848594942498664 -0.62714455643611144 0.066397489508915053 0.62542186998313076 0.089695274829864502 0.086206745719886679 -0.65101058342863749 -13.11109931095343 0.011055309736651864 -0.2634178843765807 -13.111099310953424 -0.26267443460535345 1.0424169087027961 0.27611880496165814 1.0409562203651144 0.25508738308836293 0.14530108916535253 0.32868023437827165 0.28451786338586121 -0.63368388559347311 -0.24698172082722814 0.0053526700591179999 -7.4224023616556084e-08 -6.3389427354735542e-09 -6.3389427354923486e-09 -0.0001444096912465045 -9.7035440281809283e-05 -4.2131735840594681e-05 9.1385834840392326e-05 1.8839331317462735 1.2767450458998544 0.58908555888199909 -0.62714455643611144 2.0123235171454152 -13.111536576407094
0.072365440428256989 1.3453741063865055 0.073540557098403736 0.066722178297643986 0.073120667585428387 1.3406519236675751 0.071883487023946771 -7.304278658776155e-33 0 -0.00040542123587514661 1.0168181970044743 0.44870314175065312 0.44015092040022286 0.45156982393119921 1.0046257666124698 0.45089003004187811 -0.009080192080803292 0.17801997017311072 0.37164086382485861 0.17750082345110407 0.8565430381830752 0.40804950247387251 -0.00040469055067263296 -0.48008626200482829 0.056569659306464411 0.44526023383066571 0.072365440428256989 0.072689745760648947 -0.50327780458924687 -10.454439286652764 0.010549639339093654 -0.20834421002522199 -10.454439286652766 -0.20549771377438447 0.84772027272277106 0.24272712089266379 0.84615949048433536 0.22196105656487908 0.10806580796066585 0.13138369950995088 0.17596160873561401 -0.48987748714986229 -0.1902850962945101 0.018581705668043506 6.9001134551427079e-09 -1.8428237994318031e-08 -1.8428237994332487e-08 -0.00010268669981640548 -6.7913391284278916e-05 -2.6625879084445388e-05 6.8924163684241365e-05 1.3406519236675751 1.0046257666124698 0.37164086382485861 -0.48008626200482829 1.5902593007960044 -10.454448636519242
0.067330680787563324 1.0291747998221541 0.065233412981246533 0.066949456171406838 0.064913266110197196 1.0251810422607563 0.064569555062246917 -3.5551912902967127e-33 0 -0.0001018476468913817 0.82961305701958366 0.34289092665461618 0.33112648136576528 0.34583900500947512 0.81787888135462872 0.3458710891842004 -0.0089423640309431798 0.13367750439206838 0.27372242469284236 0.13389918571691162 0.72574674050162891 0.29866022776578688 -0.00010141061944110859 -0.30078957012399216 0.050179548447112726 0.34060528015926977 0.067330680787563324 0.06540573289713994 -0.32352361624758019 -7.0268460038323592 0.010191036891428822 -0.13700110414729746 -7.026846003832361 -0.13612629862263134 0.71876299203649541 0.22263511880550299 0.71713230075447287 0.20224832268918411 0.085623115992705459 0.058879035163601691 0.13238837787724458 -0.31490027876091703 -0.12124633655529084 0.0061089331497337857 -4.0956338094118425e-08 -4.6294384950554373e-09 -4.6294384950672156e-09 -7.8459629727794055e-05 -5.0233451406611274e-05 -2.0088025891498704e-05 4.5071483490503563e-05 1.0251810422607563 0.81787888135462872 0.27372242469284241 -0.30078957012399216 1.0752574729772575 -7.0268460170375047
0.082616731524467468 1.3644891806036705 0.074212884955259906 0.067154016874426542 0.073992054828655132 1.3612189156869436 0.07497479315214986 -3.1345195300788776e-33 0 0.00035214097312136319 0.98659291080850575 0.45275551870429187 0.43743762441192219 0.4558102105621803 0.97528306222755368 0.45649673572126537 -0.0087824914453918934 0.21869280420185633 0.43814502371356268 0.2193449595818745 0.84579752823586984 0.4043610421299953 0.0003526507016062041 -0.34444574368301129 0.057086834580969158 0.45159216136632085 0.082616731524467468 0.075841355199016608 -0.36680644317780087 -7.6389118621737007 0.0098965989662563522 -0.15009182901486418 -7.6389118621736989 -0.1525497062789104 0.83688968700052413 0.24801151585416864 0.83518845605242686 0.22797238738276909 0.10860620344704855 0.21514168757501737 0.21786754174072404 -0.35703350048035537 -0.13794501984685079 -0.014906351392946784 -1.4415694309470304e-07 1.6006407869161301e-08 1.6006407869147712e-08 -0.00010416197053231788 -6.7464332282237359e-05 -3.2062260905404736e-05 5.3749607798318351e-05 1.3612189156869436 0.97528306222755368 0.43814502371356262 -0.34444574368301129 1.1904639618687287 -7.6389119142987791
0.095414318144321442 1.7940543801098219 0.086985378631359578 0.069648626142799167 0.086882225806125327 1.7917911533969919 0.087630353462728391 -6.4300600476209664e-33 0 0.00024452733986099484 1.2193125893805099 0.59476053514849991 0.58202700248685024 0.59795207689826291 1.2086214094804641 0.59817974885450464 -0.0085179916445265527 0.29726531963488723 0.60232090431851548 0.29731673335286257 1.0090478175116222 0.54804914196102195 0.00024535649991739824 -0.53791223942007593 0.066911829716430435 0.59377571713692989 0.095414318144321442 0.08853301499425538 -0.55973409440649335 -11.176055130641771 0.0094958882285212706 -0.22446979841451548 -11.176055130641771 -0.22641806946376075 0.99780275236592808 0.28000664292008004 0.99600308541825155 0.26019987740190953 0.13684685515426986 0.34894948467333436 0.29589576796215233 -0.5448354232725714 -0.21220013997039233 -0.01168126286109555 -1.4641070532055974e-07 1.1114879084600529e-08 1.1114879084584366e-08 -0.00013707695557319788 -9.060937409457178e-05 -4.3388449166635037e-05 8.0576841939870411e-05 1.7917911533969928 1.2086214094804639 0.60232090431851559 -0.53791223942007582 1.7315721592161886 -11.176084143009703
0.08584807813167572 1.6058219013183821 0.083724843431530457 0.072804498523349928 0.083748519105337815 1.6046745351809972 0.083019430987239601 -8.1357814235728647e-33 0 -0.0002382727029986967 1.1440216446268729 0.53262408238530412 0.52430720583337165 0.5359394515994228 1.13404941474086 0.53532769464552032 -0.0082312271781085425 0.2484938741726094 0.51280653914877039 0.24787785334962373 0.94773082824106825 0.489570236921889 -0.00023737737918640001 -0.57710705529099515 0.064403725716561874 0.53147731678949262 0.08584807813167572 0.083960508880265738 -0.59823972467428765 -12.005612083157981 0.0089909804282212926 -0.242315803723337 -12.005612083157978 -0.24083710401360048 0.93760948796399268 0.27072165437314177 0.93570268507586518 0.25114055958719145 0.12341828029658324 0.2532994717945623 0.24651819724950128 -0.58231876882586708 -0.22710696313272116 0.0099295608683800107 -4.0161047902346664e-08 -1.0830577409019798e-08 -1.0830577409035949e-08 -0.00012264371861364564 -8.1017178917042681e-05 -3.6588338146305095e-05 8.3377838276363172e-05 1.6046745351809975 1.1340494147408597 0.51280653914877028 -0.57710705529099526 1.8376223779798133 -12.005709875313638
0.066415548324584961 0.9881707727201946 0.067636076509007118 0.073433055865852831 0.067771123131081551 0.9878594924152716 0.066482304545612839 -5.5197459350329301e-33 0 -0.00040619993805703119 0.82428479648618846 0.32773911650604076 0.32018797017753003 0.33113853885929923 0.81484840484709364 0.33048145434138265 -0.0080418138294941419 0.13537107309376831 0.28420009937047691 0.13494345471227642 0.7153047243653704 0.2850968662241477 -0.00040560636974261953 -0.39268479586020127 0.052027751160774703 0.32704641747168628 0.066415548324584961 0.067456784460943123 -0.413230126060039 -8.6370468758879468 0.0085502242626523915 -0.17228781031993676 -8.6370468758879451 -0.16937769553783141 0.70867614843179871 0.23124617546377535 0.70668953481288732 0.2120158918428349 0.081170405985745403 0.052869127863104881 0.13362368574392341 -0.40222594929231581 -0.15606571519460732 0.018910710039709365 2.2153960348040979e-08 -1.8463633548039037e-08 -1.8463633548051606e-08 -7.5313319217692768e-05 -4.7914136002884826e-05 -2.0396729239990624e-05 5.6161372107898713e-05 0.9878594924152716 0.81484840484709364 0.28420009937047691 -0.39268479586020127 1.310250494180297 -8.6370472516841676
0.063523650169372559 0.75264452972365747 0.060242079499602155 0.071485999096223427 0.060468456525605098 0.7528538802215492 0.060342440778302982 -2.0129169680720497e-33 0 -1.9918571802878729e-05 0.66859786375130914 0.24864722586164242 0.23768330436030699 0.25211513843236832 0.65945833012689303 0.25226780811187077 -0.0079375422430923888 0.11216582534232448 0.22810392073084942 0.1125152547168993 0.60504932562101621 0.20239681448810176 -1.9586226821244148e-05 -0.23326080034587038 0.046340061153540106 0.24909237651702143 0.063523650169372559 0.061344591782452204 -0.25344447045796836 -5.5522911832242077 0.0082637764013359684 -0.10804511683515733 -5.5522911832242077 -0.10773688517815906 0.59985847600798481 0.21488581627785039 0.5978215693177682 0.1960988550533338 0.063479179478934222 0.02161206907689785 0.11121673925756703 -0.24668655321357449 -0.094689849697702597 0.0024584786802382057 -4.636294440256404e-08 -9.0538962739618662e-10 -9.0538962740648192e-10 -5.7279069557623047e-05 -3.4500417105147735e-05 -1.6864028395938924e-05 3.5604025878643676e-05 0.7528538802215492 0.65945833012689303 0.22810392073084934 -0.23326080034587038 0.85198763062300664 -5.552291183592672
0.078449666500091553 1.1345585841985621 0.069570059281813756 0.070117510363504235 0.069889007206349024 1.13533584224077 0.070907183813428504 -2.5997755047726588e-33 0 0.00040141301688041741 0.86165635662303597 0.37414053699839472 0.35991190308468285 0.3777091396850486 0.85281510678354566 0.37839531007666322 -0.0077873439867919498 0.21446784411164593 0.4287763464125442 0.21511083070190176 0.752921573141492 0.32411296440832782 0.00040189205547059393 -0.32199943425230515 0.053515430216779798 0.37550254005145928 0.078449666500091553 0.071937946099545722 -0.34186229038631161 -7.0060362928745041 0.0080127672647576798 -0.13869853928911199 -7.0060362928745015 -0.1415432876563357 0.74535637189731918 0.24494559765775473 0.74326289279579805 0.22653736639333227 0.091876130168390302 0.20963085485423738 0.21384379933712538 -0.33275538364064217 -0.12873320042235972 -0.017414636238822494 -1.3854724256480849e-07 1.8246046221845901e-08 1.8246046221832355e-08 -8.6560072765054546e-05 -5.4500775943916098e-05 -3.1339868902547473e-05 5.0514283693056898e-05 1.13533584224077 0.85281510678354555 0.42877634641254425 -0.32199943425230521 1.0955785253202015 -7.0060363064234181
0.085507050156593323 1.4466521881281997 0.07832281198803942 0.071016676705792828 0.078750342395145639 1.4482627591695432 0.079184142741028696 -6.3648326308827298e-33 0 0.0001640910444896651 1.0462525819038744 0.47756986453843187 0.46722481816866435 0.48126454676805164 1.0378972402051052 0.48128370162473882 -0.0075314202800783256 0.27486651189322325 0.55866614372637735 0.27474468002960922 0.88047112093500668 0.43066939838549567 0.00016488990428687489 -0.51573500180703635 0.060248316913876485 0.47880403645674224 0.085507050156593323 0.080248374650096738 -0.53508079691859767 -10.594613824452322 0.0076333829934744617 -0.21413146736253458 -10.594613824452319 -0.2155372727989863 0.87109180059636027 0.26991733985139915 0.86891361269035672 0.25176906467579457 0.11380719573271295 0.31149056004405851 0.27353240744587798 -0.52084040177066215 -0.20309645811964366 -0.0083334546905852944 -1.1188671290418827e-07 7.4586838404489724e-09 7.4586838404326836e-09 -0.00011047993933488973 -7.1745587469348394e-05 -4.012279861780024e-05 7.6661885955897204e-05 1.4482627591695432 1.0378972402051052 0.55866614372637724 -0.51573500180703635 1.6387458831750052 -10.594625556840294
0.070129908621311188 1.0983779720577223 0.069541997956405296 0.071918534907129295 0.070079728213614953 1.100833073180101 0.069052971908743349 -7.3641308985877596e-33 0 -0.00032022820257562661 0.88550491305753676 0.36253459476957745 0.35637488235991133 0.36633124794121008 0.87767053411813001 0.36559455953312125 -0.0072809991823236178 0.20092958235502636 0.41734682555989688 0.20026582307473309 0.75731884450814879 0.31931302679380613 -0.00031944811251546912 -0.50336027226220592 0.053493844581850226 0.36353312146936045 0.070129908621311188 0.070150656011497531 -0.52207511642606086 -10.484974952863142 0.0071728369348573557 -0.21228908835241714 -10.484974952863141 -0.21018533155522798 0.74992329465036578 0.24906894641369806 0.74766025509848444 0.23120166675484646 0.089941050433856709 0.17417837288826754 0.19910704570881277 -0.50818110611843614 -0.1981901989221897 0.013795025634195782 4.4143383374567233e-10 -1.4555827389790049e-08 -1.4555827389805107e-08 -8.3792018508501074e-05 -5.363603409462169e-05 -2.9707574614850295e-05 7.2133375015587752e-05 1.100833073180101 0.87767053411813001 0.41734682555989683 -0.50336027226220592 1.5997449843036258 -10.484984778652684
0.050506673753261566 0.47215643910849991 0.051778375511609367 0.069977419681084327 0.052404971816762035 0.47511349484939397 0.051194810695029708 -4.0405649420565584e-33 0 -0.0004110784272418105 0.53251574276864744 0.15484835469254549 0.14971432509722093 0.15870122302366388 0.52497504552136576 0.15807669079112718 -0.007144325309262187 0.082505908669140426 0.17668043094057626 0.082152183092700684 0.49282588853392573 0.11260691382272354 -0.00041065404267116325 -0.28629247523271451 0.039829519624314885 0.15626436842062669 0.050506673753261566 0.052319263832647303 -0.30452995967876223 -6.4993555914342585 0.0068117087050591236 -0.12927634786216291 -6.4993555914342585 -0.12627798341431137 0.48929878983540537 0.20353296439653107 0.48698474095101574 0.18608234680532523 0.043061831442846824 -0.031220185866169026 0.081021877821887897 -0.29641711643171054 -0.11462398815885778 0.019367940519670675 3.8565746369905139e-08 -1.8685383056438753e-08 -1.8685383056448576e-08 -3.5816292299113642e-05 -1.9833975608181438e-05 -1.2732918823015818e-05 4.0718702965371872e-05 0.47511349484939397 0.52497504552136576 0.17668043094057626 -0.28629247523271451 0.98082246875751 -6.4993555951305488
0.050741985440254211 0.35962551376729818 0.046513667404544913 0.066009408462446753 0.047209669279427512 0.3628101017237354 0.047360549686728093 -5.4345929176080046e-34 0 2.115945853298308e-05 0.39898378418531472 0.11660363152542258 0.1087968844488752 0.12049539528837692 0.39152948757939665 0.12071759415247534 -0.007086706214711266 0.070284818652532444 0.14270867319674102 0.070696447833519915 0.38595936610345849 0.071815918419687222 2.1338689707465197e-05 -0.13682680326609054 0.035779744157342225 0.11901901810574848 0.050741985440254211 0.048506318925408839 -0.15482356258924446 -3.5896308184362749 0.0066132069292065407 -0.068608630717512484 -3.5896308184362749 -0.068578813283516352 0.38372859563978018 0.18738081811783669 0.38139329924172655 0.17042316490930184 0.027000925198064796 -0.039389115810891627 0.069577323163876659 -0.15068900384103218 -0.057105455834474676 0.00058605274316986342 -4.7567372656286624e-08 9.6179356968839509e-10 9.6179356968085638e-10 -2.7216653890598055e-05 -1.2630605625383242e-05 -1.0773053220916554e-05 2.1846219451418054e-05 0.3628101017237354 0.39152948757939665 0.14270867319674102 -0.13682680326609054 0.55182488886395009 -3.5896308184369294
0.065268151462078094 0.79224686844683445 0.056449485195913404 0.06332415667018787 0.057218886797149746 0.79577314619500583 0.058260958603304207 -2.2066273072019122e-33 0 0.00053495238282194829 0.6627079688902815 0.25893317978515895 0.24489787300925986 0.26291397520046245 0.65537533212203369 0.26374049078357253 -0.0069583978027108768 0.21181680702564926 0.42090635290178835 0.21259688036932356 0.6040624697710355 0.20754337715318991 0.00053536519700656405 -0.27854581718157878 0.043422680919933378 0.26221178954764285 0.065268151462078094 0.059429752038662055 -0.29630928889926195 -5.9912623510705156 0.0064284563107423103 -0.11902391037680508 -5.9912623510705165 -0.12283648057856698 0.59836146132461576 0.22953610878917116 0.59599261316597874 0.2129715017438906 0.068605144575632312 0.2200477595314875 0.21150462913724472 -0.28841552321662878 -0.11153848485869577 -0.023587806217386008 -1.2422126432800357e-07 2.4316017401008025e-08 2.4316017400995531e-08 -6.038905048389773e-05 -3.575586200525335e-05 -3.0821584051022804e-05 4.4812065389366567e-05 0.79577314619500583 0.65537533212203369 0.42090635290178829 -0.27854581718157878 0.94558739554197135 -5.9912623524555748
0.067178748548030853 0.99703273449414687 0.061596996806837015 0.062874433755472955 0.06245376832600056 1.001149544759923 0.062602615950852245 -7.0873739399567866e-33 0 8.6968164254552788e-05 0.82258465271649794 0.32734555332377246 0.32014447213919617 0.33144164201807719 0.81555523249198947 0.3312315239203607 -0.0067046855344118908 0.2568328998273639 0.52454159333195238 0.25648492644979948 0.71226983655389731 0.28216248867335769 8.7750046220645711e-05 -0.5022689047727793 0.047382305236028474 0.32999508508726633 0.067178748548030853 0.063798528256376635 -0.51953894981560156 -10.20276866476947 0.0060714786084167978 -0.2074645635539154 -10.202768664769469 -0.20838309334526944 0.70507204187752837 0.24993760437036777 0.70263523826906826 0.23362334621300204 0.086766371873988404 0.29301723097965054 0.25544710977189683 -0.50571421418467244 -0.19743607162816929 -0.005347160373917581 -7.1919580673499557e-08 3.953098375215408e-09 3.9530983752020168e-09 -7.6090722705027318e-05 -4.8058420504057627e-05 -3.7512350946512407e-05 7.4053233334312637e-05 1.001149544759923 0.81555523249198936 0.52454159333195249 -0.5022689047727793 1.5754582100353596 -10.202774866746426
0.048148360103368759 0.54288262327125225 0.048953471407692448 0.061901644627179842 0.04989310107813056 0.54752250385172774 0.048695062561041051 -7.1347792401535823e-33 0 -0.00039691639509775956 0.58658844738797655 0.17728821148444154 0.17361142578107333 0.181457720958489 0.57985305661893805 0.18065730692278931 -0.0064893640899176585 0.15573571143844211 0.32636758008007583 0.1550589894841721 0.53170475412223694 0.13542617268148696 -0.0003962475030514711 -0.43266618661970613 0.037656516467455721 0.17967961692784448 0.048148360103368759 0.049916201590807556 -0.44935675521989205 -9.050850769827484 0.0056495354217353209 -0.18378327025103428 -9.050850769827484 -0.18107816382123515 0.5273120630590229 0.2179252827078976 0.52481606662164948 0.20191823009217838 0.052970400921623494 0.10959127582047541 0.15406709242142697 -0.43739761730312671 -0.17053972252889485 0.017529390265204132 3.7613648668905262e-08 -1.8041654322615741e-08 -1.8041654322628016e-08 -4.1296594662076768e-05 -2.4004079505490803e-05 -2.3174929416306922e-05 6.1402582693396984e-05 0.54752250385172774 0.57985305661893805 0.32636758008007577 -0.43266618661970618 1.3753122382309624 -9.050851592112295
0.030852165073156357 -0.01918524044966273 0.031840309267463562 0.058081134838927476 0.032838620634165178 -0.014385237872794623 0.03184632244710512 -1.8910142763384595e-33 0 -0.00069317007195851522 0.093688035483524307 -0.0086229592741097483 -0.0027396636082638072 -0.0044675820357168274 0.087040840355119858 -0.0054584349232136191 -0.0064285025295331994 -0.039307700231071691 -0.063245304141806721 -0.040015558117568344 0.098679922307341003 -0.040255461500098372 -0.00069301212838164051 -0.12136982196533505 0.024492545590356581 -0.0063563678454676854 0.030852165073156357 0.033085270997289959 -0.13770891176618755 -3.4117242267189334 0.0053761773818545985 -0.066098552921989184 -3.4117242267189334 -0.061060728509255931 0.10058257514421322 0.14116341334999907 0.098074095994124602 0.12563894787456242 -0.023282965984430189 -0.22815648389582663 -0.040995562890564233 -0.13403125617087144 -0.050776072630846478 0.032019209418828284 4.7512892002839733e-08 -3.1507730543565613e-08 -3.150773054357041e-08 1.7551258454890935e-06 7.7321426376352133e-06 4.6188196002266166e-06 1.5465448589700341e-05 -0.014385237872794623 0.087040840355119858 -0.063245304141806721 -0.12136982196533505 0.4930135147398863 -3.4117242267190786
0.035501621663570404 0.030456674846992614 0.030278998468885841 0.053030808799559695 0.031320128883242794 0.035221514636773268 0.031798314852625409 4.4850232666895882e-33 0 -0.00010553702916936167 -0.1477433196667042 0.0067638557542827275 0.010476882188670891 0.010849674643338714 -0.15443023350690668 0.010988701364529042 -0.0065116320647404828 -0.089158889454302989 -0.17658422605961063 -0.088758475820865587 -0.13458296829584682 -0.02582976630660232 -0.00010582388209211664 0.14910923410743629 0.023291537283758334 0.010074290896766728 0.035501621663570404 0.033050785235561486 0.13274178102329617 1.7507816669360816 0.0053609009051424012 0.041869479455856298 1.7507816669360825 0.042914942791516648 -0.12973620797701457 0.10195485579083567 -0.13220488170001382 0.087047362208709747 -0.059475023037642911 -0.29256598830463099 -0.089758161518094334 0.12923309672621144 0.053202999748340758 0.0067142572634104423 -5.21454559150824e-08 -4.7971376895156751e-09 -4.7971376895144335e-09 -2.0772522525578894e-06 8.5872306458174146e-06 1.2019585359754556e-05 -1.9709778897155755e-05 0.035221514636773268 -0.15443023350690668 -0.17658422605961063 0.14910923410743629 -0.27614296077258726 1.7507816669360814
0.050024736672639847 0.51682559031048592 0.041448731300516448 0.049988846021398248 0.042540995207575039 0.52174887351388066 0.04359815937254944 1.2148430520371768e-33 0 0.0010291268360601371 0.31216509992045777 0.16627136619759189 0.14998433536423766 0.17040758134892517 0.30545820459809742 0.17189162051389018 -0.0064817776459168645 0.18957181067539369 0.36681903833781232 0.19108254820151888 0.30582958077071476 0.11367704508145718 0.0010292371035326893 -0.09254217841518958 0.031883639461935717 0.17105610726297121 0.050024736672639847 0.04486707203373369 -0.10898111841594099 -2.2968165811390389 0.0053887268768046089 -0.042765990291306032 -2.2968165811390389 -0.050044279426799461 0.30365790654383834 0.1841962199658615 0.30120985758968161 0.16973490876306105 0.024757395983437715 0.21986567570900556 0.19008828857483517 -0.10606674579040307 -0.039723724111478391 -0.045599179504117224 -1.0973754550864159e-07 4.6778492548194617e-08 4.6778492548186755e-08 -3.9369027087814531e-05 -1.8633519407341118e-05 -2.7388120560519805e-05 2.0949600189492417e-05 0.52174887351388066 0.30545820459809742 0.36681903833781232 -0.09254217841518958 0.39905803344746799 -2.2968165811390429
0.048025012016296387 0.63102206038114772 0.043949377841634607 0.049096466860505228 0.045105666461797873 0.63633929416747614 0.045016769438378242 -8.6564580304084851e-33 0 0.0002690181577692671 0.62387449476878643 0.20546122711973427 0.19917473348077352 0.20972317606472396 0.61729877478675488 0.20949561698518643 -0.0062043115227300386 0.29551540321583586 0.60241050672313923 0.29507697845125014 0.56183345435694065 0.16212217353086983 0.00026985197628895727 -0.53197737579537208 0.03380721372433431 0.2088549022760906 0.048025012016296387 0.04630575861781646 -0.54799567931179416 -10.574335766269792 0.0050906448152990376 -0.21619686801113583 -10.574335766269792 -0.21859226427166475 0.55604609787071502 0.22952780005166556 0.55354916274365773 0.215224570722371 0.068653493847182223 0.39564188745875833 0.29414253260200929 -0.53341646493549288 -0.20857199196996376 -0.014770437081439059 -3.657985954213171e-08 1.222809808043345e-08 1.2228098080419327e-08 -4.8129052087562554e-05 -2.9264656754460016e-05 -4.2983474766342849e-05 7.9122472508497287e-05 0.63633929416747614 0.61729877478675488 0.60241050672313923 -0.53197737579537208 1.6420621486952434 -10.574347128785771
0.027936777099967003 0.12895956894143118 0.029558771117811924 0.04726637366402868 0.030770623546131096 0.13454754167176677 0.029533106939722231 -8.7082064751347255e-33 0 -0.00056799918436646244 0.31563397554696265 0.03988103765715257 0.041220329732412457 0.044185017719175664 0.30918969440480809 0.043187025590089398 -0.0059777396950645382 0.13761381294688299 0.29267317803172027 0.13669320948358224 0.30566980053045684 0.0042637896598079778 -0.00056730750234251326 -0.4445855379780721 0.022737516244470707 0.042680232018845292 0.027936777099967003 0.030839103540847564 -0.45998454653005694 -9.2210633154679904 0.004644912863937335 -0.18832717735929386 -9.2210633154679904 -0.1844126430531349 0.30393610700779061 0.18183137641237887 0.30139841894824787 0.16776525675315596 0.019962503914784373 0.10686971547037841 0.13580722034865636 -0.44774472164529638 -0.17482644511702758 0.025143179842361744 6.1751626401708726e-08 -2.581814474392177e-08 -2.5818144743930581e-08 -9.6657028735149581e-06 -2.3511431160340731e-06 -2.0598314530877077e-05 6.1981998781829162e-05 0.13454754167176677 0.30918969440480809 0.29267317803172027 -0.4445855379780721 1.3938925245296205 -9.2210644376051842
0.015422143042087555 -0.30611866329804144 0.015479361789910022 0.042830269939710751 0.016723201518040704 -0.3006023118314784 0.016063128987072087 -3.5601660893321634e-34 0 -0.0010080957119749183 -0.32367691904516704 -0.10370447350801355 -0.08622337405144484 -0.099499400455853079 -0.33013752074182912 -0.10078317622591303 -0.0059780883505225159 -0.14771318562360627 -0.2765439811028918 -0.14873592299213911 -0.30392016824721141 -0.12168491458082349 -0.0010081478074177514 0.0082264058233050517 0.01190720137685386 -0.10132478013320598 0.015422143042087555 0.017379034267046799 -0.006882757684824662 -1.0382846425429559 0.0044127867742317544 -0.017397083798935935 -1.0382846425429559 -0.010045413793526076 -0.29674323762360455 0.071785040933000199 -0.29925598788328861 0.058215029449539685 -0.087852433757683659 -0.38962394322402205 -0.14962345595850016 -0.0066830152808919855 -0.00066985503578481187 0.046480064454887379 4.1635983509769403e-08 -4.5822532362495137e-08 -4.582253236249484e-08 2.3652643449978734e-05 2.4798414566930446e-05 2.0035974265509824e-05 -4.8619915355857484e-06 -0.3006023118314784 -0.33013752074182912 -0.2765439811028918 0.0082264058233050517 0.11330243837781874 -1.0382846425429557
0.025460515171289444 -0.073913522105484616 0.018946811025731349 0.038085398964050332 0.020213224411433219 -0.068556408227106194 0.021032419416680031 7.1780468265811018e-33 0 0.00021301392255242789 -0.44172424939659155 -0.028685619204759795 -0.025427487480917672 -0.02460285998250843 -0.4482957511624388 -0.023849182442669311 -0.0061429621579929443 -0.11533392220293354 -0.23724343111385893 -0.11429238474635971 -0.40577569435289301 -0.05918571093494019 0.0002124897655931809 0.29499233106663292 0.014574470019793345 -0.024468697563936954 0.025460515171289444 0.022355944850410883 0.27966149389390593 4.621803031593279 0.0045305857875003169 0.10110904816082988 4.621803031593279 0.10001339332744026 -0.39777410754686909 0.055948049903573063 -0.40020185482022358 0.043020140437524793 -0.098591180265963377 -0.30066947388492449 -0.11521743794403073 0.27224749998882902 0.1095244432583934 -0.0068430377414254555 -6.6054687678264287e-08 9.6824510251081296e-09 9.6824510251114797e-09 5.8321787805401499e-06 1.6572411369654391e-05 1.5971349640227232e-05 -3.8805290805883685e-05 -0.068556408227106194 -0.4482957511624388 -0.23724343111385893 0.29499233106663292 -0.70440906859385188 4.6218030316169081
0.040240269154310226 0.45514195483283459 0.031780828654363491 0.035969688776105159 0.033083646092891474 0.46061430807200565 0.034126253161017243 2.7184030382868701e-34 0 0.0011863424544824972 0.17706323229860371 0.1455699767216759 0.13143960456793599 0.14970092250547345 0.17042952112481879 0.15120378746159766 -0.0060956191175243115 0.22192547246076849 0.43197745066606613 0.22335925446347582 0.17426234462232976 0.097667771798205544 0.0011864938655968377 -0.11610698585464793 0.024446791272587302 0.15064161765731665 0.040240269154310226 0.035461871832935941 -0.13157000075051764 -2.586815880890053 0.0046070374014297319 -0.049597180293140655 -2.5868158808900525 -0.058148966634513501 0.17323811063304528 0.16189888156409066 0.17084744883844619 0.14932429513256107 0.010010934185259876 0.31090823051148286 0.22244360263381607 -0.12805672320917091 -0.048563210903917103 -0.053725347460205714 -1.0166802811434605e-07 5.3924657021939035e-08 5.3924657021930022e-08 -3.4725340337342954e-05 -1.5167737959776267e-05 -3.1967874196136948e-05 2.5043328537394603e-05 0.46061430807200565 0.17042952112481879 0.43197745066606613 -0.11610698585464793 0.45181234956604355 -2.5868158808900867
0.035573728382587433 0.48857084255643357 0.032544163358574366 0.035785296902825753 0.033895984349508426 0.49437728120298391 0.033608033735172037 -1.0776458590808231e-32 0 0.00033098290898982022 0.5299583794569579 0.15797958957540492 0.15073849274535886 0.16223358949079814 0.52341143962186387 0.1621043824561296 -0.0057841085123727575 0.33838111306102125 0.68699625511743401 0.33800146342149223 0.48951110913181017 0.11621262481673209 0.00033193132643207152 -0.60013332962151922 0.025033971814287969 0.16170727104749136 0.035573728382587433 0.034959180126200355 -0.61512051650301036 -11.718848116517451 0.0042756942955825593 -0.2409342830556469 -11.718848116517451 -0.24379082976162331 0.48411857036616857 0.21626294206489266 0.48168665760667256 0.20374242505458437 0.063181716277751723 0.50029365440024531 0.33715320676872573 -0.59875906437326509 -0.23454154554790332 -0.017612130126604328 -1.3075494816751834e-08 1.5044677681364813e-08 1.5044677681353071e-08 -3.7291170119429027e-05 -2.2221567320843233e-05 -4.902640138693526e-05 8.9024397064575874e-05 0.49437728120298391 0.52341143962186387 0.68699625511743401 -0.60013332962151922 1.8210335637161232 -11.71891299739155
0.016738124191761017 -0.015095965193584275 0.018312519296966295 0.034298853276559127 0.019702973814124666 -0.0091165869390093367 0.018532621009511637 -1.031592490278761e-32 0 -0.00073354613882016767 0.17894362677196871 -0.0077899833434219969 -0.0022243034778252398 -0.0035138601987857862 0.17247724376771434 -0.0046871634375505291 -0.0055354727772458437 0.13361249425583033 0.2872794566976265 0.13244768408503796 0.17718342124261616 -0.036490865472421155 -0.0007327879805002662 -0.48336138153856767 0.014086553305358684 -0.004998746103977934 0.016738124191761017 0.019895704812275067 -0.49765711637685384 -9.8979531929760149 0.0037833651038086942 -0.20332905956452757 -9.8979531929760149 -0.19825033105734843 0.17681284350144569 0.15682530951484955 0.17434714252586475 0.14446044971724753 0.0029766257135688365 0.12303623720634824 0.13165279310528596 -0.48441773735323496 -0.1894827167996635 0.032501374446025216 6.7182566393910158e-08 -3.3343006310000081e-08 -3.3343006310007737e-08 1.2979175164919463e-06 4.9137518917681644e-06 -2.0042716802842385e-05 6.6433780669619179e-05 -0.0091165869390093367 0.17247724376771434 0.2872794566976265 -0.48336138153856767 1.4907013199759303 -9.897956894691605
0.010694106109440327 -0.28512469098562221 0.0090324759472011872 0.030588800710453296 0.010441448697209433 -0.27926444699588204 0.010175330646234533 -6.4583142270813866e-34 0 -0.00087422829681610306 -0.39063373440330745 -0.097281869871065754 -0.081449377085109978 -0.093122129651273727 -0.39713911340931185 -0.09400489173629159 -0.0055398900609981419 -0.12461530484957979 -0.23510606196038961 -0.12528608006096509 -0.36823835169415248 -0.11408528191599124 -0.00087426844158207612 0.0026256559970089643 0.0069480584209239901 -0.094374862302042228 0.010694106109440327 0.011544440522147537 -0.011372854141441274 -1.008074464266681 0.003548174636871384 -0.017611711446113464 -1.008074464266681 -0.011122717995426995 -0.36063223565390323 0.057618613549134383 -0.36306087390541392 0.045701722353518506 -0.093510374502352611 -0.32544597378889423 -0.12608330011606844 -0.011055280418923414 -0.002569470529826891 0.041127181794535977 1.8092221546960648e-08 -3.9737649855277866e-08 -3.9737649855276681e-08 2.1972041825288894e-05 2.4127078974538102e-05 1.6891196660109304e-05 -3.4592194440870632e-06 -0.27926444699588204 -0.39713911340931185 -0.23510606196038961 0.0026256559970089643 0.11400621835763461 -1.0080744642666812
0.026198605075478554 0.12018934852215421 0.018016820385719615 0.027464300799243058 0.019443099708147501 0.12596109879410844 0.020561065102221693 4.7704575713347228e-33 0 0.0004753809835351675 -0.30088624624269039 0.034993768815049314 0.033366555429607321 0.03906379109741185 -0.30747726927435171 0.040191268689231119 -0.0056440726403478546 -0.014300891204658953 -0.038743886203429521 -0.013016876560469667 -0.28177803910624588 0.0020708463526273703 0.00047507151800433797 0.16618990247610888 0.013859092604399699 0.039778071715262583 0.026198605075478554 0.021936411185639222 0.15203951785635952 2.4438390268038002 0.0036252037007043539 0.054666614330809174 2.4438390268038015 0.051632659821802339 -0.27602825451697488 0.074860000070543678 -0.27838087048291077 0.063467564374448934 -0.071709596408879486 -0.10416332128975361 -0.013838105824578681 0.1480151012058481 0.060275460224785214 -0.018953182570160997 -9.0684976379557899e-08 2.1608226524325769e-08 2.1608226524327628e-08 -9.106307671548785e-06 5.4499003687924126e-06 1.700127765397969e-06 -1.9188758121842e-05 0.12596109879410844 -0.30747726927435171 -0.038743886203429521 0.16618990247610888 -0.3571306510687528 2.4438390268038024
0.040848143398761749 0.65899234865104939 0.032246431839916045 0.027354668584516059 0.033709397881606595 0.66501535558600522 0.034672852690414147 -4.7334575414669016e-33 0 0.0013380197644331077 0.47144755050749054 0.21253804702261039 0.19113345772410742 0.21672005649898052 0.46485336395262994 0.21840420700434338 -0.0054747770216421743 0.36745898682116945 0.72179101103124177 0.36894009713030496 0.45266266983494235 0.15915629024997807 0.0013385853060952162 -0.36587075641952443 0.02480494756916618 0.21811515020989367 0.040848143398761749 0.036060457724552769 -0.37993224294377159 -7.0077451544603093 0.0035589694265151057 -0.14309492190534101 -7.0077451544603093 -0.15283298298970011 0.44734852093076216 0.20739204436741804 0.44500053837132486 0.19618152406820377 0.061815110088121815 0.57503597039204624 0.36815525130908427 -0.36982137528830783 -0.14426361770008506 -0.060983368447528767 -1.0186565264274574e-07 6.081908020151333e-08 6.0819080201502609e-08 -5.040077942115957e-05 -2.8361952510568088e-05 -5.2622151399709615e-05 6.1211584687389048e-05 0.66501535558600522 0.46485336395262994 0.72179101103124177 -0.36587075641952443 1.1394100371512914 -7.0077451708690601
0.034229546785354614 0.60681831831689415 0.031633528834681623 0.028752522738328616 0.03314538220061955 0.61328015152269688 0.032672585554784903 -1.471245629653577e-32 0 -0.00016758182113892918 0.6526283797519995 0.19744659226559672 0.19611370486162702 0.20175972089120486 0.64621976852373675 0.20092047620154568 -0.0050724004748677713 0.35175714952760778 0.72307419655821237 0.35057014708541268 0.57478588554467169 0.16327904759904677 -0.00016635101642311983 -0.76935008125751847 0.02433348371898587 0.20084780485597531 0.034229546785354614 0.03407568197413368 -0.78266318481959329 -14.861013082761801 0.0030453679482766172 -0.30786284174614859 -14.861013082761803 -0.30725850383990683 0.56826727470359784 0.22540185369685045 0.56584723965302763 0.21413262767689428 0.077100508674853088 0.51816486919675775 0.34987272725396734 -0.76185198788897057 -0.29920830675302118 0.004320168562598605 -3.2737193876872834e-09 -7.6173555063032855e-09 -7.6173555063138072e-09 -4.63983990393127e-05 -3.0163440814088644e-05 -5.107105175715489e-05 0.00011009427750225569 0.61328015152269688 0.64621976852373664 0.72307419655821248 -0.76935008125751847 2.2826510433068146 -14.864698614616641
0.018112301826477051 0.12755968697245401 0.018735129501251623 0.028474437557433185 0.020284746606212226 0.13426876452093034 0.019245457040562831 -1.0189812228545536e-32 0 -0.00065776973276772139 0.26629023440344185 0.038563459704572957 0.038407624955706043 0.042892703112163935 0.26002784078341268 0.042171655866766869 -0.0048362133542010069 0.14973334155210499 0.31259499225091958 0.14908093362580679 0.26037010891645274 0.0058672412073061198 -0.00065699947450190946 -0.48808570099535392 0.014411638077885862 0.042220805899564499 0.018112301826477051 0.02066031788070323 -0.5006425735933292 -9.8310720529251139 0.0025087522045638641 -0.20317807371492652 -9.8310720529251157 -0.19841870742355336 0.25887128435092605 0.16611422506906195 0.25641395142871698 0.15501349613852253 0.016871795398761054 0.1493894582394403 0.14843428330263903 -0.48732609690291895 -0.19089211562604677 0.030656358249513162 5.4213107536721621e-08 -2.9898624216706207e-08 -2.9898624216716385e-08 -9.6737282864361582e-06 -2.3484738181177343e-06 -2.2121891484788602e-05 6.7314702183955566e-05 0.13426876452093034 0.26002784078341262 0.31259499225091958 -0.48808570099535392 1.4822538968219368 -9.8310753544286822
0.018995579332113266 0.029354547588968199 0.014938525736784046 0.026392633651548772 0.016510801248573726 0.036082520867386128 0.016636072241739068 -3.1875694472421059e-33 0 -0.00040258187450678274 -0.0066863301808573238 0.0055621287719143262 0.0088770973620009991 0.0098571958251413537 -0.012953423276695424 0.0096579445223431027 -0.0047646785700860318 0.026930457606281898 0.060096196116191131 0.026828370086741202 -0.00045530008933878334 -0.022873650150466152 -0.00040233842735979384 -0.16710165082433853 0.011491173643680035 0.0097163531358806076 0.018995579332113266 0.018058436048331076 -0.17928256772505624 -3.8208736594072503 0.0022292474357882763 -0.077737747055365583 -3.8208736594072503 -0.074657895969785809 0.0018550693576827274 0.11873444773753962 -0.00059428057842484956 0.10799445073734397 -0.029214972713851112 -0.062988183382437377 0.02619635904712973 -0.17450566385720712 -0.067397008532384062 0.019821128180036601 -1.9939218803878684e-08 -1.8299176113941526e-08 -1.8299176113945516e-08 -2.1595366414968895e-06 5.6227575128740226e-06 -4.4567164802655581e-06 2.3058713813568809e-05 0.036082520867386128 -0.012953423276695424 0.060096196116191131 -0.16710165082433853 0.56817573119331843 -3.820873659408349
0.038842439651489258 0.56672534897043636 0.028765125356228567 0.025634055495823843 0.030367121428001874 0.57361104199569879 0.03168391200561281 -2.6190381077578017e-33 0 0.00086510610861889722 0.39355302396489156 0.18146966907854986 0.16309961367841741 0.1858168176852491 0.3872837002841662 0.18744302280318692 -0.0046682519199509279 0.2460413167860567 0.47740226863969509 0.24760631635746222 0.38206295170854271 0.13126821580469639 0.00086548087853106632 -0.24669689440350107 0.022127019504791207 0.18757906651636413 0.038842439651489258 0.033116476792330443 -0.25869360065926988 -4.835886530502119 0.0020908072103394035 -0.099104090374211334 -4.835886530502119 -0.10508142320316198 0.37844657873896109 0.18893555321083258 0.3760024274090546 0.17851047035778758 0.042109583165301695 0.3360046345495542 0.24699469910784821 -0.2518068512888208 -0.097956238622293038 -0.037128437894466036 -1.2182899700338018e-07 3.9323004937230067e-08 3.9323004937221133e-08 -4.3347067451084218e-05 -2.2625637717305898e-05 -3.5210037461263627e-05 4.1395144216333427e-05 0.57361104199569879 0.3872837002841662 0.47740226863969509 -0.24669689440350107 0.78132628934136994 -4.8358865305894225
0.052118726074695587 1.0619367493627874 0.043206408570330736 0.02795201620614942 0.044861540097375231 1.0693526221710969 0.045649192693852557 -1.0930041379197538e-32 0 0.00038881753322269008 0.84887071038325923 0.34637852075197167 0.33639486610341235 0.3508687850400255 0.84283177773467599 0.35109186575066892 -0.0043324687016357962 0.38219479558817299 0.7705128380817996 0.38203174712388066 0.73411806240734079 0.30358341706009617 0.00038988667735365807 -0.66815912445341197 0.033235698900254414 0.35148890322198845 0.052118726074695587 0.04709906689695622 -0.67958870436339314 -12.672101444939107 0.0017047028848128009 -0.26339048578796165 -12.672101444939106 -0.26658885789951331 0.72559606880229666 0.2509567920560381 0.72308549493292451 0.24057988353855159 0.10174952322400418 0.55978353597672126 0.38149317982113662 -0.66151874800292443 -0.2598580820069113 -0.019638136469556075 -1.0680125910084372e-07 1.767352423740432e-08 1.7673524237390586e-08 -8.1289695434817196e-05 -5.248463538038264e-05 -5.5038321139713818e-05 9.8568549102393392e-05 1.0693526221710969 0.84283177773467577 0.7705128380817996 -0.66815912445341197 1.9697562372380513 -12.672346544348652
0.043520279228687286 0.90602813043837216 0.040836745115931057 0.031120777456346355 0.042555525002175909 0.91410564314544218 0.041888588293529656 -1.2568839684608568e-32 0 -0.00031913751272474443 0.78540495016180922 0.29514509075548151 0.28909024365328262 0.2997350794725111 0.77975403417568701 0.29916512414490132 -0.0039876067321409246 0.29923248936171559 0.61115515375237783 0.29852996081918926 0.68209737453927832 0.25574285801396701 -0.00031801873111374424 -0.69708069830354369 0.031412880858408508 0.2998876383436781 0.043520279228687286 0.043358446705932446 -0.70768028441102548 -13.391448660153822 0.0011317369832391075 -0.27899789304143452 -13.391448660153818 -0.27693802371586207 0.6748151982226156 0.23949998606865139 0.6722242017631983 0.22919634349064133 0.087295579448045182 0.39394892942403059 0.29806633519514231 -0.68886491325089949 -0.27077872691378485 0.013684535668831009 -3.4432451650038815e-09 -1.4506250578387766e-08 -1.4506250578403689e-08 -6.9329550390902111e-05 -4.431691214757818e-05 -4.3332077109034562e-05 9.8649018779378914e-05 0.91410564314544218 0.77975403417568701 0.61115515375237794 -0.69708069830354369 2.0471343556134785 -13.392075237267964
0.030550077557563782 0.45794210331895363 0.029534992230197305 0.032209487087712901 0.031305540568512327 0.46645713175385922 0.030419407883431934 -8.6838114801050924e-33 0 -0.0004295919123933603 0.5198090736412615 0.14646079007774096 0.14080742255091278 0.15110959589294523 0.51440489030946368 0.15064168514336651 -0.003764049710577469 0.17476874688612731 0.35811164211780905 0.17439305754735174 0.48204069555659446 0.10733720607928489 -0.0004288401433138663 -0.47281126411049412 0.022719224792459462 0.15157898702728703 0.030550077557563782 0.031905413671756658 -0.48272490713806099 -9.2669322126629599 0.00065069688805020703 -0.19319727674296774 -9.2669322126629599 -0.19007750394084266 0.47794279775945658 0.20285657195426787 0.47529857753379429 0.19279015371354929 0.049043809244882969 0.16689797794150457 0.17397770885117711 -0.46988784290630081 -0.18439139380930961 0.020304899147667747 2.8836938599843043e-08 -1.9526905108781758e-08 -1.952690510879177e-08 -3.4987827541020175e-05 -1.9641655706331619e-05 -2.5481800558843388e-05 6.6076216963898462e-05 0.46645713175385922 0.51440489030946368 0.35811164211780899 -0.47281126411049412 1.4057894222206442 -9.2669334337253932
0.037530425935983658 0.51099795280238247 0.030745865381000961 0.031890111305070162 0.032558122501516455 0.51978444023508552 0.033016291289263797 -4.8571181453686366e-33 0 8.0352769023149935e-05 0.50059079715217381 0.16288563049129018 0.15202995165918559 0.16759056009232493 0.49529501393222164 0.16807054020730944 -0.0036171819285884814 0.17785344206978379 0.35318936688094704 0.17836163604565697 0.47276132098077728 0.11846451365743728 8.0873611549347766e-05 -0.33168097798261148 0.023650665677693042 0.16914066128726724 0.037530425935983658 0.034515827251327298 -0.34114993875687094 -6.4702196290260598 0.0003362329326230214 -0.13500694709054475 -6.4702196290260598 -0.13540298259915037 0.46875355872386665 0.20222536123177157 0.46607756373965931 0.19248766326725789 0.047867507760812306 0.17602549862872399 0.17797782767739279 -0.33207532421457597 -0.13002623056496107 -0.0019044699928400576 -6.4140397545883421e-08 3.652398591968948e-09 3.6523985919590483e-09 -3.9057992328847236e-05 -2.1162892228919133e-05 -2.5660009065143521e-05 4.8795138035564264e-05 0.51978444023508552 0.49529501393222164 0.35318936688094704 -0.33168097798261148 0.99761083867120182 -6.4702196327898225
0.059515804052352905 1.11641397752465 0.047656583734543734 0.0334037589151455 0.049524272599508784 1.1256921367589743 0.050899912432000226 -6.303497777823157e-33 0 0.00049161232738164273 0.84131682417140197 0.36250799616271084 0.34735640046599459 0.36732127742060483 0.83624741972246985 0.368215254344604 -0.0033917428207944026 0.30907724474569753 0.61316862301924768 0.30975207729976034 0.73838047529031192 0.31317854113186638 0.0004923824105397029 -0.48257523081302311 0.036658910565033627 0.36952653680364511 0.059515804052352905 0.052417643117916177 -0.49158723063190068 -9.0582676321004101 2.2752472382423273e-05 -0.18944749589206844 -9.0582676321004083 -0.19299024734868767 0.73045644060859516 0.25115143055891481 0.72772687722723828 0.24165225894686868 0.095178532555212039 0.40640205353016079 0.30941723721330072 -0.47851580548980638 -0.18793070930110359 -0.021717869146835399 -1.5102470073270072e-07 2.234601488099218e-08 2.2346014880978357e-08 -8.5450422713695146e-05 -5.327616935638268e-05 -4.4282563450451438e-05 7.2465957060570733e-05 1.1256921367589743 0.83624741972247008 0.61316862301924768 -0.48257523081302311 1.4157006330425981 -9.0582684774365099
0.069519959390163422 1.5052061232710745 0.060391515276227173 0.037715992112504287 0.062339222018650289 1.515337965678933 0.062842603325101373 -1.0250113708491576e-32 0 9.378190721027144e-05 1.0733553300031911 0.49155591825452144 0.48160291584050913 0.49650251803067308 1.0687789273989126 0.49648371355073667 -0.0030528664637058524 0.35304722329275001 0.71268331302737276 0.35275252880368829 0.89866129205978018 0.44657445027713322 9.4892674365255219e-05 -0.68870820965160273 0.046455011750943985 0.4982142133346793 0.069519959390163422 0.064385857704101115 -0.69701697976418175 -12.917304473014214 -0.00045393156182734824 -0.27063282584231779 -12.917304473014211 -0.2715890722551591 0.88867630990249302 0.27978741840044719 0.88585584686942154 0.2704153122822921 0.12040287035604805 0.4692898674044918 0.35249160985223871 -0.67848779710439056 -0.26701276231412147 -0.0053917617364938287 -1.0923620608643903e-07 4.2628139641098584e-09 4.262813964095147e-09 -0.0001152291784302424 -7.4654497948608678e-05 -5.0771464727837361e-05 9.9460711226314835e-05 1.515337965678933 1.0687789273989126 0.71268331302737264 -0.68870820965160273 1.9932442216806838 -12.917643950569605
0.05836213007569313 1.2240993476308355 0.055338676068297961 0.042032491439397281 0.057373039915098657 1.2351319355388597 0.056496250115482136 -1.0116749641201364e-32 0 -0.00034869373303372261 0.93853706922547198 0.39856133552418671 0.39107846083640763 0.40361300248390575 0.93451834019780322 0.40300245527723061 -0.0027428694451536988 0.26651481315759856 0.54356343150208342 0.26588783104156227 0.79771425993679224 0.35549149632775401 -0.00034766566799792763 -0.63719833252400138 0.042568212360229202 0.40517494243526281 0.05836213007569313 0.058066519222913338 -0.64471669540971066 -12.067835830299513 -0.00099490669407789937 -0.25339433856299437 -12.067835830299511 -0.25105426022951477 0.78955436428182924 0.26138080160314081 0.7866436353827867 0.25219772401456803 0.098675097799020714 0.30324406231589063 0.26569444251941859 -0.62757819574127227 -0.24701934780959556 0.015414661206703723 -6.2895926123430811e-09 -1.5849715137883562e-08 -1.5849715137901376e-08 -9.3670029475794895e-05 -5.9639470720620627e-05 -3.8498344795808993e-05 8.9584449457203079e-05 1.2351319355388597 0.93451834019780333 0.54356343150208342 -0.63719833252400138 1.8417124865994872 -12.067942601981173
0.048158127814531326 0.80424215440645985 0.045203858232945045 0.043872959146611656 0.047311378051618162 0.81591319990884859 0.046575985787175769 -6.3767060308961497e-33 0 -0.00029957265408435939 0.70138082171540983 0.25888989748491442 0.25022238609295033 0.26401551349285585 0.69773900901622288 0.26372543949106786 -0.002540622366648552 0.17490208251633751 0.35436844409270501 0.17475161466297112 0.62603619426880075 0.21439307028155877 -0.00029887657457210821 -0.43433555088583581 0.034772198640726955 0.26621032494760671 0.048158127814531326 0.048169078863677259 -0.44123598814036674 -8.2862326305936502 -0.0014219716859960501 -0.17471351639835014 -8.2862326305936502 -0.17248882793007966 0.62051003933132576 0.23152796960371394 0.6175366617500434 0.22267356099257082 0.066892541535147398 0.13952017582529402 0.17460209679806818 -0.42950508747483884 -0.16887785545814327 0.014635242532147253 2.3300104565306212e-10 -1.3616938822007177e-08 -1.3616938822020133e-08 -6.1489201164457657e-05 -3.6572928964780434e-05 -2.5290383693985411e-05 6.094894511148102e-05 0.81591319990884859 0.69773900901622277 0.35436844409270496 -0.43433555088583581 1.2605384829734643 -8.2862328197331117
0.059490017592906952 0.97300685068477244 0.050112145955785808 0.044674583842203186 0.052286714538503469 0.98520303374683404 0.052987847260774115 -3.8707617523847944e-33 0 0.00021794946572323311 0.76108746254410331 0.31349782979650082 0.29954065317500678 0.31870706455020997 0.75771613943977156 0.31932966894232817 -0.0023751753000091328 0.21644873589583249 0.42763455361815866 0.21707570178588448 0.67852517362263975 0.26337567248198734 0.00021854014251418842 -0.36955480002969121 0.038547804581373697 0.3220708674698014 0.059490017592906945 0.054602434179603802 -0.37601444047764998 -6.8878843027344656 -0.0017243383119833623 -0.14576061705157242 -6.8878843027344638 -0.14717397518371514 0.67212943345103016 0.24317896899279676 0.66910600203583903 0.23469484082958214 0.077233305872800126 0.21787969179609495 0.21696209903282632 -0.36601713567157318 -0.14386655315926689 -0.0083104456312442891 -1.0399113645326193e-07 9.9067938965193641e-09 9.9067938965068852e-09 -7.4422761513580465e-05 -4.4535802147963863e-05 -3.0976348853108459e-05 5.4561881013380896e-05 0.98520303374683404 0.75771613943977156 0.42763455361815866 -0.36955480002969121 1.068291413911769 -6.8878843128320408
0.080847717821598053 1.5755137064371749 0.067729775988246366 0.04759277923060961 0.069989054676552628 1.5885021071917311 0.071274913037522744 -6.0969691010483782e-33 0 0.00040492003861973514 1.0776452501217484 0.51236657003306785 0.49771087695747951 0.51770193470297932 1.0747110830440729 0.51836606327438872 -0.0021146926354190005 0.32926046217087118 0.65520800833384008 0.32969494332478261 0.91063994484357347 0.46079331293666509 0.0004058052501265175 -0.54789234991590086 0.052099827683266431 0.52149488042037473 0.080847717821598053 0.072916768692119577 -0.55382756769862418 -10.050599043785626 -0.0020751682019301103 -0.21225791059286631 -10.050599043785624 -0.21525275507550037 0.90085901834872995 0.2866707407376089 0.89775949259397281 0.27845008210826694 0.11814039439398444 0.41381766386486957 0.32963826834343868 -0.53910610494698163 -0.21230497931511352 -0.018263257130720984 -1.6874359849954717e-07 1.8405456300906527e-08 1.8405456300887439e-08 -0.00012058701312683185 -7.6509509845285235e-05 -4.7069477248367588e-05 8.0877806375111288e-05 1.5885021071917313 1.0747110830440729 0.65520800833384008 -0.54789234991590086 1.564956461191207 -10.050603863341051
0.085573218762874603 1.8021486475824038 0.076630118554248144 0.052755518457453257 0.078996385434708896 1.8162376049343081 0.079125740585767435 -9.2039661319628305e-33 0 -1.082261742522119e-05 1.213883652540622 0.58757126190571607 0.57730926979802866 0.59304366261180064 1.2116210217373198 0.59284373235648036 -0.0017727037267549217 0.34395838396205303 0.69446596545508932 0.34356553580409022 1.0013745709121189 0.53954202587962752 -9.6881905045012437e-06 -0.69833092143419295 0.058946245041729343 0.59651165038309584 0.085573218762874603 0.08080136937315624 -0.70352350944311359 -12.893917298984912 -0.0025725296334537873 -0.27221792534307476 -12.89391729898491 -0.27240552158256504 0.99053788462727899 0.30358999018586191 0.98733476452162217 0.29555913694568753 0.13116400936294836 0.42652312097941242 0.34358370959488127 -0.68482527556434725 -0.26996436076553448 -0.00053671818857915397 -1.0152871041954662e-07 -4.9193715568294337e-10 -4.9193715569992787e-10 -0.00013793611191492686 -8.8969059377502421e-05 -4.9349186506021203e-05 9.9854025759839624e-05 1.8162376049343092 1.2116210217373198 0.69446596545508932 -0.69833092143419284 1.9847900162556875 -12.894246463441998
0.071230091154575348 1.3853584350949477 0.067923351766221413 0.056996541629532105 0.070397044457042396 1.400488768450683 0.069313569963428884 -8.2841834758561283e-33 0 -0.00038742349668893328 1.0101150310281424 0.44948265835967127 0.44147116847276224 0.45506128907468646 1.0085067354189672 0.45438619352524862 -0.0014814606363772382 0.24499498239927375 0.49904112835328546 0.24438822719140244 0.85151674312794912 0.40317171105673172 -0.00038644404572207104 -0.60289431867347076 0.052248732127862629 0.45856354791444887 0.071230091154575348 0.07102260854909935 -0.60731782753327901 -11.217571585307869 -0.0030928227902205178 -0.23766358462303289 -11.217571585307867 -0.23500466968459621 0.84314940777678793 0.27735826546606851 0.83985182779758649 0.26960023959066737 0.10153683904962374 0.24213038292026576 0.24447005999370494 -0.59117688770854915 -0.23308720191688242 0.017399739198060957 -4.4145235207724239e-09 -1.7610158940393605e-08 -1.7610158940409887e-08 -0.00010598040595798633 -6.6751596516606969e-05 -3.5273762865246246e-05 8.4102615082082342e-05 1.400488768450683 1.0085067354189672 0.49904112835328546 -0.60289431867347065 1.7088795914227588 -11.217602459962096
0.063129469752311707 0.9943884249502668 0.058336595843547549 0.058463630332304749 0.060901590278509235 1.0102591683963573 0.060314842236247307 -4.409077799771506e-33 0 -0.00021316399345061752 0.78697751600203525 0.3191098229372562 0.30872149518304665 0.32476724292310766 0.78580830066782192 0.32462242726686497 -0.0012962627750031474 0.17315173287954744 0.34743216470984345 0.17317921699620373 0.69312136308706218 0.27016895332759555 -0.00021250965154934057 -0.40428441063748771 0.044874304495036578 0.32916052159855086 0.063129469752311707 0.06205244936121846 -0.40813698961781913 -7.4752431280829326 -0.0034806331865248293 -0.15976583000901307 -7.4752431280829317 -0.15812002166010483 0.68709531046324079 0.25088579868175054 0.68373319686901557 0.24353191693104315 0.073160917585316759 0.1173644939171212 0.17330144523717267 -0.39728933080751089 -0.1565914681537279 0.01096918180827283 -2.2915327470073903e-08 -9.689272429565168e-09 -9.6892724295778023e-09 -7.6016366116350099e-05 -4.5149865870864833e-05 -2.4841494764633687e-05 5.677292133093886e-05 1.0102591683963573 0.78580830066782192 0.34743216470984345 -0.40428441063748771 1.1394007442075444 -7.4752431632598029
0.076795086264610291 1.2437375784273677 0.065386074667243055 0.059282630991557554 0.068038778992199428 1.2602794105477291 0.068892005596186842 -2.8207905264131115e-33 0 0.00028851156746368073 0.89381905678418183 0.40040532868855805 0.38546212399604096 0.40615916578079164 0.89301058259351984 0.40682950327964251 -0.0011206633182453474 0.23664069221324632 0.46635034862872254 0.23729871747563264 0.77865743490240813 0.34648455912331411 0.00028914276461056843 -0.38954478741044413 0.050296980513263881 0.41169387718302569 0.076795086264610291 0.070657668929274886 -0.39296464764573408 -6.9998464306647037 -0.0037688103843717324 -0.15010421232169951 -6.999846430664701 -0.15205408105326529 0.77123703657652665 0.26909799218983593 0.7678170336888468 0.26215485119929283 0.089788745105071635 0.23548309247001287 0.23745937248769575 -0.38252067455698924 -0.15082042210475419 -0.01170851921501841 -1.3058334756033134e-07 1.3114162157448965e-08 1.3114162157435183e-08 -9.5126776439989489e-05 -5.75956572413244e-05 -3.3692331422598325e-05 5.7410045098923423e-05 1.2602794105477291 0.89301058259351984 0.46635034862872249 -0.38954478741044413 1.0889193220055262 -6.9998464437736327
0.09492366760969162 1.7829221536165214 0.081389901588551514 0.062335559291613524 0.084149007431596409 1.8004172574351329 0.085221686870878013 -5.5921617767038049e-33 0 0.00033738111609499564 1.1778930221885746 0.57847122473948542 0.5644878441531781 0.58435864613572164 1.1776303945078452 0.58483032371873911 -0.00084305920998393774 0.33556709724837547 0.66867661897299813 0.33582819857123941 0.98246509404618887 0.52472279722314252 0.00033832597800287042 -0.57946500363898645 0.062607616606578084 0.59015965174650886 0.09492366760969162 0.087021382619785134 -0.58232729127352556 -10.419955757919949 -0.0041343337611269449 -0.22199975740841857 -10.419955757919947 -0.22455805188396893 0.97208736442859145 0.30776597065581007 0.96858191808724203 0.30111902553986153 0.12552376773782264 0.40631215704477919 0.33604980143959085 -0.56685230403618148 -0.22370326587873768 -0.015529842157005432 -1.6813372318950532e-07 1.5335505277056004e-08 1.5335505277038888e-08 -0.00013643893268703669 -8.6364094713118575e-05 -4.7860979326580557e-05 8.4600484600108315e-05 1.800417257435134 1.177630394507845 0.66867661897299813 -0.57946500363898634 1.6190635022146411 -10.419964618914772
0.0929422527551651 1.8147864844121127 0.084785802309224861 0.066922756959862814 0.08766817768582684 1.8334570666289449 0.087381664370587517 -8.0991466847348038e-33 0 -0.00012243796245215498 1.2149437264280591 0.58919543471829294 0.57974365161801333 0.59521612339379293 1.2154042444376847 0.59480706846537967 -0.00051041599607827787 0.31987226660615986 0.64656791209912268 0.3193570506639502 1.0015430680617896 0.53920577772186751 -0.00012132570118578856 -0.68013145233677985 0.065219847930172978 0.60071033829009879 0.0929422527551651 0.089220147855137877 -0.68224525243349921 -12.36640553470593 -0.0046296560854823627 -0.26319817691109909 -12.366405534705924 -0.26257243010936676 0.99113768427666227 0.31215242414175554 0.98752765667598286 0.30575743732525684 0.12607533418080352 0.36707057971315343 0.31965168626095786 -0.66411618305093256 -0.2622249984112735 0.0045602187088752489 -7.9193721277182143e-08 -5.5653619296289479e-09 -5.5653619296503652e-09 -0.00013886550350163267 -8.8489063976673798e-05 -4.5797613745336924e-05 9.6257741899651614e-05 1.8334570666289465 1.2154042444376845 0.64656791209912268 -0.68013145233677985 1.8985138554964107 -12.366567322725178
0.075336381793022156 1.2752247080676964 0.072003482734103674 0.069730706895435396 0.075001818739884332 1.2948990227962021 0.073755605466007165 -6.3322722026402853e-33 0 -0.00041406163817717806 0.94440743550319772 0.41031852717427852 0.40250484711226114 0.41643647462367428 0.94549006880348063 0.41573435284171917 -0.00025304198689680898 0.20984407671731548 0.42683180808656596 0.20929488843830274 0.80434509995407444 0.36156206855512502 -0.00041318186807961978 -0.53763359310785463 0.05538729441084897 0.42212643210170214 0.075336381793022156 0.075630222297829217 -0.53903437425140344 -9.8025758495976412 -0.0051060993828664749 -0.21003759838602373 -9.8025758495976412 -0.20713226131943233 0.79701514997008727 0.27797888318713149 0.79331888847611864 0.2719412435870675 0.089008188694364318 0.16747494133122059 0.20964598173178275 -0.52471153493554545 -0.20726740009558373 0.018903955728045763 6.2519256341866491e-09 -1.8820983553498581e-08 -1.8820983553513235e-08 -9.7508799637162599e-05 -5.9688619154282181e-05 -3.010003080562658e-05 7.4296879789463959e-05 1.2948990227962021 0.94549006880348063 0.42683180808656601 -0.53763359310785463 1.4896206609837086 -9.8025789972153596
0.068980984389781952 0.9282258216864816 0.062718497541486617 0.069674212125399246 0.065813741038325588 0.94857602051134737 0.06539446997616763 -2.4644174810311852e-33 0 -0.00013579384284010987 0.73833685702074459 0.29438964402047768 0.28368410199421817 0.30058155557097632 0.73980097743181805 0.30055801386831743 -9.6891897502954081e-05 0.15673243769251968 0.31158682094340218 0.15690613386736102 0.65816717191213525 0.24257260965797967 -0.00013522506455042481 -0.34772892917707698 0.048244998108835861 0.30727699010919374 0.068980984389781952 0.067299631646598732 -0.34863729468658633 -6.1898992544799567 -0.0054335109598234637 -0.13479260750875363 -6.1898992544799558 -0.13366902608747189 0.65289667454049505 0.25424245240281818 0.64914545111651489 0.24867992834245767 0.063919890472162247 0.079953812498387788 0.15729149908389217 -0.33937423552636908 -0.13413684486758057 0.0076207985707273228 -3.5773462620923796e-08 -6.1724474018147525e-09 -6.1724474018270841e-09 -7.0922505952459057e-05 -4.0398017992410406e-05 -2.2315316916618313e-05 4.8791648031407087e-05 0.94857602051134737 0.73980097743181805 0.31158682094340218 -0.34772892917707698 0.94494662654650541 -6.189899256303927
0.083345338702201843 1.2355640664866696 0.07071194985272336 0.069447152284895883 0.073902084765986545 1.2565640338163595 0.074840016855295163 -1.7912626133610129e-33 0 0.00034424206712602948 0.88171561873657833 0.39499436850669184 0.38028978717394701 0.4012844628654465 0.88351150359962116 0.40197110695678645 7.3659148503127039e-05 0.23865136610311932 0.46903314387301653 0.23931843099718128 0.7698019628321835 0.33877119597393474 0.00034486066388648181 -0.37742829356002738 0.054393807579017961 0.40900382991430256 0.083345338702201843 0.076775705343587894 -0.37794522691455018 -6.539400292051913 -0.0056855743233287445 -0.14234983410670363 -6.5394002920519112 -0.14472856282357432 0.76270614763515843 0.2773267774848357 0.75890143274700206 0.27221319462884463 0.085706209575356088 0.23207077978514665 0.23974137669766549 -0.36790387942168096 -0.14546030066201787 -0.014465995043476313 -1.3977943316200308e-07 1.5647366687556253e-08 1.5647366687541463e-08 -9.4482643147740422e-05 -5.6154083519559918e-05 -3.3829861827570752e-05 5.5628927491289619e-05 1.2565640338163595 0.88351150359962127 0.46903314387301653 -0.37742829356002738 1.0208183534568929 -6.5394002967508023
0.096472501754760742 1.6740826574392103 0.083466502364598877 0.071487506566074374 0.086769062146479267 1.6960085789590684 0.087554643990446504 -5.0886445408066044e-33 0 0.00026352218077815826 1.1224105995184204 0.53998315059669622 0.52764923013613796 0.54640395510064543 1.1247252184744656 0.54666827431997 0.00035000626103983199 0.32185806818244495 0.64219323144080454 0.32194577688441778 0.94009825389005464 0.48540704662449924 0.00026446327120345687 -0.57272830923228657 0.064205001818922205 0.5541504725200207 0.096472501754760742 0.089526351950080241 -0.57269512975690617 -10.103311186423888 -0.0060389723727873696 -0.21724137293371373 -10.103311186423888 -0.21931009983083566 0.93053419953725225 0.30982604201149438 0.92664785418137097 0.30504082356140821 0.11552635719896892 0.37527644258686266 0.32242963124390128 -0.55747960475920944 -0.22041264816927658 -0.012502185367082299 -1.4779042137618644e-07 1.1978280944473174e-08 1.1978280944454602e-08 -0.0001280856136600449 -7.9857011434028357e-05 -4.5808865089366128e-05 8.2864741074856373e-05 1.6960085789590689 1.1247252184744656 0.64219323144080454 -0.57272830923228646 1.5673071193189212 -10.103316446865477
0.087484970688819885 1.5110375838340837 0.080698492630432966 0.074329571319624269 0.084123084204841755 1.5340109700213658 0.083443138387857385 -6.9770517515662825e-33 0 -0.00022458393208311898 1.0608189258768626 0.48625115629027776 0.47848984833336888 0.49279108573068309 1.0637620085829851 0.49219735182359536 0.00065406020504583777 0.27717087991422901 0.56119605814990292 0.27656103112684194 0.88823763940947742 0.43564956193685783 -0.00022356022951853358 -0.62188539890356398 0.062075763561871514 0.50018843325091022 0.087484970688819885 0.085453332899064247 -0.62114332221062674 -11.119142844002898 -0.0065021450988376576 -0.23894278277061815 -11.119142844002894 -0.2375597442855249 0.87964479300783738 0.30141241581929501 0.87566639850028094 0.29693948611624954 0.10395356713141504 0.28738141533833605 0.27711185113338865 -0.60464130294136298 -0.23913986841602095 0.0092659486942910339 -4.3226335952254322e-08 -1.0208360549223002e-08 -1.0208360549241349e-08 -0.00011558379391648263 -7.1680302944826822e-05 -3.959678023431044e-05 8.7049702659640216e-05 1.5340109700213658 1.0637620085829851 0.56119605814990281 -0.62188539890356409 1.7018659664697768 -11.119169435213989
0.067505240440368652 0.88990783766531034 0.06439692030365364 0.074743076135271383 0.067928443047968509 0.91365810052653962 0.06661219299724043 -4.4431833590376332e-33 0 -0.00042563494289965125 0.73679830078956965 0.28031843325627587 0.27377434771259046 0.28693627195062293 0.74019595890021972 0.28623966020579561 0.00086152262795642339 0.15977353240682557 0.3246466382276158 0.15930177727972764 0.65067208676205635 0.23075306375583599 -0.00042491144413675676 -0.43835344553041516 0.049536092541272031 0.29460587737633881 0.067505240440368652 0.068655942084869123 -0.43699674734722083 -7.7794614593178935 -0.0069066151058417187 -0.16948341870084233 -7.7794614593178935 -0.16643614565135545 0.64564530729859926 0.26012714792779995 0.64160153250328367 0.2560885593756686 0.060843471077218138 0.079582184545301415 0.15989830515656836 -0.42538856598194663 -0.16842935063688974 0.019712102517495767 2.448301371277022e-08 -1.9347042859066177e-08 -1.9347042859079365e-08 -6.7987492603682872e-05 -3.84426833316503e-05 -2.280761692834984e-05 5.9772335248176072e-05 0.91365810052653962 0.74019595890021972 0.3246466382276158 -0.43835344553041522 1.1774740300857043 -7.7794615258878661
0.063225843012332916 0.61955765275589414 0.055908724567506181 0.072493636421862906 0.059526155659475444 0.64375653376671083 0.059320760630554151 -6.7239881248853531e-34 0 -6.8862095374728777e-05 0.55209715360352796 0.1897929005434712 0.18042059199920546 0.19646776021415127 0.5557055011315899 0.19654592649795427 0.00097492623015302694 0.1235536753224305 0.24274161578509024 0.12384123434548641 0.51496114474241028 0.13742756168596082 -6.8429323586757682e-05 -0.26094700129365128 0.043006711205773977 0.20512527484417764 0.063225843012332916 0.061392005767089496 -0.2592114503165891 -4.3769842362482461 -0.0071505721564002972 -0.09855341248230888 -4.3769842362482443 -0.097884522103704824 0.51173597321997577 0.23832898059437443 0.50765857067392406 0.23482494722724362 0.038766628601115717 0.026076914826486136 0.12446287056383672 -0.25232778891589913 -0.10013077687717724 0.0046559254167579832 -3.9017813728587098e-08 -3.1300952442975504e-09 -3.1300952443084849e-09 -4.7285541572243979e-05 -2.3126385900234977e-05 -1.7424046081752771e-05 3.6493090736151636e-05 0.64375653376671083 0.5557055011315899 0.24274161578509024 -0.26094700129365128 0.66892073890363202 -4.3769842362592453
0.077446058392524719 0.97878258340923951 0.064383888184519872 0.070679013562953655 0.068086881134317795 1.0034564840184752 0.069074745261446191 -9.7720785559606942e-34 0 0.00041599705414708805 0.73843511697229125 0.30772961194514309 0.29392604507265829 0.31449480632174648 0.74223720620555 0.31521995995014096 0.0011262083541988095 0.22838692825392407 0.44698844622953476 0.22908838762492584 0.66249775477945516 0.25062984650086401 0.00041655449170995929 -0.3362852824300549 0.04952606783424604 0.32402525858357523 0.077446058392524719 0.071173951201288124 -0.33423466494151194 -5.5675757321263797 -0.0073436252368808339 -0.12364576543439144 -5.5675757321263761 -0.12656280381063267 0.65686354733355357 0.26762319465814083 0.65274872667334338 0.26459413374647295 0.067563988228456343 0.22050006309630396 0.22974360465066285 -0.32535788280029609 -0.12901862123774605 -0.017942581506050586 -1.3344908917525021e-07 1.8908957006693059e-08 1.890895700668128e-08 -7.4829428511407996e-05 -4.1928515832797533e-05 -3.222760160141557e-05 4.9853070439962699e-05 1.0034564840184752 0.74223720620555012 0.44698844622953476 -0.3362852824300549 0.87474014550299917 -5.5675757325910649
0.084983639419078827 1.3055851266967811 0.073283656181486467 0.071143669208258958 0.077087651088819278 1.3309962150057695 0.077568057697994464 -4.9637131856139507e-33 0 0.00019036556462890514 0.93921675073818833 0.41609598365080874 0.40629945845362886 0.42298139290186371 0.94339491758357286 0.42303464485431236 0.0013905029072014672 0.29623050402251228 0.59212096285649851 0.29613680230371298 0.80326199433450418 0.36240870494848854 0.00019126286483758559 -0.54220387262481395 0.056372043216528056 0.43219479652407372 0.084983639419078827 0.07969993726195701 -0.53963953626498251 -9.3785763755668494 -0.0076660995064164236 -0.20367534871640311 -9.3785763755668476 -0.20526229271015647 0.79559312826878614 0.29419519108595321 0.79141085116323706 0.29150974034220278 0.092159115792681351 0.33652287626786431 0.29685048353292642 -0.52530540655114777 -0.20806166798031994 -0.0095533598383347653 -1.1241919483238473e-07 8.6529802104159229e-09 8.6529802103987175e-09 -9.9878118656440245e-05 -6.0150138680026384e-05 -4.207824904752397e-05 7.7797233173521236e-05 1.3309962150057695 0.94339491758357286 0.59212096285649862 -0.54220387262481395 1.4528283047274613 -9.3785778791929992
0.070011630654335022 0.97905529757089627 0.064920016988006465 0.071758479387521126 0.068827181222143957 1.0052286272734654 0.067837383448467931 -6.1640240972344094e-33 0 -0.00031339298201413945 0.78892313766946298 0.30834295472248857 0.30296016834661843 0.31532422766652118 0.7935246741200721 0.31459360969619976 0.0016543489281409304 0.22434531494177315 0.45531472153278779 0.22367549948707377 0.68666353510652756 0.25872509783026032 -0.00031249844154273995 -0.53953874837853255 0.049938474606158821 0.32412060550451016 0.070011630654335022 0.070002089314847318 -0.53633282217642075 -9.4564100478807571 -0.0080793805859370998 -0.20570801492632712 -9.4564100478807571 -0.20365205123244651 0.68087342297734976 0.27366122837456608 0.67662181733459359 0.27133185357535616 0.069580457871138701 0.20319319176543768 0.22444749135206091 -0.52208732970436622 -0.20688088526908602 0.013422552870414294 -2.0300722314893181e-10 -1.4245135546086968e-08 -1.4245135546101655e-08 -7.4857483667151867e-05 -4.3256713251028681e-05 -3.1963292771029986e-05 7.4539677188606012e-05 1.0052286272734654 0.7935246741200721 0.45531472153278796 -0.53953874837853255 1.4418302486442067 -9.4564117665074736
0.049557425081729889 0.34055214912322568 0.046704841871523288 0.069591703148689024 0.050693946340060934 0.36715004303425686 0.049438213812645751 -2.6770057054138924e-33 0 -0.00048154792146767677 0.40605069922816878 0.096776521616458194 0.094096384721538709 0.10380005216513852 0.41086008619748327 0.10305927823453773 0.0017988104102991925 0.088220372686286297 0.18060662668792207 0.087750463455276317 0.38981448886189513 0.05005376304562914 -0.0004810311474906752 -0.30902390977319588 0.035926801439633303 0.11278646617416355 0.049557425081729889 0.051629062853753772 -0.30532907404463305 -5.2523885779173662 -0.0083945943630802985 -0.11808205196301418 -5.2523885779173662 -0.11458266873744097 0.38836934603691281 0.22136510894081163 0.38408343087357349 0.21953177348357081 0.016967404519088951 -0.033287321385225374 0.088554489811839374 -0.29722233883127269 -0.11813705538972141 0.022432762731135061 4.4077399404759078e-08 -2.1888541884887277e-08 -2.1888541884897237e-08 -2.5941129261848188e-05 -8.6935481416839434e-06 -1.2495085117713962e-05 4.078235119467261e-05 0.36715004303425686 0.41086008619748327 0.18060662668792207 -0.30902390977319588 0.78586039605628277 -5.2523885780516988
0.04838220402598381 0.19072148613777445 0.040256523862144969 0.065277562413147222 0.044306845503035673 0.21745251567114163 0.044378287105403903 2.2484985942401693e-33 0 -0.0002147888880178877 0.14464951119822819 0.046516390930387098 0.04617250640422222 0.053532365132558796 0.14947444409233895 0.053411344489495138 0.0018272927952417261 0.013145230017781286 0.023348196706435394 0.013249376161756258 0.14930875214603823 0.0028140908860586462 -0.00021464770565976342 -0.080269272420556328 0.030966556817034585 0.063195024850963677 0.04838220402598381 0.04658941767377861 -0.076370653143788159 -0.94888670766251926 -0.008516345517905765 -0.02818586355119318 -0.94888670766251837 -0.026452165914417396 0.15109802765695099 0.18022139064549891 0.14681848105108453 0.1789983687591335 -0.022531561088431448 -0.1504452484115654 0.014059985106856762 -0.074347979825239802 -0.030138839403466358 0.011146930637723557 -3.8144390472452987e-08 -9.7631312735369702e-09 -9.7631312735421434e-09 -1.4484102830362134e-05 1.3817602693217379e-06 -1.6331308374049347e-06 9.7240269770921169e-06 0.21745251567114163 0.14947444409233895 0.023348196706435394 -0.080269272420556328 0.13487748981026243 -0.94888670766251959
0.062419969588518143 0.60676878279608748 0.049485931110081482 0.062116060753845029 0.053599920481053547 0.63372746367004951 0.054626866542034587 1.4853067845823096e-33 0 0.00073998395154125805 0.44372103308476346 0.18273534435806552 0.16702318689774304 0.18981195077190094 0.44855307634869113 0.19101486378060792 0.0019020878831196438 0.20409891284685139 0.39090697047613987 0.20534130158717998 0.43027274932649656 0.12366045872930989 0.00074031179284823672 -0.19363859494426211 0.038066100853908824 0.20090154558606738 0.062419969588518143 0.056859530543638133 -0.18963802550744605 -2.6971050572032715 -0.0085597276540507732 -0.064795433256548893 -2.6971050572032702 -0.069949375068925096 0.42748731325310996 0.23356066720059152 0.42321130180374339 0.23286373439615615 0.032251184647489654 0.20444478973265948 0.20616889711742392 -0.18460575455479911 -0.073699320078217515 -0.032151672549227052 -1.1830721372085263e-07 3.3635634160973271e-08 3.3635634160963928e-08 -4.6387999152891969e-05 -2.0693003296723398e-05 -2.8521100766230297e-05 3.1130979836080154e-05 0.63372746367004951 0.44855307634869113 0.39090697047613987 -0.19363859494426211 0.44721056255641262 -2.6971050572032986
0.064888052642345428 0.8304860209293693 0.054895796922050301 0.061235732995818588 0.059087085523474761 0.85792190373428145 0.059287512582664521 -5.7207420633450113e-33 0 0.000208926955865371 0.69915437337494368 0.25780576293244495 0.2512173785144185 0.26500161020519875 0.70415601655015692 0.2648379079054542 0.0021673189708547634 0.28997569983218907 0.58182770615363388 0.28963308064766718 0.62098436334715457 0.20727129164816938 0.00020980436733089328 -0.52721765475482152 0.04222753609388484 0.27495039060833276 0.064888052642345428 0.061545727261565528 -0.52277812927700418 -8.9544968938100205 -0.0088235905006057332 -0.19593825238558241 -8.9544968938100205 -0.19779981712510605 0.61545957556841657 0.26786517015633243 0.61113533569085887 0.26746878587162226 0.065439433726126955 0.34937801718911249 0.29051952613224341 -0.50889426870164822 -0.20184080000904103 -0.011432490967528623 -7.1113305974045568e-08 9.4966798120732977e-09 9.4966798120593812e-09 -6.3541911214211772e-05 -3.5540239983874829e-05 -4.1155687060310183e-05 7.5527421232423505e-05 0.85792190373428145 0.70415601655015692 0.58182770615363399 -0.52721765475482152 1.389445514009414 -8.9544975886565314
0.046023450791835785 0.39272336775733174 0.042529449160637063 0.059978073538663024 0.046794077185073849 0.42058273432636512 0.045617405747634995 -6.2905450005745141e-33 0 -0.00042713912342051094 0.46034131897623082 0.11333866471352989 0.11146842591316217 0.12059697569659752 0.4655345018490008 0.11974691960472432 0.0024020638227464507 0.17749434315782572 0.36197710003170203 0.17673834965593335 0.43208409916543961 0.067510495101714488 -0.00042634375945332329 -0.47639114191303156 0.032714960892797726 0.13005852031907708 0.046023450791835785 0.047899440461900165 -0.47135130540640002 -8.2042595322360938 -0.0092060265673621355 -0.18062014083813663 -8.2042595322360938 -0.17771269569197817 0.42952457989667525 0.23305191864674152 0.42515717797325903 0.23300402718709454 0.029784761488857805 0.14439403482881039 0.17767682988428138 -0.45883466359885483 -0.18215331698773149 0.018731359025399366 3.9914673831151498e-08 -1.9415414700922558e-08 -1.9415414700934903e-08 -3.000437131523841e-05 -1.2335875767323796e-05 -2.5219939503532629e-05 6.4700262623755886e-05 0.42058273432636512 0.4655345018490008 0.36197710003170208 -0.47639114191303156 1.2438271260461955 -8.2042596922181996
0.02763017825782299 -0.19004731729662031 0.024720726820799805 0.055893899090926361 0.029034310903686762 -0.16212741465866415 0.027980416406740441 4.5802209158640522e-34 0 -0.0010150470451249518 -0.18172947200425196 -0.078892707980089516 -0.063520645696334491 -0.071700712885126763 -0.176512877477738 -0.073162008219325461 0.0024424647435066439 -0.10220141015965459 -0.19214424664480864 -0.10337245593038381 -0.16502770242368514 -0.10621021822146054 -0.0010149054675750108 -0.078223300629776976 0.019015943708307542 -0.06283022627462298 0.02763017825782299 0.030278755389206852 -0.072842216799001547 -1.0723593538191172 -0.0094218727173926188 -0.031655099958950716 -1.0723593538191167 -0.024323932684208901 -0.15885035565265815 0.125379939084759 -0.16320374727095316 0.12590072887310003 -0.075924678938707385 -0.34315109320992654 -0.10242479856693225 -0.070915058071549367 -0.028988398002740428 0.046290406424078126 5.6352704923058131e-08 -4.6138502051134016e-08 -4.6138502051135591e-08 1.4633326357823235e-05 2.1557902869158147e-05 1.4530969217491143e-05 4.7942674868318355e-06 -0.16212741465866415 -0.176512877477738 -0.19214424664480864 -0.078223300629776976 0.11873526044075208 -1.0723593538191172
0.030904605984687805 -0.17808907168195745 0.021931819421766845 0.05043563899438798 0.026276987915068217 -0.15032425834769503 0.026680145892070933 9.3550616193522039e-33 0 -0.00014364286988653865 -0.51322139904100383 -0.076355514132411539 -0.067654538176586496 -0.069301395769609822 -0.50812540381225579 -0.069118587344743174 0.002272831289298624 -0.16769306922594293 -0.34429073179930203 -0.16713908758050811 -0.46741740820031502 -0.1083854503157959 -0.00014413514615334072 0.307012955412721 0.016870630324436031 -0.058872821146860141 0.030904605984687805 0.028990023250356618 0.31220856973221717 6.2745849382694328 -0.0092816974867758438 0.12215654545071492 6.2745849382694345 0.12360930201807065 -0.45744754786025088 0.073287023543420232 -0.46171355918271761 0.074575140018199065 -0.12253401565603955 -0.4266360461098187 -0.16622831830941873 0.30390449672525233 0.11907743399611817 0.0090859132438470287 -4.0735802858107722e-08 -6.5292213584821676e-09 -6.5292213584810071e-09 1.368763751613738e-05 2.566541700793248e-05 2.4318858065421024e-05 -4.5092741752871434e-05 -0.15032425834769503 -0.50812540381225579 -0.34429073179930203 0.307012955412721 -0.97468632881364148 6.2745849407276761
0.045158442109823227 0.29864232545731506 0.032559024187076034 0.046879499591210433 0.036942647996190535 0.32642833805061922 0.038000301592297635 6.598859910068811e-33 0 0.0008833010603396987 -0.13671746282217431 0.080461763604479181 0.075255513956887052 0.087488910329635447 -0.13172834199010769 0.088671901051332824 0.0022116705019296599 0.079081258040789984 0.14019547159559767 0.080344066729229169 -0.12501711909817173 0.035354117039281617 0.0008831560727673816 0.095348311402036368 0.025045403220827711 0.098918563088244565 0.045158442109823227 0.040324216894155641 0.1002556604815546 2.7282103747028623 -0.0090560961381773476 0.048198698757029118 2.7282103747028623 0.041961910204315958 -0.12077019373768309 0.13705563830836537 -0.12496289760988409 0.13892882393136238 -0.054090867840222115 0.035471442570250346 0.08124203626872803 0.09758390832784325 0.037631871662773847 -0.039384560943918082 -1.0285585565249976e-07 4.0150048197262381e-08 4.0150048197260409e-08 -2.2867233137451347e-05 -8.7278900907918252e-07 -1.0651050573520556e-05 -9.2726805761443641e-06 0.32642833805061922 -0.13172834199010769 0.14019547159559767 0.095348311402036368 -0.3804619307998357 2.7282103747028676
0.043730415403842926 0.43457878381329412 0.035394955444351249 0.045551658280900915 0.039829802714139807 0.46262597097765396 0.039793685125161349 -3.9862012986127708e-33 0 0.0007368746830103463 0.32846569699381317 0.12592346566991938 0.11558023577201519 0.13304234407145177 0.33345359163436217 0.13354672150836658 0.002412280540297288 0.30235873166062882 0.5973716417561824 0.3027358710370221 0.32044628774902878 0.075319278582539478 0.0007375477988299183 -0.4019537573363639 0.027226888803347116 0.14391245473557793 0.043730415403842919 0.042135256052947247 -0.39686688503989237 -6.431187830779213 -0.0091385341498690896 -0.14346711311808405 -6.431187830779213 -0.14907286957462143 0.31804007141721058 0.21624350782072355 0.31385087523218913 0.21837891315214109 0.026293505759766089 0.4289557463072759 0.30367863512418447 -0.38632943155038341 -0.15351767599470761 -0.035149867768537957 -3.3939560657357485e-08 3.3494303773205413e-08 3.3494303773195103e-08 -3.3294594590406808e-05 -1.3313381470051498e-05 -4.26889875366576e-05 6.0572767194346208e-05 0.46262597097765396 0.33345359163436217 0.5973716417561824 -0.4019537573363639 1.0248491856832742 -6.4311878349239153
0.023534415289759636 -0.057627117770872358 0.021101406230171867 0.043422853068037934 0.025579499497955679 -0.02942930221637122 0.024346090683003491 -7.5639342995458281e-33 0 -0.00066089206572332018 0.066569272769003096 -0.035179704835849958 -0.02563414315613648 -0.028037705287669336 0.071575726885607219 -0.029430546887868378 0.0026567588217014004 0.13487815271712839 0.28463913565393989 0.13345929506950452 0.070828512786568681 -0.06556557629971746 -0.00066011934154949184 -0.46167170624936715 0.016231850946286049 -0.019000311974064647 0.023534415289759636 0.026702379674572879 -0.45602324762990593 -7.9658014011564235 -0.009490109796722877 -0.17591050618920437 -7.9658014011564235 -0.17152206317453167 0.07245686262074888 0.16764053149923899 0.068252091612086868 0.17000286402453979 -0.022022614115619489 0.11795438317513865 0.13445625139534728 -0.44391457685574798 -0.1763397184346478 0.027876704553099797 6.7403497549212524e-08 -3.0040548441962852e-08 -3.004054844197064e-08 4.4127685968240109e-06 1.1123057982521357e-05 -1.9292336304340544e-05 6.1224730034099289e-05 -0.02942930221637122 0.071575726885607219 0.28463913565393989 -0.46167170624936715 1.1979852892668892 -7.9658014986878527
0.009707973338663578 -0.52051778525295245 0.0061088955101374085 0.038670094846669688 0.010606123421288582 -0.49251664373855186 0.0098722945251057785 2.1281902855685858e-33 0 -0.0010337080537954518 -0.63054905736884348 -0.18832765902010401 -0.16762390007587405 -0.1813373857588377 -0.62564740074211611 -0.1825349889632138 0.0026252742715016067 -0.17105390308494434 -0.33329224668980356 -0.17195391832441304 -0.57620409403922979 -0.20549519322055559 -0.0010337897360401663 0.058360373721959388 0.00469915039241339 -0.17221135402784088 0.009707973338663578 0.0122360026739521 0.064248695016663609 1.4548473311184027 -0.0096398336318321842 0.020992519168907053 1.4548473311184027 0.028625481614295192 -0.56513082203653142 0.049292694867210086 -0.56927343082801096 0.052196785779730637 -0.13626647605467301 -0.41271409319424418 -0.17096357926823949 0.062532555872733972 0.023653117932565099 0.048163936421174315 5.3787858197627318e-08 -4.698672971797675e-08 -4.698672971797446e-08 3.9861870794109573e-05 4.0831523140390751e-05 2.443724660700114e-05 -1.4783788516803933e-05 -0.49251664373855186 -0.62564740074211611 -0.33329224668980362 0.058360373721959388 -0.27205177796580665 1.4548473311184038
0.018479529768228531 -0.32389890973514185 0.0083690294560628403 0.033452447427459467 0.012874296100277358 -0.29620441153700011 0.013627731213969721 8.7242984986184098e-33 0 0.00039903157090952066 -0.65138033265463435 -0.12516639722957323 -0.1229866778982998 -0.11830869964635073 -0.64673529879537195 -0.1172973990754505 0.0024530696929945268 -0.085003023950179682 -0.18830930343831184 -0.083710754962159628 -0.56745744880417504 -0.15901989075158418 0.00039855903932032693 0.29564356154656002 0.0064377149662021823 -0.10713440679770365 0.018479529768228531 0.015996045419911242 0.30124544409378456 6.2734983525578203 -0.0094267531582442159 0.12199179600448609 6.2734983525578212 0.11958314359461716 -0.55722323116694972 0.052075330221101342 -0.56125088747209462 0.055634403290985811 -0.12688133602828608 -0.22805460690945112 -0.082757716159042816 0.29323225043354395 0.11481209766501232 -0.015209319264585018 -5.284009251738547e-08 1.8137798677703519e-08 1.813779867770559e-08 2.4767237370116596e-05 3.3262268905514061e-05 1.276067026809702e-05 -4.0511367655230179e-05 -0.29620441153700011 -0.64673529879537195 -0.1883093034383119 0.29564356154656002 -0.95022388737100516 6.2734983547192193
0.033212918788194656 0.20316748229088691 0.020847077775412063 0.030791161392155486 0.02537294345369295 0.23081598418832525 0.026431699742108936 1.9951415652769175e-33 0 0.0008123321985464445 -0.1627333095586912 0.049442301433093222 0.047592445596129407 0.056293711504993099 -0.15825269775259732 0.057186046231521133 0.002492018166571536 0.15655614114014044 0.3009371944086926 0.15732061667358799 -0.15237303311127834 0.012119497432620365 0.0008124849090128494 -0.084855560062044061 0.016036213673393897 0.067316919300994232 0.033212918788194656 0.02880872826511242 -0.079398617124079737 -0.56338982696708229 -0.0092922576229265783 -0.02088219343030322 -0.56338982696708229 -0.026843602255469785 -0.1486306960711187 0.12614111780847254 -0.15259308589117876 0.1300687806307172 -0.048745720710415275 0.21008981936781562 0.15828293004604266 -0.077297245755418062 -0.031509366958701143 -0.037627354813995678 -9.3706181342174921e-08 3.6924190843021559e-08 3.6924190843018131e-08 -1.5639486706335618e-05 1.9872835879982218e-06 -2.1792044414371243e-05 1.5873023462741849e-05 0.23081598418832525 -0.15825269775259732 0.3009371944086926 -0.084855560062044061 0.12432737224681877 -0.56338982696708273
0.029084207490086555 0.25986268975029914 0.021986979380370184 0.030170546940712882 0.026546127803501803 0.28769204824824085 0.026308886462324196 -6.1410242783659764e-33 0 0.00038678603363876904 0.13997496772768334 0.068816986882158773 0.064624318005323686 0.075718365396531331 0.14444507508407065 0.075872300882162111 0.0027155375335750727 0.27542125184861266 0.54801885916859505 0.27541524696552594 0.1387615012015222 0.029145638697156969 0.00038753308287200263 -0.44584563235360652 0.016913061061823217 0.086082795158737097 0.029084207490086555 0.02869810379509475 -0.44006889241371588 -7.3146716853800093 -0.0094720505250450605 -0.16227328899330642 -7.3146716853800102 -0.16534307107073828 0.13834005002808647 0.17535860394339223 0.13438787048540893 0.17943883834320107 0.0018254490808772765 0.41192304973234894 0.27642737390252448 -0.42838425945208325 -0.17021790869659034 -0.019095933724496722 -8.2149722338716123e-09 1.7581183347224113e-08 1.7581183347214478e-08 -1.9989448663603646e-05 -4.6421009235639936e-06 -3.8922301773753201e-05 6.4781647950984576e-05 0.28769204824824085 0.14444507508407065 0.54801885916859505 -0.44584563235360652 1.1447551481855909 -7.3146717119290967
0.009866117499768734 -0.24094583656915131 0.0076587609442031017 0.02836944018381235 0.012241193167699995 -0.21308590721519913 0.011057663631687238 -6.1757962922078923e-33 0 -0.00086742615591684955 -0.2442790124741912 -0.095247391266898004 -0.078855500947889831 -0.088388579833545103 -0.23982205218844552 -0.089893747980173674 0.0028990898919649915 0.048500318013965281 0.11272147864768395 0.046999996872423115 -0.22971955131396243 -0.11341842063700082 -0.00086684444447331728 -0.34449753532326732 0.0058913545724639249 -0.079677734544467527 0.009866117499768734 0.013455568283965233 -0.33820990194080924 -5.8471207140554036 -0.0097926273929100464 -0.13189072266355409 -5.8471207140554036 -0.12591535880148516 -0.22435966112783792 0.10441384815485663 -0.22829864971061598 0.10870953849450662 -0.067586127287460274 -0.002433006054706486 0.048052921245551231 -0.32923244726703421 -0.13112809629269684 0.037819300458518217 7.6371293280772238e-08 -3.9428461632581237e-08 -3.9428461632584513e-08 1.8380081206297336e-05 2.1784283341322234e-05 -6.9768956439482598e-06 4.3343048520688276e-05 -0.21308590721519913 -0.23982205218844552 0.11272147864768396 -0.34449753532326732 0.86199751565450833 -5.8471207146996091
0.0023751920089125633 -0.54387873067727099 -0.0026972861497694656 0.024291462077522658 0.0018874779066082512 -0.51628974636461933 0.0015405477859769027 3.0912453800986662e-33 0 -0.0005029161617038124 -0.70000761962129698 -0.19645136230916405 -0.18384418982184905 -0.18974372915584065 -0.69572469960179939 -0.19001830228328942 0.0028308435383330817 -0.11955239798777881 -0.24176722018387856 -0.11954319325602988 -0.6200292766886214 -0.21642833564405226 -0.00050307901091000827 0.10851709689533497 -0.0020748354998226691 -0.17994526269183286 0.0023751920089125638 0.0039409366036827365 0.11490895440456375 2.5827669725254419 -0.0098480689784732137 0.04438108409259222 2.5827669725254419 0.048341446207805713 -0.60914200138709473 0.032353079265073505 -0.61299585478328467 0.037143228819476612 -0.13459665135338264 -0.28430562783179686 -0.11850482470486019 0.11184613957953454 0.0430663021813084 0.025070037318226414 3.331371478234494e-08 -2.2859825531990916e-08 -2.2859825531987352e-08 4.1575119041256061e-05 4.2228780980901405e-05 1.7371603752036088e-05 -1.9023367402245631e-05 -0.51628974636461933 -0.69572469960179928 -0.2417672201838785 0.10851709689533494 -0.42253418349888688 2.5827669725254543
0.016799841076135635 -0.16950708774489753 0.0051758786099972342 0.020643805689857214 0.0097600113621859417 -0.1421811790236609 0.010826108455916946 5.3596727701838637e-33 0 0.00046775603451670546 -0.53727086576102212 -0.073503059750359562 -0.070377933707929677 -0.066892900608971836 -0.53323068173269761 -0.06596859191272289 0.0027457397754423077 0.00061916253479157716 -0.013709186580276395 0.0016073258319701373 -0.48338211270527159 -0.10154470898786708 0.00046754284353585802 0.13883375604932185 0.0039814450846132558 -0.056034500227641434 0.016799841076135635 0.013228652673693301 0.14502656734712246 3.4620614452613276 -0.0096871273326406479 0.062930666575644417 3.4620614452613294 0.059807959539035248 -0.47500312176583182 0.056534374577848365 -0.47875781379341076 0.061797605168466316 -0.10475747831589344 -0.051078176886475916 0.0026276409811857139 0.14116373159329643 0.054675493578819775 -0.019705918816204794 -7.5982731966855806e-08 2.1261637932575862e-08 2.1261637932580637e-08 1.2866670655584055e-05 2.3083923470481873e-05 5.1429026499740442e-07 -1.7920058496704948e-05 -0.1421811790236609 -0.53323068173269761 -0.013709186580276395 0.13883375604932185 -0.51307342486079266 3.4620614452615701
0.031626872718334198 0.37532545798309169 0.019258190102717076 0.019978849220634143 0.023860055006009961 0.4027187492374763 0.024854627900147721 -2.0019922282111963e-33 0 0.00096862684054073488 0.052394730128353634 0.10645936770934052 0.096919749303647065 0.11310141780373503 0.056337615467283594 0.11433954301354365 0.002872756445877464 0.27448150021725376 0.53317045305815747 0.27550874416090981 0.053198628656034225 0.065865908343364921 0.00096909509202174884 -0.2755531415708446 0.01481399238670544 0.12429756724958724 0.031626872718334198 0.027265063954987998 -0.26931391947335204 -3.964746777073151 -0.0096798321447285323 -0.09240708911474893 -3.964746777073151 -0.099472163324194618 0.053494950396716805 0.15132605153877204 0.049782707073948579 0.15679325205733582 -0.0071478810605445009 0.43622814461046805 0.27655780156456028 -0.26216704905788069 -0.10462816194271864 -0.044335060340158688 -9.2804441773324259e-08 4.4028492751857017e-08 4.4028492751850062e-08 -2.8891376015665136e-05 -9.2418782102634119e-06 -3.848430752535313e-05 4.3753636553109444e-05 0.4027187492374763 0.056337615467283594 0.53317045305815747 -0.2755531415708446 0.6544721184071578 -3.964746777080506
0.025476433336734772 0.3466712390657955 0.019038876500018849 0.020956525943336347 0.023670959626989379 0.37433066009780175 0.023243862040177168 -1.1016719260091944e-32 0 0.00025670405479647298 0.37307516238558369 0.098044421301572607 0.09123871684453215 0.10478721173234698 0.37705210232498948 0.10473448115818684 0.0032054839574922073 0.36515339948691666 0.73096594207107102 0.36482573717619932 0.35792184789457443 0.059614404589089329 0.00025781207161156049 -0.6637896947887717 0.014645289615399112 0.11481428194988823 0.025476433336734772 0.025665515711459762 -0.65698172549245626 -11.290570684669996 -0.010025280336419423 -0.24597794344442034 -11.290570684669996 -0.24821895342771627 0.35413670945567277 0.20171170288510282 0.35039910169830657 0.20716276755339402 0.04275390877156654 0.57578892581306373 0.36594870577557065 -0.63953452330333005 -0.25375158254854951 -0.013696574860335053 4.0230292494622235e-09 1.1668366127123871e-08 1.1668366127111513e-08 -2.6692292716298897e-05 -1.2418043157415813e-05 -5.1741773042292707e-05 9.490841471762166e-05 0.37433066009780175 0.37705210232498948 0.73096594207107102 -0.6637896947887717 1.7512094763677317 -11.290605174922471
0.0087270196527242661 -0.13667909045965829 0.0058577873802885634 0.020358785408442069 0.010509200830298786 -0.10893662264130538 0.0094406540955033914 -9.1781133370715763e-33 0 -0.00093095222539998869 -0.03317940453105387 -0.060630344691250559 -0.049025537264743409 -0.053900083233942034 -0.029179250273119971 -0.055278934079688105 0.0034514043514722779 0.11000813938543454 0.23436720960483501 0.10858011655009416 -0.026714035974532403 -0.080085971274848636 -0.00093013959887738829 -0.48303756926632624 0.0045059902925296633 -0.0451676476420158 0.0087270196527242661 0.01186983860584759 -0.47552067504077095 -8.3339777748603758 -0.010479676905651155 -0.18458043818908329 -8.3339777748603758 -0.17808231650707348 -0.024312088925476188 0.12745509713300571 -0.028064171477391892 0.1330242853892693 -0.031381589570077965 0.10563279407469435 0.10975768831947155 -0.46289605539758227 -0.18408570947882508 0.041336361738205638 6.6868488364320435e-08 -4.2316010245447381e-08 -4.23160102454546e-08 1.0345602516480257e-05 1.3999388373374167e-05 -1.5662000082198815e-05 6.2532977975799685e-05 -0.10893662264130538 -0.029179250273119992 0.23436720960483506 -0.48303756926632624 1.241184492315057 -8.3339779797492266
0.0081231240183115005 -0.27052073852017261 0.00089413901222388354 0.017874043200643043 0.0055486956829322847 -0.24293675606066054 0.0055916719472071889 1.4812091917043428e-33 0 -0.00064735294944305024 -0.50017647943657684 -0.10571988801184755 -0.092799089573091353 -0.099124114502242205 -0.49625880825726171 -0.099491764174954436 0.0034265580262800212 -0.094782807372276207 -0.19044176157887135 -0.09496422098534256 -0.46371488529453569 -0.12209441804439489 -0.00064736453376771004 0.018627982723568696 0.00068779924017221773 -0.08946796415796561 0.0081231240183115005 0.008023761581805431 0.026383350593612458 0.97624166973759841 -0.010624486039966997 0.010017574183239753 0.97624166973759852 0.015001261235356007 -0.4549705778498217 0.046937109966191257 -0.45866271572025097 0.052936224479197796 -0.10811679029660687 -0.24639076697350537 -0.093791564692073101 0.025671232829861699 0.0088459192778681181 0.031612977089712023 -2.1140943937464011e-09 -2.9425134065593851e-08 -2.9425134065593302e-08 2.059013195365661e-05 2.6425092565442181e-05 1.3859115200389735e-05 -7.2194642174712902e-06 -0.24293675606066054 -0.49625880825726171 -0.19044176157887138 0.018627982723568696 -0.18184792248025838 0.97624166973759852
0.027148069813847542 0.24275531675586293 0.013779990502536324 0.016569856262882297 0.01844304868296941 0.27029806044233734 0.01972549629530301 4.1586816773561124e-33 0 0.0006770933084232053 -0.22336281535573291 0.062544111449851419 0.057781017640656351 0.069081228343155471 -0.21954375387677605 0.07042481811302434 0.0033807863450495243 0.080215462084240699 0.14014540815773202 0.081583427271851847 -0.20978495782731121 0.02947121886453323 0.00067704503307860608 0.040775613670110698 0.010599992694258709 0.080418972123493249 0.027148069813847542 0.022162671290421078 0.048418481817727579 1.8298296958339255 -0.010519017910570576 0.027975147441450465 1.829829695833926 0.023405468077383616 -0.20525141772086203 0.092975353042475561 -0.20886989425528585 0.099394201115226205 -0.057689044171510176 0.082716278059908166 0.082746851346697736 0.047121005980602107 0.017335644459082089 -0.028663550555391323 -1.0607230900907178e-07 3.0776968564692369e-08 3.0776968564691933e-08 -1.8752184580830671e-05 2.6574231243697828e-07 -1.0650879555294528e-05 -2.9976570146735126e-06 0.27029806044233734 -0.21954375387677605 0.14014540815773202 0.040775613670110698 -0.25293061282160845 1.8298296958339253
0.040814395993947983 0.75177362972487161 0.028293892004151517 0.018354029626031561 0.032988172173829405 0.77964355345107339 0.033820068927569391 -6.2517409616961823e-33 0 0.0012211387446386969 0.55276282748607664 0.2305859631268318 0.20935854836827206 0.2372538989842021 0.55661077944701387 0.23875195621483511 0.0036251298332353938 0.43167916120539668 0.84463126468949423 0.43287698828610727 0.52269120866405683 0.1801393880410144 0.001222013252572754 -0.52010080638272438 0.021764532310885779 0.24889793362307921 0.040814395993947983 0.036269248892499009 -0.51221854758715868 -8.2532224612858798 -0.010634857825493241 -0.1830432322636944 -8.2532224612858798 -0.19201845947262586 0.51641257356150516 0.22340050758413207 0.51278585752401151 0.2298922035918976 0.073071976428318128 0.69889946140645642 0.43409517272740905 -0.49861919527895371 -0.19824085841803415 -0.056161960017315507 -9.670525747764054e-08 5.5506306574494828e-08 5.5506306574483512e-08 -5.7754123422951732e-05 -3.2365051359317013e-05 -6.0750280827363248e-05 7.9710918079333931e-05 0.77964355345107339 0.55661077944701387 0.84463126468949423 -0.52010080638272438 1.3262553188514257 -8.2532226523274268
0.032583381980657578 0.61821241202801869 0.026310188100578717 0.021142086883986458 0.031046673262500289 0.64655467828069868 0.030417545545282865 -1.4457818998219959e-32 0 -0.00034917630198843256 0.6473027074613511 0.18851746125477231 0.18808625065065207 0.19531176307168818 0.65135511668062673 0.19432348918489534 0.0040523162810375216 0.36245176053067496 0.73738265817105875 0.36110421244886309 0.56980838642687826 0.158018746327312 -0.00034778681742530642 -0.83200859394848381 0.020238606231214394 0.20469262323497889 0.032583381980657578 0.03288154596962329 -0.82327751563000517 -14.446725159227142 -0.011167529474244795 -0.3131128826555471 -14.446725159227142 -0.31116382984024593 0.56355864858586713 0.22680795817403637 0.55985688518422805 0.23320119184087137 0.073607920357030246 0.54316434281430259 0.36241713721611751 -0.80141379927357292 -0.31795056191331744 0.012787345094949935 6.3439146588366296e-09 -1.5871650090370917e-08 -1.5871650090385201e-08 -4.7507058929486004e-05 -2.913281098725459e-05 -5.1536336871527441e-05 0.00011520804516851214 0.64655467828069868 0.65135511668062673 0.73738265817105875 -0.83200859394848392 2.2104281932462726 -14.449002354120456
0.018770737573504448 0.1594043237798852 0.014557968878642889 0.021923643915374706 0.019324864769016879 0.18800044342137578 0.018395295489075387 -8.293057734255725e-33 0 -0.00068674169409839881 0.24197299526729654 0.03618247334910836 0.035737856307370024 0.042985625304671628 0.24616558673078576 0.042349948912985727 0.0042788677552914869 0.14948961420902485 0.30202386917334162 0.14891868046738432 0.23822574150392584 0.0059983343076977858 -0.00068592066754110119 -0.4851002939768157 0.011198437598956066 0.052834420345685348 0.018770737573504448 0.020870268187702028 -0.47561335521690978 -8.1625649926705908 -0.011654437219086239 -0.18214522320316306 -8.1625649926705908 -0.17710469515725785 0.23726188585643732 0.16405554962731486 0.23352823682319845 0.17061979102511643 0.010186712087764602 0.15512357571278737 0.15028214514084026 -0.46298858109962882 -0.1843919780079909 0.03238198834582217 4.4670864131858115e-08 -3.1215531549919762e-08 -3.1215531549928054e-08 -1.2343746129943598e-05 -1.8324888059452288e-06 -2.0961708471775178e-05 6.3945787123127282e-05 0.18800044342137578 0.24616558673078565 0.30202386917334162 -0.4851002939768157 1.2237599876489642 -8.162565138330292
0.024317145347595215 0.17640576681326992 0.014585264378536014 0.021189510136363492 0.019371253813498666 0.20507363181840152 0.019750886204868392 -1.7857470622137679e-33 0 -0.00019358263071660837 0.091857349260278276 0.040998580884626157 0.039520593263500936 0.047789319810424218 0.096045501111561155 0.047951811124694578 0.0043631697930125671 0.083155993323163466 0.15952855436658397 0.083366876570840923 0.094814714287291713 0.010315334571405401 -0.00019321162751065305 -0.21083170304670931 0.011219434137335393 0.058461838504248187 0.024317145347595215 0.022233800146528489 -0.20098413257808764 -2.9320534747653908 -0.011871192578337627 -0.072951996878645384 -2.9320534747653908 -0.071336289427500588 0.095925835353384031 0.13771114901082435 0.092198683597962863 0.14461285310945457 -0.014931099283289175 0.042209175532173938 0.084749732485820822 -0.19565715343346063 -0.078856159315799465 0.010565858659557068 -4.4326493639719613e-08 -8.7992104871145303e-09 -8.7992104871197813e-09 -1.3651416610951207e-05 -3.826672407488051e-07 -1.1277617799697931e-05 2.7653688975708582e-05 0.20507363181840152 0.096045501111561155 0.15952855436658397 -0.21083170304670931 0.44064925046243475 -2.9320534747654157
0.04578675702214241 0.76607186696557528 0.030783655968493698 0.022167511052880295 0.035600913186921733 0.7950126870762495 0.036961727968482821 -2.95745846091855e-33 0 0.00088829081478617442 0.56962472702514522 0.23453354482525299 0.21402781317176078 0.24141263305415556 0.57385453677356124 0.24299922296173126 0.0045197157897385199 0.31547578780198121 0.60870305533797897 0.31690619889419158 0.53785060495745773 0.18434685506449988 0.00088892760793081275 -0.37207587857276619 0.023679735360379768 0.25363389024411576 0.04578675702214241 0.039456783204745292 -0.36196308460303944 -5.5029802967403993 -0.012010917251079988 -0.1268643043610034 -5.5029802967403993 -0.13309437670648031 0.53227238957982315 0.21812589867133292 0.52853290842110101 0.2252719752781959 0.065766364734255511 0.45813656695755645 0.31832459538355401 -0.35235891591419544 -0.14078201734367232 -0.038752037622486815 -1.346802939871752e-07 4.0376855217562108e-08 4.0376855217550812e-08 -5.8837915411039213e-05 -3.227392501190224e-05 -4.4027822684842142e-05 5.6550429307424976e-05 0.7950126870762495 0.57385453677356124 0.60870305533797897 -0.37207587857276619 0.8856087598759067 -5.5029802972381949
0.056360512971878052 1.1754072002234233 0.043801030536102042 0.025998725445825623 0.048673808494550955 1.2049843922470684 0.04923130136473497 -1.0319401070233999e-32 0 0.00011556186581950715 0.90730741158781614 0.3713306164445988 0.36423163228902999 0.37835369949179976 0.91184005101682319 0.3781820927024806 0.0048844432075940579 0.37836464063911879 0.75871465096655732 0.37779353981312347 0.77278522766911795 0.33353274080190271 0.00011678760404679848 -0.72925699613920436 0.033693100412386198 0.38912025757303853 0.056360512971878052 0.051745745385481379 -0.71848165734266489 -12.258054622065538 -0.012411977842883466 -0.26855136559475906 -12.258054622065538 -0.26981845652503528 0.76416288751433115 0.25834279872607174 0.76034503433758382 0.26551289125064026 0.10305683268717072 0.54746782477355183 0.37929321551149181 -0.69940495327562258 -0.27794224883860025 -0.0075295471460959844 -9.8186544391425616e-08 5.2528120827100314e-09 5.2528120826965632e-09 -9.0191800102563675e-05 -5.6922015236567841e-05 -5.3488399814695362e-05 0.0001029288779524222 1.2049843922470684 0.91184005101682319 0.75871465096655732 -0.72925699613920436 1.8939290818076939 -12.258193940574557
0.045435331761837006 0.91380513294226762 0.03909366435090874 0.029994510504169781 0.044029216890037144 0.94408098107140748 0.043179367213646742 -9.7138360191250003e-33 0 -0.00037157609386740434 0.76395957401900561 0.28468317564116685 0.27752830978733406 0.29179672959330472 0.76889765846776459 0.29126397206334398 0.0051977190515113967 0.2754113900598445 0.55295583170132023 0.27482442291189141 0.66896840761645404 0.24635572195138825 -0.0003704743294321713 -0.65262018207869377 0.030072049500699031 0.30253600905122868 0.045435331761837006 0.045714866518378645 -0.64104450026725612 -10.973550066774539 -0.012916775713354513 -0.24217790819215984 -10.973550066774539 -0.23962954199661599 0.66230699045357999 0.23782016773118736 0.65841381685854838 0.24510966986229657 0.079832409249528141 0.34932086515834598 0.27639399001277393 -0.62402638667435606 -0.24828193216786582 0.016688471182098482 5.9475480115174052e-09 -1.6889822448508767e-08 -1.6889822448521568e-08 -7.0127430030917656e-05 -4.2336779336256624e-05 -3.8794267229147293e-05 8.92390966209046e-05 0.94408098107140748 0.7688976584677647 0.55295583170132034 -0.65262018207869377 1.67203779027294 -10.973571326416593
0.034220565110445023 0.47700398201104988 0.028359632757012008 0.031554990503840648 0.03334437566149525 0.50771844270801358 0.032553536825934933 -5.6148309231918671e-33 0 -0.00040297841226490333 0.5072171377567305 0.13973683969048897 0.13390990848694567 0.14691067109153585 0.51238069913536965 0.14648490204591799 0.0053938773003387539 0.16012878487295695 0.31901166439208667 0.15980648912954179 0.47313866839361501 0.10256997477569518 -0.00040224681340468918 -0.42654720236495197 0.021815102120778466 0.15796242732250657 0.034220565110445023 0.035105833978688147 -0.41436735352916293 -6.7940710127896793 -0.013291705840547162 -0.15512376077005727 -6.7940710127896793 -0.1521686586508211 0.46954348559592718 0.20223211798769195 0.46560261047337981 0.20979535094186449 0.042942203856979791 0.14058414034379041 0.16142022359514516 -0.40337315696790771 -0.16121619054490605 0.01912367098225632 1.8835507834955325e-08 -1.8317200557486386e-08 -1.83172005574989e-08 -3.6647896139319519e-05 -1.8448586523212976e-05 -2.2269531421208521e-05 5.6856269418770712e-05 0.50771844270801358 0.51238069913536965 0.31901166439208667 -0.42654720236495192 1.0264197936227151 -6.7940710202551475
0.044249258935451508 0.61127918912823398 0.032131815002713955 0.031950344955181578 0.037158272689009786 0.64230086117555252 0.03778893884801629 -2.1752476031800656e-33 0 0.00017064449205711775 0.53581665314310567 0.18293615926345422 0.17065208469188989 0.19017247648238841 0.54108952199790417 0.19078849694964939 0.0055277214310829161 0.18682094605140689 0.36046175698795013 0.18745073908194784 0.50344935213018394 0.13912414012307894 0.00017119343069047741 -0.31486284657090841 0.024716780771318426 0.202406619801967 0.044249258935451508 0.04035626155388073 -0.30230414643778075 -4.5245820094473652 -0.013510274635812327 -0.10786736032167921 -4.5245820094473634 -0.10889331418600968 0.49932428825954439 0.20890882464995042 0.49535403927789612 0.21681766557245311 0.049220164144467761 0.19271266424277733 0.1890950732537405 -0.29428809995273775 -0.11818306216094097 -0.0059911177409856112 -8.282973152278557e-08 7.7565678207851851e-09 7.7565678207753251e-09 -4.693868281749212e-05 -2.4271963835611104e-05 -2.5795079133463416e-05 4.412325504273503e-05 0.64230086117555252 0.54108952199790417 0.36046175698795008 -0.31486284657090841 0.70228141741274241 -4.5245820094684941
0.065411955118179321 1.206966558477049 0.049295948121391167 0.034369399982756989 0.054380468057581795 1.2385470757724739 0.055671038575235705 -4.3356392608409403e-33 0 0.00045038043031193307 0.87600642691008002 0.37958233923448936 0.36518971521826843 0.38693439334467106 0.88153263302032869 0.38769008358579427 0.0057566207895545542 0.31220384678058111 0.61213039607604114 0.31272639119027329 0.76327378327117457 0.33294810531647623 0.00045122272633859391 -0.49261338627440543 0.037919960093377815 0.39957261109812436 0.065411955118179321 0.058258773770127226 -0.47962064167072094 -7.6534766344457603 -0.013757105794507748 -0.17355542259317652 -7.6534766344457585 -0.17684465516376313 0.75534334089438881 0.25661436731447484 0.75131712627983971 0.26475998579333965 0.09522144981994464 0.41132114611767889 0.31442235726668311 -0.46689348896852584 -0.18641359151517733 -0.020254602276675238 -1.5219534783090023e-07 2.0471837741461422e-08 2.0471837741446466e-08 -9.2581060815041439e-05 -5.6145454993596238e-05 -4.3659173095904841e-05 7.0882051616307179e-05 1.2385470757724739 0.88153263302032869 0.61213039607604125 -0.49261338627440543 1.1980525424562802 -7.6534766887257888
0.070827357470989227 1.4590298422091637 0.058651184369508003 0.039124994012270674 0.063816068944663559 1.4914840021598548 0.064004793040360969 -7.8169813106179176e-33 0 -9.132023602772165e-07 1.0355161404832678 0.46340691723215216 0.45422779974355626 0.47088874561951083 1.0415353961236484 0.47070324893123971 0.0060782780670876725 0.33046731840740351 0.6598142145923287 0.33005886186650257 0.87075975483827317 0.42114403937841627 2.0768487437197099e-07 -0.66102181735854737 0.045116295668852301 0.48300495982198199 0.070827357470989227 0.066619467988100464 -0.64735990189607873 -10.846000802097278 -0.014161642259976161 -0.2407288164977836 -10.846000802097281 -0.24098878609251834 0.86154663085495564 0.27564959481972684 0.85743284492899019 0.2839448406386445 0.11103831401813501 0.4292614524365358 0.33182684476147495 -0.63017641180659767 -0.25099544364465104 -0.001135892736941475 -8.9529563465724732e-08 -4.1509198181823834e-11 -4.1509198199801725e-11 -0.00011187916757087012 -7.0200001060815307e-05 -4.6477499925679666e-05 9.2223558817183012e-05 1.4914840021598548 1.0415353961236482 0.65981421459232859 -0.66102181735854726 1.6702334585694343 -10.846018249354707
0.05654158815741539 1.0570488420297668 0.050204910621593261 0.043113864739927441 0.05545128670735832 1.0903328667721337 0.054380910901771273 -6.8939742020274109e-33 0 -0.00040292899337310192 0.83528628165192176 0.33036418269466916 0.3235578499933085 0.33794217433296198 0.84179666961690103 0.33725878078003124 0.006347770972903297 0.22722515262608595 0.45600693597440084 0.22659106045655528 0.72209072811721697 0.28997709480871836 -0.00040196591538563579 -0.56395207433034167 0.038619162016610198 0.34995770776325547 0.05654158815741539 0.057022351419729486 -0.54958601545694141 -9.1564580221678469 -0.014595705261645397 -0.20581400917557116 -9.1564580221678469 -0.20303475893718867 0.71535239398882533 0.24876361923474927 0.71115939028218422 0.25729368656943108 0.08139678834918683 0.23639935806690274 0.22841954737229217 -0.53500137603534703 -0.21350208191735784 0.018025611870177004 1.0229005581144693e-08 -1.8314954244223488e-08 -1.8314954244238424e-08 -8.1057929227298914e-05 -4.8730611788285209e-05 -3.179856586510109e-05 7.6107566976523926e-05 1.0903328667721337 0.84179666961690092 0.45600693597440078 -0.56395207433034167 1.3910670851492415 -9.1564590209679295
0.047299183905124664 0.64336897704335061 0.039884229129280198 0.044331784973831521 0.045195692034160156 0.67718021838359721 0.044543755829212987 -2.7675115555805073e-33 0 -0.00027403237946439871 0.58772537558447346 0.19268096882855665 0.18449505728432275 0.20032288529878664 0.59451483111634218 0.20009052208247449 0.0065030833956099404 0.14014678680939652 0.27472979164789235 0.14008477599094718 0.54000054529811625 0.15074369437944887 -0.00027342351061402184 -0.34774825506689938 0.030680176253292446 0.21303724396421991 0.047299183905124664 0.047206992003683446 -0.33288595092509771 -5.1145611739539785 -0.014891409371351262 -0.12156006933369368 -5.1145611739539785 -0.11946948005136887 0.53596832613315071 0.21721300145026251 0.53172743948583623 0.2261185210017107 0.048651679862184688 0.084194995383535587 0.14194869991746481 -0.32405998389587876 -0.13025619406193722 0.013616315228978021 -1.9615298179022658e-09 -1.2456017248374253e-08 -1.2456017248384606e-08 -4.9353018571407453e-05 -2.5861774613253412e-05 -1.9215502578793742e-05 4.6034194254855989e-05 0.67718021838359721 0.59451483111634218 0.27472979164789235 -0.34774825506689938 0.77346620459037518 -5.1145611740516506
0.059845644980669022 0.86133354034123488 0.04589117438898295 0.044762484078996446 0.051262703605252424 0.89558331423989557 0.052056667987574905 -7.4688490145693837e-34 0 0.00027871708516525294 0.67805938917236441 0.26362964202711425 0.24990064927895203 0.27135169421200772 0.68503427373071346 0.27203125475119699 0.0066361194656309585 0.19985544141908265 0.38469216196032452 0.20054077356774774 0.61640000297458064 0.21581944294945588 0.00027926535319583294 -0.31037587056175547 0.035300903376140717 0.28518188043465842 0.059845644980669015 0.054740733460032734 -0.29518375391904284 -4.2174876469633986 -0.015068905854943741 -0.10296996541528966 -4.2174876469633977 -0.10481148011706476 0.61108753099336965 0.23317497967052664 0.60680876209581924 0.24247509620759683 0.063899140095544829 0.19676337133540078 0.20243537715497767 -0.28735997100336574 -0.11580459185352754 -0.01118352215273833 -1.0861513873694545e-07 1.2668958416609749e-08 1.2668958416598837e-08 -6.6058372097004084e-05 -3.6565802451047308e-05 -2.7500929995496802e-05 4.3751872149649113e-05 0.89558331423989557 0.68503427373071346 0.38469216196032452 -0.31037587056175547 0.66021479906270109 -4.2174876469719429
0.078078165650367737 1.4023144271791634 0.061699190478656907 0.047365821321227103 0.067148441501690276 1.437273568908229 0.068243507046044538 -3.6160615067157997e-33 0 0.00036990846172695963 0.9776108799305242 0.44238296181756165 0.4290982123806969 0.45022820666673363 0.98494258582705341 0.45075357812721439 0.0068747682971770242 0.30754105598600007 0.60424164834089977 0.3078553866505952 0.83629501880287416 0.39426493847232935 0.00037077996194564403 -0.50627683844290405 0.047460915752812999 0.46424130850562745 0.078078165650367737 0.070954078283416475 -0.49063864164109516 -7.7433690954698928 -0.015317510870537076 -0.17696344966723018 -7.7433690954698911 -0.17973200883525239 0.82776551163472611 0.27416345320217994 0.82342033733479936 0.28373646630822696 0.10277064726871661 0.38392644313368229 0.30980398650226765 -0.477621793751563 -0.19100983069619337 -0.017017460744194659 -1.5157632695641468e-07 1.681402098759881e-08 1.681402098758306e-08 -0.00010750856314141905 -6.562395726192254e-05 -4.2914945117370734e-05 7.2041346203885936e-05 1.437273568908229 0.98494258582705319 0.60424164834089988 -0.50627683844290405 1.2086489414227628 -7.743369160453156
0.076824761927127838 1.4620323782120148 0.065659518019248853 0.051624264812700826 0.071203692441796959 1.4979336900836766 0.070976295786530585 -6.4060104306345067e-33 0 -0.0001060564508561883 1.0328913806582234 0.46248753701635309 0.45405886377362714 0.47045730565967586 1.040765729602074 0.47007112743931856 0.0071764617201174842 0.29652258878703963 0.59210782233116521 0.29601245029649659 0.86840335213474407 0.41847141736954219 -0.00010499424240386689 -0.62125910568291676 0.050507321553268342 0.48401028828741399 0.076824761927127838 0.07371823902811761 -0.60496911265419662 -9.9676658444859765 -0.015706025473483695 -0.22386895893747435 -9.9676658444859729 -0.22335376933032214 0.8596530351291447 0.28022276063478752 0.85521970233203692 0.29001352281982379 0.10567880694128784 0.35283656048212075 0.29802888241492331 -0.58891506609155209 -0.23505493481962689 0.0037048815475671675 -6.6096231893841195e-08 -4.8207477661802107e-09 -4.8207477661957799e-09 -0.00011206950896887892 -6.9350165288457636e-05 -4.1534885399746988e-05 8.5655826048619093e-05 1.4979336900836766 1.040765729602074 0.59210782233116532 -0.62125910568291676 1.5302250713087076 -9.9676700244602081
0.059057466685771942 0.93077955458294259 0.05300006898651561 0.054240510749010491 0.058632526640900726 0.96746534999248746 0.057383003601625578 -4.715633622351409e-33 0 -0.00043327758009898424 0.76140723789003228 0.28654080882238253 0.28023507763768057 0.29459687878040253 0.76973689587302896 0.29386321847192393 0.0074035547751899865 0.18201998873527048 0.36404676489243104 0.1814281458368788 0.66775834103383225 0.24428314076971444 -0.00043244615606202383 -0.47992331057907761 0.040769283835781239 0.30817571522642817 0.059057466685771935 0.060153839051878474 -0.46300712858539461 -7.4464748204306437 -0.016083018173500708 -0.17150287340540354 -7.4464748204306446 -0.1684546937177 0.66214305996388945 0.24471918770961945 0.65763908826740347 0.25483165835444771 0.067923161551326952 0.14495126816813242 0.18349596882407193 -0.45072598797725516 -0.18056121374455875 0.019647628210401811 2.3327071619282468e-08 -1.9694435459036271e-08 -1.9694435459050198e-08 -7.1348712169167329e-05 -4.0990507798106107e-05 -2.521652022682719e-05 6.367345546876909e-05 0.96746534999248746 0.76973689587302896 0.36404676489243104 -0.47992331057907761 1.1262945631681276 -7.446474853022913
0.051461722701787949 0.55591784029836289 0.042856492087036492 0.05395486833883293 0.048557666415129805 0.59305423042495342 0.048065947410954171 -5.1751690011191801e-34 0 -0.00020522168016977305 0.52028526257303342 0.16159849534638193 0.15354519223511642 0.16970994719036533 0.52883182355572389 0.16958218406151307 0.0075189521078155479 0.11090521511222684 0.21350201574109171 0.11098319613170986 0.48781475189000362 0.11754018980894358 -0.00020473757302445712 -0.26806629694035977 0.032966532374643448 0.18410323624086186 0.051461722701787949 0.050859887373067784 -0.25075558147630578 -3.4578195553611248 -0.016304471856944596 -0.088289878588006646 -3.4578195553611248 -0.086655963052158697 0.48475661013248983 0.21422314537952813 0.48021581678447128 0.22478602247699175 0.036839482017276076 0.0258055591110678 0.11307790248706585 -0.2441147802504984 -0.099010591441164572 0.010659295915115453 -1.2805006994049567e-08 -9.3282581895291099e-09 -9.3282581895375967e-09 -4.2626426045848335e-05 -2.0079418179053209e-05 -1.4885578498613857e-05 3.4781254291973679e-05 0.59305423042495342 0.52883182355572389 0.21350201574109168 -0.26806629694035977 0.52146610381106484 -3.4578195553614197
0.064920052886009216 0.83613683717432052 0.049929328103427303 0.053353340890061163 0.055695750802182462 0.87367776885421666 0.05658768467410235 5.5484987374348443e-34 0 0.00036112543467083249 0.65434546640814284 0.25321969208598011 0.23948099965273609 0.26141176052646381 0.66304048924626358 0.26214633645430491 0.0076370999546046857 0.19579727183169646 0.37485472126929226 0.1965380421861127 0.59873173418142489 0.20317253574688485 0.0003616275439182248 -0.27860289261577048 0.038407175464174839 0.27685308518254431 0.064920052886009216 0.059404257003062948 -0.26102941841083088 -3.4393823817432558 -0.016430121809734407 -0.088027254082487155 -3.4393823817432549 -0.09048066012813244 0.59381726469132279 0.23672250793244914 0.58924470182790789 0.2477195673422333 0.058974143098951236 0.18516551310505577 0.19866038288211871 -0.25411590868418643 -0.10299394898886671 -0.015108069892882364 -1.1735735921162543e-07 1.6414792485047225e-08 1.6414792485035836e-08 -6.4108195379697979e-05 -3.4336371035734829e-05 -2.6783955352078779e-05 3.939157783563181e-05 0.87367776885421666 0.66304048924626358 0.37485472126929226 -0.27860289261577048 0.54439615525428997 -3.439382381743775
0.078398041427135468 1.2840598664235077 0.062717505560886122 0.054991242260066749 0.068565960447018473 1.3222744525954657 0.069388329538374038 -3.0821728991094329e-33 0 0.00030468345156924314 0.9182610804159298 0.40145884674119786 0.38996403274317226 0.4097717269500401 0.92728049905083132 0.41008672805635432 0.007871332785209165 0.29080083478755964 0.57197361430959603 0.29093463021394517 0.79043855768644145 0.35295819539299789 0.00030553662946799885 -0.49146633838766712 0.048244235046835469 0.42511153896346454 0.078398041427135468 0.07223281633583338 -0.4734683975204555 -7.3282878927019972 -0.016658515099400095 -0.1695942430688358 -7.3282878927019963 -0.17194432195575607 0.78271479029289281 0.2725413130246423 0.7780796913984952 0.28383653529387437 0.09291040954168428 0.35004590577985428 0.29311019501387597 -0.4609104954611668 -0.18472537487001034 -0.014451872718748532 -1.3117500194260231e-07 1.3849247798610495e-08 1.3849247798596389e-08 -9.8431917667488771e-05 -5.8836489083022729e-05 -4.045610078917397e-05 6.9273906463106195e-05 1.3222744525954657 0.92728049905083132 0.57197361430959592 -0.49146633838766712 1.142206174454178 -7.3282879197075896
0.070082820951938629 1.1485921676062267 0.06054461560322074 0.057570568528323367 0.06648527016361927 1.1876153977071893 0.065858527459792954 -5.2863179427618479e-33 0 -0.00021171858391132007 0.872606790946866 0.35702436966410689 0.35045652794001853 0.36544649265328727 0.88207283695081029 0.36486730219301716 0.0081413290256897811 0.24960448714047043 0.49859759998260839 0.24899194804851954 0.74934595670675053 0.31287834389966507 -0.00021075807496883278 -0.55580871889410199 0.046572781233246721 0.38027634450567127 0.070082820951938629 0.068733568427571293 -0.53720609539392283 -8.6429320436168169 -0.017011600005418088 -0.19743806233284833 -8.6429320436168187 -0.19614198463890775 0.74243461654741161 0.26540552983897225 0.73772393506577028 0.27697198081167618 0.083279352641133023 0.26817556788058722 0.25122855210674799 -0.52295527134571496 -0.20931221422633978 0.0085534440931129586 -2.8707500518459947e-08 -9.6235719959586916e-09 -9.6235719959751227e-09 -8.8042883585491335e-05 -5.2220002553758615e-05 -3.4759259599937315e-05 7.547344035179729e-05 1.1876153977071893 0.88207283695081029 0.49859759998260827 -0.55580871889410199 1.32151229486107 -8.6429324255815843
0.049686335027217865 0.52785658272555613 0.044177541332684651 0.057829634599621121 0.050195837769909074 0.56742911066840174 0.048858298829142034 -2.6958951493248087e-33 0 -0.00047492144373059958 0.53178857723452277 0.15144996391875079 0.14728657350344634 0.15993428917440947 0.54154212727494511 0.15915823412391711 0.008311716736805046 0.11989961963535535 0.23850771896804607 0.11934176629520668 0.49195238618249276 0.10961074040199567 -0.00047427285363756908 -0.36529248502289946 0.033982724102065112 0.17482341243955471 0.049686335027217865 0.051759091121778095 -0.34617290433865333 -5.2059420522713751 -0.017311361955706518 -0.12584079784570931 -5.2059420522713751 -0.12243689974313175 0.48890784479319871 0.21983963658627217 0.48414853810687064 0.23180210432539744 0.036564995287487662 0.03831302127926621 0.12161746853931979 -0.33699875685885206 -0.13593637317859339 0.021785461914072751 4.410119350127669e-08 -2.1587338351383729e-08 -2.1587338351393834e-08 -4.0475649757585072e-05 -1.8917535249386065e-05 -1.6243513520103739e-05 4.6870268940045178e-05 0.56742911066840174 0.54154212727494511 0.23850771896804607 -0.36529248502289946 0.77935961366721385 -5.2059420523893465
0.04410146176815033 0.22545506572991092 0.03471897346147839 0.055348688660286832 0.040793113648329674 0.26523808154105288 0.040510983831698516 2.3537967128698131e-33 0 -0.00031209558989457728 0.223371912120087 0.050768225352546117 0.049296880038677909 0.059261744978818261 0.23318951209520927 0.058979173096365578 0.0083548637778375363 0.019659258962392085 0.031738854641700794 0.019611497472252073 0.2244915248660195 0.012050937621833338 -0.00031185850025493652 -0.1146306740316318 0.026706902662675679 0.074733396568861202 0.04410146176815033 0.043431192410835213 -0.095268693349106245 -0.53634921231021149 -0.017426539542126768 -0.028280729849247361 -0.5363492123102106 -0.025860504157791345 0.22517997608126841 0.1735620986064092 0.22041334569591353 0.18605652965033864 -0.0088507839090107635 -0.12731396608675266 0.021898347667812654 -0.092761765094662441 -0.03950308888834423 0.015431672925193551 -1.4261050155642799e-08 -1.4186163177022664e-08 -1.4186163177028554e-08 -1.7316616595032209e-05 -1.0566739264835386e-06 -1.8123695853056068e-06 1.2116825950921908e-05 0.26523808154105288 0.23318951209520927 0.031738854641700794 -0.1146306740316318 0.067106684529076754 -0.53634921231021115
0.057640630751848221 0.56277555339455831 0.042412504896240988 0.053159156195142721 0.048540698478014975 0.60277571599357027 0.049497140171888825 3.2147735559672842e-33 0 0.00056963512834049934 0.42084407062301349 0.16095838393580478 0.14695084811195649 0.16950509140899928 0.43067158401171662 0.17053589591490859 0.0084041527484425092 0.16007197094609818 0.2982386220744816 0.16116606795105054 0.40921349820884839 0.10969026185070087 0.00056992439812708694 -0.14623481399002056 0.032625003766339214 0.18638237669240659 0.057640630751848221 0.052436785331164332 -0.12679316355588316 -0.81317449221136295 -0.017423911059223942 -0.034068449249767062 -0.81317449221136218 -0.037954537905708643 0.4067828525239075 0.20960114232161509 0.40201644419718779 0.22259410132799484 0.028368495212368866 0.13747583863202137 0.16346561122987513 -0.12344863436818421 -0.051630025187893037 -0.024255649653481561 -1.1072011533370103e-07 2.5892505833662512e-08 2.5892505833654671e-08 -4.318166784537072e-05 -1.8315155236506555e-05 -2.1500158366070865e-05 2.1499199338669312e-05 0.60277571599357027 0.43067158401171662 0.2982386220744816 -0.14623481399002056 0.14939483159704139 -0.81317449221136173
0.065706521272659302 0.90520405035637441 0.051530810370070915 0.053254985533279182 0.057728021002938064 0.94568068644357917 0.058255614123187888 -2.8422289525310632e-33 0 0.00034271117273592603 0.72098683803044405 0.27482694810512415 0.26544884827053139 0.28349157646487172 0.73097979021398829 0.28365656763741504 0.0086246436339845588 0.27580411247644226 0.54291804098402696 0.27579551868606239 0.64152420704928037 0.22753307522642657 0.00034350473910032278 -0.45243094838589565 0.039639084900054543 0.29972293474547651 0.065706521272659302 0.061219281354446251 -0.43265504541082611 -6.4756537771686489 -0.01758493226027413 -0.15266692412084085 -6.4756537771686489 -0.15538540969732792 0.63566511276424464 0.2520824654537186 0.63085379445433387 0.26536773638115818 0.0697912345793716 0.33868285396082748 0.27814543978939377 -0.42118360178712683 -0.16926589405916795 -0.016911485523702776 -9.5473189749218557e-08 1.5577780578914768e-08 1.5577780578901698e-08 -6.9427638215496237e-05 -3.8808703901691992e-05 -3.8262085953286806e-05 6.3708051995716049e-05 0.94568068644357917 0.73097979021398829 0.54291804098402696 -0.45243094838589565 1.0134533212737373 -6.4756537812794415
0.051261823624372482 0.60345640291545133 0.04371285960182527 0.0536497260220292 0.049981944678100701 0.64444957607922493 0.049034459996024279 -4.9229243904827833e-33 0 -0.00032347134731327735 0.584981323906268 0.17556507944530936 0.17223859238226027 0.18431393685628764 0.5952153346113338 0.18354463645756636 0.0088632564984615966 0.19939402781455023 0.39914154728868456 0.19864722845865804 0.53070122184806301 0.1340115900110054 -0.00032262109825100047 -0.48605536685397088 0.033625276616788671 0.19985039929481313 0.051261823624372482 0.052022505697745774 -0.46573201302640743 -7.2865934324730803 -0.017896594406290781 -0.16993431198045139 -7.2865934324730794 -0.16782702030441332 0.52667753261949724 0.23154969582882742 0.52181292964093207 0.24511900649801302 0.047813025001339472 0.19538402903456856 0.20105141065303303 -0.45338228381951351 -0.18205629608411525 0.013579546904214318 1.6184724965383663e-08 -1.4703243059685899e-08 -1.470324305969808e-08 -4.6305276676075088e-05 -2.3430228566085086e-05 -2.7552314756862982e-05 6.4719912002740256e-05 0.64444957607922493 0.5952153346113338 0.39914154728868456 -0.48605536685397088 1.1077583118278893 -7.2865934556544767
0.030118608847260475 -0.043257032817354567 0.025208072995952149 0.051334977540865044 0.031528125666925394 -0.0020777469996300342 0.030233108991419753 3.2480873014514564e-34 0 -0.00088828538438899996 0.017106201256604919 -0.037969973790695138 -0.028412424385424073 -0.029245276980304828 0.027422577159282063 -0.030584297526433945 0.0089363861081035896 -0.044040042144060605 -0.083646764005645122 -0.04510626830878392 0.026293195455223926 -0.065869365481339745 -0.00088798168325214695 -0.15306008772791208 0.019390825381501643 -0.014202101027583337 0.030118608847260475 0.033238906428818465 -0.13236706892525774 -1.3460919082200085 -0.018097315243082977 -0.045874683231474367 -1.346091908220008 -0.039480489914089617 0.029714634717058472 0.14065246357536404 0.024843915034028052 0.1546993421606643 -0.042204162419072599 -0.23165940979089561 -0.042684331338464394 -0.12887583691607504 -0.053937788161737159 0.040381635404893687 6.6389310245911491e-08 -4.0376608381316874e-08 -4.037660838131927e-08 3.2415519056426798e-06 1.2960139849210962e-05 7.058467981011839e-06 1.4205033702745602e-05 -0.0020777469996300342 0.027422577159282063 -0.083646764005645122 -0.15306008772791208 0.16676852818113924 -1.3460919082200082
0.027615606784820557 -0.22783774234397922 0.017702553565599598 0.046761141661620827 0.024051807026871787 -0.18677854769506116 0.02404594534819484 9.6143790132515958e-33 0 -0.00054387885074681439 -0.4869222253833389 -0.099702500643415418 -0.085730655938055039 -0.091110508049190894 -0.47669232447010795 -0.091604008886961533 0.0087823663461388968 -0.21212466035155064 -0.43125442440560496 -0.2122486535798277 -0.45035349123973051 -0.12135142991947072 -0.00054429925922123545 0.2871771343365086 0.013617348896615073 -0.075296240292766589 0.027615606784820557 0.027063278856581385 0.30774896763205301 6.8367993006183827 -0.01796932545629757 0.12541034763026673 6.8367993006183845 0.12964573050414679 -0.44041086215635578 0.056695040738276151 -0.44521209634433073 0.071448433942999143 -0.12162975537243022 -0.50294390470441164 -0.20985889113432812 0.29954573722202599 0.11529262113650614 0.026497861467443786 -1.1751658047640179e-08 -2.4721765943035135e-08 -2.4721765943036435e-08 1.7362453752340607e-05 2.7515820314108423e-05 3.1254747885649436e-05 -4.6439300049619632e-05 -0.18677854769506116 -0.47669232447010795 -0.43125442440560491 0.2871771343365086 -1.0786182016198818 6.8367993103065317
0.041201673448085785 0.17242078781109918 0.026304074994359907 0.043208100078149354 0.032683584110771421 0.21343578930073839 0.033694584038927076 1.1271542840593204e-32 0 0.00064583174478039895 -0.31909772234785649 0.031353649994887316 0.03034024589389344 0.039867869726755586 -0.30898178542233412 0.040912632124033954 0.0086220583851848043 -0.04332574707952757 -0.11075754048710977 -0.042075531686037525 -0.29618128545434019 -0.0040173565348190421 0.00064541636748851174 0.28349352541074024 0.020233903841815306 0.057183435425515003 0.041201673448085785 0.036724282319486906 0.30365211387903052 7.1451959545477921 -0.017632653051223423 0.13219064225681118 7.1451959545477939 0.12783274534512004 -0.28928888335779213 0.087309742558638381 -0.29400081777247739 0.10271769843176724 -0.085629082060775741 -0.17200738348438266 -0.039719099732497432 0.29555828593720973 0.11378107239809442 -0.02770001675572175 -9.5263641034015156e-08 2.9355988399105372e-08 2.9355988399108717e-08 -1.3331257290458089e-05 7.4741651188216298e-06 7.5650562242287855e-06 -3.9255904789839442e-05 0.21343578930073839 -0.30898178542233412 -0.11075754048710977 0.28349352541074024 -1.0718796722972947 7.1451959709949335
0.044303677976131439 0.41651795109083778 0.032069417753728374 0.041976638482600137 0.03849259086404986 0.45773957587860503 0.038746525246111954 1.6990602238131383e-33 0 0.00089677516818594569 0.18559386552135623 0.11226141400348059 0.10245560446209408 0.12083950970490122 0.19567471633736933 0.12161937593175569 0.0087134609975409866 0.22479077018308757 0.43173245084160899 0.22550665873922512 0.18416384662987192 0.06793795319672527 0.00089714366776067703 -0.19339140111225692 0.024668782887483365 0.13797676826480593 0.044303677976131439 0.041792553355649568 -0.17331870267449428 -1.5211658419638514 -0.017504497494643667 -0.048956247913002696 -1.5211658419638514 -0.055607838848965897 0.18366665819117772 0.17405572776201328 0.17898241622699285 0.18979129716012269 0.0033960222494383431 0.3099030379355841 0.22788521667759537 -0.16873844205893723 -0.069579902186658618 -0.041983816987762337 -5.3428183414508545e-08 4.0762507644821861e-08 4.0762507644814767e-08 -3.2046588132748758e-05 -1.0335446167868481e-05 -3.0774439581827949e-05 2.9925369448771559e-05 0.45773957587860503 0.19567471633736933 0.43173245084160899 -0.19339140111225692 0.27607624975395756 -1.5211658419638514
0.025752421468496323 -0.0012417113039554187 0.020132748048284691 0.040516945016276749 0.02659635266562585 0.040148122052556447 0.025447492416296132 -4.4111557360856249e-33 0 -0.00040599422268129313 0.063281833219380232 -0.024165467054679368 -0.016730613444135026 -0.015553363542754836 0.07337086467449655 -0.016720285245719717 0.0089180400276577497 0.13370640229008751 0.27328923449099835 0.13250245231199317 0.067199520050346295 -0.051106542936832852 -0.00040531392966397468 -0.38244205369997702 0.015486729267911302 -0.00029532018468205823 0.025752421468496323 0.028508326002713531 -0.36199442565965401 -5.4099577369274794 -0.017695049385814347 -0.13048381054044639 -5.4099577369274794 -0.12796360306131732 0.068684507889066854 0.14989930363959553 0.063992474146879447 0.16583731230483911 -0.020218628637907521 0.13651908947176358 0.13492779328618221 -0.35240113957713942 -0.14216769663396431 0.015901235620743231 5.8636266685468191e-08 -1.8454282849143629e-08 -1.8454282849149995e-08 -4.087858194198908e-08 8.8858487331281902e-06 -1.8302124490512556e-05 4.9509648505408604e-05 0.040148122052556447 0.07337086467449655 0.27328923449099835 -0.38244205369997702 0.81663993076335473 -5.4099577371501519
0.0064112218096852303 -0.60058012858316456 0.0018010759094502806 0.036263253903371151 0.0082807662453040793 -0.55938245144052079 0.0071714479264817482 3.4130968619294077e-33 0 -0.0011378284767034395 -0.66632334608575794 -0.22191649637889832 -0.19873621724838594 -0.21345037388010449 -0.65634231833127465 -0.21498366419093023 0.0088820020418728662 -0.19382652844933093 -0.38097756797741039 -0.19506280484333391 -0.607716752472932 -0.23118532476834563 -0.0011379049628314369 0.078134701300769896 0.0013854430072694421 -0.19866866935615474 0.0064112218096852303 0.010239537181787609 0.098767134457673017 2.7913882229964653 -0.017774848300355965 0.040983791820227281 2.7913882229964653 0.049263632210582824 -0.59630882818068143 0.026113006457283761 -0.60094144115965786 0.042529441073946989 -0.1401607685925863 -0.43578344308221978 -0.19264379300975695 0.0961169979847286 0.034956469149124328 0.052061370471293146 8.1453518555369098e-08 -5.1719476213796636e-08 -5.1719476213792467e-08 4.586777809955921e-05 4.4886424913049282e-05 2.8352548006877224e-05 -2.0036376957229523e-05 -0.55938245144052079 -0.65634231833127465 -0.38097756797741039 0.078134701300769896 -0.48163073085398378 2.7913882229965541
0.008393765427172184 -0.62401253313834515 -0.0020879680754336449 0.030498001173011054 0.0043891534652979554 -0.58324083034705265 0.004718925038757189 1.1248212824498474e-32 0 0.00026802054313098084 -0.81245076167410069 -0.23167502517633776 -0.22808273448253413 -0.22335918613644076 -0.8028042482330443 -0.22251603861783048 0.008657981006809182 -0.15001576345983036 -0.32358572884109421 -0.14879656395702284 -0.688962518159842 -0.2585930012844822 0.0002674201735363836 0.39620584872320624 -0.0016061292887951174 -0.20642604977932194 0.008393765427172184 0.0077890829113927071 0.41646565000260155 9.0695222183613406 -0.017475105993057356 0.1725955990557439 9.0695222183613353 0.1711908431852335 -0.67708131288393114 0.012627306365935205 -0.68158856363069154 0.029690780545357478 -0.14665510889942107 -0.32407685323458901 -0.14642498818701544 0.40537420306831146 0.15715762196361524 -0.009021685363237511 -1.2865585442112037e-08 1.2182751960496416e-08 1.2182751960498815e-08 4.7634948174025858e-05 4.932867718056315e-05 2.2757866978890341e-05 -5.738094158716659e-05 -0.58324083034705265 -0.8028042482330443 -0.32358572884109421 0.39620584872320624 -1.3866938309093146 9.0695230717022781
0.022429803386330605 -0.15604906183155828 0.0080843024061650424 0.026525077579698225 0.014564435440283876 -0.11554342903505987 0.015622261324356269 6.7007367961441172e-33 0 0.0005222312462823366 -0.49870650652392018 -0.076232509357634232 -0.069032370459215397 -0.067979514445387787 -0.48934612534458771 -0.067481715920989949 0.0085941383400533929 0.0120229616307339 0.0098751623175006818 0.01245938014065249 -0.45797088143245246 -0.098496328108228864 0.00052206912528718417 0.12915619048540289 0.0062186941585884916 -0.051537760213916546 0.022429803386330605 0.018696601707589702 0.14908246209234816 4.248189294098367 -0.017185953442322391 0.072031953382071218 4.248189294098367 0.068196877686261301 -0.4499469631759459 0.053560409357641892 -0.45436180465444331 0.071036459578766684 -0.10045472045808768 -0.022365311723257758 0.014818837558400237 0.1450962963214977 0.054410680690998622 -0.024521536816911004 -7.9429822951931936e-08 2.3737783921923558e-08 2.3737783921925345e-08 1.1752208806517589e-05 2.2287407450811055e-05 -5.4188431188103719e-07 -1.7985527842398125e-05 -0.11554342903505987 -0.48934612534458771 0.0098751623175006818 0.12915619048540289 -0.62923587222419919 4.2481892941035069
0.021678665652871132 0.0036512173825397655 0.011371181058550603 0.024854710270733358 0.017867109233914442 0.044135993803030384 0.017887088533577639 1.4674034265021587e-33 0 0.00025804821836752088 -0.3232625003039748 -0.022858753733536439 -0.017034771225638321 -0.014650273528093945 -0.31400059109251016 -0.014598209713578799 0.0086491423712322397 0.091949903811911801 0.17517208873211379 0.091944452646414598 -0.30582931278912556 -0.045649210766839927 0.00025827405794991837 -0.10683096318154375 0.0087470623527312313 0.001320605863070712 0.021678665652871132 0.020969245633336776 -0.086927540622915189 -0.18155526925168133 -0.017108083878258476 -0.02054778913529047 -0.18155526925168092 -0.02256918759434581 -0.30015916571593454 0.078294958616698981 -0.30451269213884724 0.096025996331558089 -0.072026144072967702 0.12183384134993372 0.094317871692914973 -0.08464244370319024 -0.036318778342460653 -0.012868404554265628 -1.5094042968816158e-08 1.1729464471252454e-08 1.1729464471250515e-08 -4.9574999763809201e-07 1.2280718624507189e-05 -1.205164666905016e-05 1.4095302580789214e-05 0.044135993803030384 -0.31400059109251016 0.17517208873211379 -0.10683096318154375 0.040807302960963035 -0.18155526925168128
0.0015438091941177845 -0.47459936237986072 -0.002651596805648936 0.022525492569071392 0.0038528420898055029 -0.43423139064923932 0.0026308283827615199 5.378456957854086e-34 0 -0.00056231827893018138 -0.61136550403383227 -0.17977460603768147 -0.16167562258151602 -0.17165926894075403 -0.60221502801034354 -0.17282053934266395 0.0086885547300368862 -0.046716529058147563 -0.089091419718568571 -0.047770811646806799 -0.56072083943151596 -0.1889678445733548 -0.00056216734056264571 -0.061087818594617718 -0.0020396898504991814 -0.156974109875963 0.0015438091941177849 0.0057180517211934236 -0.041069097514832439 0.38361610126508522 -0.017131261350203771 -0.0087489177618999964 0.383616101265085 -0.0048934586935337589 -0.55122945898265618 0.028470260187574821 -0.55551910554182704 0.046467990138050246 -0.11804512046515965 -0.12521564880722355 -0.045387018581897046 -0.040002641460659481 -0.018699868950134594 0.024103647562516657 8.8813670788842509e-08 -2.5559921769554724e-08 -2.5559921769553047e-08 3.6143367577780208e-05 3.6856266642213044e-05 7.4241094932439754e-06 3.0198937755993716e-06 -0.43423139064923932 -0.60221502801034354 -0.089091419718568557 -0.061087818594617718 -0.083139344069198318 0.38361610126508539
-0.013442050665616989 -0.96122901687710105 -0.018377852906105864 0.017565704943223775 -0.011889283433197773 -0.92132736233806645 -0.012691032921322827 5.5891395138480269e-33 0 -0.00023119296102882173 -0.93652185602784455 -0.34146118925337687 -0.3301832000732865 -0.33349201384418115 -0.92771691459222672 -0.33364537303874392 0.0085715406013136073 -0.13212492173189885 -0.27465193071443011 -0.1319627900390089 -0.79381463726619517 -0.35564728741324597 -0.00023149414098211173 0.21370424782155942 -0.014136809927773742 -0.31804339305095736 -0.013442050665616989 -0.0096061713525409532 0.23359120603959743 5.5135980488838694 -0.016994442752114165 0.098687732195322966 5.5135980488838694 0.10061626962751574 -0.78118425816473402 -0.015801061564020037 -0.78536273830910319 0.0026213082564677218 -0.15623020389278047 -0.25990031697756238 -0.1296030148933533 0.22735965773727343 0.08692018269110606 0.012002489194013279 8.1614453469705254e-08 -1.0508770955860365e-08 -1.0508770955856549e-08 7.3412943171663025e-05 6.4132514647368452e-05 1.9908378926373409e-05 -3.4171259926715956e-05 -0.92132736233806645 -0.92771691459222672 -0.27465193071443017 0.21370424782155939 -0.86049447515557598 5.5135980492649219
-0.0058532143011689186 -0.79816188033424951 -0.017197326303799276 0.011989459905359929 -0.010737174943482827 -0.75885684808696674 -0.010048270879788657 6.5484633735841394e-33 0 0.00028958090376709946 -0.8629411470144922 -0.28777377314109531 -0.2794554306726324 -0.27992176008386532 -0.85461411764952011 -0.27936624026999568 0.0084541245718530653 -0.063034336014373929 -0.14225353097992768 -0.062407144605689496 -0.73607059463803204 -0.30340438923437885 0.00028926887033923652 0.21985830488268199 -0.013228712541384063 -0.26407263925843771 -0.0058532143011689186 -0.0069690504156254222 0.23944724960590341 5.7841440762570615 -0.016738470002682714 0.10459730199295943 5.7841440762570588 0.10269208638401367 -0.72469987502388611 -0.0073069963035088227 -0.72875956571359501 0.011501859561742704 -0.14135390586925192 -0.12063664913434362 -0.060071376181072084 0.23306049608196469 0.089218522938851158 -0.01224712855358479 -2.3741193924603417e-08 1.3162768353049805e-08 1.3162768353056513e-08 6.0890120839016034e-05 5.5307435941223357e-05 1.0181671587351914e-05 -3.2118879599355442e-05 -0.75885684808696674 -0.85461411764952011 -0.14225353097992763 0.21985830488268207 -0.87787935208759005 5.7841440768880794
0.0089028812944889069 -0.27203652645473825 -0.0049766176605173656 0.0088917958651748199 0.0014665648256172179 -0.2330804229372502 0.002541871925165722 3.1412346112725075e-33 0 0.00044411937319593426 -0.56678067103251362 -0.11341573532413203 -0.1066796182964021 -0.10564109003718376 -0.55877067757683241 -0.10504137255180983 0.0084459903427670999 0.060821358489878151 0.1075446202891877 0.061269103196584816 -0.51305948541102819 -0.12952929922556713 0.00044415086799810534 0.010681500253709363 -0.0038281674311672026 -0.089933867878162127 0.0089028812944889069 0.0056192325943097204 0.030108353908120243 1.9868240219687947 -0.016568941732789812 0.025335583987715071 1.9868240219687943 0.022106164820794381 -0.50518408104071888 0.029858380658205286 -0.50915230210393125 0.048899622303342327 -0.099208418418826314 0.10501013697270584 0.063604939865667551 0.029284333686460065 0.0087628676887634704 -0.020515578205919573 -6.9864865961257918e-08 2.0187244236177941e-08 2.0187244236178722e-08 2.0555735735286255e-05 2.663285244309174e-05 -7.5162702066512236e-06 -1.5109331050842122e-06 -0.2330804229372502 -0.55877067757683241 0.1075446202891877 0.010681500253709352 -0.28523881450848765 1.9868240219687956
0.005445465911179781 -0.1894535288351103 -0.0033216285529451073 0.0079409391081416616 0.0031175168887296982 -0.15061046551722695 0.0029356781347098146 -9.7063041157659926e-34 0 1.3991425209609973e-05 -0.45537143047691159 -0.085088438365917771 -0.074802894125722802 -0.077373708069567892 -0.44749884726811828 -0.077638293052926827 0.0085280780843565978 0.082953851978317894 0.16197869021138647 0.082571332470994935 -0.42725513895199613 -0.096741024221510236 1.4301752215749522e-05 -0.15876756896113658 -0.0025550988868808513 -0.062600550086505169 0.005445465911179781 0.0060147351065752358 -0.13925595932120524 -1.2643022144284344 -0.016567421974345631 -0.042666013538805878 -1.2643022144284344 -0.042979135596415835 -0.4205654528404022 0.040855359425320197 -0.42447078626670071 0.060017702233384727 -0.084653218050811677 0.1393200932771039 0.084927018071775065 -0.13557974091321487 -0.056359249287348 -0.0020713642607248593 1.2112110540328152e-08 6.359738731650357e-10 6.3597387316400369e-10 1.4222577698920043e-05 2.0698985545719548e-05 -1.0888628207676393e-05 2.017157262689076e-05 -0.15061046551722695 -0.44749884726811828 0.1619786902113865 -0.15876756896113658 0.19663492616793676 -1.2643022144284344
-0.013969263061881065 -0.68293092531054156 -0.017554766148923123 0.0059383331188045847 -0.011129043852672677 -0.64433804946491735 -0.012317883784819086 -1.1189059863467909e-35 0 -0.00050757565524316432 -0.7407499640603824 -0.24755576272411237 -0.23126386611686686 -0.23995058150599444 -0.73306624156060385 -0.24083607312097696 0.0085484638814093909 -0.05014765460776073 -0.099256103773647894 -0.050919164925284671 -0.65875850883839993 -0.25180990127688813 -0.00050746669322374602 -0.036109322986058651 -0.013503666268402402 -0.22593558451400322 -0.013969263061881064 -0.0092404775724121684 -0.016483372820929799 0.80968841687357263 -0.016593895090095474 0.00068926853353265332 0.80968841687357185 0.0042671861964472388 -0.64856460153889051 -0.0054662634155009876 -0.65239420342634691 0.013887456399017664 -0.12678735168229854 -0.098013266848593072 -0.048557317324215407 -0.016069537887166002 -0.0091696588894466073 0.022424942993653239 1.0061245722274227e-07 -2.3071620692872604e-08 -2.3071620692869488e-08 5.2031624135776255e-05 4.6659102245020591e-05 7.9706466804153192e-06 -1.7194264148865981e-07 -0.64433804946491735 -0.73306624156060374 -0.099256103773647922 -0.036109322986058651 -0.14702916443199424 0.8096884168735724
-0.022754587233066559 -1.0148600033531325 -0.028804163020943806 0.0016163726503690221 -0.022413370352966311 -0.97682546763648637 -0.022835775433719892 4.3930693624858523e-33 0 -0.0001252434935255401 -0.95535097567428129 -0.35793361220847386 -0.34755335100476781 -0.35046741546704391 -0.94807693857249042 -0.35041307365654606 0.0084443659245702456 -0.10421125211763879 -0.22000800644219681 -0.10394506079129472 -0.80728846276115718 -0.36643577378279446 -0.00012550205944374647 0.1872331853749471 -0.022157048477649086 -0.33580146868043026 -0.022754587233066559 -0.01976643897195212 0.20672712376683006 5.0179377640208278 -0.01645715901213933 0.088846161585345945 5.0179377640208269 0.08999667339453564 -0.79513467590979114 -0.035236671795002901 -0.79885224787942433 -0.015567045950934503 -0.15062302238217659 -0.18096524494741451 -0.10160439207175333 0.20121006460813412 0.076669746826797155 0.0071200394650103695 6.357762257690532e-08 -5.6928860693470739e-09 -5.6928860693407402e-09 7.7449974440105425e-05 6.5218228949307725e-05 1.5943912961300851e-05 -2.9769584557009225e-05 -0.97682546763648637 -0.94807693857249042 -0.22000800644219673 0.1872331853749471 -0.77933451431727563 5.0179377641147402
-0.0093231964856386185 -0.66962221090663021 -0.021914113334085317 -0.0024282973094552269 -0.015562734876186167 -0.63215905845704368 -0.014547544200358288 4.6746440165099067e-33 0 0.00035634604393420936 -0.7859622976218883 -0.24391807360842044 -0.23679351447950531 -0.23655819303923986 -0.77914057838259876 -0.23585128367276562 0.0083637131926087398 -0.016792639750816254 -0.050128043876755436 -0.016130990279514479 -0.67882047610657359 -0.25435956913036417 0.00035615566596715104 0.1454055120676323 -0.01685701025698871 -0.22153469949602012 -0.0093231964856386185 -0.011487086223180783 0.16466169853924656 4.3984222509776343 -0.016242164262241437 0.076098390929691853 4.3984222509776343 0.073681050484588728 -0.66884817931526908 -0.01481611747652789 -0.67245622609519173 0.0051124171905801196 -0.12445207251280969 -0.014812752967024103 -0.013806248329308084 0.16026271678607495 0.060535334327987418 -0.015407663768221884 -4.6040207181745547e-08 1.619754745155543e-08 1.6197547451558156e-08 5.0974714376869573e-05 4.6806715245695243e-05 3.5897671995069412e-06 -2.1121893976997433e-05 -0.63215905845704368 -0.77914057838259876 -0.050128043876755443 0.1454055120676323 -0.66146915180239474 4.3984222509876219
0.0057707442902028561 -0.11743309457660639 -0.0078672326806044825 -0.0035283366319261377 -0.0015377544648971762 -0.080219291332827861 -0.00051073520239160348 7.5024466901873138e-34 0 0.00042855740243539711 -0.44657283117563995 -0.060828089392528449 -0.05543802506389825 -0.053527395478922116 -0.43999065994280456 -0.052949279619204113 0.0084038620434632016 0.10701594681063156 0.20115744865583604 0.10736655336299633 -0.41657304774754539 -0.072173591640721263 0.00042874939635295162 -0.087238108572291209 -0.0060517174466188312 -0.038768838053058613 0.0057707442902028561 0.002546335687471158 -0.068040688408955427 0.15019847864186309 -0.016143205145469804 -0.01266387308583266 0.1501984786418632 -0.015831745755166531 -0.4105235831971682 0.028661961326286071 -0.41405671419785772 0.04869356705723242 -0.076960388796751877 0.20416280329358305 0.10970197272474592 -0.066256254696694758 -0.028917556668781829 -0.020046663877387166 -6.8604438355992924e-08 1.947988192888165e-08 1.9479881928881762e-08 8.6532410210340499e-06 1.6501095227921455e-05 -1.4132031865216406e-05 1.2351037015429612e-05 -0.080219291332827861 -0.43999065994280451 0.20115744865583604 -0.087238108572291209 -0.0030681972093771163 0.15019847864186336
0.00024899432901293039 -0.1193465605747789 -0.0075317682405852127 -0.0028521728456600819 -0.0012112274473116797 -0.082170853115023312 -0.0015866201916623474 -2.9819588332577944e-33 0 -6.0035462659661989e-05 -0.35625926239985328 -0.060473110464948035 -0.05168207630105949 -0.053216542430469742 -0.34975234165588298 -0.053550845508737184 0.0085208496150508076 0.10871027570706956 0.214681134904046 0.10823370181351084 -0.3396661982402831 -0.067747437719314491 -5.9606198240180827e-05 -0.23125468515958428 -0.0057936678773732389 -0.039402393627701017 0.0002489943290129305 0.0014705334156398513 -0.21187197079369749 -2.6478348960491842 -0.016211494105333471 -0.071256576388983181 -2.6478348960491838 -0.071046580615698962 -0.33454025348458827 0.037572272490610584 -0.33802689848540618 0.05762248551280328 -0.065427230718853299 0.19715019436306938 0.11059662706349588 -0.20626587846336678 -0.084237572046657216 0.001310201440406795 2.5990193332486338e-08 -2.7288846663461953e-09 -2.7288846663486756e-09 8.8040129513848706e-06 1.4936613482248477e-05 -1.4587894547548433e-05 3.0082129810684436e-05 -0.082170853115023312 -0.34975234165588298 0.214681134904046 -0.23125468515958428 0.40616613053273865 -2.6478348960491909
-0.016934199258685112 -0.60205682201288824 -0.020789400531417805 -0.0036421715581449981 -0.014488178184327205 -0.56509120786631706 -0.015577799134946418 -7.6880206548046217e-34 0 -0.00059909303979178465 -0.67863320236620805 -0.21944216741133474 -0.2031504674756742 -0.21229289905931079 -0.67226804555890585 -0.21320528660869295 0.0085496209280960384 -0.053234628258519538 -0.10473266520876071 -0.054059240670237152 -0.61226918008771114 -0.21792716553093827 -0.00059895317900392697 -0.054968661702683948 -0.015991846562629079 -0.19917351310636194 -0.016934199258685112 -0.012524134622022225 -0.035418377589126721 0.40820071121203699 -0.016276395757314977 -0.0073977023761135777 0.40820071121203683 -0.0031332580430438895 -0.60295676746682725 -0.016260673454029904 -0.60637874248122758 0.0039166411881393646 -0.11572941725267323 -0.093873395395078982 -0.051688331882663308 -0.034501131798319887 -0.016417252589839768 0.026801869534461367 9.3831162482188706e-08 -2.7231501808718552e-08 -2.7231501808715915e-08 4.5794361187472498e-05 4.0870967446219232e-05 8.3940358129116246e-06 2.0123204575367446e-06 -0.56509120786631706 -0.67226804555890585 -0.10473266520876071 -0.054968661702683948 -0.089620869788678767 0.4082007112120376
-0.018874635919928551 -0.7678673478638256 -0.026736803894258226 -0.0063927242145384736 -0.020471875678016577 -0.73136373432162094 -0.020506445571737919 4.3652351564654867e-33 0 -2.2566886083192853e-05 -0.8274106694944231 -0.2751957353815655 -0.26750600965164134 -0.26817737512700512 -0.82137611663486365 -0.26784730713275379 0.0084471969718273865 -0.083322413709989912 -0.1810146042064795 -0.082830393350549092 -0.70995126127171226 -0.28077942264228739 -2.280654285796626e-05 0.17567697267848015 -0.020566772226352482 -0.25405615632955342 -0.018874635919928551 -0.017461180707714061 0.19510239922569364 4.8169219899257829 -0.016145666430275724 0.084946536439655135 4.8169219899257811 0.085410765131784749 -0.69941839173783149 -0.03650042344062885 -0.70273820583777435 -0.016060584869390646 -0.13062548925662829 -0.13481393065237041 -0.080480277462091521 0.18989449492846455 0.072231618439821593 0.0028537194468412383 3.0073515153502344e-08 -1.0257675492414972e-09 -1.0257675492341932e-09 5.8490037739863261e-05 5.1193210256853367e-05 1.302785038017378e-05 -2.7544802329286704e-05 -0.73136373432162094 -0.82137611663486365 -0.18101460420647941 0.17567697267848015 -0.74413373076722411 4.8169219899751807
-0.0005799904465675354 -0.2770381496228807 -0.014662184394221438 -0.0081054870363454976 -0.0084296666906340124 -0.24089917374698777 -0.0071806643686488569 3.5921916732381069e-33 0 0.0004383192793633229 -0.55958684371898149 -0.11294211743309299 -0.10807758513172552 -0.10600405087633742 -0.55385597552251475 -0.10519867908810385 0.0084043553904600034 0.032308588297228193 0.047875427956449557 0.032979523759068916 -0.50590752912156289 -0.12037055622211518 0.0004382544308461352 0.069081459507635196 -0.011278603380170338 -0.091599959951682755 -0.00057999044656753529 -0.0041420774411804109 0.088321277510727089 3.0088207224421746 -0.015964923349027636 0.047303846278113661 3.0088207224421741 0.044242340539695432 -0.49859291775271752 -0.0023203041019402991 -0.50182467048467905 0.018288955720374964 -0.091844886157554304 0.07708686250015015 0.035322058964161331 0.085950995605262856 0.031208917871861454 -0.019419179453037391 -7.5789084991761197e-08 1.992360360742197e-08 1.992360360742468e-08 2.0868514037683307e-05 2.4745759930037823e-05 -3.3997248550512378e-06 -9.8153283127012527e-06 -0.24089917374698777 -0.55385597552251475 0.047875427956449577 0.069081459507635196 -0.44361093071075963 3.008820722442203
0.013588708825409412 0.24749321813249431 5.1796098935595478e-05 -0.0067243007961739236 0.0062741077342312462 0.28363285442042052 0.007152690197531804 -2.2676322468745229e-33 0 0.00073168764879127631 -0.051886302614721456 0.060463303681308159 0.054347662601769466 0.067413687664289956 -0.046253378205762377 0.068426075333379077 0.0085249280399251753 0.23779492831062815 0.45777925213142712 0.23853175391528697 -0.0500950523823116 0.042101214589308184 0.00073216941682448309 -0.26325503114087573 3.9843153027381759e-05 0.082012448063077226 0.013588708825409412 0.01019137560732478 -0.24394184151157586 -2.9881509784540299 -0.015953244282016225 -0.078122044240220317 -2.9881509784540299 -0.083477252165899282 -0.049450489723244208 0.076342672350871207 -0.052643901212131874 0.096927194860363497 -0.011038680162283928 0.43527927390526894 0.24090273850836239 -0.23748336681018511 -0.096540286552459942 -0.033623574187024136 -7.2283685491162969e-08 3.3258529490516461e-08 3.3258529490510876e-08 -1.932166447380363e-05 -5.4522150675406779e-06 -3.2651406042274493e-05 3.9043948847552943e-05 0.28363285442042052 -0.046253378205762377 0.45777925213142712 -0.26325503114087573 0.49347138337626117 -2.9881509784541538
0.005910889245569706 0.14007981184240764 -0.0013627549057651711 -0.0041857741653026481 0.0048610241425745895 0.17638063443424623 0.004276912693166793 -8.7071590280742584e-33 0 2.6107588932482374e-05 0.15225977837339802 0.026072524142923971 0.024422000832674862 0.03308364060692489 0.15790703295763842 0.032807513969325124 0.0087868163009709593 0.26632494435818282 0.53033957816703203 0.26578986539620492 0.14731553328334046 0.011742487522684525 2.7019885255934401e-05 -0.52438281267545972 -0.0010482730044347457 0.04646059321009835 0.005910889245569706 0.0073187129986281947 -0.50460382695475614 -7.9871816121597234 -0.016207970021719163 -0.18293505554930534 -7.9871816121597234 -0.18345949902715861 0.14553426583195447 0.10671266379765521 0.14232671634477856 0.12713439336697807 0.018943469824871561 0.46295166487477318 0.26822029774895184 -0.49121963936744761 -0.19681739972969259 -0.0030553549178226609 2.9953696873580648e-08 1.1867085878483732e-09 1.1867085878377489e-09 -1.1077117966147678e-05 -3.4817251954555691e-06 -3.7037058726610107e-05 7.2178926025968565e-05 0.17638063443424623 0.15790703295763842 0.53033957816703203 -0.52438281267545972 1.2322072644991633 -7.9871817172312927
-0.0085373576730489731 -0.3245752204754464 -0.013348207244610149 -0.0035702768222862871 -0.0071343719782205996 -0.28832321833907393 -0.0080991246710474928 -4.6071037380905116e-33 0 -0.0010366039423872079 -0.32758916200873728 -0.12647053333170757 -0.10912749874315188 -0.11952781796462474 -0.32195323316351315 -0.12095022621741504 0.0089142798139568661 -0.019516224782275396 -0.029984199230863068 -0.020954485188150501 -0.31238500841484568 -0.12095025355928347 -0.0010361473279834874 -0.24649718558494624 -0.01026785172662319 -0.10733393713566353 -0.0085373576730489731 -0.0050579860797635755 -0.22624643072487721 -3.2231873597559484 -0.016480566938332813 -0.083554540797891277 -3.2231873597559484 -0.076205810379946046 -0.30692590174965984 0.018889337120021304 -0.31012265645512432 0.03933494703273907 -0.067976902249969204 -0.058497417469568373 -0.018494384850511532 -0.22025922048988575 -0.089862107484319095 0.046427508441643422 7.4029182835856419e-08 -4.7118361017599834e-08 -4.7118361017599199e-08 2.453601679758681e-05 2.2974202586301308e-05 3.4589664575566489e-06 2.6720127293310314e-05 -0.28832321833907393 -0.32195323316351315 -0.029984199230863068 -0.24649718558494624 0.44959018056502897 -3.2231873597559906
-0.004276888445019722 -0.34024403855911328 -0.014322286325745445 -0.0045698214450006387 -0.0081306696778275928 -0.30423626458577757 -0.0078254289514767747 5.0639085787124786e-33 0 -0.00018584419781351351 -0.58512087957449443 -0.13318905172501086 -0.12683554223818241 -0.12637936992725218 -0.57962714138087801 -0.12600434049504503 0.0088045933258056736 -0.10278925817541212 -0.22101147574142302 -0.10223230329037074 -0.52599040949231068 -0.13717504891739624 -0.00018607644174859032 0.17243907921991522 -0.011017143327496499 -0.11252103171477498 -0.004276888445019722 -0.0047883153027953431 0.19265972499986619 4.7383849763410799 -0.016418205139728685 0.083036957089731925 4.7383849763410799 0.084815557188570811 -0.51760137329992639 -0.020882022855776415 -0.52072079371548763 -0.0001465512226543933 -0.10358504861367414 -0.19148614152279161 -0.09979456323363721 0.18751594338068758 0.07120064265083044 0.011259875560757859 -1.0881422505862039e-08 -8.4474635369797528e-09 -8.4474635369771207e-09 2.5733356633513325e-05 2.825368359134125e-05 1.5857797901178777e-05 -2.8085724191247663e-05 -0.30423626458577757 -0.57962714138087801 -0.22101147574142305 0.17243907921991522 -0.74045378634137904 4.7383849763852179
0.016776895150542259 0.23525064596490428 0.0012967132168095615 -0.0039802973041588455 0.007476965209709285 0.27119794216272963 0.0088240303075900212 3.5951110719658484e-33 0 0.00078913754188947652 -0.14366040713667108 0.056414811297299347 0.050435256313596015 0.063205939262147903 -0.13828815562850921 0.06451834283695615 0.0087845058074688606 0.1154723058542631 0.20743794834196055 0.11665499949972921 -0.13693481817993891 0.040421491018478785 0.00078918348241043847 0.0029881042015595539 0.00099747170523812483 0.077959305088748682 0.016776895150542259 0.011860914316662918 0.023035431921267054 1.9572549328850293 -0.016243067875950361 0.0250361515436162 1.9572549328850293 0.019492276400179559 -0.13456988135778417 0.048578610573934672 -0.13763241828040648 0.06947419514013782 -0.031019897770679847 0.20418390296746464 0.11909031930196366 0.022399111477346911 0.0060154396747959553 -0.034954951491691207 -1.04595336891048e-07 3.5869888267704015e-08 3.5869888267702765e-08 -1.8366343857145787e-05 -3.488596110845837e-06 -1.5065562235733516e-05 1.4297844346841548e-06 0.27119794216272963 -0.13828815562850921 0.20743794834196055 0.0029881042015595539 -0.26624902015550783 1.9572549328850297
0.028057649731636047 0.66730423609247513 0.014741855377845173 -0.0004888856989410617 0.020934855716699015 0.70355691619962113 0.021550161741620825 -6.4166927037581482e-33 0 0.00099551560425836187 0.54809945959456519 0.19925701157810868 0.18005111635635723 0.20617970346003633 0.55351973833743662 0.20738509493394755 0.0090307178717737007 0.40135838769574367 0.78284835953595067 0.40221384917920766 0.51490610587055319 0.16886796053170691 0.00099641958585221582 -0.51847083845815745 0.011339888752188597 0.22096392908803128 0.028057649731636047 0.024594033274921757 -0.49816158163371327 -7.5237080629439044 -0.016352154779761256 -0.17338185112320348 -7.5237080629439044 -0.18076537363949419 0.50786054977772133 0.16349286299244697 0.50477423753731776 0.18424659388514703 0.08304177804565864 0.69619470044948162 0.40470541614726135 -0.48494907078021687 -0.19439863814556246 -0.046209557341872182 -7.3693967164136864e-08 4.5250709284482529e-08 4.5250709284470102e-08 -5.1460251305273634e-05 -3.1499729934356019e-05 -5.5867914640909593e-05 7.666157062335471e-05 0.70355691619962113 0.55351973833743662 0.78284835953595067 -0.51847083845815745 1.2040372112239881 -7.5237081071861871
0.017573662102222443 0.42954226792445438 0.010583965652675768 0.0033298999187360984 0.016797833441596393 0.46617985133412626 0.015983174251226896 -1.2506996120535527e-32 0 -0.00045952674963321572 0.56368338666671847 0.12250095821241175 0.12213386809879931 0.12953959054317654 0.56927874157550895 0.12851358886292691 0.009401602718168537 0.29802546801357616 0.60327508810667996 0.29667435641616896 0.50514685284758132 0.10995625724625276 -0.00045827785244421476 -0.72706629069728046 0.0081415120405198237 0.14226931208217344 0.017573662102222443 0.01903594532284009 -0.70599079798544007 -11.791830677012877 -0.016809127639323979 -0.26310463846289178 -11.79183067701288 -0.2602757551430957 0.49902259400507781 0.15664502680292194 0.49585979678228165 0.17716081404854364 0.07284480607609542 0.4789380063557665 0.2992493693033359 -0.68725679653567284 -0.27440612296382211 0.018211989570188356 3.1112408949304319e-08 -2.0887579528772496e-08 -2.0887579528787743e-08 -3.3221115763153437e-05 -2.2047287824399704e-05 -4.1707777294628726e-05 9.8126872520586518e-05 0.46617985133412626 0.56927874157550884 0.60327508810667996 -0.72706629069728046 1.796439839895082 -11.791902742285821
0.005559802521020174 -0.019296518510707211 -0.00052420445813286564 0.0047647636195862165 0.0056971835329296958 0.017471221122154375 0.0048590009144086014 -4.7430056010329338e-33 0 -0.00087343102806441682 0.070659905854055322 -0.026255268502532635 -0.021419208463971381 -0.019237677248956309 0.076353477781784723 -0.020096625997162762 0.0095413270285978936 0.036330905228732654 0.073165140323672481 0.035541777576582813 0.072365334610559329 -0.033218872790703062 -0.00087287328046548496 -0.3057946030608707 -0.00040323419856374323 -0.0062896435745111411 0.005559802521020174 0.0079164373654539346 -0.28413587547303376 -4.1785841770629464 -0.017158896975303962 -0.10420250541505438 -4.1785841770629482 -0.097794014843740826 0.073022530393776972 0.075849294054002772 0.069835285116329068 0.096432640706588774 -0.0086592195099272472 0.0048920216049511966 0.038149296730941952 -0.27661196392767962 -0.1122969354628451 0.040765161186682435 5.0141166902842253e-08 -3.970141036655919e-08 -3.9701410366565377e-08 1.1829471177273511e-06 5.4677003187539176e-06 -4.2542347052080142e-06 3.5888477237285849e-05 0.017471221122154375 0.076353477781784723 0.073165140323672481 -0.3057946030608707 0.60227914214374112 -4.1785841770660994
0.014431056566536427 0.08357663737077578 0.0022921769307617688 0.0049146522178225563 0.0085125441681133951 0.12032769720075087 0.0090763359644067433 3.1505434448106362e-33 0 -0.00014909065084049242 -0.087440956264440928 0.0066955355102237433 0.00724836785551104 0.013664623655938124 -0.081771593071288159 0.013973880753031688 0.0095098530779867251 -0.021109572705569384 -0.056423405951701873 -0.020714228233249369 -0.07995991758841825 -0.0039071021529382046 -0.00014906386020167541 0.017305038773859267 0.0017632130236628972 0.027759773586336356 0.014431056566536427 0.012136306215647315 0.039064133775041116 2.0045407919902742 -0.017179256338434777 0.025108612941248939 2.0045407919902742 0.026500453806604193 -0.077202126999095663 0.048612701169239263 -0.080365144149799589 0.069457974406388914 -0.034213454513615967 -0.087425378822723027 -0.018111699562164702 0.03799997622164674 0.011951995077152121 0.008903037302849812 -4.8824475550831822e-08 -6.7768477654756554e-09 -6.7768477654771857e-09 -6.6998379087703168e-06 3.3235874104814261e-06 4.259269005834392e-06 -6.0256895998933451e-06 0.12032769720075087 -0.081771593071288159 -0.056423405951701873 0.017305038773859267 -0.31738390256823379 2.0045407919902742
0.035510692745447159 0.67405956602409345 0.019141703647449347 0.0069914403804632336 0.025376312758058066 0.7110315585759901 0.026673103921501535 4.1746427861062446e-34 0 0.0010835587174845315 0.49095775429871169 0.20048652676792084 0.17843354505932033 0.20754578197815268 0.49664131787818189 0.2093201256666595 0.0095921712337951812 0.27087837852346935 0.5119572782310583 0.27250368667738945 0.47033815003488738 0.16653434767599351 0.0010839810646698824 -0.22322324292260073 0.014724387421114879 0.22320198210968611 0.035510692745447159 0.029740667734563471 -0.20143608676082936 -1.9865234065479001 -0.017135264821185912 -0.058328519232025054 -1.9865234065478996 -0.065965696310821414 0.46476451563255683 0.14885230885018025 0.46159694736176377 0.16981323857388894 0.066264133945661566 0.43546372511327303 0.27512653656438607 -0.19610972848716549 -0.080510796075811228 -0.047858638868368227 -1.227664895932704e-07 4.9252668976576258e-08 4.9252668976567682e-08 -5.194231084962005e-05 -2.9689872176692322e-05 -3.6998265349528666e-05 3.5006069427781331e-05 0.7110315585759901 0.49664131787818189 0.5119572782310583 -0.22322324292260073 0.35356526971327229 -1.9865234065479012
0.041779860854148865 0.9542636745606613 0.029116885959183804 0.011491656057803669 0.035388275519580945 0.99177907915203911 0.035641418548665559 -8.5281718585441646e-33 0 7.2945447124364498e-05 0.82181200584367087 0.29496534504528438 0.28911363173480176 0.30217389651123377 0.82774742397264234 0.30181084908279748 0.009915011029852908 0.32653356492008806 0.65240450518160942 0.32576688435875389 0.70659610860961863 0.2758982821488058 7.4045086228947146e-05 -0.63434810047327694 0.02239760458398754 0.31594738904445602 0.041779860854148865 0.038723183888809541 -0.61203883314820928 -9.8241090021344011 -0.017419051247123389 -0.22254340714018167 -9.8241090021344011 -0.22356639463343297 0.69802533184468296 0.18910503499132128 0.69477722977346335 0.20992720753326691 0.10306262350720991 0.5085415192090661 0.32846284682777271 -0.59580263917002063 -0.23844217207611906 -0.0062104956670553484 -6.5035680113608669e-08 3.3157021420242959e-09 3.3157021420096606e-09 -7.3395536587945136e-05 -4.8524267841612264e-05 -4.5541226880414754e-05 8.7747422687866952e-05 0.99177907915203911 0.82774742397264245 0.65240450518160942 -0.63434810047327694 1.5180483154105815 -9.824112279318939
0.027779689058661461 0.57189107033367503 0.021154080264927131 0.015384776841838387 0.027464347589305126 0.60992387984361351 0.026416159084025257 -7.1038197472967615e-33 0 -0.00046393660794014926 0.60190739270196447 0.16835247124235223 0.1624799942400523 0.1756377240174275 0.60814835113588039 0.17501098284594346 0.010156675571981549 0.19241138577420455 0.38269009999060721 0.19177108783105082 0.54417544944703167 0.14868589398347284 -0.00046304507850351758 -0.50676305309107039 0.016272369434559335 0.18938914413359426 0.027779689058661457 0.029512220791535378 -0.48380304101730115 -7.6381511341268551 -0.017803793712205977 -0.17719690675158664 -7.6381511341268551 -0.17393528251117521 0.53845233168325046 0.15803505921542174 0.53513430144738028 0.17885173354019676 0.069141833449378159 0.25498073217016565 0.19452220270335402 -0.47097504524258177 -0.18922813897470206 0.020998912608460926 3.6862377295184319e-08 -2.1088027633635151e-08 -2.1088027633647241e-08 -4.407478794255117e-05 -2.7254678207827358e-05 -2.6377665596160949e-05 6.6561751406177638e-05 0.60992387984361351 0.60814835113588039 0.38269009999060716 -0.50676305309107039 1.1544403961556551 -7.6381511833592217
0.017608867958188057 0.14033188193190305 0.010329304116463845 0.016520797707792294 0.016662102485952342 0.17858095815017616 0.015952739567841146 -1.6553023629582542e-33 0 -0.00054326791213385299 0.26453505854214149 0.025352183957844575 0.024431160182223771 0.032663796864253344 0.27088591508281162 0.032078537357620548 0.010251002835414219 0.038027424008314464 0.071673984512326414 0.037567652459293506 0.25918200288842713 0.010566558128629191 -0.00054285286030791944 -0.21635369296362122 0.00794561855112603 0.046549786620154736 0.017608867958188057 0.019058094816208033 -0.19300398847295747 -2.309701325128918 -0.018015661285922614 -0.065950341393007983 -2.3097013251289185 -0.061944374416599467 0.25780853449962493 0.10658263824701841 0.2544576348964116 0.12758121876491449 0.016698759204286141 -0.02120363335800457 0.040341524165802105 -0.18790346142299716 -0.077477163047509484 0.025477475627581049 3.0834614000422035e-08 -2.4693996006080967e-08 -2.4693996006085589e-08 -1.0997398087817069e-05 -2.9036369806964719e-06 -4.3141705720270048e-06 2.4793314524066156e-05 0.17858095815017616 0.27088591508281162 0.071673984512326414 -0.21635369296362122 0.32996317845794704 -2.3097013251289189
0.029180942103266716 0.32971429450551271 0.015472041956456429 0.016734817209002311 0.021821225552711137 0.36807409438888983 0.02255907117474349 2.757000276627006e-33 0 0.00018480044311623621 0.2742004030254418 0.086716370203550761 0.077709801099743375 0.094051336056173579 0.28056133912270959 0.094720699497511163 0.01026177205853975 0.067997259485432296 0.11689330723406655 0.068722624440434976 0.26895625756713742 0.063803946753455826 0.00018497056192017281 -0.067224314291382425 0.011901570735735714 0.10923298682455027 0.029180942103266716 0.025672382992425153 -0.043779308816562237 0.67717527706222247 -0.018024448725500491 -0.0034831104468965872 0.67717527706222247 -0.0045409668881418452 0.2672470147218986 0.11007856853192527 0.26388997940925013 0.13134841778293843 0.020506502759979901 0.041513798748668375 0.071501019612768071 -0.042644014337681696 -0.020114303209228693 -0.0064843573610859628 -7.4650193847693364e-08 8.4000201416489894e-09 8.4000201416458776e-09 -2.5510659456458043e-05 -1.0948845199477586e-05 -8.2567048420965385e-06 7.6319459380302307e-06 0.36807409438888983 0.28056133912270959 0.11689330723406655 -0.067224314291382425 -0.097727393512254929 0.67717527706222269
0.047644950449466705 0.87425151371076748 0.031231811243588401 0.0190549070004612 0.037614231190224605 0.91298287301781045 0.038733867613020063 -8.8462834557288878e-34 0 0.00066215178209877174 0.7034587584632267 0.26636797469058737 0.25002348742664876 0.27381699438634843 0.70994499925307797 0.27478657590774541 0.01040182739507169 0.2555607472174462 0.49104437455305044 0.25633335636778398 0.6362388038960971 0.23517644478873598 0.00066272967111749169 -0.31496603142425145 0.024024470187375691 0.28946833027303781 0.047644950449466705 0.041860575307897073 -0.29135337928749666 -3.689201585061856 -0.018070844850703188 -0.094859071281466062 -3.6892015850618565 -0.099653517197924479 0.62905450143342456 0.17755446070312714 0.62565711776376576 0.19894039697998911 0.086599613828808347 0.37277693335551298 0.2591448622563316 -0.28363977129724455 -0.11531629064917444 -0.029991916494751608 -1.2307181152276031e-07 3.0097808277223972e-08 3.0097808277213906e-08 -6.7232004762048838e-05 -4.1240766733250578e-05 -3.4949544001001927e-05 4.5470372757859251e-05 0.91298287301781045 0.70994499925307797 0.49104437455305044 -0.31496603142425145 0.59772477032482385 -3.6892015850638655
0.047310210764408112 0.96511041351314608 0.035942446849541211 0.023147157052809123 0.042375872270952249 1.0044581934191479 0.042214004929047616 -5.9007017803465167e-33 0 -0.00011502189225824379 0.82044028286663273 0.29750358341660094 0.29178521292063986 0.30507809258126778 0.82725347471159616 0.3045717448023309 0.010664917162057294 0.24859978593337723 0.49535629944044129 0.24787611813612243 0.70677306508763349 0.27589863160685529 -0.00011409410304628443 -0.52700621980267881 0.027648036038108621 0.31954338787457826 0.047310210764408112 0.045359151184348204 -0.50289745400051356 -7.8055545729028051 -0.018339127003880441 -0.18122258314862869 -7.8055545729028051 -0.18073871200410657 0.69890926672642961 0.18949071576337037 0.69543094830836139 0.21087203559512949 0.095199028038346969 0.34298920043986031 0.25074770071810887 -0.48956331123061536 -0.19671284923123722 0.003279659011562846 -4.1511905958727126e-08 -5.2282678299100237e-09 -5.2282678299221427e-09 -7.4177525775338758e-05 -4.7817340043736732e-05 -3.4335410144014856e-05 7.1222729405579559e-05 1.0044581934191479 0.82725347471159616 0.49535629944044129 -0.52700621980267881 1.1979214512107803 -7.8055546446115862
0.02962568961083889 0.447332124942874 0.023645242924045067 0.025740867336020753 0.030124013138310889 0.48715540252586431 0.028880862419808896 -3.5864708309035218e-33 0 -0.00049196997989882179 0.52388385475589172 0.1260748327747091 0.12152238002586595 0.13371548932545679 0.5309693371066202 0.13297577435692479 0.010830076986993857 0.11218337111615317 0.22133409146615277 0.11156167193592492 0.48338404358652398 0.1051989006235059 -0.00049132753850153672 -0.35268719161044437 0.018188648403111581 0.14816761771601525 0.02962568961083889 0.032042231345105247 -0.32808669119120509 -4.7124479980028493 -0.018614367348023721 -0.11679424302260168 -4.7124479980028484 -0.11328741137612203 0.47906576554937136 0.14911216542744279 0.47552783343199878 0.17062671954227496 0.052583954565208958 0.093776488187860191 0.11447172231165743 -0.3193981284138282 -0.1295694335217755 0.022383686421792889 5.1415781580130942e-08 -2.2362271813576779e-08 -2.2362271813586295e-08 -3.4486764616561426e-05 -1.9552382811568403e-05 -1.4855019178972522e-05 4.4297374946746692e-05 0.48715540252586431 0.5309693371066202 0.22133409146615279 -0.35268719161044437 0.70281720662345193 -4.7124479980285967
0.021001933142542839 0.049261933251294958 0.01287468351286618 0.025405744086215449 0.019379071085327621 0.089224040004149782 0.01882216393573526 2.3336204578152841e-33 0 -0.00056754211447681072 0.12504907413205529 -0.005812925595396431 -0.0029902312373059352 0.0018244132633247097 0.13220045613284692 0.0011663364018833962 0.010841787027452875 -0.051408982401015171 -0.10786652904447334 -0.051861942106131646 0.12727391379247205 -0.019054294771674869 -0.00056740817239941434 -0.043091515236646095 0.0099036027022047519 0.01641237252772312 0.021001933142542839 0.021993868804631719 -0.018290551168888787 0.95585604732670404 -0.018695859506218795 0.0016886263064858846 0.95585604732670404 0.0059050132174292957 0.12816132477437603 0.086121314526905815 0.12460837114224682 0.10794844142476678 -0.010444362997471807 -0.1904984297941924 -0.048947186252008834 -0.017834010087364228 -0.010487487282360115 0.026613484740578581 2.1105014086995959e-08 -2.5797368839851829e-08 -2.5797368839854433e-08 -3.9834057615454019e-06 3.6467090471379673e-06 8.5080369614014862e-06 -1.5410335994033987e-07 0.089224040004149782 0.13220045613284692 -0.10786652904447334 -0.043091515236646095 -0.17371163249878829 0.95585604732670459
0.033699892461299896 0.30491152101141744 0.019203706226757104 0.024611522616052459 0.025729092068837403 0.34494879979014842 0.026577867263366729 6.3356620090938529e-33 0 0.00031249497111388746 0.15834955540812196 0.077331930401218482 0.069576372292142016 0.0849697090994357 0.16548738772851135 0.085760101773726741 0.010780857631303308 0.013656591778292987 0.0053537933826905736 0.014568596145283403 0.15839197045074921 0.053728748243060308 0.00031242879601690518 0.078485859006313483 0.014772081712890073 0.10102894599831828 0.033699892461299896 0.029759065212001157 0.10318985300800709 3.4740557922642172 -0.018571452949915902 0.054483055516957368 3.4740557922642172 0.052538137927148912 0.15843271034229045 0.094532638157887497 0.154893672540896 0.1167337951072563 -0.00069135609608270284 -0.057767076281048303 0.01747224367933773 0.10041861131167137 0.036236396632657902 -0.012235688276921073 -8.3847388282951e-08 1.4204316868815904e-08 1.4204316868811247e-08 -2.3580454578523018e-05 -7.7398488340320669e-06 -3.9483649101106832e-07 -1.2530295275752815e-05 0.34494879979014842 0.16548738772851135 0.0053537933826905736 0.078485859006313483 -0.52238986873427939 3.4740557922645201
0.047674905508756638 0.76424395005448265 0.03218425349444802 0.026022575742989169 0.038746908810337391 0.80461976105802646 0.039609132928314104 7.098978769497702e-34 0 0.00077946298979945873 0.62790658235295116 0.22892742574095556 0.21247713642066701 0.23667987438001037 0.63512989234808026 0.23764124680328064 0.010891712529304695 0.23941820665097505 0.45767033194726447 0.24023435282863856 0.57874523965342262 0.19570896285112374 0.00077993767068606753 -0.25038519027134382 0.024757118072652323 0.25306258443799573 0.047674905508756638 0.042804960744836681 -0.22563439984251882 -2.3928028893914561 -0.018531773903990512 -0.068193875563051856 -2.3928028893914557 -0.073877479816734343 0.57242812930725795 0.17199041838677476 0.56886002578404937 0.19435133406721641 0.075960949916698661 0.34436852068892454 0.24316482248605786 -0.2196682202670476 -0.090185844224818013 -0.035720553263343335 -1.036158460408519e-07 3.5430135899982248e-08 3.5430135899973519e-08 -5.8776865084125585e-05 -3.4658194023823272e-05 -3.2573721630817569e-05 3.6796329015246998e-05 0.80461976105802646 0.63512989234808026 0.45767033194726447 -0.25038519027134382 0.40394973875426476 -2.3928028893914624
0.04024847224354744 0.66021657518030474 0.030813264450296723 0.028512659342104115 0.03742417576901947 0.70108113056883714 0.036858345630992932 -5.0787736433664494e-33 0 -0.00021910033520460383 0.66451568393575711 0.19590031192826474 0.1930192514771143 0.20376763337218559 0.67197211746468744 0.20298493008444382 0.011131664168795536 0.20498810025838227 0.41028236919744038 0.20405269103268847 0.58725233513312047 0.17534388380411939 -0.00021826396421039228 -0.46968693529502969 0.023702511115612866 0.21863258229354521 0.04024847224354744 0.040071689547588496 -0.44449951318218384 -6.7236546666504058 -0.018757658322154258 -0.15900250006288758 -6.7236546666504058 -0.15780986435965494 0.58114718737176541 0.17258685364109833 0.57750891226144507 0.19497599431283638 0.073763688379031814 0.26699618573093803 0.20703822649647696 -0.4327181919988618 -0.17438838739314005 0.0076386916780481822 -3.7613339565785909e-09 -9.9591061456570966e-09 -9.9591061456673917e-09 -5.0794968836674144e-05 -3.1497115563235373e-05 -2.8119699633674823e-05 6.2358985621122575e-05 0.70108113056883714 0.67197211746468744 0.41028236919744032 -0.46968693529502969 1.0270681118561595 -6.7236546732134554
0.019690964370965958 0.045284643252345921 0.01463307256557333 0.028799028830920195 0.021278562750487937 0.086392839462058918 0.019929730157827355 -8.1255839165517596e-34 0 -0.00074835817403059415 0.18904936128391364 -0.0074458128343539362 -0.0040608479316193219 0.00043166787045159557 0.19664480398325018 -0.00065351635233336478 0.011218855289098618 -0.0064602604401530527 -0.013095835425853866 -0.0073396505955348867 0.18819811739188827 -0.021591856702646732 -0.00074798670060141972 -0.18634975327517658 0.011256209665825636 0.015099515951862267 0.019690964370965958 0.023156014386506368 -0.16079223470092593 -1.6922659107662579 -0.018951954292528366 -0.053952290720772789 -1.6922659107662579 -0.048557496886365327 0.18814103829256881 0.10046800974975788 0.18447157001452952 0.12307947101257968 0.00080523437393807717 -0.11005100542663231 -0.0043327696762143026 -0.15654991408423993 -0.065360729146810126 0.034113376614833456 7.3724468415750435e-08 -3.4016280637751278e-08 -3.4016280637755367e-08 -3.6696554971640724e-06 3.0696893871752085e-06 2.0306317585686851e-06 1.9107871181550532e-05 0.086392839462058918 0.19664480398325018 -0.013095835425853866 -0.18634975327517658 0.22630969384242505 -1.6922659107662577
0.013009683229029179 -0.28477846780102822 0.0044346993188233413 0.026277853928597668 0.011092556277295428 -0.24377273974560074 0.010740331583430275 8.2109236494694227e-33 0 -0.0008294679557206005 -0.39617104482853571 -0.11661970972343935 -0.10044661069629152 -0.10885144801156561 -0.38861681187911512 -0.1098350506118231 0.011080842146037544 -0.24305815378360154 -0.48862541375161378 -0.2437319874753491 -0.37277540437737577 -0.11664928461472204 -0.0008298441138226909 0.26826858921130997 0.0034113071683256444 -0.094147183943521562 0.013009683229029179 0.013973047641260075 0.2937523496557457 6.6173261239077368 -0.018850855104576923 0.11995658504387821 6.6173261239077368 0.12613842983039697 -0.36482951563773169 0.00080229073184045433 -0.36845995341929794 0.023880446897671812 -0.096276959402107107 -0.51277545340294528 -0.24075333211834121 0.28591676504153268 0.10941092777863975 0.038685610965423917 2.049711515385002e-08 -3.7703088896396583e-08 -3.7703088896390197e-08 2.161178134597965e-05 2.4838151046102236e-05 3.5792528734193424e-05 -4.5955132958107953e-05 -0.24377273974560074 -0.38861681187911512 -0.48862541375161378 0.26826858921130997 -1.0570311188533434 6.6173261302899888
0.026016499847173691 0.032983373537538885 0.011522667410983291 0.023904499722718842 0.018189954736951064 0.073875697532796991 0.019117679356341049 1.3336397473497217e-32 0 0.00043029666455266533 -0.38431476080056393 -0.013190551479581427 -0.012719365014331402 -0.0055218846503588184 -0.37686350387787954 -0.0045903782711139282 0.010845564618389486 -0.14440890058647743 -0.31435558407154746 -0.14321488079832395 -0.35595714486547009 -0.027710813182703065 0.00042965333597804134 0.43001440505163663 0.0088635903161409912 0.011027013720109387 0.026016499847173687 0.022356486090152491 0.45500087539842737 9.972936516815972 -0.018456650436745582 0.19053110161526943 9.972936516815972 0.18784693275716408 -0.34899600691415877 0.0072231298478312948 -0.35254371694059533 0.030830283555195907 -0.085224038381411793 -0.30569626076332335 -0.14028563540785294 0.44288128724577486 0.17148135299598244 -0.017239830372687177 -7.7872633128105902e-08 1.9558939297840402e-08 1.955893929784832e-08 -2.7524934097013937e-06 1.0974007181947909e-05 2.222300476320017e-05 -6.1880802215877694e-05 0.073875697532796991 -0.37686350387787954 -0.31435558407154746 0.43001440505163663 -1.5175027500829068 9.972940728261424
0.034777738153934479 0.39337170725391291 0.02103143779836621 0.023816013197709887 0.02772288750222586 0.43440845421801949 0.028301774440934291 5.0640927330352295e-33 0 0.0010101560877529597 0.16253501396452674 0.10585241660062672 0.094418312264593768 0.11357899783890801 0.16994151412525893 0.11463691416191325 0.010844367369888856 0.15303661050737435 0.28254487692244046 0.15403984669429899 0.15970332662357123 0.079057796103957384 0.0010102415706814765 -0.01369832351746386 0.01617802907566631 0.13031087465795743 0.034777738153934479 0.031551198731271234 0.010992996850307824 2.0145096802435867 -0.018183096426630619 0.02433428697501612 2.0145096802435876 0.016964926177243916 0.15866899801339657 0.10159039531592318 0.15514933540395279 0.12541692285896919 0.011003609543505004 0.23160722678391099 0.15697132063152119 0.010671875317097464 0.0008239892071541259 -0.046661980186572111 -6.8649774950280702e-08 4.591618580695407e-08 4.5916185806951224e-08 -3.0372938926753495e-05 -1.2482877425283111e-05 -2.0209322938253944e-05 4.4371632767872992e-06 0.43440845421801949 0.16994151412525893 0.28254487692244046 -0.01369832351746386 -0.26335304852262481 2.0145096802435867
0.021100316196680069 0.12080762319695823 0.013985761087279591 0.024174972552561 0.020705204757201681 0.16204591323634548 0.019808894464123351 -3.3091953655655971e-33 0 -6.6490844747740273e-05 0.24238789503543617 0.017251054035657503 0.01747102147260212 0.025054807430959978 0.24982222842728022 0.024338006618729442 0.011023102667720389 0.1582131432270881 0.31535645626254122 0.15739424120187556 0.23603040681892887 0.0015580384654710899 -6.5878036607250578e-05 -0.33406213558450309 0.010758277759445836 0.040096597756300083 0.021100316196680069 0.023069579004955626 -0.30914307628091464 -4.2166963394129695 -0.018266039970865618 -0.10608367418260517 -4.2166963394129695 -0.1060136674046583 0.2341213722725364 0.11325156669492641 0.23057612079173276 0.13709555431724854 0.021895503814882176 0.22715736992779226 0.16036732823624372 -0.30095785698196392 -0.12228380418123259 0.00037474881554302872 4.1899208686710631e-08 -3.022311124891775e-09 -3.0223111248986745e-09 -9.4845096288572585e-06 -2.134657828427171e-06 -2.1430117551663458e-05 4.3959905928202684e-05 0.16204591323634548 0.24982222842728022 0.31535645626254122 -0.33406213558450309 0.64853461097053544 -4.2166963394198458
-0.00046944525092840195 -0.52859998750190318 -0.0045472582586555971 0.021905960326126621 0.0021799557490218822 -0.48748008865969172 0.00085567260465064805 2.522106270746405e-33 0 -0.001339791264843529 -0.50981275072754195 -0.19622193545066827 -0.1710638449427806 -0.18853176740712735 -0.5024098994596693 -0.19053425857630499 0.011007354005774808 -0.21302844159846887 -0.41468748870218186 -0.21482035378024658 -0.48127331439892113 -0.18562598239003042 -0.0013398221237784435 0.057732913258090275 -0.0034978909681966149 -0.17484868903555434 -0.00046944525092840151 0.0041211523403393456 0.082845030203197251 2.5418910925122975 -0.018344903614054865 0.035206984155388192 2.5418910925122975 0.044774605311296817 -0.47242600541391289 -0.01831603588256487 -0.47594576930948407 0.0057816769704452306 -0.10790610789034764 -0.43223395011821614 -0.21184872088912118 0.08061425306983501 0.028398986824466309 0.060052233404427863 9.7672289175908248e-08 -6.089960294743635e-08 -6.0899602947432247e-08 4.0271730290722034e-05 3.5728252111091011e-05 3.1198210764219948e-05 -1.8822867954702296e-05 -0.48748008865969172 -0.5024098994596693 -0.41468748870218186 0.057732913258090275 -0.4512263416699851 2.5418910925123317
-0.0040961452759802341 -0.74387647511004318 -0.012883015952408511 0.017274159160137248 -0.0061704774259484091 -0.70319277787071621 -0.0062476937954474183 1.2984595369846289e-32 0 1.6419945688037451e-05 -0.83604274081551055 -0.26965970574523229 -0.26473183576852893 -0.26213244564879412 -0.82892790730800159 -0.26155989927462941 0.010721478976503792 -0.24563408393608394 -0.51452532828806385 -0.24459958801420181 -0.70967855239847333 -0.27747716916667803 1.5627372390501151e-05 0.52035956009499573 -0.0099100122710834744 -0.24610379029005255 -0.0040961452759802333 -0.0029838841361784839 0.54503534048282887 11.439531795891932 -0.018001807908918532 0.22165287806288383 11.439531795891929 0.22213128511423924 -0.6981312646437261 -0.05768066411105905 -0.70153819412857321 -0.033055729072139418 -0.14128360208416349 -0.45627153276511023 -0.24168862418719902 0.53030667948190857 0.20607587029567828 0.0027490445239203793 2.3665130634085128e-08 7.4636116762919245e-10 7.4636116763973911e-10 5.6747491486446773e-05 5.1729421242271146e-05 3.6583236198928152e-05 -7.6949072945646076e-05 -0.70319277787071621 -0.82892790730800159 -0.51452532828806397 0.52035956009499573 -1.7631869167098517 11.439574866603712
0.0091922357678413391 -0.3572025383882978 -0.0047330228455607212 0.01352890077195262 0.001964792328902178 -0.31689580424708202 0.0029626040800144996 1.0383461567234497e-32 0 0.00047981797234972797 -0.59429621648569708 -0.1413399775740819 -0.13385337734549382 -0.13388897263114505 -0.58750741688568187 -0.13337762367749367 0.010551450187629019 -0.097539709799564125 -0.2123657929889067 -0.097006710955458819 -0.53480193136050946 -0.14566505991747633 0.00047931988312329343 0.34043171908139308 -0.0036407868042774788 -0.11812157220264188 0.0091922357678413391 0.006225231545805422 0.36456608211370728 8.2783167025733189 -0.017570672746315876 0.1559525611833783 8.2783167025733189 0.15252496077312064 -0.52637451694255832 -0.025512976174754509 -0.52968675518520714 -0.00054713818148412717 -0.10413009633744555 -0.17487450280882677 -0.094130820057075487 0.35485076395111287 0.13686023283376933 -0.022141204952725192 -6.3127749405015524e-08 2.1809907834072395e-08 2.1809907834079224e-08 2.7096702584325448e-05 2.952152064532109e-05 1.5337735421528555e-05 -4.8776936878280286e-05 -0.31689580424708202 -0.58750741688568187 -0.21236579298890668 0.34043171908139308 -1.2518151784286147 8.2783168878123092
0.013117206282913685 -0.089998642302917237 0.0015742507527310593 0.012139136472485969 0.0082707826132835966 -0.049815376296632664 0.0085834697997942168 5.3006392610108442e-33 0 0.00034306905417478395 -0.38718068819332069 -0.05245428187990276 -0.046393170407596059 -0.045056016029765708 -0.38053149599102037 -0.044862394880664506 0.010508528063675842 0.0049000105476780876 -0.0026716979853005007 0.0050457057322867045 -0.36560536756412565 -0.057517838823334416 0.00034297567041166919 0.093882874850863676 0.0012109621174854306 -0.02968137442096767 0.013117206282913685 0.011848900861404603 0.11774755360250161 3.6820765029995126 -0.017322264215078209 0.060057238258925262 3.6820765029995144 0.05746943621671214 -0.35988269260774836 0.0035794585561983059 -0.36313048406628928 0.02871274496661173 -0.071596508276369722 0.012880112983949055 0.0079144291618053145 0.11459100469172456 0.042011077820141088 -0.016659583658777039 -2.6985221734233974e-08 1.5594047917031378e-08 1.559404791703519e-08 6.6125883772941081e-06 1.4051970964598952e-05 6.2499374427453313e-07 -1.445762763254295e-05 -0.049815376296632664 -0.38053149599102037 -0.0026716979853005029 0.093882874850863676 -0.54997836173430026 3.6820765030001787
-0.0048607708886265755 -0.4828856634248444 -0.0096885236677262433 0.010671985683314201 -0.0029954706242029598 -0.44284662361004523 -0.0041067155903788842 3.0560302301535706e-33 0 -0.00041598225299278169 -0.59140778853071874 -0.18111527795619159 -0.1646930295932014 -0.17380029495951768 -0.5848701214487706 -0.17481786442452379 0.010485705464263216 -0.090343974740090385 -0.17979189936322867 -0.091269557573596616 -0.54474597587335138 -0.17483546083636606 -0.00041603434850483515 0.068657777555075947 -0.0074527105136355737 -0.15972204479817839 -0.0048607708886265755 -0.00083970790316778999 0.092441083708391922 2.9514644604451989 -0.017207658043607091 0.044887397394298513 2.9514644604452003 0.047677868643427913 -0.53635991652844228 -0.031647342615266215 -0.53954900184957522 -0.006378774919335784 -0.10368487234169455 -0.15656882631410396 -0.088403737116333328 0.089957113384290355 0.032298272478467657 0.017209369780614651 8.5554531605506631e-08 -1.8908284226947884e-08 -1.8908284226943451e-08 3.6714873392525004e-05 3.3704401199055919e-05 1.3899475786705975e-05 -1.5080756172479318e-05 -0.44284662361004523 -0.5848701214487706 -0.17979189936322867 0.068657777555075961 -0.47141294237295162 2.9514644604452624
-0.024885611608624458 -1.0933111609249579 -0.028277163610629565 0.0064533997857813457 -0.021611518621688718 -1.0537707285022584 -0.022766502117754148 7.0314720724621216e-33 0 -0.000349874928921534 -0.96264812836398062 -0.38330196693683827 -0.36989672109839467 -0.37612772944389461 -0.95644936770417832 -0.37660227976537519 0.01032453782681887 -0.20053925462863315 -0.40945891279141305 -0.20068537754642185 -0.81797935341295369 -0.37850149607649514 -0.00035033568718931295 0.31683168936144379 -0.021751664315868901 -0.36176611548728832 -0.024885611608624458 -0.019505390610674612 0.34035987308856169 7.4945324565349365 -0.016984106330331355 0.14013261750352149 7.4945324565349347 0.14283874237565733 -0.80580478805829592 -0.082801770960896137 -0.80889316541610556 -0.057257160856584305 -0.1496734997138903 -0.3379897736102474 -0.19785293618892014 0.33128862129846964 0.1276552834216666 0.016703883744185272 1.144727871904254e-07 -1.5903405860073566e-08 -1.590340586006621e-08 8.3476096642572659e-05 6.6986273598084955e-05 2.9790817056273389e-05 -4.9946826643928953e-05 -1.0537707285022584 -0.95644936770417832 -0.40945891279141305 0.31683168936144379 -1.1700431679590273 7.4945324951865899
-0.023996861651539803 -1.1484610603805514 -0.033045071247996785 0.00059182825867518563 -0.026426408883586321 -1.1096682298010476 -0.026164778974660442 9.1932124321506793e-33 0 0.00016908289729911503 -1.0101326898465701 -0.40190689608055369 -0.39252594318852457 -0.39486379355691581 -1.0044809423605223 -0.39447678388879731 0.010119078020903633 -0.16900972550800897 -0.35501367035831444 -0.16844863390346534 -0.84634309422479825 -0.39971008806766495 0.000168482988720952 0.40076149368115938 -0.025419285575382138 -0.38002264577302919 -0.023996861651539803 -0.02291506761492659 0.42382402535626229 9.1747787894764858 -0.016614842502247512 0.17563949692943928 9.1747787894764841 0.17466077082578685 -0.83418230338855304 -0.089134251422169838 -0.83714939741381533 -0.063299723326325566 -0.14990427752927463 -0.26324031474747633 -0.16565924346585736 0.41253559358979353 0.15981546412846442 -0.0065871379628131459 2.301689439603028e-08 7.6855862408669547e-09 7.6855862408723578e-09 8.767625966992687e-05 7.004376608527663e-05 2.5469947445381491e-05 -5.8934802802404078e-05 -1.1096682298010476 -1.0044809423605223 -0.35501367035831444 0.40076149368115938 -1.4053263429734384 9.1747798255008046
-0.010016945190727711 -0.68712690054890524 -0.023149815197802341 -0.0035916031310824562 -0.016573558222445179 -0.64893637172008378 -0.015512550697610124 6.7764180393031099e-33 0 0.00042343590618689977 -0.76818663148735356 -0.24902551759777178 -0.24095868111963953 -0.24207792214496457 -0.76299875625779356 -0.2414737598110672 0.0099998867729059332 -0.054392304684471433 -0.12529428017647554 -0.053873405665568627 -0.66841297165442537 -0.24709528661333852 0.00042310209787052176 0.23830574184559336 -0.017807550152155651 -0.22732972032615226 -0.010016945190727711 -0.01227242954724014 0.26096327802119512 6.2514984436148273 -0.016280806837375563 0.11482093983429942 6.2514984436148273 0.11181271881320892 -0.65917538813427079 -0.059159089335355998 -0.66203949276739982 -0.033167440837760478 -0.11479637643111099 -0.049791190983271068 -0.051108052305216659 0.25400287323078952 0.097264011399115932 -0.01934780146289234 -4.798902886196315e-08 1.9247086644854935e-08 1.9247086644862694e-08 5.2303346157251684e-05 4.5020043823657972e-05 9.1140570664686002e-06 -3.4383173890364699e-05 -0.64893637172008378 -0.76299875625779356 -0.12529428017647556 0.23830574184559336 -0.94270012974900219 6.2514984456235219
-0.0098799886181950569 -0.50049989508036152 -0.019210328773989684 -0.0054041316215942981 -0.012663411075870658 -0.46265968502201726 -0.012580910923058257 2.6881543280896526e-33 0 8.4847931783527258e-05 -0.63172884371968008 -0.18623810032769317 -0.17461998425147859 -0.17936755425587253 -0.62681590117375408 -0.17951843948732452 0.0099775036662316293 -0.014097264230483299 -0.035106557430942188 -0.014357197174288119 -0.57171195735691571 -0.17990605654676756 8.4811104967829389e-05 0.057416706118535346 -0.014777175979992067 -0.16556011793822442 -0.0098799886181950569 -0.009346651517616435 0.079896798584138659 2.8031886341652426 -0.01610071582101949 0.042869733422128818 2.8031886341652426 0.042087005680434865 -0.56391799181423286 -0.045352207964354872 -0.56670671301987463 -0.019329235039320804 -0.097245104318857217 0.020368254469634074 -0.011594651923967105 0.077747901382194326 0.027680598116513518 -0.005270529733815553 1.1347597884652912e-08 3.8567241719758678e-09 3.8567241719801443e-09 3.7993940453675148e-05 3.3846592506867911e-05 3.156229311712124e-06 -1.0533948239230325e-05 -0.46265968502201726 -0.62681590117375408 -0.035106557430942223 0.057416706118535346 -0.42611472917870258 2.8031886341652563
-0.029678149148821831 -0.95955203181547422 -0.032703491226102027 -0.0077297226140321234 -0.026192170462709979 -0.92214084404400432 -0.027392294098562919 2.4374672038630881e-33 0 -0.00040948476329259953 -0.86216522135164109 -0.33716348079673314 -0.32083124448895106 -0.33040442213690346 -0.85754778979318669 -0.3312354894685457 0.0099222733890509535 -0.1156313713976003 -0.23235215669419759 -0.11634639628316697 -0.75091358352833137 -0.32493636762210631 -0.0004096299845906885 0.12319326577000486 -0.025156531712386174 -0.31750148940325346 -0.029678149148821827 -0.02416636075393807 0.14556823592363871 3.8270331942385587 -0.015976808906945715 0.064406577896720801 3.8270331942385596 0.067261697331113146 -0.74043185060698458 -0.081719643411764631 -0.74313885256737489 -0.055632221957122835 -0.12956733156329758 -0.16001166755777987 -0.11359400571707282 0.14167450181604882 0.05294850161783491 0.017652587746682061 1.1727209350816646e-07 -1.8612943786030595e-08 -1.8612943786024613e-08 7.3164540977035025e-05 5.7536546612714652e-05 1.7490311855465229e-05 -2.2614211678762606e-05 -0.92214084404400432 -0.85754778979318669 -0.23235215669419762 0.12319326577000483 -0.60659795380440507 3.8270331942410545
-0.045561846345663071 -1.4646085307032053 -0.048897251347893876 -0.012682404882114374 -0.042445785306349917 -1.4279746039401697 -0.043306200599579202 6.0285722533520555e-33 0 -0.00024410952478442973 -1.1414562736919869 -0.50436435412178882 -0.49110343758560238 -0.49775118328306633 -1.137375909172281 -0.49800924640556288 0.0097508181673421641 -0.19601101036762958 -0.40159824156894652 -0.19601526998397839 -0.94860827817140381 -0.49370339129295204 -0.00024460730247582839 0.33717205489502228 -0.037613270267610674 -0.4846708630967736 -0.045561846345663071 -0.040096035412852643 0.35924646232292712 7.7774376060754573 -0.015725795767412239 0.14728207245092995 7.7774376060754538 0.14923538335315678 -0.93541654873335911 -0.12028587267353091 -0.93800769897160086 -0.094018068292942722 -0.16244642710076101 -0.29081326947110092 -0.19329861669831702 0.3496753304300031 0.13514740368490705 0.011948260024395436 1.1629384963426808e-07 -1.10958874902059e-08 -1.10958874901956e-08 0.00011184905494698139 8.4686100062329132e-05 2.911562188044341e-05 -5.2065897364771131e-05 -1.4279746039401697 -1.1373759091722813 -0.40159824156894658 0.33717205489502233 -1.2088239477490699 7.7774376752136725
-0.038963742554187775 -1.3318149566822541 -0.04858210339501564 -0.018399341889483101 -0.042204137317889828 -1.2961061217408585 -0.041575170105688987 7.4503588726639986e-33 0 0.00024688913286466168 -1.09064241485608 -0.46062930873265445 -0.45130412561248973 -0.45414744366662002 -1.0872300930150338 -0.45359170302348911 0.0095612282537832112 -0.1435675059898254 -0.30427980770893748 -0.14295104679843282 -0.9058713063519277 -0.45256480184361797 0.00024633511731724661 0.37068639557326238 -0.037370848765396647 -0.4407213564612939 -0.038963742554187775 -0.038384415871496803 0.39230409429786339 8.5238212856336339 -0.015365365171020537 0.16324690567358058 8.5238212856336357 0.1616840607918032 -0.89364937229124353 -0.11495457638351259 -0.89611438515941222 -0.088517336134070743 -0.15098728767356767 -0.18346241281738618 -0.14027405417554847 0.38185515757074207 0.1479264987875514 -0.010244379866477027 1.2326099631727236e-08 1.1222233312024047e-08 1.1222233312036961e-08 0.00010164837986632575 7.7758927010589422e-05 2.1792153058962186e-05 -5.4044386209626806e-05 -1.2961061217408585 -1.0872300930150338 -0.30427980770893742 0.37068639557326233 -1.3014927671084147 8.523821588665518
-0.024013211950659752 -0.80446959947268437 -0.036437690801411009 -0.02172149382431553 -0.030122603983581402 -0.76944948713205841 -0.029027281129862727 4.5596003806466711e-33 0 0.00038556933284405765 -0.81182809600148598 -0.28563764517000823 -0.27661620826980859 -0.27925005755999971 -0.80893003008417774 -0.2786991087951623 0.0094690985654336934 -0.034937694068867813 -0.084199742829618909 -0.034554459841969247 -0.70342450337903573 -0.27692332105458395 0.00038531647319633338 0.18699210963911397 -0.028028992924162312 -0.26617994373348214 -0.024013211950659752 -0.025852402225539306 0.20825923961160123 5.1760701077155407 -0.015071610398741206 0.093510348102091578 5.1760701077155415 0.090721858505255146 -0.69435551714560528 -0.081735264253819925 -0.69671958668055456 -0.05526548562135096 -0.11293039716985465 0.013624621115918813 -0.031895667828828377 0.20270115933157912 0.077222425808009129 -0.017935203876646141 -3.9131707976157659e-08 1.7525878765634085e-08 1.7525878765641361e-08 6.1222234405404989e-05 4.9170915649252273e-05 6.2403613762561098e-06 -2.7123999144456215e-05 -0.76944948713205841 -0.80893003008417785 -0.084199742829618798 0.18699210963911397 -0.77861429967705631 5.176070107827571
-0.026566676795482635 -0.69237657513854522 -0.034050635982002406 -0.022795557501820718 -0.027784967573833853 -0.65779856686514804 -0.027903814461141641 1.1026559928241635e-33 0 -3.1841716301618045e-05 -0.7201487092362443 -0.24738112674661819 -0.2342660192339166 -0.2410783713841948 -0.71757203119237145 -0.24137010427398273 0.0094526789041911793 -0.025564235937616642 -0.055592259087243183 -0.025978421330627548 -0.64190871702621266 -0.23372583537435901 -3.1864403565584527e-05 0.046799169550840743 -0.026192796909232614 -0.22908034700168525 -0.026566676795482635 -0.024741090111823304 0.0679297299887201 2.4499418294240884 -0.014924250051422786 0.036632806350601704 2.449941829424088 0.036681091630014165 -0.63366223266764454 -0.075162946436252737 -0.63595020792096235 -0.048753926447552935 -0.10275632421546964 0.025273124946150582 -0.023321259411886262 0.066100652477437613 0.023294716762651293 -1.7258633002059925e-05 3.8842269865093458e-08 -1.4473507409859039e-09 -1.4473507409806724e-09 5.2629758806599125e-05 4.2092882405306386e-05 4.6838275412802898e-06 -9.501544031952257e-06 -0.65779856686514804 -0.71757203119237134 -0.05559225908724319 0.046799169550840743 -0.37700656483538886 2.4499418294240902
-0.045891646295785904 -1.1730165394377887 -0.047918736150030242 -0.024787167468001393 -0.041710903994742456 -1.1390017299487811 -0.042894141648930142 1.9143773918913605e-33 0 -0.00041548744872127279 -0.96389060703622587 -0.4056107282232928 -0.38955050810518521 -0.39942885321030341 -0.96168994613167247 -0.40016835074216311 0.0093784381425007311 -0.13333606695707212 -0.26834229827338441 -0.1339575417182183 -0.82584494079240967 -0.38781689263231461 -0.00041569278948660771 0.15771223688152547 -0.036860566269254026 -0.3881674397364106 -0.045891646295785904 -0.039746658241928155 0.1787194395355666 4.337367069992939 -0.014793274236560964 0.076239897182569669 4.3373670699929407 0.079193604865554226 -0.81481738927071012 -0.1127601584219281 -0.81701736476820752 -0.086346717767695258 -0.13616992474976536 -0.16661420274777924 -0.13131483422746371 0.17394667338943989 0.065911207741115196 0.018286688009059117 1.307444266778264e-07 -1.8885793123698526e-08 -1.8885793123690446e-08 8.9457818229678207e-05 6.7188244652856968e-05 1.9972016584082751e-05 -2.7378880452756371e-05 -1.1390017299487811 -0.96168994613167247 -0.26834229827338452 0.15771223688152544 -0.68576761714519829 4.3373670700073887
-0.055716224014759064 -1.5289109970791277 -0.059798877223161885 -0.029131026364801683 -0.053670544967779947 -1.4957706885626056 -0.054159861346102005 5.5190683163816902e-33 0 -0.00014238541193070721 -1.1664439309714727 -0.52353719438361435 -0.51141266476106861 -0.51750029505714634 -1.1648423703355137 -0.51752562933112389 0.0091993155536351946 -0.18839549398744684 -0.38791299571342841 -0.18823041364902543 -0.96562174138810619 -0.50826383055487956 -0.00014290877291520178 0.35063711354102545 -0.045999136325509143 -0.5059666044921125 -0.055716224014759064 -0.051034136528096859 0.37131259965598368 7.9371856235007616 -0.014524660973497255 0.15179949717972499 7.937185623500759 0.15304548669541201 -0.9527215257403242 -0.14112079241569025 -0.9548033869797059 -0.11459880239762726 -0.15889981542666379 -0.25365845933863262 -0.1856252250240974 0.36142273767863858 0.14000778195224192 0.0075015231630280298 9.9618882694944538e-08 -6.4720641786743811e-09 -6.4720641786614746e-09 0.00011671544069464978 8.650311835712588e-05 2.8009908335821329e-05 -5.3236355250276451e-05 -1.4957706885626056 -1.1648423703355137 -0.38791299571342841 0.35063711354102539 -1.2289608848891669 7.9371857188926853
-0.04309125617146492 -1.2099019269688673 -0.053685153447857042 -0.033349276902882245 -0.047641981006893583 -1.1776675059856225 -0.04667363081899404 6.1316896739123132e-33 0 0.00032689621372804689 -1.0189590494507406 -0.41809453571741773 -0.40965731781962494 -0.41217876613239435 -1.0180048667703632 -0.41148442333080565 0.0090313243590794262 -0.11192075365984037 -0.24096185006390014 -0.11126606804384917 -0.85359558452092843 -0.40534973704785165 0.00032640802546259458 0.3285836420702859 -0.041296271882966966 -0.40038231307947481 -0.04309125617146492 -0.043570852934435612 0.34882196940597404 7.6592583159016083 -0.014179902488156522 0.1463237006557325 7.6592583159016066 0.14414960715699454 -0.84261230519744035 -0.12370480453586781 -0.84457588494902291 -0.097114129505523811 -0.13590016569305613 -0.10759521718372224 -0.10869588160705569 0.33953029000815094 0.13142748352615166 -0.014067759010866928 -1.0204186446180191e-08 1.4858918805817073e-08 1.4858918805826233e-08 9.2252216638726554e-05 6.968294564957205e-05 1.7229000527197735e-05 -4.7440651823011737e-05 -1.1776675059856225 -1.0180048667703632 -0.24096185006390003 0.32858364207028584 -1.1646211712327308 7.6592583678647159
-0.027546223253011703 -0.64807614812460934 -0.039487664671361992 -0.034668098330365278 -0.033512708640616708 -0.61643248268983308 -0.032449121850893256 2.7242598695245974e-33 0 0.00035469367311099972 -0.7124521156759237 -0.23154947174629328 -0.22282171892385258 -0.22571628850893649 -0.71193074742830575 -0.22522884160390916 0.0089726084789684361 -0.0076378181358413323 -0.027586181392451409 -0.0073790128412628787 -0.63025050895241796 -0.2177535670576472 0.00035454442640034281 0.12201235004204501 -0.030375126670278457 -0.2144280150372532 -0.027546223253011703 -0.029363963224327529 0.14196881568360387 3.8590839204565883 -0.01393581732412129 0.067075276434531719 3.8590839204565883 0.064456368636525443 -0.6226111322173542 -0.087209585852008553 -0.62448785475322643 -0.060691958204924477 -0.095399971527782568 0.076647638414771957 -0.0048197854160401512 0.13817396259337744 0.051944330063570382 -0.016822227018260156 -3.8675318538631993e-08 1.6122439686858582e-08 1.6122439686865679e-08 4.919401104922776e-05 3.9172792349662706e-05 2.2555261895417388e-06 -1.7893309967962779e-05 -0.61643248268983308 -0.71193074742830575 -0.027586181392451409 0.12201235004204498 -0.57705535554279663 3.8590839204579428
-0.032186605036258698 -0.61916392651200713 -0.03836548865088979 -0.034080516170574754 -0.032445012935636633 -0.58788535870350611 -0.032760009035696584 -1.6496501407508561e-34 0 -0.00012494207087394122 -0.66266641018372985 -0.22082092674228498 -0.20778197598416656 -0.21506817418136542 -0.66239449700487685 -0.21547075850463163 0.0089711640442498696 -0.02385433473328917 -0.05026376686058797 -0.024382344742304381 -0.59904081292783029 -0.20198452657236324 -0.00012491825687118243 0.016645119135160188 -0.029511914346838305 -0.20485981409616799 -0.032186605036258698 -0.029688766980336657 0.036523918907828704 1.7540869460399162 -0.013832962803008711 0.023146225321431645 1.7540869460399158 0.023860076941276408 -0.59168668924052426 -0.086352341640591801 -0.59349866601869172 -0.059971517503619724 -0.091621766782046685 0.039661399166395932 -0.021821574690703071 0.035531049341512272 0.011419759526799666 0.0042201643212453101 5.3145490551533746e-08 -5.6791850397281102e-09 -5.6791850397222687e-09 4.6984814699262618e-05 3.660398677882305e-05 4.3493338905989191e-06 -5.572982169505144e-06 -0.58788535870350611 -0.66239449700487685 -0.050263766860587963 0.016645119135160188 -0.27415837360490131 1.7540869460399171
-0.049511115998029709 -1.0955819777007096 -0.051422297605172265 -0.0348428367218062 -0.045565802253876499 -1.0648262759126865 -0.04666544097788581 1.647353529100511e-33 0 -0.0004199006076529989 -0.91654186697975049 -0.37787657803727959 -0.36293990313405211 -0.37224362459219501 -0.91660166408334354 -0.37289289003095361 0.0088909836656041758 -0.13763075457471077 -0.27747790726642291 -0.138165964316178 -0.7899549472920202 -0.35603261638156136 -0.00042012224829265736 0.16576808571748808 -0.0395556135424402 -0.36254936214115169 -0.049511115998029709 -0.043611459928880769 0.18553275823063992 4.3728159309715879 -0.013712973960976918 0.078039077010020122 4.3728159309715862 0.081072510509189122 -0.77969216401676422 -0.12504131815246317 -0.78142257766336432 -0.098703981181282499 -0.12655771638674276 -0.16347155141919112 -0.13562106201606491 0.18058063735189647 0.068728480774568265 0.018827594836077592 1.2552459721593689e-07 -1.9086391256959384e-08 -1.9086391256950785e-08 8.3495866292543911e-05 6.1820719232019253e-05 2.054702031377892e-05 -2.8388823705517633e-05 -1.0648262759126865 -0.91660166408334343 -0.27747790726642296 0.16576808571748808 -0.69176372442296952 4.3728159309879198
-0.052541982382535934 -1.2886962019515869 -0.058097595659791779 -0.037630687785066425 -0.052322446956330856 -1.2587222316183273 -0.052426805919404441 5.2886059724114896e-33 0 -3.9509366123800301e-05 -1.04225488915764 -0.44211997433580441 -0.43206146202671591 -0.43662177836296201 -1.0428391480140924 -0.43641910967403419 0.0087173732836705615 -0.16668852439714787 -0.34607440952497381 -0.16635739781002296 -0.87310804771355488 -0.4239121268660595 -4.0012090892889009e-05 0.33622691525834891 -0.044690458199839828 -0.42647022965993292 -0.052541982382535934 -0.049395163579035797 0.35565963293096264 7.5981330969199297 -0.013447244894428004 0.14576249078215173 7.5981330969199279 0.1462879434033493 -0.86179028754862141 -0.14290036851423216 -0.86341270102754053 -0.11651330463655279 -0.13939253458904327 -0.20559207181919129 -0.1638488828035857 0.34618738225242479 0.13418732319978996 0.003000930010194261 6.6953591563836657e-08 -1.7958802783592604e-09 -1.7958802783493901e-09 9.8286595075785388e-05 7.2705490621712083e-05 2.4903023756041146e-05 -5.0457582814750957e-05 -1.2587222316183273 -1.0428391480140924 -0.3460744095249737 0.33622691525834891 -1.1722832275009509 7.5981331437572566
-0.034793972969055176 -0.81772600512673277 -0.046634229587854834 -0.039524554432580697 -0.040937684665656289 -0.78845397133638928 -0.039718408222931913 5.0481815964688167e-33 0 0.00039246246304152878 -0.80983685120271032 -0.28636524684852954 -0.27964004523131297 -0.28096803651477592 -0.81091626070018874 -0.28018214263802482 0.008584159799195374 -0.068735889344302886 -0.15424114283691381 -0.06807618019683144 -0.69906853712174122 -0.27060110926416386 0.00039208543758436563 0.2591928197928372 -0.035872484298349869 -0.27058822764764823 -0.034793972969055176 -0.036707743966578887 0.27824014691769422 6.3040050637766143 -0.013139497915329279 0.11899481200880128 6.3040050637766143 0.11630269901312144 -0.69050442877638196 -0.1142169886059977 -0.69202844229943283 -0.087847945208133701 -0.10620040206452994 -0.025482724879654806 -0.065595095480525695 0.27082556867667018 0.10448121545186688 -0.01727968275927879 -4.0718531862202985e-08 1.7839202865519167e-08 1.7839202865526443e-08 6.2188940614615786e-05 4.7750503128683283e-05 1.1022073601041423e-05 -3.706207808908055e-05 -0.78845397133638928 -0.81091626070018863 -0.15424114283691384 0.25919281979283726 -0.95284838695905738 6.3040050660862796
-0.019923966377973557 -0.27518420809312982 -0.031527048631407144 -0.038326546560025487 -0.025887141315252542 -0.2462504620242196 -0.024956912557493865 1.0859471524191563e-33 0 0.00034770033888114287 -0.47883735898729596 -0.10622399943397091 -0.099842054442830092 -0.10088386371154195 -0.48016365256930671 -0.10043414599528223 0.0085709844919728186 0.036853724257658864 0.062715272403608829 0.037037093643894549 -0.44747042814520821 -0.090361344782297848 0.00034770018400365622 0.029701751935873294 -0.02425157587031318 -0.091015770456608483 -0.019923966377973557 -0.021960510994399017 0.048564803079827017 2.0650583757232446 -0.012964099417060318 0.030501435220943385 2.0650583757232446 0.02788832860873551 -0.44255654413445872 -0.072581285390704672 -0.44401910045927478 -0.046374915770398928 -0.061886513804917546 0.15624522480789776 0.039517151355852355 0.047253355388931773 0.016209569021929889 -0.016702337377397868 -4.3330736519688834e-08 1.5804560858231636e-08 1.5804560858235067e-08 2.0620476970741792e-05 1.7999326784504342e-05 -4.1552435982622715e-06 -4.671726493594446e-06 -0.2462504620242196 -0.48016365256930671 0.062715272403608829 0.029701751935873294 -0.30109143105634095 2.065058375723245
-0.026777911931276321 -0.35191969713281318 -0.032126351099276008 -0.035819283840538133 -0.02653040381504276 -0.32314621396521392 -0.027059814255160734 -1.4064192214735402e-33 0 -0.00021519009207655439 -0.47178052619275945 -0.13050426218248556 -0.11901972663894209 -0.12522481963603124 -0.4731999280914278 -0.12574541381164173 0.0086014783224493321 -0.0044014994026572414 -0.0095064691607465099 -0.0050474917985924104 -0.44619122630928687 -0.10906664901585042 -0.00021506207866041897 -0.048215515204042637 -0.02471257776867385 -0.11641475426546494 -0.026777911931276318 -0.024074363050630158 -0.029334719172916631 0.44183764406940229 -0.012929617528552243 -0.0034173517096364081 0.44183764406940207 -0.0020658630559376671 -0.44102337497363381 -0.076924455762425473 -0.44244493739945973 -0.050919448830908182 -0.064535048048181443 0.071175590065859315 -0.0025589646108700121 -0.028576230186342248 -0.013738683429357917 0.0083167844447933591 5.7522316609493164e-08 -9.7813678216625349e-09 -9.7813678216589847e-09 2.651665238823653e-05 2.0962054018905411e-05 1.4979872848954048e-06 3.2729981121718979e-06 -0.32314621396521392 -0.4731999280914278 -0.0095064691607465116 -0.048215515204042637 -0.076312045472761006 0.44183764406940274
-0.04156772792339325 -0.81674204297211139 -0.044063918073931056 -0.035143362706298746 -0.038522569607639522 -0.7883270206917341 -0.039511565501472896 1.6708339939960486e-33 0 -0.0004743013291228827 -0.76076643090098506 -0.28394934661079224 -0.27011899512645793 -0.27878245394687184 -0.76238310883974725 -0.27941111437612448 0.0085263868893143257 -0.13810102808062621 -0.27822965904581948 -0.13861855283059432 -0.67342817612634298 -0.25918553482384327 -0.00047450282777417025 0.15209920956653952 -0.033895321595331582 -0.27026570854831988 -0.04156772792339325 -0.036540652237971719 0.17090989058780429 4.0148544608405157 -0.012843781687564643 0.071402688004834028 4.0148544608405157 0.074869251489821681 -0.6647836009793725 -0.12158776272325822 -0.66614052113028144 -0.095654537176075041 -0.10632445742675048 -0.16802928935398515 -0.1361448664867084 0.16634764898836862 0.063261789523487197 0.02161656544521268 1.0695905713662998e-07 -2.1559151323772226e-08 -2.1559151323764609e-08 6.2145677953220102e-05 4.6177853252723232e-05 2.0572425671846061e-05 -2.6624765149638308e-05 -0.7883270206917341 -0.76238310883974725 -0.27822965904581953 0.15209920956653955 -0.63946573030545539 4.014854460845819
-0.038357473909854889 -0.86083457910210726 -0.045792425942878176 -0.036174709905772102 -0.040318515035910781 -0.83298344229426968 -0.040080756978077746 5.6717632825700249e-33 0 5.9626646411190947e-05 -0.82415829783101557 -0.29919332191197084 -0.29200866178510015 -0.2941460759046543 -0.82613595030840825 -0.2937208993119988 0.0083601964704109362 -0.14200055106801554 -0.2986115667221737 -0.14148578354290786 -0.70975357932526661 -0.28003912118629576 5.9156173103292911e-05 0.31521238020590953 -0.035224943032983208 -0.28486173275522714 -0.038357473909854889 -0.037127960297222713 0.33370414527768599 7.1596298444289213 -0.012589611405632988 0.13743011018948229 7.1596298444289213 0.13727341207037944 -0.70074993712924583 -0.13017152022218018 -0.70201614369693566 -0.10421771887650073 -0.11077695515597477 -0.165608019738822 -0.13904690850907023 0.3248165964809237 0.12589941205153135 -0.001241349195231295 2.6159864098560781e-08 2.710302109593397e-09 2.7103021096048758e-09 6.5523933907271601e-05 4.9556778091961492e-05 2.1390770985657163e-05 -4.6798463861302147e-05 -0.83298344229426968 -0.82613595030840836 -0.29861156672217376 0.31521238020590947 -1.1005593562293057 7.1596298624146915
