# input reference p6 p7 residual6 residual7 iterations6 iterations7
2.85744965076446533e-2 -2.27102425395965879e0 -2.27102851867675781e0 -2.27102828025817871e0 1.60932543735725631e-7 6.55651106740151590e-8 3 3
4.77168485522270203e-2 -6.89299673038088123e0 -6.89300203323364258e0 -6.89300203323364258e0 5.44389081369445194e-7 5.96046447753906250e-8 6 6
5.18778823316097260e-2 -1.12001830532665263e1 -1.12001905441284180e1 -1.12001905441284180e1 1.27156579310394591e-6 1.31130218505859375e-6 4 4
4.16723676025867462e-2 -1.30579440609588708e1 -1.30579404830932617e1 -1.30579433441162109e1 3.01996863072417909e-7 2.38418579101562500e-7 5 5
2.36169695854187012e-2 -1.18805614554196186e1 -1.18805694580078125e1 -1.18805713653564453e1 3.89417027690797113e-6 3.53654218088195194e-6 10 10
7.43334181606769562e-3 -8.37368639043910079e0 -8.37367343902587891e0 -8.37367820739746094e0 3.57627868652343750e-7 1.19209289550781250e-7 8 8
2.02903430908918381e-3 -3.69825591758008487e0 -3.69825506210327148e0 -3.69825768470764160e0 9.33806134639780794e-8 1.07288357753532182e-7 9 9
1.18144750595092773e-2 2.46598170789123605e-1 2.46598362922668457e-1 2.46597617864608765e-1 1.02321308759201202e-7 1.88748039420261193e-8 3 3
3.48755680024623871e-2 4.81190631464158580e-1 4.81191605329513550e-1 4.81191039085388184e-1 1.47024792340744170e-7 1.31130221348030318e-7 5 5
6.37558773159980774e-2 -3.28612418458184852e0 -3.28613257408142090e0 -3.28613185882568359e0 3.13917809080521693e-7 2.54313164305131068e-7 6 6
8.85257497429847717e-2 -8.70732269549158744e0 -8.70733165740966797e0 -8.70733070373535156e0 4.60942572999556432e-7 9.93410722571752558e-8 4 4
1.00872084498405457e-1 -1.34345011973063588e1 -1.34345045089721680e1 -1.34345035552978516e1 3.29812365862380830e-7 3.57627868652343750e-7 7 7
9.75215733051300049e-2 -1.59003101958990971e1 -1.59003124237060547e1 -1.59003095626831055e1 4.80810797398589784e-7 2.30471286499778216e-7 6 6
8.15849006175994873e-2 -1.54553962877456055e1 -1.54553909301757812e1 -1.54553918838500977e1 2.58286803500595852e-7 1.66893002528922807e-7 10 10
6.12675510346889496e-2 -1.24355194430745399e1 -1.24355335235595703e1 -1.24355325698852539e1 7.66913126426516101e-6 7.15255737304687500e-6 9 9
4.64789681136608124e-2 -8.05523297907972591e0 -8.05520820617675781e0 -8.05520915985107422e0 2.38418579101562500e-7 1.74840295130707091e-7 10 10
4.47391644120216370e-2 -4.00955358989232025e0 -4.00955533981323242e0 -4.00955295562744141e0 1.80241968905647809e-7 2.90075945486023556e-7 12 12
5.80716282129287720e-2 -1.94228552450619008e0 -1.94228756427764893e0 -1.94228410720825195e0 3.01996863072417909e-7 4.37100737826767727e-8 2 2
8.21644216775894165e-2 -2.69793178313993076e0 -2.69793915748596191e0 -2.69792962074279785e0 2.22524008108848648e-7 6.75519302717475512e-8 4 4
1.08145631849765778e-1 -5.82423995811236583e0 -5.82424640655517578e0 -5.82423830032348633e0 5.48362720564909978e-7 4.29153431014128728e-7 3 3
1.26240685582160950e-1 -9.87253936026891843e0 -9.87254142761230469e0 -9.87253856658935547e0 1.82787573521636659e-7 2.62260442696060636e-7 3 3
1.29802569746971130e-1 -1.30846649729078273e1 -1.30846643447875977e1 -1.30846662521362305e1 3.29812365862380830e-7 2.38418579101562500e-7 6 6
1.18052303791046143e-1 -1.40916391352293182e1 -1.40916337966918945e1 -1.40916414260864258e1 3.69548786238738103e-7 3.49680590261414181e-7 5 5
9.63988229632377625e-2 -1.24197088947880570e1 -1.24197254180908203e1 -1.24197330474853516e1 7.23203038432984613e-6 7.23203038432984613e-6 7 7
7.42065384984016418e-2 -8.64641814300844125e0 -8.64640331268310547e0 -8.64640426635742188e0 2.10603076311599580e-7 5.24520885392121272e-7 10 9
6.09314851462841034e-2 -4.15909363668605447e0 -4.15910100936889648e0 -4.15909814834594727e0 5.76178251776582329e-7 1.98682155172491548e-8 11 11
6.22201599180698395e-2 -6.55359339625084747e-1 -6.55369937419891357e-1 -6.55369102954864502e-1 5.36441802978515625e-7 1.70866641724387591e-7 9 9
7.75807201862335205e-2 4.24026695676440302e-1 4.24020081758499146e-1 4.24017727375030518e-1 8.34465012644614035e-8 2.74181360282454989e-7 4 4
1.00587226450443268e-1 -1.31930023288279874e0 -1.31930100917816162e0 -1.31930470466613770e0 3.73522453855912318e-7 8.74201475653535454e-8 4 4
1.21532708406448364e-1 -4.98414399046376566e0 -4.98414182662963867e0 -4.98414611816406250e0 3.41733283448775182e-7 3.81469732246841886e-7 3 3
1.31436422467231750e-1 -8.89351425333896017e0 -8.89351272583007812e0 -8.89351749420166016e0 5.36441802978515625e-7 1.98682144514350512e-7 3 3
1.25752076506614685e-1 -1.13466718097290560e1 -1.13466711044311523e1 -1.13466758728027344e1 1.39077508265472716e-6 1.39077508265472716e-6 2 2
1.06246896088123322e-1 -1.12698626810727234e1 -1.12698583602905273e1 -1.12698621749877930e1 1.54972076416015625e-6 1.43051147460937500e-6 8 8
8.02765339612960815e-2 -8.59063541515623363e0 -8.59062957763671875e0 -8.59063243865966797e0 6.11941004535765387e-7 7.42147676646709442e-8 9 9
5.77546879649162292e-2 -4.20145138937979734e0 -4.20145082473754883e0 -4.20145225524902344e0 1.39077499738959887e-7 1.74840295130707091e-7 11 11
4.70678471028804779e-2 5.98472423126196418e-1 5.98476946353912354e-1 5.98473966121673584e-1 3.79482912649109494e-7 1.17222469953048858e-7 12 12
5.16205653548240662e-2 4.44363185998121146e0 4.44363975524902344e0 4.44363117218017578e0 2.18550368913383863e-7 7.94728620689966192e-8 3 3
6.84365704655647278e-2 5.06389963634737406e0 5.06390810012817383e0 5.06389522552490234e0 1.39077499738959887e-7 3.97364310344983096e-8 4 4
8.93928557634353638e-2 1.72415352553040147e0 1.72415030002593994e0 1.72414100170135498e0 3.29812365862380830e-7 1.94708505318885727e-7 5 5
1.04577571153640747e-1 -3.36922587798114037e0 -3.36923336982727051e0 -3.36923456192016602e0 7.39097572477476206e-7 4.76837158203125000e-7 4 4
1.06386266648769379e-1 -7.70203842483385070e0 -7.70204162597656250e0 -7.70204114913940430e0 6.83466566897550365e-7 1.19209289550781250e-7 3 3
9.26664993166923523e-2 -9.62540588726756141e0 -9.62540817260742188e0 -9.62540340423583984e0 4.92731714984984137e-7 1.98682144514350512e-7 2 2
6.76133036613464355e-2 -8.54495112601621543e0 -8.54494953155517578e0 -8.54494762420654297e0 5.24520885392121272e-7 1.19209289550781250e-7 9 9
4.00461629033088684e-2 -4.76855429273145415e0 -4.76855325698852539e0 -4.76855373382568359e0 5.96046447753906250e-8 5.96046447753906250e-8 15 14
1.97781808674335480e-2 2.12929368536684116e0 2.12929868698120117e0 2.12929272651672363e0 1.62919363333458023e-7 1.86761226927956159e-7 6 6
1.35755585506558418e-2 1.01374348713193196e1 1.01374502182006836e1 1.01374349594116211e1 6.19888282926694956e-7 2.46365857492492069e-7 11 8
2.23742518573999405e-2 1.48461781983349734e1 1.48461923599243164e1 1.48461780548095703e1 4.88758075789519353e-7 2.82128638673384557e-7 7 7
4.09021899104118347e-2 1.47361436384471531e1 1.47361450195312500e1 1.47361440658569336e1 3.57627868652343750e-7 1.58945724137993238e-7 12 12
5.98628446459770203e-2 9.98661631226381807e0 9.98661804199218750e0 9.98661804199218750e0 2.38418579101562500e-7 3.17891448275986477e-7 9 9
6.97792544960975647e-2 1.32250262923896789e0 1.32250142097473145e0 1.32250237464904785e0 2.30471286499778216e-7 1.66893002528922807e-7 5 5
6.49124607443809509e-2 -6.43077152464600221e0 -6.43078422546386719e0 -6.43077182769775391e0 2.14576715507064364e-7 1.70866641724387591e-7 6 6
4.56377454102039337e-2 -9.85933739242338980e0 -9.85935211181640625e0 -9.85933876037597656e0 1.58945724137993238e-7 2.14576715507064364e-7 9 9
1.82981789112091064e-2 -8.13352121335278078e0 -8.13353729248046875e0 -8.13353157043457031e0 4.76837158203125000e-7 7.94728620689966192e-8 9 9
-7.40409269928932190e-3 -4.30845096394284199e-1 -4.30853962898254395e-1 -4.30857181549072266e-1 1.82787573521636659e-7 3.13917809080521693e-7 5 5
-2.24025752395391464e-2 8.40117516864486014e0 8.40117168426513672e0 8.40116786956787109e0 4.05311595841340022e-7 5.24520885392121272e-7 6 6
-2.19990685582160950e-2 1.39930279042717292e1 1.39930324554443359e1 1.39930286407470703e1 2.54313164305131068e-7 4.92731714984984137e-7 6 6
-7.79426423832774162e-3 1.51398330657158233e1 1.51398372650146484e1 1.51398391723632812e1 3.17891448275986477e-7 3.01996863072417909e-7 11 11
1.29801873117685318e-2 1.25357622846145169e1 1.25357646942138672e1 1.25357675552368164e1 5.96046447753906250e-7 9.13937867608183296e-8 12 12
3.04525494575500488e-2 7.50319584799497452e0 7.50319337844848633e0 7.50319910049438477e0 1.64906182931190415e-7 5.96046447753906250e-8 10 9
3.61907966434955597e-2 9.02169686055016351e-1 9.02169823646545410e-1 9.02170956134796143e-1 6.35782910762827669e-8 7.94728620689966192e-8 4 4
2.66880895942449570e-2 -5.16747906532745471e0 -5.16748285293579102e0 -5.16748476028442383e0 1.35103860543495102e-7 1.39077499738959887e-7 2 2
4.81588020920753479e-3 -7.34302577899850029e0 -7.34303140640258789e0 -7.34303712844848633e0 2.04642617518402403e-7 9.93410722571752558e-8 3 3
-2.13549137115478516e-2 -3.09641481881386005e0 -3.09639549255371094e0 -3.09642434120178223e0 1.70866641724387591e-7 1.03314718558067398e-7 5 6
-4.18783165514469147e-2 4.03484855774727880e0 4.03487253189086914e0 4.03484678268432617e0 4.84784436594054569e-7 2.14576715507064364e-7 9 9
-4.90317381918430328e-2 9.90348090147006666e0 9.90349197387695312e0 9.90348339080810547e0 6.59624731724761659e-7 4.21206152623199159e-7 4 4
-4.04975824058055878e-2 1.24961703517721645e1 1.24961872100830078e1 1.24961929321289062e1 8.14596842246828601e-6 7.94728566688718274e-6 1 1
-2.03153174370527267e-2 1.15616324752918374e1 1.15616102218627930e1 1.15616216659545898e1 2.14576721191406250e-6 2.02655792236328125e-6 8 8
2.78868479654192924e-3 7.81905790761744868e0 7.81905508041381836e0 7.81906986236572266e0 4.21206152623199159e-7 9.25865606404840946e-8 11 11
1.90045442432165146e-2 2.27219917662765170e0 2.27221155166625977e0 2.27222442626953125e0 1.05301538155799790e-7 3.97364310344983096e-8 9 9
2.14887578040361404e-2 -4.33556846360441384e0 -4.33555269241333008e0 -4.33554220199584961e0 1.42057743346413190e-7 9.93410722571752558e-8 3 3
9.18969791382551193e-3 -9.52820944660492586e0 -9.52819824218750000e0 -9.52818965911865234e0 1.39077499738959887e-7 1.03314718558067398e-7 3 3
-1.27170300111174583e-2 -1.00710833711775205e1 -1.00710802078247070e1 -1.00710725784301758e1 2.38418579101562500e-7 1.98682144514350512e-7 3 3
-3.49629744887351990e-2 -4.33583913320699565e0 -4.33584022521972656e0 -4.33583545684814453e0 1.19209289550781250e-7 1.90734866123420943e-7 4 4
-4.80104051530361176e-2 3.26110129500076429e0 3.26109361648559570e0 3.26109838485717773e0 4.92731714984984137e-7 1.11262004054424324e-7 7 6
-4.59875203669071198e-2 8.60871513295652058e0 8.60870361328125000e0 8.60870933532714844e0 2.06629437116134795e-7 3.57627868652343750e-7 3 3
-2.91117429733276367e-2 1.01257460568937159e1 1.01257362365722656e1 1.01257400512695312e1 3.97364289028701023e-7 6.15914643731230171e-8 8 8
-3.60128586180508137e-3 7.96516983007787083e0 7.96516227722167969e0 7.96516847610473633e0 1.98682144514350512e-7 1.19209289550781250e-7 12 12
2.08885073661804199e-2 2.49382311800147960e0 2.49382185935974121e0 2.49382519721984863e0 2.98023223876953125e-8 7.45058059692382812e-8 8 8
3.52463759481906891e-2 -6.25665767348078639e0 -6.25665950775146484e0 -6.25665569305419922e0 4.52995294608626864e-7 1.78813934326171875e-7 5 5
3.46613451838493347e-2 -1.36584294146291256e1 -1.36584405899047852e1 -1.36584386825561523e1 2.22523999582335819e-6 2.38418579101562500e-6 7 7
2.06042155623435974e-2 -1.65512691950098798e1 -1.65512733459472656e1 -1.65512695312500000e1 3.69548786238738103e-7 2.38418579101562500e-7 6 6
2.16844506212510169e-4 -1.48238341780614622e1 -1.48238554000854492e1 -1.48238563537597656e1 5.04652643940062262e-6 5.36441802978515625e-6 10 10
-1.66388042271137238e-2 -9.05515733115274557e0 -9.05515384674072266e0 -9.05515289306640625e0 3.57627868652343750e-7 7.94728620689966192e-8 8 8
-2.14543323963880539e-2 -7.02260335700138794e-1 -7.02270269393920898e-1 -7.02271699905395508e-1 2.78154999477919773e-7 1.66893002528922807e-7 5 5
-1.05905709788203239e-2 5.70378305016370657e0 5.70377683639526367e0 5.70377826690673828e0 4.68889879812195431e-7 1.86761226927956159e-7 6 6
1.32152633741497993e-2 7.30068563841035711e0 7.30068349838256836e0 7.30068492889404297e0 8.14596816667290113e-8 6.55651106740151590e-8 9 9
4.19727563858032227e-2 2.24329044112825438e0 2.24328875541687012e0 2.24329113960266113e0 2.98023223876953125e-8 9.93410722571752558e-8 4 4
6.57284483313560486e-2 -6.73879856302593261e0 -6.73880052566528320e0 -6.73879766464233398e0 2.46365857492492069e-7 3.09944141463347478e-7 8 8
7.66655802726745605e-2 -1.44061892781942955e1 -1.44061908721923828e1 -1.44061889648437500e1 9.77516151579038706e-7 3.09944141463347478e-7 7 7
7.23219215869903564e-2 -1.81657870253792737e1 -1.81657848358154297e1 -1.81657886505126953e1 3.57627868652343750e-7 3.97364289028701023e-7 6 6
5.65982013940811157e-2 -1.78706850884546675e1 -1.78706989288330078e1 -1.78707027435302734e1 4.68889857074827887e-6 4.76837158203125000e-6 11 11
3.81410606205463409e-2 -1.45369928555478705e1 -1.45369863510131836e1 -1.45369853973388672e1 4.76837158203125000e-7 1.23182928746246034e-7 12 12
2.67677344381809235e-2 -9.83437776084454462e0 -9.83438110351562500e0 -9.83438301086425781e0 2.38418579101562500e-7 2.38418579101562500e-7 12 12
2.94075943529605865e-2 -5.68145359737858069e0 -5.68145322799682617e0 -5.68145465850830078e0 2.34444939906097716e-7 5.36441788767660910e-8 12 12
4.72349822521209717e-2 -3.87532736342837048e0 -3.87533402442932129e0 -3.87533473968505859e0 2.66234081891525420e-7 1.39077499738959887e-7 4 4
7.51763358712196350e-2 -5.14721406245840463e0 -5.14722537994384766e0 -5.14722633361816406e0 1.78813934326171875e-7 3.89417010637771455e-7 4 4
1.03994973003864288e-1 -8.74757780825939157e0 -8.74758529663085938e0 -8.74758529663085938e0 8.02675856448331615e-7 3.65575147043273319e-7 3 3
1.24093398451805115e-1 -1.30424818025013352e1 -1.30424995422363281e1 -1.30424995422363281e1 6.35782862445921637e-6 6.15914677837281488e-6 5 5
1.29464507102966309e-1 -1.62630147284986428e1 -1.62629966735839844e1 -1.62629966735839844e1 4.37100737826767727e-7 3.73522453855912318e-7 6 6
1.20161496102809906e-1 -1.71520317877860826e1 -1.71520309448242188e1 -1.71520328521728516e1 8.98043310826324159e-7 4.05311595841340022e-7 5 5
1.02267451584339142e-1 -1.54001800185068518e1 -1.54001779556274414e1 -1.54001798629760742e1 6.27835618161043385e-7 2.46365857492492069e-7 13 13
8.53773206472396851e-2 -1.17196742154802003e1 -1.17196760177612305e1 -1.17196798324584961e1 3.21865081787109375e-6 2.66234087575867306e-6 8 8
7.86310285329818726e-2 -7.61639001263363280e0 -7.61637830734252930e0 -7.61638307571411133e0 2.98023223876953125e-7 4.84784436594054569e-7 8 8
8.69345664978027344e-2 -4.78206735981970166e0 -4.78207302093505859e0 -4.78207492828369141e0 2.11596486110465776e-7 2.62260442696060636e-7 2 2
1.08928062021732330e-1 -4.42205868297833060e0 -4.42206478118896484e0 -4.42206478118896484e0 1.98682144514350512e-7 4.68889879812195431e-7 3 3
1.37539193034172058e-1 -6.68215464117878000e0 -6.68215560913085938e0 -6.68215608596801758e0 1.98682144514350512e-7 1.66893002528922807e-7 3 3
1.62893816828727722e-1 -1.05904038917370524e1 -1.05904035568237305e1 -1.05904054641723633e1 1.00135798675182741e-6 5.96046447753906250e-7 3 3
1.76382720470428467e-1 -1.45126411627764025e1 -1.45126371383666992e1 -1.45126380920410156e1 9.37779759624390863e-7 4.92731714984984137e-7 7 7
1.74206882715225220e-1 -1.68374569874618096e1 -1.68374576568603516e1 -1.68374576568603516e1 6.35782896551972954e-7 3.81469732246841886e-7 6 6
1.58938586711883545e-1 -1.66272145667597897e1 -1.66272144317626953e1 -1.66272182464599609e1 1.19209289550781250e-6 1.04904177078424254e-6 10 10
1.38454109430313110e-1 -1.39528534899867243e1 -1.39528675079345703e1 -1.39528646469116211e1 7.94728578057402046e-7 5.35510480403900146e-7 12 12
1.22678682208061218e-1 -9.87972606168239231e0 -9.87973976135253906e0 -9.87974071502685547e0 3.97364289028701023e-7 3.89417010637771455e-7 7 7
1.19486428797245026e-1 -6.04853919318458377e0 -6.04854822158813477e0 -6.04854631423950195e0 6.83466566897550365e-7 9.93410722571752558e-8 9 9
1.31447017192840576e-1 -4.01514163521777778e0 -4.01514530181884766e0 -4.01514291763305664e0 6.59624731724761659e-7 4.17232506322307017e-8 2 2
1.54761329293251038e-1 -4.60048492741299331e0 -4.60048437118530273e0 -4.60048055648803711e0 5.56309998955839546e-7 5.56310020272121619e-8 3 3
1.80825158953666687e-1 -7.50775156756821893e0 -7.50774955749511719e0 -7.50774431228637695e0 1.56561532094201539e-6 4.60942572999556432e-7 3 3
1.99775934219360352e-1 -1.14626985763908920e1 -1.14627056121826172e1 -1.14626979827880859e1 1.62919366175628966e-6 1.74840295130707091e-6 2 2
2.04559117555618286e-1 -1.47718284510390365e1 -1.47718286514282227e1 -1.47718210220336914e1 6.67572010115691228e-7 1.82787573521636659e-7 7 7
1.93836614489555359e-1 -1.60216202321371632e1 -1.60216236114501953e1 -1.60216197967529297e1 6.11941004535765387e-7 2.86102306290558772e-7 5 5
1.72537237405776978e-1 -1.46431420835843973e1 -1.46431388854980469e1 -1.46431417465209961e1 4.92731714984984137e-7 3.49680590261414181e-7 12 12
1.49822175502777100e-1 -1.11182589642740037e1 -1.11182594299316406e1 -1.11182594299316406e1 1.50998437220550841e-6 1.15235650355316466e-6 10 10
1.35304793715476990e-1 -6.79942211824705645e0 -6.79941606521606445e0 -6.79941749572753906e0 4.68889879812195431e-7 3.97364289028701023e-7 8 8
1.35084465146064758e-1 -3.37051732681969751e0 -3.37051391601562500e0 -3.37051558494567871e0 4.60942572999556432e-7 1.98682144514350512e-7 10 10
1.49230733513832092e-1 -2.18523034078268674e0 -2.18522834777832031e0 -2.18523025512695312e0 1.01725265722052427e-6 3.73522453855912318e-7 2 2
1.71755760908126831e-1 -3.66216009911571216e0 -3.66215896606445312e0 -3.66215920448303223e0 3.25838726666916045e-7 4.76837165308552358e-8 4 4
1.93086579442024231e-1 -7.07800727778544925e0 -7.07800579071044922e0 -7.07800531387329102e0 7.94728578057402046e-7 2.22524008108848648e-7 3 3
2.04016804695129395e-1 -1.09035566059232192e1 -1.09035549163818359e1 -1.09035549163818359e1 1.07288360595703125e-6 7.94728578057402046e-7 4 4
1.99507877230644226e-1 -1.34633736302844405e1 -1.34633779525756836e1 -1.34633760452270508e1 3.73522448171570431e-6 3.41733289133117069e-6 4 4
1.80771067738533020e-1 -1.36152316703546425e1 -1.36152315139770508e1 -1.36152191162109375e1 4.27826307713985443e-7 1.58945724137993238e-7 13 13
1.54771596193313599e-1 -1.11926201274528978e1 -1.11926364898681641e1 -1.11926221847534180e1 1.15235650355316466e-6 1.27156579310394591e-6 9 9
1.31359264254570007e-1 -7.05319887327151029e0 -7.05320215225219727e0 -7.05319452285766602e0 1.92721685721153335e-7 1.90734866123420943e-7 9 9
1.19209356606006622e-1 -2.73287237211004141e0 -2.73288106918334961e0 -2.73287463188171387e0 1.08047970570623875e-7 1.07288357753532182e-7 10 10
1.22248686850070953e-1 1.06961734950613105e-1 1.06954999268054962e-1 1.06959737837314606e-1 3.61601507847808534e-7 1.35103860543495102e-7 3 3
1.38041123747825623e-1 3.11022429307733994e-1 3.11019837856292725e-1 3.11019778251647949e-1 3.61601507847808534e-7 4.76837165308552358e-8 3 3
1.58798724412918091e-1 -2.12060180097892781e0 -2.12060213088989258e0 -2.12060523033142090e0 2.54313164305131068e-7 2.70207721086990205e-7 4 4
1.74601241946220398e-1 -6.01830435034619793e0 -6.01830387115478516e0 -6.01830959320068359e0 7.78834021275542909e-7 1.58945724137993238e-7 3 3
1.77495837211608887e-1 -9.63954937005139101e0 -9.63954448699951172e0 -9.63955497741699219e0 3.17891448275986477e-7 2.54313164305131068e-7 3 3
1.64785221219062805e-1 -1.14131466249520290e1 -1.14131431579589844e1 -1.14131546020507812e1 1.78813934326171875e-6 1.66893005371093750e-6 2 2
1.40147954225540161e-1 -1.05368015160987003e1 -1.05367956161499023e1 -1.05368051528930664e1 1.21593473068060121e-6 5.56309998955839546e-7 8 8
1.12128347158432007e-1 -7.24180226297201735e0 -7.24180698394775391e0 -7.24181842803955078e0 2.04090611077845097e-7 2.06629437116134795e-7 9 9
9.06191840767860413e-2 -2.57317669334136534e0 -2.57318735122680664e0 -2.57319712638854980e0 1.17719174852481956e-7 2.98023223876953125e-8 13 13
8.27882215380668640e-2 2.60169326780644727e0 2.60169363021850586e0 2.60168051719665527e0 1.78813934326171875e-7 6.35782910762827669e-8 12 12
9.01291742920875549e-2 6.56951737146805481e0 6.56953382492065430e0 6.56951570510864258e0 1.39077499738959887e-7 7.15255765726396930e-8 2 2
1.07853777706623077e-1 6.58752267380148737e0 6.58755159378051758e0 6.58753204345703125e0 7.30156912709389871e-8 5.96046447753906250e-8 4 4
1.26875743269920349e-1 1.74034298639699281e0 1.74036860466003418e0 1.74035596847534180e0 4.72863519007660216e-7 1.94708505318885727e-7 6 6
1.37568026781082153e-1 -4.57558556448442477e0 -4.57557201385498047e0 -4.57557392120361328e0 4.84784436594054569e-7 2.86102306290558772e-7 4 4
1.33743196725845337e-1 -9.22030318401201576e0 -9.22029876708984375e0 -9.22029399871826172e0 2.46365857492492069e-7 4.92731714984984137e-7 3 3
1.15214750170707703e-1 -1.07150261860295277e1 -1.07150268554687500e1 -1.07150230407714844e1 7.94728578057402046e-7 7.15255737304687500e-7 10 10
8.78824144601821899e-2 -8.91944165949822754e0 -8.91944026947021484e0 -8.91943740844726562e0 4.37100737826767727e-7 8.14596816667290113e-8 11 11
6.13064132630825043e-2 -4.06178429390010454e0 -4.06177949905395508e0 -4.06178188323974609e0 7.89761571695635212e-8 4.56968933804091648e-8 9 9
4.47713583707809448e-2 4.12189602132673194e0 4.12191057205200195e0 4.12190532684326172e0 4.64916240616730647e-7 2.82128638673384557e-7 5 5
4.34636399149894714e-2 1.12969830502989019e1 1.12970046997070312e1 1.12969999313354492e1 1.15235650355316466e-6 1.19209289550781250e-6 5 5
5.63395097851753235e-2 1.40881179341792855e1 1.40881261825561523e1 1.40881271362304688e1 3.97364289028701023e-7 3.97364289028701023e-7 5 5
7.65632987022399902e-2 1.21919252036470027e1 1.21919507980346680e1 1.21919507980346680e1 5.64257288715452887e-6 5.08626317241578363e-6 8 8
9.43350046873092651e-2 5.69366297675808397e0 5.69367170333862305e0 5.69367313385009766e0 1.11262004054424324e-7 5.96046447753906250e-8 7 7
1.00940592586994171e-1 -3.44338817085391513e0 -3.44336485862731934e0 -3.44336581230163574e0 1.52985251133941347e-7 1.23182928746246034e-7 8 8
9.23539251089096069e-2 -1.02532906040089884e1 -1.02532787322998047e1 -1.02532806396484375e1 3.05970502267882694e-7 3.17891448275986477e-7 4 4
7.09042176604270935e-2 -1.23108560343109250e1 -1.23108730316162109e1 -1.23108739852905273e1 5.56310033061890863e-6 6.23861933490843512e-6 9 9
4.43210750818252563e-2 -9.39983277628028624e0 -9.39983367919921875e0 -9.39983558654785156e0 1.29143401750297926e-7 1.19209289550781250e-7 9 9
2.25510001182556152e-2 -1.27951327635329193e0 -1.27953135967254639e0 -1.27953600883483887e0 2.94049584681488341e-7 4.76837165308552358e-8 5 5
1.36588774621486664e-2 7.11507138852847909e0 7.11506080627441406e0 7.11505794525146484e0 2.54313164305131068e-7 2.78154999477919773e-7 5 5
2.05052923411130905e-2 1.17838416060213120e1 1.17838430404663086e1 1.17838439941406250e1 3.25838732351257931e-6 3.01996874441101681e-6 3 3
3.95705588161945343e-2 1.18320510756405106e1 1.18320560455322266e1 1.18320560455322266e1 3.25838732351257931e-6 3.05970502267882694e-6 10 10
6.24106004834175110e-2 8.05959161747013475e0 8.05959129333496094e0 8.05959415435791016e0 1.19209289550781250e-7 3.97364310344983096e-8 11 9
7.91440308094024658e-2 5.22341930878813643e-1 5.22351324558258057e-1 5.22351264953613281e-1 1.56958904540260846e-7 2.18550368913383863e-8 4 5
8.25316756963729858e-2 -8.21547812940421984e0 -8.21547317504882812e0 -8.21547412872314453e0 3.65575147043273319e-7 2.06629437116134795e-7 7 7
7.09655135869979858e-2 -1.36863788569331408e1 -1.36863765716552734e1 -1.36863775253295898e1 2.46365857492492069e-7 1.98682144514350512e-7 7 7
4.91337217390537262e-2 -1.42377425769608834e1 -1.42377424240112305e1 -1.42377443313598633e1 3.61601507847808534e-7 6.75519302717475512e-8 13 13
2.60875653475522995e-2 -9.79184656982368296e0 -9.79184818267822266e0 -9.79184722900390625e0 2.78154999477919773e-7 2.18550368913383863e-8 9 9
1.15076070651412010e-2 -1.22247631750015007e0 -1.22247481346130371e0 -1.22246289253234863e0 2.30471286499778216e-7 4.66570782009512186e-8 5 7
1.17097329348325729e-2 6.29649412242812900e0 6.29649448394775391e0 6.29650926589965820e0 1.78813934326171875e-7 1.62919363333458023e-7 5 5
2.70388033241033554e-2 9.49815091488463281e0 9.49815082550048828e0 9.49815940856933594e0 2.38418579101562500e-7 8.74201475653535454e-8 4 4
5.17252646386623383e-2 7.97389447400929718e0 7.97390460968017578e0 7.97390747070312500e0 3.01996863072417909e-7 8.14596816667290113e-8 8 8
7.62638747692108154e-2 1.18593912805771606e0 1.18595826625823975e0 1.18595647811889648e0 5.96046447753906250e-8 4.76837165308552358e-8 6 6
9.13331359624862671e-2 -8.22490396210380403e0 -8.22489070892333984e0 -8.22489452362060547e0 2.46365857492492069e-7 1.98682144514350512e-7 7 7
9.16384011507034302e-2 -1.52479108813303910e1 -1.52479047775268555e1 -1.52479114532470703e1 6.83466566897550365e-7 3.41733283448775182e-7 8 8
7.80930817127227783e-2 -1.76972490150438233e1 -1.76972618103027344e1 -1.76972618103027344e1 4.68889857074827887e-6 4.13258885600953363e-6 5 5
5.74380159378051758e-2 -1.59719553479017762e1 -1.59719429016113281e1 -1.59719514846801758e1 1.19209289550781250e-7 3.17891448275986477e-7 13 13
3.94561327993869781e-2 -1.14708563934803109e1 -1.14708652496337891e1 -1.14708700180053711e1 1.98682141672179569e-6 1.62919366175628966e-6 9 9
3.29315327107906342e-2 -5.32271607349276010e0 -5.32271003723144531e0 -5.32271957397460938e0 7.94728620689966192e-8 5.96046447753906250e-8 10 10
4.20201942324638367e-2 2.87898413976194090e-1 2.87904053926467896e-1 2.87892550230026245e-1 9.04003769619521336e-8 4.37100737826767727e-8 2 2
6.45297169685363770e-2 1.89095961799365320e0 1.89096963405609131e0 1.89095711708068848e0 3.57627882863198465e-8 1.98682155172491548e-8 3 3
9.28178802132606506e-2 -2.55514824833870957e0 -2.55514883995056152e0 -2.55515766143798828e0 2.66234081891525420e-7 2.46365857492492069e-7 6 6
1.16939209401607513e-1 -9.43441218554287353e0 -9.43441581726074219e0 -9.43442153930664062e0 4.37100737826767727e-7 1.50998431536208955e-7 5 5
1.28741562366485596e-1 -1.52105946642243701e1 -1.52105979919433594e1 -1.52106008529663086e1 1.78019206487078918e-6 4.37100737826767727e-7 5 5
1.25222399830818176e-1 -1.81190886545686318e1 -1.81190910339355469e1 -1.81190891265869141e1 6.99361180522828363e-7 2.46365857492492069e-7 5 5
1.09760247170925140e-1 -1.77884470149562439e1 -1.77884616851806641e1 -1.77884540557861328e1 4.21206141254515387e-6 4.13258885600953363e-6 10 10
9.07131507992744446e-2 -1.47760319430184008e1 -1.47760219573974609e1 -1.47760200500488281e1 8.18570470073609613e-7 3.41733283448775182e-7 11 11
7.79625102877616882e-2 -1.04510485165133939e1 -1.04510602951049805e1 -1.04510555267333984e1 6.75519288506620796e-7 1.58945724137993238e-7 9 9
7.88281708955764771e-2 -6.60104328196550494e0 -6.60104751586914062e0 -6.60104751586914062e0 2.70207721086990205e-7 4.76837165308552358e-8 10 10
9.50402691960334778e-2 -4.85671593565677018e0 -4.85671949386596680e0 -4.85671758651733398e0 2.18550368913383863e-7 3.77496078840522387e-8 3 3
1.22017025947570801e-1 -5.96770796386798352e0 -5.96770906448364258e0 -5.96770524978637695e0 5.80151890972047113e-7 1.58945724137993238e-7 4 4
1.50746688246726990e-1 -9.40138520456734028e0 -9.40138435363769531e0 -9.40138053894042969e0 1.56561532094201539e-6 6.19888282926694956e-7 3 3
1.71497046947479248e-1 -1.36840733673449879e1 -1.36840724945068359e1 -1.36840696334838867e1 5.88099169362976681e-7 6.67572010115691228e-7 7 7
1.77822232246398926e-1 -1.70684782222949458e1 -1.70684833526611328e1 -1.70684757232666016e1 6.19888282926694956e-7 1.04904177078424254e-6 6 6
1.69213637709617615e-1 -1.82270812701845983e1 -1.82270908355712891e1 -1.82270870208740234e1 1.93913774637621827e-6 7.62939464493683772e-7 5 5
1.51301264762878418e-1 -1.67612595369478754e1 -1.67612686157226562e1 -1.67612667083740234e1 2.78154999477919773e-7 2.46365857492492069e-7 14 14
1.33522659540176392e-1 -1.32545507440798449e1 -1.32545576095581055e1 -1.32545557022094727e1 1.98682141672179569e-6 1.78813934326171875e-6 12 12
1.25220850110054016e-1 -9.18443634012687227e0 -9.18442916870117188e0 -9.18442630767822266e0 3.49680590261414181e-7 5.16573607001191704e-7 9 9
1.31781667470932007e-1 -6.23782509492607851e0 -6.23783206939697266e0 -6.23782587051391602e0 4.60942572999556432e-7 2.00088834390044212e-7 2 2
1.52403727173805237e-1 -5.66479042597856175e0 -5.66479873657226562e0 -5.66479253768920898e0 2.30471286499778216e-7 4.29153431014128728e-7 3 3
1.80421456694602966e-1 -7.71203325708934440e0 -7.71204185485839844e0 -7.71203327178955078e0 2.86102306290558772e-7 2.86102306290558772e-7 3 3
2.06047698855400085e-1 -1.15100635647876324e1 -1.15100746154785156e1 -1.15100660324096680e1 2.22523999582335819e-6 1.94708513845398556e-6 3 3
2.20404610037803650e-1 -1.54726289967458825e1 -1.54726276397705078e1 -1.54726219177246094e1 6.91413902131898794e-7 6.67572010115691228e-7 6 6
2.19179615378379822e-1 -1.79611975594348969e1 -1.79612197875976562e1 -1.79612121582031250e1 5.00679016113281250e-6 5.24520874023437500e-6 6 6
2.04398304224014282e-1 -1.79781236170569123e1 -1.79781131744384766e1 -1.79781074523925781e1 3.65575147043273319e-7 8.26517748464539181e-7 13 13
1.83582544326782227e-1 -1.54881084392006354e1 -1.54881153106689453e1 -1.54881143569946289e1 2.14576721191406250e-6 2.06629442800476681e-6 12 12
1.66641607880592346e-1 -1.14673891887806754e1 -1.14673910140991211e1 -1.14673843383789062e1 2.02655792236328125e-6 1.66893005371093750e-6 11 11
1.61778509616851807e-1 -7.55077530754416326e0 -7.55077505111694336e0 -7.55076742172241211e0 1.10467271952074952e-6 2.54313164305131068e-7 8 8
1.72100901603698730e-1 -5.31158335059816711e0 -5.31158590316772461e0 -5.31158018112182617e0 1.16825106033502379e-6 3.17891448275986477e-7 2 2
1.94334596395492554e-1 -5.64591239623458652e0 -5.64591503143310547e0 -5.64590597152709961e0 4.05311595841340022e-7 3.17891448275986477e-7 3 3
2.20170572400093079e-1 -8.35812038734202289e0 -8.35812282562255859e0 -8.35811328887939453e0 6.67572010115691228e-7 2.38418579101562500e-7 3 3
2.39689797163009644e-1 -1.22501478097042220e1 -1.22501668930053711e1 -1.22501544952392578e1 5.80151890972047113e-6 5.72204589843750000e-6 2 2
2.45452746748924255e-1 -1.56441021101086601e1 -1.56440858840942383e1 -1.56440811157226562e1 1.74840295130707091e-7 3.97364289028701023e-7 7 7
2.35566511750221252e-1 -1.70788109077706558e1 -1.70788192749023438e1 -1.70788135528564453e1 1.19209289550781250e-6 1.27156579310394591e-6 5 5
2.14464023709297180e-1 -1.59045842220539857e1 -1.59045944213867188e1 -1.59045858383178711e1 2.62260437011718750e-6 2.18550371755554806e-6 11 11
1.91073939204216003e-1 -1.25019602542542323e1 -1.25019578933715820e1 -1.25019741058349609e1 8.02675856448331615e-7 8.06649495643796399e-6 13 10
1.75136238336563110e-1 -8.17257715035257526e0 -8.17257881164550781e0 -8.17255496978759766e0 6.91413902131898794e-7 2.46365857492492069e-7 8 8
1.73183679580688477e-1 -4.59414111622619359e0 -4.59413814544677734e0 -4.59414196014404297e0 3.28818970274369349e-7 4.60942572999556432e-7 10 10
1.85846984386444092e-1 -3.16425467980126029e0 -3.16425037384033203e0 -3.16425275802612305e0 4.07298415439072414e-7 3.97364289028701023e-7 2 2
2.07595646381378174e-1 -4.39177745404032560e0 -4.39177513122558594e0 -4.39177656173706055e0 5.20547246196656488e-7 2.94049584681488341e-7 3 3
2.29021236300468445e-1 -7.65086932495323602e0 -7.65086841583251953e0 -7.65086793899536133e0 5.00678993375913706e-7 4.92731714984984137e-7 3 3
2.40721255540847778e-1 -1.14674266160055520e1 -1.14674320220947266e1 -1.14674310684204102e1 2.14576721191406250e-6 1.66893005371093750e-6 3 3
2.37180963158607483e-1 -1.41554766081994767e1 -1.41554708480834961e1 -1.41554746627807617e1 7.86781299666472478e-7 8.90096032435394591e-7 5 5
2.19051882624626160e-1 -1.45059112271297579e1 -1.45059156417846680e1 -1.45059156417846680e1 7.54992186102754204e-7 1.27156579310394591e-6 11 11
1.92886576056480408e-1 -1.22595904176437394e1 -1.22596015930175781e1 -1.22596025466918945e1 6.35782862445921637e-6 5.76178217670531012e-6 11 11
1.68439462780952454e-1 -8.19469970880887288e0 -8.19468116760253906e0 -8.19468688964843750e0 3.97364289028701023e-7 4.05311595841340022e-7 8 8
1.54646933078765869e-1 -3.81292478604309926e0 -3.81292271614074707e0 -3.81292939186096191e0 1.22189518947379838e-7 4.76837165308552358e-8 9 9
1.55945599079132080e-1 -7.83360964965234108e-1 -7.83357262611389160e-1 -7.83363878726959229e-1 4.64916240616730647e-7 6.75519302717475512e-8 7 7
1.70447275042533875e-1 -3.09722341309046190e-1 -3.09718757867813110e-1 -3.09723556041717529e-1 2.46365857492492069e-7 8.74201475653535454e-8 3 3
1.90724030137062073e-1 -2.49745673477395380e0 -2.49745368957519531e0 -2.49745535850524902e0 6.19888282926694956e-7 6.35782910762827669e-8 4 4
2.06879034638404846e-1 -6.27622818543249128e0 -6.27622556686401367e0 -6.27622652053833008e0 1.50998431536208955e-7 7.94728620689966192e-8 3 3
2.10636466741561890e-1 -9.93806073162843973e0 -9.93806171417236328e0 -9.93806076049804688e0 4.37100737826767727e-7 2.38418579101562500e-7 3 3
1.98762953281402588e-1 -1.18744382381570901e1 -1.18744573593139648e1 -1.18744535446166992e1 3.45706939697265625e-6 3.17891431222960819e-6 1 1
1.74408808350563049e-1 -1.11991731900687785e1 -1.11991796493530273e1 -1.11991748809814453e1 1.43051147460937500e-6 1.07288360595703125e-6 8 8
1.45815983414649963e-1 -8.05389571810737515e0 -8.05389976501464844e0 -8.05389595031738281e0 7.07308458913757931e-7 5.64257277346769115e-7 9 9
1.22925333678722382e-1 -3.45103626370549721e0 -3.45103669166564941e0 -3.45103549957275391e0 1.88748046525688551e-7 5.96046447753906250e-8 13 13
1.13283343613147736e-1 1.62734596225821404e0 1.62735581398010254e0 1.62735021114349365e0 3.97364310344983096e-8 4.17232506322307017e-8 9 9
1.18936777114868164e-1 5.65316203017000607e0 5.65317296981811523e0 5.65315818786621094e0 1.78813934326171875e-7 7.54992157681044773e-8 2 2
1.35596543550491333e-1 6.01438844128206718e0 6.01440191268920898e0 6.01437854766845703e0 3.97364310344983096e-8 3.97364310344983096e-8 4 4
1.54415711760520935e-1 1.61131792197173462e0 1.61133253574371338e0 1.61131238937377930e0 5.08626328610262135e-7 1.35103860543495102e-7 6 6
1.65647983551025391e-1 -4.46079357248829567e0 -4.46078300476074219e0 -4.46079206466674805e0 7.54992186102754204e-7 3.09944141463347478e-7 4 4
1.62677347660064697e-1 -9.12098303547605305e0 -9.12098121643066406e0 -9.12098312377929688e0 4.76837158203125000e-7 4.05311595841340022e-7 2 2
1.44756138324737549e-1 -1.07926138869054338e1 -1.07926168441772461e1 -1.07926158905029297e1 5.48362720564909978e-7 6.35782896551972954e-7 8 8
1.17321930825710297e-1 -9.20573907216981802e0 -9.20573616027832031e0 -9.20573520660400391e0 1.19209289550781250e-7 1.19209289550781250e-7 11 11
8.97625684738159180e-2 -4.57339462818357223e0 -4.57338380813598633e0 -4.57338762283325195e0 1.62919363333458023e-7 3.77496078840522387e-8 9 9
7.15511366724967957e-2 3.56773295717979932e0 3.56775379180908203e0 3.56774401664733887e0 4.17232513427734375e-7 2.04642617518402403e-7 5 5
6.83457031846046448e-2 1.10059155844958578e1 1.10059356689453125e1 1.10059309005737305e1 9.93410708360897843e-7 7.94728578057402046e-7 5 5
7.96628668904304504e-2 1.41800475242212443e1 1.41800546646118164e1 1.41800594329833984e1 3.41733283448775182e-7 1.74840295130707091e-7 6 6
9.90848466753959656e-2 1.26561474465216364e1 1.26561498641967773e1 1.26561584472656250e1 2.12589895909331972e-7 1.78813934326171875e-7 10 10
1.16914756596088409e-1 6.78891129808171190e0 6.78891468048095703e0 6.78892183303833008e0 6.13431154761201469e-8 4.96705361285876279e-8 9 9
1.24184459447860718e-1 -2.20129524559752676e0 -2.20129036903381348e0 -2.20128631591796875e0 3.33786005057845614e-7 2.46365857492492069e-7 6 6
1.16361454129219055e-1 -9.44109293379974623e0 -9.44109725952148438e0 -9.44109249114990234e0 5.24520885392121272e-7 3.41733283448775182e-7 4 4
9.52253192663192749e-2 -1.20407090998374695e1 -1.20407323837280273e1 -1.20407257080078125e1 4.49021672466187738e-6 4.09285212299437262e-6 9 9
6.81396797299385071e-2 -9.39258941614975740e0 -9.39259243011474609e0 -9.39258766174316406e0 3.57627868652343750e-7 1.19209289550781250e-7 9 9
4.50198054313659668e-2 -1.24793925306211584e0 -1.24794971942901611e0 -1.24793636798858643e0 1.80800753923904267e-7 8.34465012644614035e-8 5 7
3.42471376061439514e-2 7.19783386269806424e0 7.19782924652099609e0 7.19784498214721680e0 1.78813934326171875e-7 4.52995294608626864e-7 5 5
3.92161421477794647e-2 1.19996620106096845e1 1.19996700286865234e1 1.19996814727783203e1 4.60942601421265863e-6 4.17232513427734375e-6 3 3
5.69381974637508392e-2 1.22674020188115200e1 1.22674026489257812e1 1.22674112319946289e1 6.15914677837281488e-6 5.84125518798828125e-6 10 10
7.92785510420799255e-2 8.83513216908834842e0 8.83511829376220703e0 8.83512496948242188e0 3.13917809080521693e-7 1.62919363333458023e-7 13 13
9.63159203529357910e-2 2.21228422034029570e0 2.21229124069213867e0 2.21229577064514160e0 1.03314718558067398e-7 1.35103860543495102e-7 9 9
1.00438639521598816e-1 -6.36098350098042964e0 -6.36097717285156250e0 -6.36099624633789062e0 4.84784436594054569e-7 2.94049584681488341e-7 8 7
8.94874259829521179e-2 -1.24568419733270996e1 -1.24568576812744141e1 -1.24568767547607422e1 7.27176666259765625e-6 7.62939453125000000e-6 6 6
6.76480606198310852e-2 -1.36776048207579031e1 -1.36775960922241211e1 -1.36775903701782227e1 3.81469732246841886e-7 2.86102306290558772e-7 17 15
4.37257103621959686e-2 -9.20061545825003435e0 -9.20063495635986328e0 -9.20061111450195312e0 3.97364289028701023e-7 1.58945724137993238e-7 8 8
2.75128260254859924e-2 -5.52830813025546597e-1 -5.52838683128356934e-1 -5.52816152572631836e-1 1.52985251133941347e-7 5.96046447753906250e-8 5 5
2.57491804659366608e-2 6.87603030037550500e0 6.87603139877319336e0 6.87604761123657227e0 5.96046447753906250e-7 5.48362720564909978e-7 4 4
3.93408164381980896e-2 1.00743711022979205e1 1.00743761062622070e1 1.00743856430053711e1 2.42392218297027284e-7 2.42392218297027284e-7 2 2
6.29852786660194397e-2 8.80533667991022284e0 8.80533981323242188e0 8.80534553527832031e0 7.94728620689966192e-8 1.39077499738959887e-7 12 12
8.73578041791915894e-2 3.27629519902455391e0 3.27629780769348145e0 3.27630352973937988e0 1.29143401750297926e-7 4.96705361285876279e-8 9 9
1.02956444025039673e-1 -5.92808560307343679e0 -5.92810821533203125e0 -5.92807769775390625e0 1.98682144514350512e-7 2.54313164305131068e-7 7 4
1.04019798338413239e-1 -1.36887815200851843e1 -1.36888141632080078e1 -1.36887836456298828e1 2.38418579101562500e-7 1.98682144514350512e-7 7 7
9.09009352326393127e-2 -1.69519612796417576e1 -1.69519805908203125e1 -1.69519653320312500e1 6.35782896551972954e-7 7.15255737304687500e-7 5 5
6.99180960655212402e-2 -1.56796886279976260e1 -1.56796989440917969e1 -1.56796932220458984e1 3.85443354389281012e-6 3.29812360178038944e-6 14 14
5.07438965141773224e-2 -1.09568539971353207e1 -1.09568433761596680e1 -1.09568462371826172e1 8.74201475653535454e-7 8.74201475653535454e-7 12 12
4.24100048840045929e-2 -3.56451445055363569e0 -3.56451177597045898e0 -3.56451034545898438e0 2.14576715507064364e-7 5.56310020272121619e-8 3 3
4.95758876204490662e-2 3.46060386012971399e0 3.46060466766357422e0 3.46060752868652344e0 1.90734866123420943e-7 4.76837165308552358e-8 5 5
7.06009566783905029e-2 6.42286376687711336e0 6.42287015914916992e0 6.42287302017211914e0 2.38418579101562500e-7 4.37100737826767727e-8 11 11
9.82155501842498779e-2 2.69798594686840243e0 2.69797301292419434e0 2.69799137115478516e0 2.26497647304313432e-7 1.47024792340744170e-7 5 5
1.22513942420482635e-1 -5.75144160012738137e0 -5.75145959854125977e0 -5.75144004821777344e0 7.31150294086546637e-7 2.06629437116134795e-7 7 7
1.35034620761871338e-1 -1.35870793307724451e1 -1.35870866775512695e1 -1.35870809555053711e1 8.90096032435394591e-7 4.13258874232269591e-7 6 6
1.32244318723678589e-1 -1.78707442983532445e1 -1.78707466125488281e1 -1.78707485198974609e1 1.11261999791167909e-6 1.43051147460937500e-6 7 7
1.16988472640514374e-1 -1.81448580693122992e1 -1.81448516845703125e1 -1.81448554992675781e1 1.31924946344952332e-6 8.74201475653535454e-7 13 13
9.73097831010818481e-2 -1.52404568358327790e1 -1.52404565811157227e1 -1.52404603958129883e1 7.62939464493683772e-7 4.13258874232269591e-7 10 10
8.31221491098403931e-2 -1.06679789940158720e1 -1.06679849624633789e1 -1.06679878234863281e1 3.17891448275986477e-7 5.96046447753906250e-7 11 11
8.21124762296676636e-2 -6.30606530694808765e0 -6.30606842041015625e0 -6.30606794357299805e0 3.97364289028701023e-7 2.82128638673384557e-7 11 11
9.65610742568969727e-2 -4.00056489276164395e0 -4.00057363510131836e0 -4.00057077407836914e0 1.11262004054424324e-7 7.74860353658368695e-8 2 2
1.22392557561397552e-1 -4.75738602934755850e0 -4.75739479064941406e0 -4.75739097595214844e0 1.70866641724387591e-7 2.98023223876953125e-7 5 5
1.50848850607872009e-1 -8.05968553278054856e0 -8.05969142913818359e0 -8.05968761444091797e0 4.45048016217697295e-7 2.54313164305131068e-7 3 3
1.72094106674194336e-1 -1.23646706112973170e1 -1.23646965026855469e1 -1.23646945953369141e1 6.00020075580687262e-6 6.71545649311156012e-6 2 2
1.79264232516288757e-1 -1.58723536747996352e1 -1.58723459243774414e1 -1.58723411560058594e1 4.68889879812195431e-7 4.29153431014128728e-7 6 6
1.71290367841720581e-1 -1.71956785914365042e1 -1.71956844329833984e1 -1.71956844329833984e1 7.54992186102754204e-7 4.76837158203125000e-7 4 4
1.53331428766250610e-1 -1.58485369443487105e1 -1.58485584259033203e1 -1.58485565185546875e1 8.26517771201906726e-6 8.26517771201906726e-6 12 12
1.34637266397476196e-1 -1.23699464570697071e1 -1.23699436187744141e1 -1.23699388504028320e1 7.23203038432984613e-6 6.87440251567750238e-6 8 8
1.24724134802818298e-1 -8.16597619864362123e0 -8.16596603393554688e0 -8.16596317291259766e0 8.66254197262605885e-7 4.29153431014128728e-7 8 8
1.29440426826477051e-1 -4.94619750571416628e0 -4.94620752334594727e0 -4.94620466232299805e0 8.74201475653535454e-8 2.70207721086990205e-7 4 3
1.48545786738395691e-1 -4.06531387952102552e0 -4.06532096862792969e0 -4.06531620025634766e0 4.52995294608626864e-7 6.35782910762827669e-8 3 3
1.75802588462829590e-1 -5.88139517005906587e0 -5.88140010833740234e0 -5.88139772415161133e0 4.84784436594054569e-7 1.74840295130707091e-7 3 3
2.01541960239410400e-1 -9.58638811739324304e0 -9.58639335632324219e0 -9.58638954162597656e0 6.27835618161043385e-7 3.57627868652343750e-7 3 3
2.16645762324333191e-1 -1.36038133381456028e1 -1.36038265228271484e1 -1.36038227081298828e1 5.28494501850218512e-6 5.32468175151734613e-6 6 6
2.16301590204238892e-1 -1.62632021384324048e1 -1.62631855010986328e1 -1.62631855010986328e1 8.90096032435394591e-7 2.70207721086990205e-7 7 7
2.01981812715530396e-1 -1.64708851074638858e1 -1.64708995819091797e1 -1.64708957672119141e1 4.05311584472656250e-6 4.84784459331422113e-6 11 11
1.80829837918281555e-1 -1.41182785968021189e1 -1.41182699203491211e1 -1.41182651519775391e1 4.52995294608626864e-7 1.98682144514350512e-7 13 13
1.62707254290580750e-1 -1.01163102522879811e1 -1.01163177490234375e1 -1.01163139343261719e1 5.72204612581117544e-7 4.21206152623199159e-7 8 8
1.56119719147682190e-1 -6.04992931495185005e0 -6.04993534088134766e0 -6.04993104934692383e0 2.38418579101562500e-7 1.98682144514350512e-7 10 10
1.64702877402305603e-1 -3.54835382701426294e0 -3.54836416244506836e0 -3.54835581779479980e0 3.09944141463347478e-7 7.94728620689966192e-8 2 2
1.85717925429344177e-1 -3.61605242706877217e0 -3.61606240272521973e0 -3.61605453491210938e0 7.19229376500152284e-7 2.62260442696060636e-7 3 3
2.11177602410316467e-1 -6.15613223087718797e0 -6.15614128112792969e0 -6.15613269805908203e0 7.78834021275542909e-7 1.54972070731673739e-7 3 3
2.31138095259666443e-1 -1.00200573778100921e1 -1.00200681686401367e1 -1.00200634002685547e1 3.57627868652343750e-7 7.94728578057402046e-7 2 2
2.37798660993576050e-1 -1.35258726540352434e1 -1.35258789062500000e1 -1.35258789062500000e1 5.08626328610262135e-7 1.66893002528922807e-7 7 7
2.28717595338821411e-1 -1.51589591363515339e1 -1.51589632034301758e1 -1.51589622497558594e1 4.13258874232269591e-7 8.10623191682680044e-7 4 4
2.07817777991294861e-1 -1.41747829166335038e1 -1.41747894287109375e1 -1.41747894287109375e1 2.54313164305131068e-7 3.33786005057845614e-7 12 12
1.83766797184944153e-1 -1.08769476040194668e1 -1.08769569396972656e1 -1.08769531250000000e1 1.23182928746246034e-6 5.96046447753906250e-7 9 9
1.66400134563446045e-1 -6.49323423391385290e0 -6.49323129653930664e0 -6.49323320388793945e0 3.01996863072417909e-7 1.66893002528922807e-7 9 9
1.62663027644157410e-1 -2.69685811328743252e0 -2.69685530662536621e0 -2.69685888290405273e0 2.06629437116134795e-7 2.30471286499778216e-7 9 9
1.73745393753051758e-1 -9.73671494767231138e-1 -9.73679721355438232e-1 -9.73670363426208496e-1 2.25190888158977032e-7 5.36441788767660910e-8 1 2
1.94591701030731201e-1 -1.96286024119100255e0 -1.96287024021148682e0 -1.96285796165466309e0 5.16573607001191704e-7 2.38418579101562500e-7 3 3
2.15988203883171082e-1 -5.12001447190018943e0 -5.12001943588256836e0 -5.12001180648803711e0 8.02675856448331615e-7 2.30471286499778216e-7 3 3
2.28366315364837646e-1 -8.98682573913206184e0 -8.98682785034179688e0 -8.98682403564453125e0 9.05990589217253728e-7 1.98682144514350512e-7 3 3
2.25752860307693481e-1 -1.18430804955255393e1 -1.18430976867675781e1 -1.18430900573730469e1 3.45706939697265625e-6 3.29812360178038944e-6 2 2
2.08237469196319580e-1 -1.24065086432515681e1 -1.24065237045288086e1 -1.24065198898315430e1 7.47044896343140863e-6 7.23203038432984613e-6 9 9
1.81939154863357544e-1 -1.03232033375713073e1 -1.03231906890869141e1 -1.03231849670410156e1 7.94728578057402046e-7 4.05311595841340022e-7 8 8
1.56485810875892639e-1 -6.27686476631650603e0 -6.27686738967895508e0 -6.27686452865600586e0 1.39077499738959887e-7 2.14576715507064364e-7 9 9
1.41046419739723206e-1 -1.67813661231155908e0 -1.67814242839813232e0 -1.67813205718994141e0 1.34607162749489362e-7 7.94728620689966192e-8 11 11
1.40553206205368042e-1 1.84895280718378641e0 1.84894287586212158e0 1.84895741939544678e0 9.53674330617104715e-8 2.88089108124722770e-8 10 10
1.53672054409980774e-1 2.76534606868010213e0 2.76532602310180664e0 2.76534271240234375e0 8.54333208621937956e-8 6.35782910762827669e-8 5 4
1.73358812928199768e-1 6.74589476475916161e-1 6.74570202827453613e-1 6.74583494663238525e-1 2.98023223876953125e-7 7.94728620689966192e-8 5 5
1.89771756529808044e-1 -3.27275124294833830e0 -3.27276372909545898e0 -3.27275419235229492e0 6.03993726144835819e-7 1.39077499738959887e-7 4 4
1.94338604807853699e-1 -7.21190440530429999e0 -7.21190929412841797e0 -7.21190404891967773e0 4.76837158203125000e-7 9.53674330617104715e-8 3 3
1.83300226926803589e-1 -9.43506962587682452e0 -9.43507099151611328e0 -9.43506622314453125e0 8.58306862028257456e-7 2.54313164305131068e-7 2 2
1.59268781542778015e-1 -8.98017760742750148e0 -8.98017406463623047e0 -8.98017406463623047e0 1.74840295130707091e-7 1.74840295130707091e-7 8 8
1.30157470703125000e-1 -5.87709179828882000e0 -5.87708711624145508e0 -5.87709045410156250e0 2.82128638673384557e-7 2.14576715507064364e-7 11 11
1.05923555791378021e-1 -3.92152728524845062e-1 -3.92149537801742554e-1 -3.92153024673461914e-1 1.78813934326171875e-7 4.96705361285876279e-8 9 9
9.44681614637374878e-2 7.40454491640172652e0 7.40454673767089844e0 7.40454530715942383e0 3.81469732246841886e-7 1.31130221348030318e-7 4 4
9.83845964074134827e-2 1.35570931452964114e1 1.35570936203002930e1 1.35570974349975586e1 2.78154999477919773e-7 1.27156582152565534e-7 8 8
1.13896742463111877e-1 1.51536001061518988e1 1.51536016464233398e1 1.51536064147949219e1 2.42392218297027284e-7 1.98682144514350512e-7 12 12
1.32425352931022644e-1 1.17986495240896172e1 1.17986574172973633e1 1.17986707687377930e1 2.82128644357726444e-6 3.05970502267882694e-6 9 9
1.44136130809783936e-1 3.77330614557235533e0 3.77329707145690918e0 3.77331423759460449e0 2.94049584681488341e-7 1.78813934326171875e-7 4 4
1.42005622386932373e-1 -4.47280325750964547e0 -4.47280502319335938e0 -4.47278833389282227e0 4.49021655413162080e-7 7.94728620689966192e-8 5 5
1.24727487564086914e-1 -8.92902677803142275e0 -8.92903232574462891e0 -8.92901992797851562e0 4.05311595841340022e-7 7.94728620689966192e-8 2 2
9.72598642110824585e-2 -8.44536545601478572e0 -8.44537258148193359e0 -8.44536399841308594e0 3.01996863072417909e-7 1.66893002528922807e-7 9 9
6.87882080674171448e-2 -1.95844959709920419e0 -1.95845758914947510e0 -1.95844924449920654e0 1.14242233451022912e-7 7.54992157681044773e-8 5 5
4.89438660442829132e-2 7.12153096363243598e0 7.12152147293090820e0 7.12153148651123047e0 4.33127098631302943e-7 1.07288357753532182e-7 9 9
4.38385605812072754e-2 1.38585230195752533e1 1.38585147857666016e1 1.38585252761840820e1 3.17891448275986477e-7 3.17891448275986477e-7 7 7
5.35508133471012115e-2 1.62114683378820033e1 1.62114620208740234e1 1.62114734649658203e1 6.59624731724761659e-7 3.17891448275986477e-7 6 6
7.21013098955154419e-2 1.45272785924290719e1 1.45272760391235352e1 1.45272874832153320e1 2.46365857492492069e-6 2.70207715402648319e-6 11 11
8.99273380637168884e-2 1.01233192071147187e1 1.01233110427856445e1 1.01233205795288086e1 2.86102306290558772e-7 2.42392218297027284e-7 13 13
9.78353843092918396e-2 4.41074594567245537e0 4.41074752807617188e0 4.41076183319091797e0 7.74860353658368695e-8 1.19209289550781250e-7 9 9
9.08010900020599365e-2 -9.97246854690166940e-1 -9.97248828411102295e-1 -9.97224211692810059e-1 1.01327898960335006e-7 1.98682155172491548e-8 3 3
7.00487792491912842e-2 -3.24185823494671643e0 -3.24186587333679199e0 -3.24183464050292969e0 2.24510827706581040e-7 3.52660798341730697e-8 4 4
4.25525642931461334e-2 -3.10938999241968217e-1 -3.10939460992813110e-1 -3.10914605855941772e-1 1.62919363333458023e-7 1.58945724137993238e-7 5 5
1.81648470461368561e-2 5.24451729419393509e0 5.24452066421508789e0 5.24453353881835938e0 2.18550368913383863e-7 4.52995294608626864e-7 5 5
5.55686000734567642e-3 1.03625832734414800e1 1.03625869750976562e1 1.03625917434692383e1 5.00678993375913706e-7 5.16573607001191704e-7 3 3
8.64611100405454636e-3 1.31548579181883341e1 1.31548557281494141e1 1.31548576354980469e1 4.05311595841340022e-7 1.35103860543495102e-7 5 5
2.49846428632736206e-2 1.29069706877381520e1 1.29069681167602539e1 1.29069700241088867e1 6.59624731724761659e-7 3.41733283448775182e-7 11 11
4.67730499804019928e-2 9.90988709884187458e0 9.90989208221435547e0 9.90989112854003906e0 2.70207721086990205e-7 2.38418579101562500e-7 9 9
6.40818774700164795e-2 5.28383363659598437e0 5.28384447097778320e0 5.28384494781494141e0 1.03314718558067398e-7 7.94728620689966192e-8 12 12
6.89513236284255981e-2 4.19173996760590917e-1 4.19187515974044800e-1 4.19191539287567139e-1 3.33786005057845614e-7 2.08616253161153509e-8 9 9
5.86777701973915100e-2 -2.97869820488539716e0 -2.97869086265563965e0 -2.97867727279663086e0 2.04642617518402403e-7 7.94728620689966192e-8 3 3
3.69312316179275513e-2 -2.71474861167496151e0 -2.71474885940551758e0 -2.71473097801208496e0 3.03983682670150301e-7 1.45037972743011778e-7 6 6
1.22426087036728859e-2 8.77001730737571705e-1 8.76998245716094971e-1 8.77011299133300781e-1 1.70369943930381851e-7 9.93410722571752558e-8 5 5
-5.51505852490663528e-3 5.66519405944202958e0 5.66519498825073242e0 5.66520023345947266e0 3.37759644253310398e-7 2.62260442696060636e-7 3 3
-9.19965095818042755e-3 9.50635198467481324e0 9.50635337829589844e0 9.50635433197021484e0 1.98682144514350512e-7 1.58945724137993238e-7 3 3
2.65314523130655289e-3 1.09558650833473514e1 1.09558677673339844e1 1.09558639526367188e1 7.94728578057402046e-7 9.13937867608183296e-7 2 2
2.52249166369438171e-2 9.52585493527973348e0 9.52585315704345703e0 9.52584934234619141e0 4.21206152623199159e-7 5.32468163783050841e-7 8 8
4.94011640548706055e-2 5.71012063568297101e0 5.71012926101684570e0 5.71012592315673828e0 1.80800753923904267e-7 1.39077499738959887e-7 11 11
6.55298605561256409e-2 2.89626307807962224e-1 2.89642482995986938e-1 2.89646506309509277e-1 2.05636027317268599e-7 1.02321308759201202e-7 9 9
6.74012303352355957e-2 -6.02686060818770120e0 -6.02684593200683594e0 -6.02683210372924805e0 2.34444939906097716e-7 9.33806134639780794e-8 3 3
5.48068508505821228e-2 -1.06772233575111652e1 -1.06772308349609375e1 -1.06772079467773438e1 1.04109449239331298e-6 4.37100737826767727e-7 3 3
3.36221531033515930e-2 -1.05562562392464407e1 -1.05562791824340820e1 -1.05562524795532227e1 6.35782896551972954e-7 2.78154999477919773e-7 5 5
1.33784506469964981e-2 -4.32253592884889670e0 -4.32256126403808594e0 -4.32254123687744141e0 2.18550368913383863e-7 5.96046447753906250e-8 7 7
3.32609191536903381e-3 3.46811460071238864e0 3.46810007095336914e0 3.46810531616210938e0 3.45706951065949397e-7 1.70866641724387591e-7 5 5
8.61309748142957687e-3 8.73075541600456262e0 8.73075199127197266e0 8.73074626922607422e0 4.05311595841340022e-7 3.57627868652343750e-7 3 3
2.81558763235807419e-2 1.00039347578774525e1 1.00039386749267578e1 1.00039253234863281e1 1.58945724137993238e-7 2.70207721086990205e-7 10 10
5.50805255770683289e-2 7.52438799519950141e0 7.52439498901367188e0 7.52438068389892578e0 3.13917809080521693e-7 7.15255765726396930e-8 8 8
7.95527026057243347e-2 9.68568811596496770e-1 9.68570232391357422e-1 9.68563735485076904e-1 2.22524008108848648e-7 5.66244118260783580e-8 7 7
9.28285196423530579e-2 -7.97545385062925316e0 -7.97545242309570312e0 -7.97545814514160156e0 2.18550368913383863e-7 1.27156582152565534e-7 6 6
9.08551812171936035e-2 -1.44186535790038839e1 -1.44186496734619141e1 -1.44186573028564453e1 6.11941004535765387e-7 3.17891448275986477e-7 7 7
7.59359523653984070e-2 -1.61318622768284534e1 -1.61318588256835938e1 -1.61318664550781250e1 1.58945724137993238e-7 1.66893002528922807e-7 12 12
5.57723678648471832e-2 -1.35935116541941348e1 -1.35935087203979492e1 -1.35935173034667969e1 3.97364289028701023e-7 2.18550368913383863e-7 14 14
4.02791090309619904e-2 -7.82049702398983193e0 -7.82050180435180664e0 -7.82050323486328125e0 2.26497647304313432e-7 1.11262004054424324e-7 9 9
3.74854803085327148e-2 -4.94869236235504148e-2 -4.94891777634620667e-2 -4.94833737611770630e-2 1.37090680141227494e-7 1.49011611938476562e-7 3 3
5.02146333456039429e-2 6.18434750682248779e0 6.18434667587280273e0 6.18435621261596680e0 1.23182928746246034e-7 5.96046447753906250e-8 6 6
1.99910536408424377e-1 -5.24655595961832200e-1 -5.24655997753143311e-1 -5.24649202823638916e-1 4.21206152623199159e-7 4.52995294608626864e-7 6 6
2.28096723556518555e-1 -1.45004058603138635e1 -1.45004100799560547e1 -1.45004119873046875e1 9.05990589217253728e-7 6.69388100504875183e-7 11 11
2.49865069985389709e-1 -2.09985995167247168e1 -2.09986000061035156e1 -2.09986000061035156e1 2.25702910938707646e-6 3.65575147043273319e-7 5 5
2.57955193519592285e-1 -2.09989577524472182e1 -2.09989585876464844e1 -2.09989585876464844e1 1.03314721400238341e-6 5.88099169362976681e-7 4 4
2.50741302967071533e-1 -2.09987885552198783e1 -2.09987888336181641e1 -2.09987888336181641e1 1.22388200907153077e-6 8.42412305246398319e-7 4 4
2.32894659042358398e-1 -2.09987833899735854e1 -2.09987888336181641e1 -2.09987888336181641e1 5.96046447753906250e-7 2.78154999477919773e-7 9 9
2.13447824120521545e-1 -2.09987841577111602e1 -2.09987888336181641e1 -2.09987888336181641e1 8.58306862028257456e-7 2.94049584681488341e-7 10 10
2.02059775590896606e-1 -2.09987841970603597e1 -2.09987888336181641e1 -2.09987888336181641e1 4.52995294608626864e-7 2.86102306290558772e-7 9 9
2.05022722482681274e-1 -2.09987841942728082e1 -2.09987888336181641e1 -2.09987888336181641e1 9.69568873188109137e-7 5.72204612581117544e-7 10 10
2.22658008337020874e-1 -2.09987841941488895e1 -2.09987888336181641e1 -2.09987888336181641e1 3.49680590261414181e-7 1.78813934326171875e-7 2 2
2.49175906181335449e-1 -2.09987841942283779e1 -2.09987888336181641e1 -2.09987888336181641e1 8.58306862028257456e-7 5.56309998955839546e-7 3 3
2.75056630373001099e-1 -1.67215723963698153e1 -1.67215442657470703e1 -1.67215614318847656e1 1.19209289550781250e-6 5.04951458424329758e-7 7 7
2.90970861911773682e-1 -1.20845357127504798e1 -1.20845623016357422e1 -1.20845565795898438e1 4.60942601421265863e-6 4.29153442382812500e-6 3 3
2.91621714830398560e-1 -1.58458061063777240e1 -1.58458042144775391e1 -1.58458023071289062e1 3.05175785797473509e-6 3.01996863072417909e-7 5 5
2.77923554182052612e-1 -1.62762889869581890e1 -1.62762985229492188e1 -1.62762908935546875e1 2.00271597350365482e-6 9.21885145999112865e-7 12 12
2.56618469953536987e-1 -1.38121944672826729e1 -1.38122014999389648e1 -1.38121919631958008e1 1.63714094014721923e-6 5.88099169362976681e-7 12 12
2.37488776445388794e-1 -9.68805620146670954e0 -9.68805313110351562e0 -9.68805027008056641e0 3.61601507847808534e-7 3.33786005057845614e-7 9 9
2.29315578937530518e-1 -5.45768093296900592e0 -5.45767641067504883e0 -5.45767593383789062e0 3.25838726666916045e-7 3.89417010637771455e-7 11 11
2.36250847578048706e-1 -2.71248497217607776e0 -2.71248197555541992e0 -2.71248364448547363e0 6.67572010115691228e-7 4.13258874232269591e-7 2 2
2.56099879741668701e-1 -2.47337757208412512e0 -2.47337579727172852e0 -2.47337865829467773e0 1.00135798675182741e-6 9.37779759624390863e-7 3 3
2.81222671270370483e-1 -4.73299892161162550e0 -4.73299741744995117e0 -4.73299980163574219e0 5.88099169362976681e-7 1.00135798675182741e-6 3 3
3.01682382822036743e-1 -8.44929812473682773e0 -8.44929599761962891e0 -8.44930076599121094e0 7.62939464493683772e-7 1.01725265722052427e-6 2 2
3.09341967105865479e-1 -1.19900150131541476e1 -1.19900226593017578e1 -1.19900264739990234e1 3.61601519216492306e-6 3.89417027690797113e-6 3 3
3.01218777894973755e-1 -1.38105596070755485e1 -1.38105430603027344e1 -1.38105506896972656e1 4.76837158203125000e-7 5.40415442173980409e-7 4 4
2.80713021755218506e-1 -1.30797269919901105e1 -1.30797185897827148e1 -1.30797300338745117e1 1.36693313379510073e-6 3.33786005057845614e-7 11 11
2.56203532218933105e-1 -1.00067569613523286e1 -1.00067529678344727e1 -1.00067596435546875e1 3.57627868652343750e-7 4.76837158203125000e-7 9 9
2.37589791417121887e-1 -5.75260002646588298e0 -5.75259780883789062e0 -5.75260448455810547e0 1.52985251133941347e-7 3.65575147043273319e-7 11 11
2.32207387685775757e-1 -1.96644200290656945e0 -1.96644449234008789e0 -1.96644628047943115e0 2.22524008108848648e-7 1.27156582152565534e-7 8 8
2.41801574826240540e-1 -1.28122230885894001e-1 -1.28123432397842407e-1 -1.28126785159111023e-1 1.48614242334588198e-6 4.84784436594054569e-7 2 2
2.61807948350906372e-1 -9.19586502043872711e-1 -9.19590294361114502e-1 -9.19589698314666748e-1 2.70207721086990205e-7 1.27156582152565534e-7 3 3
2.83236980438232422e-1 -3.90969598095510529e0 -3.90970444679260254e0 -3.90969800949096680e0 7.31150294086546637e-7 7.94728578057402046e-7 3 3
2.96384572982788086e-1 -7.74475280685871059e0 -7.74476528167724609e0 -7.74475574493408203e0 9.21885145999112865e-7 8.74201475653535454e-7 3 3
2.94838160276412964e-1 -1.07327618027871647e1 -1.07327861785888672e1 -1.07327747344970703e1 9.13937867608183296e-7 5.96046447753906250e-7 2 2
2.78125256299972534e-1 -1.15411357269064254e1 -1.15411596298217773e1 -1.15411510467529297e1 2.58286786447570194e-6 1.94708513845398556e-6 9 9
2.51911818981170654e-1 -9.72695682615929158e0 -9.72696971893310547e0 -9.72696685791015625e0 5.56309998955839546e-7 2.96859070658683777e-7 10 10
2.25668430328369141e-1 -5.90126428014091609e0 -5.90128231048583984e0 -5.90127801895141602e0 2.38418579101562500e-7 1.82787573521636659e-7 9 9
2.08767399191856384e-1 -1.47706075257143743e0 -1.47707414627075195e0 -1.47706878185272217e0 3.33786005057845614e-7 5.56310020272121619e-8 10 10
2.06620797514915466e-1 1.86680584427402207e0 1.86679697036743164e0 1.86680245399475098e0 1.07288357753532182e-7 9.93410722571752558e-8 10 10
2.18452900648117065e-1 2.81681998027968250e0 2.81681203842163086e0 2.81681799888610840e0 6.75519288506620796e-7 3.89417010637771455e-7 2 2
2.37625896930694580e-1 1.05856381419546519e0 1.05855500698089600e0 1.05855965614318848e0 8.87666828930377960e-8 1.66893002528922807e-7 3 3
2.54384607076644897e-1 -2.52921723492623585e0 -2.52922487258911133e0 -2.52922105789184570e0 6.11941004535765387e-7 2.78154999477919773e-7 3 3
2.59887844324111938e-1 -6.31157833207042085e0 -6.31158542633056641e0 -6.31157827377319336e0 4.60942572999556432e-7 9.53674330617104715e-8 3 3
2.49862745404243469e-1 -8.61693065978142769e0 -8.61693668365478516e0 -8.61693096160888672e0 4.45048016217697295e-7 5.48362720564909978e-7 2 2
2.26374953985214233e-1 -8.39948346184140249e0 -8.39948749542236328e0 -8.39948272705078125e0 2.70207721086990205e-7 2.14576715507064364e-7 8 8
1.96983724832534790e-1 -5.61580241267100355e0 -5.61581134796142578e0 -5.61581277847290039e0 2.14576715507064364e-7 2.60115484707057476e-7 10 10
1.71630918979644775e-1 -1.15670550837391217e0 -1.15671503543853760e0 -1.15671694278717041e0 1.23182928746246034e-7 1.03314718558067398e-7 12 12
1.58547088503837585e-1 3.98593072160258322e0 3.98592066764831543e0 3.98592042922973633e0 1.74840295130707091e-7 9.73542526594428637e-8 9 9
1.60863891243934631e-1 8.56815275429157808e0 8.56814193725585938e0 8.56814479827880859e0 7.94728620689966192e-8 8.14596816667290113e-8 3 3
1.75330266356468201e-1 1.00695090552845858e1 1.00694961547851562e1 1.00695028305053711e1 1.98682144514350512e-7 7.94728620689966192e-8 3 3
1.93662136793136597e-1 6.38560977297057342e0 6.38559007644653320e0 6.38560676574707031e0 1.50998431536208955e-7 8.14596816667290113e-8 5 5
2.05968677997589111e-1 1.25019045069354795e-1 1.25005453824996948e-1 1.25021472573280334e-1 8.82148754044465022e-7 5.32468163783050841e-7 5 5
2.04841554164886475e-1 -5.18214034203164875e0 -5.18214702606201172e0 -5.18213748931884766e0 4.84784436594054569e-7 2.06629437116134795e-7 3 3
1.88419952988624573e-1 -7.55599591773902901e0 -7.55599737167358398e0 -7.55599355697631836e0 8.66254197262605885e-7 2.94049584681488341e-7 2 2
1.61166742444038391e-1 -6.51942883533710749e0 -6.51943159103393555e0 -6.51942634582519531e0 4.52995294608626864e-7 1.03314718558067398e-7 11 11
1.32035702466964722e-1 -2.15515915055365426e0 -2.15516424179077148e0 -2.15515494346618652e0 1.70866641724387591e-7 6.15914643731230171e-8 9 9
1.10785707831382751e-1 6.18927119228937617e0 6.18927001953125000e0 6.18928050994873047e0 4.76837158203125000e-7 1.39077499738959887e-7 5 5
1.03962637484073639e-1 1.40027200816696311e1 1.40027236938476562e1 1.40027332305908203e1 1.27156579310394591e-6 8.74201475653535454e-7 8 8
1.12206742167472839e-1 1.76245055731727760e1 1.76245117187500000e1 1.76245212554931641e1 3.65575147043273319e-6 4.21206141254515387e-6 6 6
1.29996329545974731e-1 1.66338660576433242e1 1.66338615417480469e1 1.66338653564453125e1 1.43051147460937500e-6 1.35103857701324159e-6 13 13
1.47933453321456909e-1 1.20197857277815601e1 1.20197973251342773e1 1.20198011398315430e1 4.33127070209593512e-6 4.33127070209593512e-6 9 9
1.56628683209419250e-1 4.35447969087075126e0 4.35446691513061523e0 4.35447359085083008e0 3.85443371442306670e-7 1.58945724137993238e-7 3 3
1.50581896305084229e-1 -3.51950685265773000e0 -3.51951050758361816e0 -3.51950359344482422e0 3.93390649833236239e-7 1.43051153145279386e-7 5 5
1.30458265542984009e-1 -7.65720607975698719e0 -7.65721988677978516e0 -7.65721416473388672e0 4.76837158203125000e-7 1.03314718558067398e-7 2 2
1.02820165455341339e-1 -5.87734376473857001e0 -5.87736463546752930e0 -5.87736272811889648e0 1.27156582152565534e-7 5.96046447753906250e-8 8 8
7.74256289005279541e-2 1.88986069111381250e0 1.88984107971191406e0 1.88984584808349609e0 1.19209289550781250e-7 2.38418582654276179e-8 5 4
6.32079988718032837e-2 1.01174961294270460e1 1.01174850463867188e1 1.01174926757812500e1 3.49680590261414181e-7 2.30471286499778216e-7 4 4
6.45953267812728882e-2 1.50073215200167436e1 1.50073204040527344e1 1.50073299407958984e1 3.49680590261414181e-7 5.72204612581117544e-7 6 6
7.96881616115570068e-2 1.56662652654318659e1 1.56662797927856445e1 1.56662931442260742e1 5.28494501850218512e-6 5.44389104106812738e-6 10 10
1.01047396659851074e-1 1.28003628485585352e1 1.28003473281860352e1 1.28003606796264648e1 2.10603076311599580e-7 1.39077499738959887e-7 13 13
1.18767164647579193e-1 7.67331292272003296e0 7.67330789566040039e0 7.67332553863525391e0 1.03314718558067398e-7 5.96046447753906250e-8 9 9
1.24564975500106812e-1 1.01554592864512272e0 1.01554632186889648e0 1.01556468009948730e0 2.86102306290558772e-7 1.39077499738959887e-7 3 3
1.15201540291309357e-1 -5.14459061196977085e0 -5.14458656311035156e0 -5.14456653594970703e0 2.82128638673384557e-7 1.70866641724387591e-7 3 3
9.38193500041961670e-2 -7.48424985952790589e0 -7.48424768447875977e0 -7.48422288894653320e0 1.31130221348030318e-7 6.75519302717475512e-8 5 5
6.86477944254875183e-2 -3.41783373651735767e0 -3.41783499717712402e0 -3.41780829429626465e0 1.35103860543495102e-7 7.54992157681044773e-8 5 5
4.96089123189449310e-2 4.01365782021645678e0 4.01365184783935547e0 4.01367473602294922e0 2.96036404279220733e-7 2.50339496687956853e-7 7 6
4.42243330180644989e-2 1.02582076903572990e1 1.02581987380981445e1 1.02582168579101562e1 3.53654229456878966e-7 5.16573607001191704e-7 4 4
5.45119494199752808e-2 1.30365190311030723e1 1.30365047454833984e1 1.30365209579467773e1 4.37100737826767727e-7 3.17891448275986477e-7 5 5
7.61527717113494873e-2 1.20546977877838799e1 1.20546960830688477e1 1.20547084808349609e1 4.49021672466187738e-6 4.29153442382812500e-6 9 9
1.00271686911582947e-1 8.08445937533185521e0 8.08444309234619141e0 8.08445739746093750e0 1.98682144514350512e-7 1.41064319336692279e-7 7 7
1.17097407579421997e-1 1.28938447222006780e0 1.28938722610473633e0 1.28940618038177490e0 1.31130221348030318e-7 5.36441788767660910e-8 4 4
1.19991630315780640e-1 -6.84804888798185374e0 -6.84805488586425781e0 -6.84803628921508789e0 6.43730174942902522e-7 1.98682144514350512e-7 6 6
1.08185045421123505e-1 -1.20227405320703742e1 -1.20227613449096680e1 -1.20227489471435547e1 3.85443354389281012e-6 4.09285212299437262e-6 5 5
8.70914757251739502e-2 -1.22589435976660202e1 -1.22589588165283203e1 -1.22589464187622070e1 6.03993748882203363e-6 5.64257288715452887e-6 12 12
6.60704150795936584e-2 -6.98741563339972771e0 -6.98741102218627930e0 -6.98740100860595703e0 1.58945724137993238e-7 2.78155010136060810e-8 7 7
5.45612759888172150e-2 1.77895544982818277e0 1.77894628047943115e0 1.77895736694335938e0 1.87355908565223217e-8 2.06629437116134795e-7 5 5
5.81841282546520233e-2 8.79685512482015852e0 8.79684925079345703e0 8.79685878753662109e0 1.58945724137993238e-7 1.58945724137993238e-7 4 4
7.64157995581626892e-2 1.13502370284350889e1 1.13502359390258789e1 1.13502454757690430e1 1.94708513845398556e-6 1.66893005371093750e-6 12 12
1.02800063788890839e-1 9.27373307592531226e0 9.27372169494628906e0 9.27373313903808594e0 2.82128638673384557e-7 2.38418579101562500e-7 9 9
1.27605348825454712e-1 1.83411553765702307e0 1.83410727977752686e0 1.83411765098571777e0 1.58945724137993238e-7 2.74181360282454989e-7 5 5
1.41833260655403137e-1 -7.35887731956000035e0 -7.35888576507568359e0 -7.35887575149536133e0 5.80151890972047113e-7 3.09944141463347478e-7 9 9
1.40924438834190369e-1 -1.36170853903162588e1 -1.36170921325683594e1 -1.36170854568481445e1 4.52995294608626864e-7 5.24520885392121272e-7 7 7
1.26632481813430786e-1 -1.52588423064943868e1 -1.52588510513305664e1 -1.52588424682617188e1 3.17891448275986477e-7 3.17891448275986477e-7 9 9
1.06293126940727234e-1 -1.29043407226214590e1 -1.29043569564819336e1 -1.29043436050415039e1 5.56309998955839546e-7 2.18550368913383863e-7 12 12
8.97900387644767761e-2 -8.05921887637634171e0 -8.05924224853515625e0 -8.05922412872314453e0 3.21865087471451261e-7 1.98682144514350512e-7 10 10
8.54692086577415466e-2 -1.90273435277280267e0 -1.90276062488555908e0 -1.90274047851562500e0 1.83780983320502855e-7 6.05980545742568211e-8 10 10
9.66875255107879639e-2 3.28260946771190554e0 3.28257656097412109e0 3.28260397911071777e0 4.37100737826767727e-8 3.97364310344983096e-8 2 2
1.20419606566429138e-1 4.10757174831202043e0 4.10752677917480469e0 4.10756540298461914e0 1.22189518947379838e-7 9.93410722571752558e-8 3 3
1.48497641086578369e-1 -4.58472165190404790e-1 -4.58509713411331177e-1 -4.58475291728973389e-1 1.43051153145279386e-7 5.96046447753906250e-8 8 8
1.70972868800163269e-1 -6.86320929541726876e0 -6.86323595046997070e0 -6.86320924758911133e0 2.58286803500595852e-7 5.16573607001191704e-7 4 4
1.80211648344993591e-1 -1.19649766119860388e1 -1.19650011062622070e1 -1.19649820327758789e1 3.93390655517578125e-6 3.73522448171570431e-6 4 4
1.74036502838134766e-1 -1.42082805532116989e1 -1.42082815170288086e1 -1.42082653045654297e1 4.21206152623199159e-7 3.17891448275986477e-7 4 4
1.56615987420082092e-1 -1.32735304171590283e1 -1.32735414505004883e1 -1.32735280990600586e1 1.21593473068060121e-6 5.24520885392121272e-7 11 11
1.36736437678337097e-1 -9.82306009253055024e0 -9.82307243347167969e0 -9.82305717468261719e0 5.32468163783050841e-7 2.54313164305131068e-7 10 10
1.24168612062931061e-1 -5.26150735509901857e0 -5.26151466369628906e0 -5.26150131225585938e0 3.61601507847808534e-7 5.16573592790336988e-8 11 11
1.25628307461738586e-1 -1.34273431546653788e0 -1.34274005889892578e0 -1.34272909164428711e0 1.68879822126655199e-7 4.37100737826767727e-8 10 10
1.41997575759887695e-1 2.86080835547506629e-1 2.86074846982955933e-1 2.86087244749069214e-1 4.96705354180448921e-7 5.96046447753906250e-8 4 4
1.67952924966812134e-1 -1.03339244045337275e0 -1.03340208530426025e0 -1.03338766098022461e0 2.62260442696060636e-7 2.62260442696060636e-7 4 4
1.94154113531112671e-1 -4.57321612286348156e0 -4.57322692871093750e0 -4.57321071624755859e0 4.45048016217697295e-7 9.53674330617104715e-8 3 3
2.11090356111526489e-1 -8.72229976257612982e0 -8.72231197357177734e0 -8.72229480743408203e0 5.24520885392121272e-7 4.37100737826767727e-7 3 3
2.12997168302536011e-1 -1.17270314330596186e1 -1.17270488739013672e1 -1.17270307540893555e1 2.58286786447570194e-6 2.62260437011718750e-6 3 3
2.00227975845336914e-1 -1.23522503573476641e1 -1.23522729873657227e1 -1.23522586822509766e1 6.19888305664062500e-6 6.39756535747437738e-6 2 2
1.79101929068565369e-1 -1.03189610594592587e1 -1.03189640045166016e1 -1.03189496994018555e1 7.15255737304687500e-7 1.98682144514350512e-7 9 9
1.59290745854377747e-1 -6.38595992673777957e0 -6.38598108291625977e0 -6.38596725463867188e0 9.93410722571752558e-8 5.48362720564909978e-7 9 9
1.49822816252708435e-1 -2.04871417898201091e0 -2.04873299598693848e0 -2.04871511459350586e0 1.78813934326171875e-7 1.94708505318885727e-7 10 10
1.55353158712387085e-1 9.87578016116407609e-1 9.87562000751495361e-1 9.87580835819244385e-1 5.84125530167511897e-7 3.67561980851860426e-8 3 3
1.74238160252571106e-1 1.46091699522285001e0 1.46088922023773193e0 1.46091175079345703e0 2.62260442696060636e-7 5.08626328610262135e-7 3 3
1.99209436774253845e-1 -7.55229524384586570e-1 -7.55256354808807373e-1 -7.55233705043792725e-1 6.19888282926694956e-7 2.06629437116134795e-7 5 4
2.20368877053260803e-1 -4.59571899423877372e0 -4.59574031829833984e0 -4.59571743011474609e0 3.09944141463347478e-7 2.94049584681488341e-7 3 3
2.29269132018089294e-1 -8.35683972050393287e0 -8.35685634613037109e0 -8.35683727264404297e0 7.47044907711824635e-7 4.76837158203125000e-7 3 3
2.22396031022071838e-1 -1.04219557604624402e1 -1.04219703674316406e1 -1.04219522476196289e1 1.52587892898736754e-6 6.67572010115691228e-7 2 2
2.02616333961486816e-1 -9.88103336519158937e0 -9.88104629516601562e0 -9.88102817535400391e0 3.97364289028701023e-7 1.58945724137993238e-7 10 10
1.77993223071098328e-1 -6.85672315686000999e0 -6.85673856735229492e0 -6.85671997070312500e0 2.78154999477919773e-7 5.88099169362976681e-7 8 8
1.58458620309829712e-1 -2.42477896139571891e0 -2.42479491233825684e0 -2.42477583885192871e0 2.86102306290558772e-7 4.05311595841340022e-7 10 10
1.51714906096458435e-1 1.81748242419581030e0 1.81746017932891846e0 1.81748759746551514e0 1.47024792340744170e-7 7.54992157681044773e-8 12 10
1.60057112574577332e-1 4.21255845588317879e0 4.21253347396850586e0 4.21256494522094727e0 4.41074377022232511e-7 9.93410722571752558e-8 3 3
1.79426625370979309e-1 3.70258169144236815e0 3.70255088806152344e0 3.70257949829101562e0 3.17891448275986477e-7 1.28966348711401224e-7 3 3
2.01086744666099548e-1 6.57766102927859198e-1 6.57739400863647461e-1 6.57763659954071045e-1 1.11262004054424324e-7 6.35782910762827669e-8 4 4
2.15228959918022156e-1 -3.41728970165873092e0 -3.41731071472167969e0 -3.41729068756103516e0 8.02675856448331615e-7 1.50998431536208955e-7 3 3
2.15021848678588867e-1 -6.69485303895194761e0 -6.69486713409423828e0 -6.69485139846801758e0 8.34465026855468750e-7 3.17891448275986477e-7 3 3
1.99432358145713806e-1 -7.75385883126218811e0 -7.75386667251586914e0 -7.75385665893554688e0 6.11941004535765387e-7 5.40415442173980409e-7 4 4
1.73655182123184204e-1 -6.06587760782265839e0 -6.06588506698608398e0 -6.06587553024291992e0 2.70207721086990205e-7 4.21206152623199159e-7 10 10
1.46973401308059692e-1 -2.10385379199348721e0 -2.10386300086975098e0 -2.10385465621948242e0 1.72853475532974699e-7 1.70866641724387591e-7 11 11
1.28932684659957886e-1 3.45073150154131403e0 3.45071697235107422e0 3.45072960853576660e0 1.39077499738959887e-7 1.21196109148513642e-7 9 9
1.25407740473747253e-1 9.93948806411279229e0 9.93946743011474609e0 9.93948841094970703e0 3.57627868652343750e-7 1.19209289550781250e-7 3 3
1.36183664202690125e-1 1.46379752207728107e1 1.46379575729370117e1 1.46379842758178711e1 1.96695324916618119e-7 4.56968933804091648e-8 7 7
1.55050247907638550e-1 1.46578512511915662e1 1.46578512191772461e1 1.46578731536865234e1 3.25838732351257931e-6 2.78155016530945431e-6 6 6
1.72370180487632751e-1 8.62107713121060826e0 8.62105274200439453e0 8.62107753753662109e0 1.03314718558067398e-7 2.14576715507064364e-7 5 5
1.79061517119407654e-1 5.92504777307910957e-1 5.92481553554534912e-1 5.92500090599060059e-1 5.64257277346769115e-7 5.16573607001191704e-7 5 5
1.70351430773735046e-1 -4.93562239207091302e0 -4.93564367294311523e0 -4.93563079833984375e0 2.14576715507064364e-7 1.74840295130707091e-7 3 3
1.47752493619918823e-1 -6.23058796127077930e0 -6.23060321807861328e0 -6.23059368133544922e0 2.46365857492492069e-7 3.09944141463347478e-7 11 11
1.18445895612239838e-1 -3.30892732557773295e0 -3.30895256996154785e0 -3.30894494056701660e0 1.58945724137993238e-7 5.96046447753906250e-8 13 12
9.23263430595397949e-2 4.77433551747356244e0 4.77429819107055664e0 4.77431344985961914e0 1.43051153145279386e-7 7.15255765726396930e-8 8 8
7.79275670647621155e-2 1.37132463657348360e1 1.37132139205932617e1 1.37132339477539062e1 5.24520885392121272e-7 2.22524008108848648e-7 10 10
7.89095684885978699e-2 1.91329052249849632e1 1.91328868865966797e1 1.91329059600830078e1 7.15255737304687500e-7 4.76837158203125000e-7 8 8
9.25567969679832458e-2 1.99864990535198608e1 1.99864864349365234e1 1.99865093231201172e1 8.74201475653535454e-7 6.35782896551972954e-7 13 13
1.10906898975372314e-1 1.72706870386487488e1 1.72706756591796875e1 1.72707042694091797e1 4.25179791818663944e-7 1.19209289550781250e-7 13 13
1.24044179916381836e-1 1.22039767779576351e1 1.22039852142333984e1 1.22040100097656250e1 5.48362731933593750e-6 5.16573572895140387e-6 9 9
1.24199151992797852e-1 6.52215138454298238e0 6.52212619781494141e0 6.52215671539306641e0 2.38418579101562500e-7 7.94728620689966192e-8 8 8
1.08962498605251312e-1 2.55402019979014394e0 2.55400276184082031e0 2.55404186248779297e0 1.56958904540260846e-7 5.96046447753906250e-8 2 2
8.22876468300819397e-2 3.23940983540635674e0 3.23938608169555664e0 3.23942637443542480e0 1.09275184456691932e-7 7.94728620689966192e-8 4 4
5.28681091964244843e-2 7.63192358832071260e0 7.63190317153930664e0 7.63193225860595703e0 1.82787573521636659e-7 2.50339496687956853e-7 6 6
3.05591151118278503e-2 1.29830113384608925e1 1.29829940795898438e1 1.29830131530761719e1 7.15255737304687500e-7 3.25838726666916045e-7 7 7
2.23198216408491135e-2 1.70180261081142632e1 1.70180130004882812e1 1.70180225372314453e1 3.97364289028701023e-7 1.43051153145279386e-7 6 6
2.93502099812030792e-2 1.84832145562713812e1 1.84832096099853516e1 1.84832115173339844e1 2.46365857492492069e-7 5.56309998955839546e-7 5 5
4.66038994491100311e-2 1.71291973898917895e1 1.71291904449462891e1 1.71291904449462891e1 1.37488052587286802e-6 2.38418579101562500e-7 11 11
6.48778304457664490e-2 1.35207003501409684e1 1.35206928253173828e1 1.35206975936889648e1 2.38418579101562500e-7 3.73522453855912318e-7 14 14
7.46166408061981201e-2 9.08899935988272034e0 9.08898925781250000e0 9.08899593353271484e0 3.17891448275986477e-7 2.26497647304313432e-7 10 10
6.98621049523353577e-2 5.60147641433116572e0 5.60147428512573242e0 5.60148429870605469e0 1.19209289550781250e-7 1.09139364212751389e-7 3 3
5.07181584835052490e-2 4.52674607424913855e0 4.52674293518066406e0 4.52675390243530273e0 2.82128638673384557e-7 2.18550368913383863e-7 4 4
2.33144573867321014e-2 6.27982563082014611e0 6.27981901168823242e0 6.27982854843139648e0 3.25838726666916045e-7 3.17891455381413834e-8 4 4
-2.71647586487233639e-3 1.00097148328665622e1 1.00097026824951172e1 1.00097131729125977e1 1.74840295130707091e-7 3.17891448275986477e-7 3 3
-1.82077456265687943e-2 1.40783782560178015e1 1.40783634185791016e1 1.40783729553222656e1 3.97364289028701023e-7 1.74840295130707091e-7 7 7
-1.82348769158124924e-2 1.67706296494619096e1 1.67706222534179688e1 1.67706298828125000e1 1.46230058817309327e-6 3.50701157003641129e-7 6 6
-4.14273282513022423e-3 1.70211957725422103e1 1.70211849212646484e1 1.70211982727050781e1 3.33786005057845614e-7 3.97364289028701023e-7 12 12
1.70136708766222000e-2 1.47107625842424543e1 1.47107543945312500e1 1.47107686996459961e1 5.56309998955839546e-7 5.16573607001191704e-7 9 9
3.53837460279464722e-2 1.06822817987562448e1 1.06822748184204102e1 1.06822814941406250e1 6.35782896551972954e-7 4.76837158203125000e-7 9 9
4.23887930810451508e-2 6.51796832294283224e0 6.51795721054077148e0 6.51796436309814453e0 2.94049584681488341e-7 1.23182928746246034e-7 10 10
3.42641957104206085e-2 3.89447990235011110e0 3.89446997642517090e0 3.89447665214538574e0 1.27156582152565534e-7 5.56310020272121619e-8 3 3
1.36149022728204727e-2 3.90709905525717849e0 3.90708875656127930e0 3.90709686279296875e0 1.54785809058921586e-7 5.96046447753906250e-8 3 3
-1.16575509309768677e-2 6.48710146863085768e0 6.48710012435913086e0 6.48710727691650391e0 4.29153431014128728e-7 2.58296495303511620e-7 3 3
-3.16138267517089844e-2 1.04517350060663059e1 1.04517345428466797e1 1.04517421722412109e1 1.09672544112981996e-6 5.16573607001191704e-7 3 3
-3.83768603205680847e-2 1.40726150641070937e1 1.40726108551025391e1 1.40726156234741211e1 5.96046447753906250e-7 5.56309998955839546e-7 7 7
-2.93816532939672470e-2 1.58081302849247649e1 1.58081417083740234e1 1.58081464767456055e1 7.62939453125000000e-6 7.66913126426516101e-6 3 3
-8.43397155404090881e-3 1.49268491927791231e1 1.49268188476562500e1 1.49268245697021484e1 4.76837158203125000e-7 2.30471286499778216e-7 9 9
1.58588029444217682e-2 1.16865192905947328e1 1.16865215301513672e1 1.16865291595458984e1 2.90075945486023556e-6 2.54313158620789181e-6 8 8
3.36373336613178253e-2 7.26682721439568269e0 7.26681184768676758e0 7.26682281494140625e0 1.03314718558067398e-7 2.62260442696060636e-7 10 10
3.78559604287147522e-2 3.32222212026546915e0 3.32221269607543945e0 3.32222604751586914e0 8.94069671630859375e-8 8.94069671630859375e-8 9 9
2.71869488060474396e-2 1.45658070313881871e0 1.45656847953796387e0 1.45658504962921143e0 2.94049584681488341e-7 5.36441788767660910e-8 2 2
6.56512286514043808e-3 2.48938184503698645e0 2.48936605453491211e0 2.48938417434692383e0 3.33786005057845614e-7 1.58945724137993238e-7 3 3
-1.48517712950706482e-2 5.85110524920991093e0 5.85108804702758789e0 5.85110425949096680e0 5.80151890972047113e-7 1.82787573521636659e-7 4 4
-2.74654943495988846e-2 9.97087011600270756e0 9.97085571289062500e0 9.97087001800537109e0 1.37488052587286802e-6 1.19209289550781250e-7 3 3
-2.52019427716732025e-2 1.30568853470263484e1 1.30568704605102539e1 1.30568838119506836e1 7.86781299666472478e-7 2.14576715507064364e-7 6 6
-8.02225619554519653e-3 1.37985034024088336e1 1.37984943389892578e1 1.37985000610351562e1 7.54992186102754204e-7 1.58945724137993238e-7 13 13
1.80556289851665497e-2 1.18340758829770056e1 1.18340711593627930e1 1.18340797424316406e1 3.25838732351257931e-6 3.13917803396179806e-6 10 10
4.34339195489883423e-2 7.77383860736458754e0 7.77381992340087891e0 7.77383041381835938e0 4.49021655413162080e-7 1.03314718558067398e-7 11 11
5.88884912431240082e-2 2.49782626513246830e0 2.49782204627990723e0 2.49783205986022949e0 2.22524008108848648e-7 5.56310020272121619e-8 10 10
5.93678578734397888e-2 -3.09018972900654898e0 -3.09020423889160156e0 -3.09018206596374512e0 8.74201475653535454e-8 1.01327898960335006e-7 3 3
4.60703186690807343e-2 -6.48531604489476887e0 -6.48535394668579102e0 -6.48531103134155273e0 1.98682144514350512e-7 5.96046447753906250e-8 2 2
2.59422790259122849e-2 -4.81256358680484198e0 -4.81262588500976562e0 -4.81256055831909180e0 1.58945724137993238e-7 7.94728620689966192e-8 3 3
8.80474597215652466e-3 1.71020824473930300e0 1.71015703678131104e0 1.71020817756652832e0 1.29143401750297926e-7 2.46365857492492069e-7 8 8
3.29363066703081131e-3 8.61294986436340082e0 8.61292171478271484e0 8.61294746398925781e0 9.53674330617104715e-8 1.19209289550781250e-7 4 4
1.32887708023190498e-2 1.27145306945289995e1 1.27145347595214844e1 1.27145395278930664e1 5.00679016113281250e-6 4.68889857074827887e-6 5 5
-2.13694974780082703e-1 2.09899150560154304e1 2.09899253845214844e1 2.09899253845214844e1 4.56968933804091648e-7 3.97364289028701023e-7 8 8
-1.85490697622299194e-1 2.09989900141785206e1 2.09989910125732422e1 2.09989910125732422e1 1.73250839452521177e-6 7.62939464493683772e-7 6 6
-1.62056133151054382e-1 2.09987914666749376e1 2.09987907409667969e1 2.09987907409667969e1 9.69568873188109137e-7 8.58306862028257456e-7 3 3
-1.51373744010925293e-1 2.09987832467390376e1 2.09987907409667969e1 2.09987907409667969e1 2.11397809835034423e-6 1.08557287603616714e-6 8 8
-1.56165882945060730e-1 2.09987841220941078e1 2.09987907409667969e1 2.09987907409667969e1 6.83466566897550365e-7 4.45048016217697295e-7 9 9
-1.72780066728591919e-1 2.09987841780938460e1 2.09987907409667969e1 2.09987907409667969e1 1.03314721400238341e-6 8.10623191682680044e-7 2 2
-1.92704364657402039e-1 2.09987841751118474e1 2.09987907409667969e1 2.09987907409667969e1 1.76429750808893004e-6 3.97364289028701023e-7 2 2
-2.06087529659271240e-1 2.09987841749053814e1 2.09987907409667969e1 2.09987907409667969e1 1.03314721400238341e-6 5.08626328610262135e-7 3 3
-2.05811694264411926e-1 2.09987841750325082e1 2.09987907409667969e1 2.09987907409667969e1 6.35782896551972954e-7 3.01996863072417909e-7 2 2
-1.90437048673629761e-1 2.09987841751527711e1 2.09987907409667969e1 2.09987907409667969e1 1.38282780426379759e-6 1.04904177078424254e-6 9 9
-1.64803802967071533e-1 2.09987841752713145e1 2.09987907409667969e1 2.09987907409667969e1 1.62124638336536009e-6 7.47044907711824635e-7 8 8
-1.38042941689491272e-1 2.09987841753898614e1 2.09987907409667969e1 2.09987907409667969e1 3.99351108626433415e-7 9.37779759624390863e-7 8 8
-1.19816333055496216e-1 2.09987841755084048e1 2.09987907409667969e1 2.09987907409667969e1 2.38418579101562500e-7 8.90096032435394591e-7 9 9
-1.16337694227695465e-1 2.09987841756269518e1 2.09987907409667969e1 2.09987907409667969e1 3.20685415999832912e-7 2.38418579101562500e-7 11 11
-1.27815723419189453e-1 2.09987841757454952e1 2.09987907409667969e1 2.09987907409667969e1 4.56930138170719147e-7 4.21206152623199159e-7 2 2
-1.48374497890472412e-1 2.09987841758640386e1 2.09987907409667969e1 2.09987907409667969e1 1.43051147460937500e-6 2.38418579101562500e-7 3 3
-1.68483853340148926e-1 2.09987841759825749e1 2.09987907409667969e1 2.09987907409667969e1 5.72204612581117544e-7 8.26517748464539181e-7 3 3
-1.78896993398666382e-1 2.09987841761011111e1 2.09987907409667969e1 2.09987907409667969e1 1.14440922516223509e-6 8.90096032435394591e-7 3 3
-1.74470812082290649e-1 2.09987841762196368e1 2.09987907409667969e1 2.09987907409667969e1 9.69568873188109137e-7 2.38418579101562500e-7 2 2
-1.56292602419853210e-1 2.09987841763381660e1 2.09987907409667969e1 2.09987907409667969e1 2.38418579101562500e-7 2.54313164305131068e-7 9 9
-1.31235942244529724e-1 2.09987841764495933e1 2.09987907409667969e1 2.09987907409667969e1 2.38418579101562500e-7 9.53674316406250000e-7 9 9
-1.09128594398498535e-1 2.09953752170278065e1 2.09953765869140625e1 2.09953765869140625e1 6.59624731724761659e-7 4.60942572999556432e-7 11 11
-9.87012609839439392e-2 8.43470365097354957e0 8.43454551696777344e0 8.43458938598632812e0 1.98682144514350512e-7 2.70207721086990205e-7 8 8
-1.03988371789455414e-1 6.22954519698494202e0 6.22956466674804688e0 6.22956705093383789e0 2.38418579101562500e-7 9.02218744158744812e-8 2 2
-1.22665897011756897e-1 7.20620986401972807e0 7.20620965957641602e0 7.20621776580810547e0 6.75519288506620796e-7 7.94728620689966192e-8 3 3
-1.47011995315551758e-1 1.01869520028866134e1 1.01869430541992188e1 1.01869544982910156e1 6.19888282926694956e-7 3.57627868652343750e-7 3 3
-1.67094171047210693e-1 1.45009412451956354e1 1.45009355545043945e1 1.45009450912475586e1 1.55766804255108582e-6 3.27418092638254166e-7 6 6
-1.74867823719978333e-1 1.85525431016141020e1 1.85525379180908203e1 1.85525493621826172e1 8.58306862028257456e-7 6.99361180522828363e-7 8 8
-1.67495504021644592e-1 2.07024333811558741e1 2.07024307250976562e1 2.07024383544921875e1 6.03993726144835819e-7 3.01996863072417909e-7 7 7
-1.48517116904258728e-1 2.07456307005727112e1 2.07456417083740234e1 2.07456455230712891e1 1.66893005371093750e-6 1.43051147460937500e-6 11 11
-1.26388505101203918e-1 1.85254354938531129e1 1.85254039764404297e1 1.85254192352294922e1 4.76837158203125000e-7 1.07288357753532182e-7 14 14
-1.10991306602954865e-1 1.46984819397639921e1 1.46984758377075195e1 1.46984825134277344e1 3.57627868652343750e-7 5.96046447753906250e-7 11 11
-1.09553925693035126e-1 1.16350302117712001e1 1.16350326538085938e1 1.16350345611572266e1 2.66234087575867306e-6 2.46365857492492069e-6 9 9
-1.23666726052761078e-1 1.05474823137505922e1 1.05474786758422852e1 1.05474777221679688e1 3.57627868652343750e-7 3.73522453855912318e-7 2 2
-1.48622781038284302e-1 1.20802665199601513e1 1.20802831649780273e1 1.20802783966064453e1 4.37100743511109613e-6 4.37100743511109613e-6 3 3
-1.75356209278106689e-1 1.57423988782184150e1 1.57423915863037109e1 1.57423858642578125e1 3.65575147043273319e-7 7.54992157681044773e-8 6 6
-1.94178476929664612e-1 2.00701531642870528e1 2.00701560974121094e1 2.00701503753662109e1 2.82128638673384557e-7 3.33786005057845614e-7 8 8
-1.98771044611930847e-1 2.09988218415049808e1 2.09988231658935547e1 2.09988231658935547e1 1.04904177078424254e-6 1.16030378194409423e-6 5 5
-1.88787207007408142e-1 2.09988123180669497e1 2.09988231658935547e1 2.09988231658935547e1 1.22388200907153077e-6 8.42412305246398319e-7 2 2
-1.69989705085754395e-1 2.09987845291819184e1 2.09987850189208984e1 2.09987850189208984e1 1.25567123632208677e-6 1.06493632756610168e-6 11 11
-1.51867210865020752e-1 2.09987840495046036e1 2.09987850189208984e1 2.09987850189208984e1 4.96705354180448921e-7 1.58945724137993238e-7 9 9
-1.43713280558586121e-1 2.09987841742270476e1 2.09987850189208984e1 2.09987850189208984e1 2.02655797920670011e-7 9.53674330617104715e-8 10 10
-1.50785401463508606e-1 2.09987752645271719e1 2.09987850189208984e1 2.09987850189208984e1 3.17891448275986477e-7 4.05311595841340022e-7 2 2
-1.72128915786743164e-1 1.55593408696622433e1 1.55592908859252930e1 1.55592870712280273e1 4.13258874232269591e-7 7.62939464493683772e-7 7 7
-2.00963601469993591e-1 1.63028239320541815e1 1.63028202056884766e1 1.63028335571289062e1 3.65575147043273319e-7 1.17619833872595336e-6 5 5
-2.27473497390747070e-1 2.07710351090619731e1 2.07710266113281250e1 2.07710361480712891e1 1.58945724137993238e-7 8.58306862028257456e-7 9 9
-2.42848947644233704e-1 2.09988820213512817e1 2.09989013671875000e1 2.09989013671875000e1 7.94534571468830109e-7 8.14907252788543701e-7 3 3
-2.42913231253623962e-1 2.09987942863721564e1 2.09987964630126953e1 2.09987964630126953e1 4.92731714984984137e-7 7.62939464493683772e-7 4 4
-2.29837656021118164e-1 2.09987838882558577e1 2.09987964630126953e1 2.09987964630126953e1 7.78834021275542909e-7 4.76837158203125000e-7 4 4
-2.11237400770187378e-1 2.09987841254065728e1 2.09987964630126953e1 2.09987964630126953e1 9.37779759624390863e-7 9.37779759624390863e-7 9 9
-1.97021231055259705e-1 2.09987841797199941e1 2.09987964630126953e1 2.09987964630126953e1 9.21885145999112865e-7 4.76837158203125000e-7 10 10
-1.95294946432113647e-1 2.09987841797421773e1 2.09987964630126953e1 2.09987964630126953e1 1.60535171289666323e-6 4.76837158203125000e-7 9 9
-2.09008574485778809e-1 2.09987841796008432e1 2.09987964630126953e1 2.09987964630126953e1 3.50793197867460549e-5 3.46978522429708391e-5 1 1
-2.34730765223503113e-1 2.09987841797148107e1 2.09987964630126953e1 2.09987964630126953e1 1.57356259933294496e-6 1.03314721400238341e-6 3 3
-2.64055997133255005e-1 2.09987841798344164e1 2.09987964630126953e1 2.09987964630126953e1 1.47819514495495241e-6 4.76837158203125000e-7 3 3
-2.87064135074615479e-1 2.09987841799529171e1 2.09987964630126953e1 2.09987964630126953e1 6.19888282926694956e-7 4.76837158203125000e-7 3 3
-2.96404957771301270e-1 2.09987841800713575e1 2.09987964630126953e1 2.09987964630126953e1 7.31150294086546637e-7 5.08626328610262135e-7 4 4
-2.90322542190551758e-1 2.09987841801898121e1 2.09987964630126953e1 2.09987964630126953e1 1.70071916727465577e-6 6.35782896551972954e-7 1 1
-2.73371815681457520e-1 2.09987841803082596e1 2.09987964630126953e1 2.09987964630126953e1 8.10623191682680044e-7 4.76837158203125000e-7 9 9
-2.54531472921371460e-1 2.09987841804266999e1 2.09987964630126953e1 2.09987964630126953e1 6.11941004535765387e-7 9.05990589217253728e-7 8 8
-2.43492186069488525e-1 2.09987841805451438e1 2.09987964630126953e1 2.09987964630126953e1 6.99361180522828363e-7 8.58306862028257456e-7 9 9
-2.46651232242584229e-1 2.09987841806635807e1 2.09987964630126953e1 2.09987964630126953e1 1.63714094014721923e-6 7.61065166443586349e-7 3 3
-2.64466226100921631e-1 2.09987841807820175e1 2.09987964630126953e1 2.09987964630126953e1 1.03314721400238341e-6 7.62939464493683772e-7 2 2
-2.91259765625000000e-1 2.09987841809004507e1 2.09987964630126953e1 2.09987964630126953e1 8.90096032435394591e-7 4.76837158203125000e-7 3 3
-3.17555636167526245e-1 2.09987841810188840e1 2.09987964630126953e1 2.09987964630126953e1 4.76837158203125000e-7 4.76837158203125000e-7 3 3
-3.33982676267623901e-1 2.09987841811373137e1 2.09987964630126953e1 2.09987964630126953e1 7.94728578057402046e-7 1.04904177078424254e-6 3 3
-3.35135638713836670e-1 2.09987841812557363e1 2.09987964630126953e1 2.09987964630126953e1 1.62124638336536009e-6 1.68482461049279664e-6 3 3
-3.21800559759140015e-1 2.09987841813741625e1 2.09987964630126953e1 2.09987964630126953e1 2.52723702942603268e-6 9.83709469437599182e-7 3 3
-3.00625771284103394e-1 2.09987841814925851e1 2.09987964630126953e1 2.09987964630126953e1 6.99361180522828363e-7 4.76837158203125000e-7 9 9
-2.81375050544738770e-1 2.09987841816110077e1 2.09987964630126953e1 2.09987964630126953e1 2.57492069977161009e-6 8.26517748464539181e-7 8 8
-2.72895902395248413e-1 2.09987841817294196e1 2.09987964630126953e1 2.09987964630126953e1 1.00135798675182741e-6 4.76837158203125000e-7 9 9
-2.79466241598129272e-1 2.09987841818478316e1 2.09987964630126953e1 2.09987964630126953e1 4.76837158203125000e-7 5.88099169362976681e-7 2 2
-2.99026966094970703e-1 2.09987841819662435e1 2.09987964630126953e1 2.09987964630126953e1 5.52336359760374762e-7 4.76837158203125000e-7 2 2
-3.24029654264450073e-1 2.09987841820846519e1 2.09987964630126953e1 2.09987964630126953e1 7.15255737304687500e-7 8.42412305246398319e-7 2 2
-3.44549477100372314e-1 2.09987841822030603e1 2.09987964630126953e1 2.09987964630126953e1 5.64257277346769115e-7 4.76837158203125000e-7 3 3
-3.52379113435745239e-1 2.09987841823214652e1 2.09987964630126953e1 2.09987964630126953e1 2.28881845032447018e-6 9.85463429969968274e-7 3 3
-3.44414681196212769e-1 2.09987841824398664e1 2.09987964630126953e1 2.09987964630126953e1 1.73250839452521177e-6 8.74201475653535454e-7 1 1
-3.23936551809310913e-1 2.09987841825582677e1 2.09987964630126953e1 2.09987964630126953e1 4.76837158203125000e-7 6.83466566897550365e-7 8 8
-2.99256920814514160e-1 2.09987841826766619e1 2.09987964630126953e1 2.09987964630126953e1 4.76837158203125000e-7 9.53674316406250000e-7 8 8
-2.80291646718978882e-1 2.09987841827950525e1 2.09987964630126953e1 2.09987964630126953e1 7.47044907711824635e-7 4.76837158203125000e-7 9 9
-2.74471253156661987e-1 2.09987841829134467e1 2.09987964630126953e1 2.09987964630126953e1 7.31150294086546637e-7 5.56309998955839546e-7 10 10
-2.83677697181701660e-1 2.09987841830318338e1 2.09987964630126953e1 2.09987964630126953e1 5.24520885392121272e-7 4.76837158203125000e-7 2 2
-3.03470969200134277e-1 2.09987841831502209e1 2.09987964630126953e1 2.09987964630126953e1 1.43051147460937500e-6 4.76837158203125000e-7 3 3
-3.24924409389495850e-1 2.09987841832686044e1 2.09987964630126953e1 2.09987964630126953e1 2.68618259724462405e-6 7.15255737304687500e-7 2 2
-3.38311642408370972e-1 2.09987841833869808e1 2.09987964630126953e1 2.09987964630126953e1 4.76837158203125000e-7 6.99361180522828363e-7 2 2
-3.37124019861221313e-1 2.09987841835053644e1 2.09987964630126953e1 2.09987964630126953e1 9.05990589217253728e-7 1.22388200907153077e-6 2 2
-3.20760786533355713e-1 2.09987841836237372e1 2.09987964630126953e1 2.09987964630126953e1 1.44640603139123414e-6 4.76837158203125000e-7 4 4
-2.94782459735870361e-1 2.09987841837421136e1 2.09987964630126953e1 2.09987964630126953e1 1.06493632756610168e-6 4.76837158203125000e-7 9 9
-2.68622368574142456e-1 2.09987841838604830e1 2.09987964630126953e1 2.09987964630126953e1 6.57746568322181702e-7 6.43194653093814850e-7 9 9
-2.51700997352600098e-1 2.09987841839788594e1 2.09987964630126953e1 2.09987964630126953e1 2.05039987122290768e-6 4.76837158203125000e-7 9 9
-2.49545827507972717e-1 2.09987841840972216e1 2.09987964630126953e1 2.09987964630126953e1 4.76837158203125000e-7 5.08626328610262135e-7 10 10
-2.61517763137817383e-1 2.09987841842155838e1 2.09987964630126953e1 2.09987964630126953e1 9.21885145999112865e-7 4.76837158203125000e-7 2 2
-2.81081974506378174e-1 2.09987841843339424e1 2.09987964630126953e1 2.09987964630126953e1 6.51677453333832091e-7 4.76837158203125000e-7 4 4
-2.98511624336242676e-1 2.09987841844523011e1 2.09987964630126953e1 2.09987964630126953e1 1.03314721400238341e-6 7.23230186849832535e-7 2 2
-3.04908514022827148e-1 2.09987841845706633e1 2.09987964630126953e1 2.09987964630126953e1 8.26517748464539181e-7 4.76837158203125000e-7 3 3
-2.95882344245910645e-1 2.09987841846890149e1 2.09987964630126953e1 2.09987964630126953e1 1.78019206487078918e-6 4.76837158203125000e-7 2 2
-2.73370146751403809e-1 2.09987841848073664e1 2.09987964630126953e1 2.09987964630126953e1 1.90734863281250000e-6 1.03314721400238341e-6 10 10
-2.44845330715179443e-1 2.09987841849257144e1 2.09987964630126953e1 2.09987964630126953e1 1.16030378194409423e-6 9.53674316406250000e-7 9 9
-2.20242798328399658e-1 2.09987841850440624e1 2.09987964630126953e1 2.09987964630126953e1 6.03993726144835819e-7 4.76837158203125000e-7 9 9
-2.07868441939353943e-1 2.09987841851624069e1 2.09987964630126953e1 2.09987964630126953e1 1.31924946344952332e-6 4.76837158203125000e-7 7 7
-2.10980817675590515e-1 2.09987841852807477e1 2.09987964630126953e1 2.09987964630126953e1 4.76837158203125000e-7 6.03993726144835819e-7 2 2
-2.26455271244049072e-1 2.09987841853990851e1 2.09987964630126953e1 2.09987964630126953e1 9.61621594797179569e-7 4.76837158203125000e-7 3 3
-2.46081545948982239e-1 2.09987841855174224e1 2.09987964630126953e1 2.09987964630126953e1 7.23203015695617069e-7 5.00678993375913706e-7 3 3
-2.59959489107131958e-1 2.09987841856357562e1 2.09987964630126953e1 2.09987964630126953e1 4.92731714984984137e-7 4.76837158203125000e-7 3 3
-2.60591953992843628e-1 2.09987841857540865e1 2.09987964630126953e1 2.09987964630126953e1 7.70886742884613341e-7 9.85463429969968274e-7 3 3
-2.45986074209213257e-1 2.09987841858724167e1 2.09987964630126953e1 2.09987964630126953e1 6.19888282926694956e-7 4.76837158203125000e-7 2 2
-2.20483392477035522e-1 2.09987841859907434e1 2.09987964630126953e1 2.09987964630126953e1 1.04904177078424254e-6 4.76837158203125000e-7 10 10
-1.92976430058479309e-1 2.09987841861090665e1 2.09987964630126953e1 2.09987964630126953e1 7.54992186102754204e-7 4.76837158203125000e-7 10 10
-1.73247367143630981e-1 2.09987841862273896e1 2.09987964630126953e1 2.09987964630126953e1 4.76837158203125000e-7 5.40415442173980409e-7 8 8
-1.67939335107803345e-1 2.09987841863457056e1 2.09987964630126953e1 2.09987964630126953e1 4.76837158203125000e-7 4.76837158203125000e-7 8 8
-1.77822530269622803e-1 2.09987841864640217e1 2.09987964630126953e1 2.09987964630126953e1 4.76837158203125000e-7 4.76837158203125000e-7 2 2
-1.97483122348785400e-1 2.09987841865823341e1 2.09987964630126953e1 2.09987964630126953e1 1.28746034988580504e-6 4.76837158203125000e-7 3 3
-2.17562973499298096e-1 2.09987841867006466e1 2.09987964630126953e1 2.09987964630126953e1 1.07288360595703125e-6 4.76837158203125000e-7 3 3
-2.28626534342765808e-1 2.09987841868189555e1 2.09987964630126953e1 2.09987964630126953e1 1.17619833872595336e-6 4.76837158203125000e-7 3 3
-2.25059062242507935e-1 2.09987841869372609e1 2.09987964630126953e1 2.09987964630126953e1 1.16030378194409423e-6 4.76837158203125000e-7 3 3
-2.07388147711753845e-1 2.09987841870555627e1 2.09987964630126953e1 2.09987964630126953e1 1.04904177078424254e-6 4.76837158203125000e-7 5 5
-1.82070553302764893e-1 2.09987841871738681e1 2.09987964630126953e1 2.09987964630126953e1 8.02675856448331615e-7 5.08626328610262135e-7 11 11
-1.58832371234893799e-1 2.09987841872921663e1 2.09987964630126953e1 2.09987964630126953e1 4.76837158203125000e-7 4.76837158203125000e-7 8 8
-1.46659746766090393e-1 2.09987841874104610e1 2.09987964630126953e1 2.09987964630126953e1 5.32468163783050841e-7 4.76837158203125000e-7 8 8
-1.50094509124755859e-1 2.09987841875287522e1 2.09987964630126953e1 2.09987964630126953e1 4.76837158203125000e-7 4.76837158203125000e-7 3 3
-1.67362764477729797e-1 2.09987841876464465e1 2.09987964630126953e1 2.09987964630126953e1 4.76837158203125000e-7 4.76837158203125000e-7 3 3
-1.91108807921409607e-1 2.09987780694979946e1 2.09987964630126953e1 2.09987964630126953e1 1.00135798675182741e-6 7.15255737304687500e-7 3 3
-2.11431249976158142e-1 1.94197182606678425e1 1.94186935424804688e1 1.94187335968017578e1 3.85625753551721573e-7 3.92901711165904999e-7 6 6
-2.19969063997268677e-1 2.09976916453771523e1 2.09976959228515625e1 2.09976959228515625e1 6.83466566897550365e-7 9.85463429969968274e-7 5 5
-2.13351413607597351e-1 2.09988243522790761e1 2.09988231658935547e1 2.09988231658935547e1 1.63714094014721923e-6 4.13258874232269591e-7 3 3
-1.94588184356689453e-1 2.09987858325542192e1 2.09987850189208984e1 2.09987850189208984e1 1.11261999791167909e-6 9.53674316406250000e-7 11 11
-1.71827375888824463e-1 2.09987840254802656e1 2.09987850189208984e1 2.09987850189208984e1 8.02675856448331615e-7 5.56309998955839546e-7 11 11
-1.54992088675498962e-1 2.09987841775335724e1 2.09987850189208984e1 2.09987850189208984e1 7.15255737304687500e-7 6.35782910762827669e-8 8 8
-1.51684656739234924e-1 2.09987841891432581e1 2.09987850189208984e1 2.09987850189208984e1 2.62260442696060636e-7 4.21206152623199159e-7 10 10
-1.64047628641128540e-1 2.09977598346981402e1 2.09977626800537109e1 2.09977626800537109e1 1.27951307149487548e-6 4.68889879812195431e-7 3 3
-1.87876865267753601e-1 1.51552597732850813e1 1.51555767059326172e1 1.51555604934692383e1 6.59624731724761659e-7 3.09944141463347478e-7 8 8
-2.14352697134017944e-1 1.83400687779738902e1 1.83400058746337891e1 1.83400058746337891e1 7.94728578057402046e-7 8.74201475653535454e-7 7 7
-2.33674630522727966e-1 2.09986139638726712e1 2.09986152648925781e1 2.09986152648925781e1 6.67572010115691228e-7 1.50998431536208955e-7 5 5
-2.39100441336631775e-1 2.09988569204765625e1 2.09988594055175781e1 2.09988594055175781e1 5.56309998955839546e-7 8.10623191682680044e-7 4 4
-2.29722976684570312e-1 2.09987863115292654e1 2.09987850189208984e1 2.09987850189208984e1 5.56309998955839546e-7 2.14576715507064364e-7 2 2
-2.10839003324508667e-1 2.09987838735475556e1 2.09987850189208984e1 2.09987850189208984e1 6.27835618161043385e-7 2.14576715507064364e-7 9 9
-1.91758170723915100e-1 2.09987841733601073e1 2.09987850189208984e1 2.09987850189208984e1 1.11261999791167909e-6 3.81469732246841886e-7 10 10
-1.81955918669700623e-1 2.09987841907969042e1 2.09987850189208984e1 2.09987850189208984e1 8.82148754044465022e-7 5.39148459210991859e-7 11 11
-1.87157586216926575e-1 2.09987841898185401e1 2.09987850189208984e1 2.09987850189208984e1 2.98023223876953125e-7 4.60942572999556432e-7 2 2
-2.06969380378723145e-1 2.09987841898334722e1 2.09987850189208984e1 2.09987850189208984e1 6.27835618161043385e-7 3.49680590261414181e-7 3 3
-2.35033735632896423e-1 2.09987841899549679e1 2.09987850189208984e1 2.09987850189208984e1 5.03496266901493073e-7 1.00135798675182741e-6 2 2
-2.61644721031188965e-1 2.09987841900737600e1 2.09987850189208984e1 2.09987850189208984e1 5.48362720564909978e-7 2.38418579101562500e-7 4 4
-2.77744889259338379e-1 2.09987841901919943e1 2.09987850189208984e1 2.09987850189208984e1 4.76837158203125000e-7 6.03993726144835819e-7 3 3
-2.78654098510742188e-1 2.09987841903102250e1 2.09987850189208984e1 2.09987850189208984e1 1.12851455469353823e-6 1.00135798675182741e-6 3 3
-2.65992462635040283e-1 2.09987841904284593e1 2.09987850189208984e1 2.09987850189208984e1 7.15255737304687500e-7 6.51677453333832091e-7 2 2
-2.47003510594367981e-1 2.09987841905466865e1 2.09987850189208984e1 2.09987850189208984e1 2.00271597350365482e-6 7.53789208829402924e-7 9 9
-2.31557428836822510e-1 2.09987841906649173e1 2.09987850189208984e1 2.09987850189208984e1 6.99361180522828363e-7 3.17891448275986477e-7 9 9
-2.28070333600044250e-1 2.09987841907831410e1 2.09987850189208984e1 2.09987850189208984e1 4.60942572999556432e-7 9.05990589217253728e-7 10 10
-2.40023478865623474e-1 2.09987841909013646e1 2.09987850189208984e1 2.09987850189208984e1 4.92731714984984137e-7 2.54658516496419907e-7 1 1
-2.64518499374389648e-1 2.09987841910195812e1 2.09987850189208984e1 2.09987850189208984e1 1.17619833872595336e-6 2.57568899542093277e-7 3 3
-2.93464720249176025e-1 2.09987841911377977e1 2.09987850189208984e1 2.09987850189208984e1 2.82923383565503173e-6 4.92731714984984137e-7 3 3
-3.16908746957778931e-1 2.09987841912560143e1 2.09987850189208984e1 2.09987850189208984e1 1.93913774637621827e-6 5.24520885392121272e-7 3 3
-3.27132731676101685e-1 2.09987841913742272e1 2.09987850189208984e1 2.09987850189208984e1 1.19209289550781250e-6 4.92731714984984137e-7 3 3
-3.21830421686172485e-1 2.09987841914924331e1 2.09987850189208984e1 2.09987850189208984e1 6.59624731724761659e-7 1.01725265722052427e-6 2 2
-3.05050611495971680e-1 2.09987841916106426e1 2.09987850189208984e1 2.09987850189208984e1 5.08626328610262135e-7 7.15255737304687500e-7 9 9
-2.85518914461135864e-1 2.09987841917288485e1 2.09987850189208984e1 2.09987850189208984e1 7.07308458913757931e-7 3.17891448275986477e-7 9 9
-2.73030340671539307e-1 2.09987841918470508e1 2.09987850189208984e1 2.09987850189208984e1 1.14440922516223509e-6 1.90734866123420943e-7 10 10
-2.74400681257247925e-1 2.09987841919652531e1 2.09987850189208984e1 2.09987850189208984e1 6.51677453333832091e-7 5.56309998955839546e-7 9 9
-2.90647596120834351e-1 2.09987841920834484e1 2.09987850189208984e1 2.09987850189208984e1 1.85966496246692259e-6 3.33786005057845614e-7 3 3
-3.16564053297042847e-1 2.09987841922016401e1 2.09987850189208984e1 2.09987850189208984e1 1.60535171289666323e-6 2.06629437116134795e-7 3 3
-3.42860400676727295e-1 2.09987841923198388e1 2.09987850189208984e1 2.09987850189208984e1 9.85463429969968274e-7 7.94728578057402046e-7 3 3
-3.59991103410720825e-1 2.09987841924380305e1 2.09987850189208984e1 2.09987850189208984e1 1.36693313379510073e-6 7.62939464493683772e-7 3 3
-3.62087577581405640e-1 2.09987841925562115e1 2.09987850189208984e1 2.09987850189208984e1 2.68618259724462405e-6 1.43051147460937500e-6 2 2
-3.49374264478683472e-1 2.09987841926743961e1 2.09987850189208984e1 2.09987850189208984e1 9.21885145999112865e-7 6.99361180522828363e-7 2 2
-3.28071624040603638e-1 2.09987841927925771e1 2.09987850189208984e1 2.09987850189208984e1 4.37100737826767727e-7 9.37779759624390863e-7 9 9
-3.07825475931167603e-1 2.09987841929107582e1 2.09987850189208984e1 2.09987850189208984e1 1.78019206487078918e-6 3.41733283448775182e-7 9 9
-2.97723740339279175e-1 2.09987841930289392e1 2.09987850189208984e1 2.09987850189208984e1 3.33786005057845614e-7 1.03314721400238341e-6 10 10
-3.02543938159942627e-1 2.09987841931471131e1 2.09987850189208984e1 2.09987850189208984e1 3.01996863072417909e-7 5.08626328610262135e-7 2 2
-3.20779442787170410e-1 2.09987841932652834e1 2.09987850189208984e1 2.09987850189208984e1 4.13258874232269591e-7 3.81469732246841886e-7 5 3
-3.45259040594100952e-1 2.09987841933834538e1 2.09987850189208984e1 2.09987850189208984e1 9.57516022026538849e-7 9.92440618574619293e-7 2 2
-3.66104155778884888e-1 2.09987841935016242e1 2.09987850189208984e1 2.09987850189208984e1 7.86781299666472478e-7 1.35103860543495102e-7 3 3
-3.74803453683853149e-1 2.09987841936197803e1 2.09987850189208984e1 2.09987850189208984e1 3.11533608510217164e-6 7.94728578057402046e-7 3 3
-3.67724061012268066e-1 2.09987841937379471e1 2.09987850189208984e1 2.09987850189208984e1 9.05990589217253728e-7 6.67572010115691228e-7 2 2
-3.47610592842102051e-1 2.09987841938561068e1 2.09987850189208984e1 2.09987850189208984e1 1.84377029199822573e-6 4.45048016217697295e-7 9 9
-3.22453349828720093e-1 2.09987841939742665e1 2.09987850189208984e1 2.09987850189208984e1 4.76837158203125000e-7 1.74840295130707091e-7 9 9
-3.02193135023117065e-1 2.09987841940924227e1 2.09987850189208984e1 2.09987850189208984e1 1.27156579310394591e-6 4.60942572999556432e-7 10 10
-2.94621586799621582e-1 2.09987841942105717e1 2.09987850189208984e1 2.09987850189208984e1 1.25567123632208677e-6 1.03314721400238341e-6 9 9
-3.02168935537338257e-1 2.09987841943287243e1 2.09987850189208984e1 2.09987850189208984e1 1.50998437220550841e-6 1.27156582152565534e-7 2 2
-3.20904105901718140e-1 2.09987841944468698e1 2.09987850189208984e1 2.09987850189208984e1 2.19733919948339462e-7 7.62939464493683772e-7 2 2
-3.42160135507583618e-1 2.09987841945650118e1 2.09987850189208984e1 2.09987850189208984e1 9.69568873188109137e-7 8.42412305246398319e-7 3 3
-3.56113702058792114e-1 2.09987841946831537e1 2.09987850189208984e1 2.09987850189208984e1 6.88305590301752090e-7 6.65022525936365128e-7 2 2
-3.55842381715774536e-1 2.09987841948012921e1 2.09987850189208984e1 2.09987850189208984e1 1.06493632756610168e-6 7.78834021275542909e-7 3 3
-3.40185582637786865e-1 2.09987841949194376e1 2.09987850189208984e1 2.09987850189208984e1 1.00135798675182741e-6 3.91446519643068314e-7 2 2
-3.14228594303131104e-1 2.09987841950375653e1 2.09987850189208984e1 2.09987850189208984e1 8.98043310826324159e-7 4.92731714984984137e-7 9 9
-2.87210196256637573e-1 2.09987841951557002e1 2.09987850189208984e1 2.09987850189208984e1 8.42412305246398319e-7 7.78834021275542909e-7 9 9
-2.68717169761657715e-1 2.09987841952738279e1 2.09987850189208984e1 2.09987850189208984e1 1.20004017389874207e-6 1.90734866123420943e-7 10 10
-2.64735370874404907e-1 2.09987841953919521e1 2.09987850189208984e1 2.09987850189208984e1 4.52995294608626864e-7 7.15255765726396930e-8 10 10
-2.75186985731124878e-1 2.09987841955100798e1 2.09987850189208984e1 2.09987850189208984e1 5.52336359760374762e-7 4.21206152623199159e-7 2 2
-2.93969810009002686e-1 2.09987841956282040e1 2.09987850189208984e1 2.09987850189208984e1 3.17891448275986477e-7 4.60942572999556432e-7 3 3
-3.11482191085815430e-1 2.09987841957463246e1 2.09987850189208984e1 2.09987850189208984e1 1.50998437220550841e-6 7.15255737304687500e-7 3 3
-3.18592250347137451e-1 2.09987841958644417e1 2.09987850189208984e1 2.09987850189208984e1 3.81469732246841886e-7 2.94049584681488341e-7 3 3
-3.10413300991058350e-1 2.09987841959825587e1 2.09987850189208984e1 2.09987850189208984e1 7.31150294086546637e-7 2.78154999477919773e-7 2 2
0.00000000000000000e0 2.09987841961006652e1 2.09987850189208984e1 2.09987850189208984e1 2.94049584681488341e-7 5.66244118260783580e-8 12 12
0.00000000000000000e0 2.09987841962187751e1 2.09987850189208984e1 2.09987850189208984e1 4.39087557424500119e-7 5.08626328610262135e-7 9 9
0.00000000000000000e0 2.09987841963368886e1 2.09987850189208984e1 2.09987850189208984e1 2.27292389354261104e-6 5.72204612581117544e-7 4 4
0.00000000000000000e0 2.09987841964549879e1 2.09987850189208984e1 2.09987850189208984e1 1.55766804255108582e-6 3.65575147043273319e-7 5 5
0.00000000000000000e0 2.09987841965730908e1 2.09987850189208984e1 2.09987850189208984e1 8.90096032435394591e-7 5.72204612581117544e-7 9 9
0.00000000000000000e0 2.09987841966911901e1 2.09987850189208984e1 2.09987850189208984e1 6.99361180522828363e-7 9.69568873188109137e-7 9 9
0.00000000000000000e0 2.09987841968092894e1 2.09987850189208984e1 2.09987850189208984e1 1.25567123632208677e-6 6.67572010115691228e-7 9 9
0.00000000000000000e0 2.09987841969273816e1 2.09987850189208984e1 2.09987850189208984e1 6.19888282926694956e-7 1.04904177078424254e-6 10 10
0.00000000000000000e0 2.09987841970454774e1 2.09987850189208984e1 2.09987850189208984e1 3.01996863072417909e-7 4.76837158203125000e-7 10 10
0.00000000000000000e0 2.09987841971635660e1 2.09987850189208984e1 2.09987850189208984e1 5.32468163783050841e-7 7.15255765726396930e-8 7 7
0.00000000000000000e0 2.09987841972816511e1 2.09987850189208984e1 2.09987850189208984e1 3.60159901902079582e-7 3.64525476470589638e-7 4 4
0.00000000000000000e0 2.09987841973997362e1 2.09987850189208984e1 2.09987850189208984e1 2.76168179880187381e-7 5.32468163783050841e-7 3 3
0.00000000000000000e0 2.09987841975178142e1 2.09987850189208984e1 2.09987850189208984e1 1.47819514495495241e-6 4.21206152623199159e-7 2 2
0.00000000000000000e0 2.09987841974330465e1 2.09987850189208984e1 2.09987850189208984e1 2.62260442696060636e-7 4.52995294608626864e-7 2 2
0.00000000000000000e0 1.09433659252495374e1 1.09435033798217773e1 1.09434185028076172e1 1.11261999791167909e-6 9.13937867608183296e-7 2 2
0.00000000000000000e0 4.52526672549607856e0 4.52524662017822266e0 4.52526330947875977e0 8.34465026855468750e-7 1.35103860543495102e-7 2 2
0.00000000000000000e0 6.65905023087545356e0 6.65904664993286133e0 6.65905475616455078e0 8.34465026855468750e-7 5.24520885392121272e-7 2 2
0.00000000000000000e0 7.50160700668965585e0 7.50160980224609375e0 7.50160980224609375e0 5.96046447753906250e-7 9.93410722571752558e-8 2 2
0.00000000000000000e0 7.77017917921046575e0 7.77018022537231445e0 7.77018165588378906e0 3.25838726666916045e-7 5.32468163783050841e-7 2 2
0.00000000000000000e0 7.90785838011051645e0 7.90785932540893555e0 7.90786075592041016e0 3.73522453855912318e-7 1.82787573521636659e-7 2 2
0.00000000000000000e0 7.97070367890786446e0 7.97070455551147461e0 7.97070598602294922e0 2.50339496687956853e-7 1.03314718558067398e-7 2 2
0.00000000000000000e0 7.96880904282570501e0 7.96880960464477539e0 7.96881103515625000e0 4.13258874232269591e-7 1.70866641724387591e-7 2 2
0.00000000000000000e0 7.91548380363476944e0 7.91548538208007812e0 7.91548490524291992e0 2.38418579101562500e-7 5.16573592790336988e-8 2 2
0.00000000000000000e0 7.82317620952277437e0 7.82317733764648438e0 7.82317829132080078e0 4.80810797398589784e-7 1.11262004054424324e-7 2 2
0.00000000000000000e0 7.70186023937116904e0 7.70185995101928711e0 7.70186042785644531e0 5.32468163783050841e-7 3.09944141463347478e-7 2 2
0.00000000000000000e0 7.55939069789081852e0 7.55938911437988281e0 7.55939149856567383e0 3.37759644253310398e-7 8.74201475653535454e-8 2 2
0.00000000000000000e0 7.40195445525421647e0 7.40195226669311523e0 7.40195560455322266e0 2.22524008108848648e-7 2.34444939906097716e-7 2 2
0.00000000000000000e0 7.23440372210001126e0 7.23440170288085938e0 7.23440504074096680e0 3.49680590261414181e-7 9.13937867608183296e-8 2 2
0.00000000000000000e0 7.06051697375190290e0 7.06051540374755859e0 7.06051969528198242e0 3.85443371442306670e-7 9.53674330617104715e-8 2 2
0.00000000000000000e0 6.88321058790142981e0 6.88320970535278320e0 6.88321208953857422e0 4.01337928224165807e-7 9.93410722571752558e-8 2 2
0.00000000000000000e0 6.70471090247679502e0 6.70471048355102539e0 6.70471143722534180e0 4.21206152623199159e-7 2.46365857492492069e-7 2 2
0.00000000000000000e0 6.52669383864974062e0 6.52669095993041992e0 6.52669334411621094e0 3.17891448275986477e-7 1.11262004054424324e-7 2 2
0.00000000000000000e0 6.35039808130738503e0 6.35039520263671875e0 6.35039615631103516e0 2.78154999477919773e-7 9.93410722571752558e-8 2 2
0.00000000000000000e0 6.17671673052219905e0 6.17671060562133789e0 6.17671537399291992e0 2.66234081891525420e-7 1.03314718558067398e-7 2 2
0.00000000000000000e0 6.00627141764805739e0 6.00626802444458008e0 6.00626945495605469e0 2.58286803500595852e-7 2.14576715507064364e-7 2 2
0.00000000000000000e0 5.83947213416872657e0 5.83947038650512695e0 5.83947038650512695e0 2.26497647304313432e-7 1.31130221348030318e-7 2 2
0.00000000000000000e0 5.67656541851139274e0 5.67656469345092773e0 5.67656469345092773e0 3.09944141463347478e-7 5.56310020272121619e-8 2 2
0.00000000000000000e0 5.51767270784083763e0 5.51767015457153320e0 5.51767206192016602e0 3.45706951065949397e-7 8.54333208621937956e-8 2 2
0.00000000000000000e0 5.36247482218448379e0 5.36247301101684570e0 5.36247491836547852e0 9.93410722571752558e-8 1.35103860543495102e-7 2 2
0.00000000000000000e0 5.21078141047917764e0 5.21078062057495117e0 5.21078109741210938e0 2.34444939906097716e-7 1.25169748343978426e-7 2 2
0.00000000000000000e0 5.06299675898045276e0 5.06299400329589844e0 5.06299734115600586e0 1.82787573521636659e-7 1.54972070731673739e-7 2 2
0.00000000000000000e0 4.91906244624457134e0 4.91905784606933594e0 4.91906309127807617e0 3.13917809080521693e-7 1.43051153145279386e-7 2 2
0.00000000000000000e0 4.77882067308580893e0 4.77881431579589844e0 4.77881908416748047e0 2.02655797920670011e-7 1.47024792340744170e-7 2 2
0.00000000000000000e0 4.64210479375845342e0 4.64209890365600586e0 4.64210367202758789e0 6.27835618161043385e-7 1.82787573521636659e-7 2 2
0.00000000000000000e0 4.50874551369126753e0 4.50873994827270508e0 4.50874519348144531e0 3.67561966641005711e-7 5.96046447753906250e-8 2 2
0.00000000000000000e0 4.37857335552467575e0 4.37856674194335938e0 4.37857341766357422e0 2.72194540684722597e-7 2.02655797920670011e-7 2 2
0.00000000000000000e0 4.25142211633754119e0 4.25141716003417969e0 4.25142335891723633e0 3.35772824655578006e-7 1.09275184456691932e-7 2 2
0.00000000000000000e0 4.12713156092682620e0 4.12712335586547852e0 4.12713384628295898e0 3.43720131468217005e-7 3.97364310344983096e-8 2 2
0.00000000000000000e0 4.00554918326217635e0 4.00553941726684570e0 4.00555086135864258e0 4.05311595841340022e-7 1.54972070731673739e-7 2 2
0.00000000000000000e0 3.88653125005440137e0 3.88652372360229492e0 3.88653278350830078e0 9.13937867608183296e-8 1.09275184456691932e-7 2 2
0.00000000000000000e0 3.76994330701886771e0 3.76993751525878906e0 3.76994562149047852e0 2.02655797920670011e-7 2.12589895909331972e-7 2 2
0.00000000000000000e0 3.65566028503677209e0 3.65565371513366699e0 3.65566301345825195e0 1.68879822126655199e-7 1.19209289550781250e-7 2 2
0.00000000000000000e0 3.54356631629307683e0 3.54356098175048828e0 3.54356884956359863e0 2.96036404279220733e-7 1.29143401750297926e-7 2 2
0.00000000000000000e0 3.43355434917324631e0 3.43354797363281250e0 3.43355560302734375e0 2.90075945486023556e-7 8.14596816667290113e-8 2 2
0.00000000000000000e0 3.32552563251454547e0 3.32551932334899902e0 3.32552695274353027e0 3.11930961061079870e-7 4.37100737826767727e-8 2 2
0.00000000000000000e0 3.21938912431591184e0 3.21938180923461914e0 3.21938943862915039e0 2.12589895909331972e-7 7.35123961703720852e-8 2 2
0.00000000000000000e0 3.11506086701130291e0 3.11505150794982910e0 3.11506104469299316e0 2.28484466902045824e-7 1.43051153145279386e-7 2 2
0.00000000000000000e0 3.01246336055576647e0 3.01245188713073730e0 3.01246309280395508e0 8.94069671630859375e-8 5.76178216249445541e-8 3 2
0.00000000000000000e0 2.91152495560300695e0 2.91151595115661621e0 2.91152453422546387e0 1.92721685721153335e-7 1.15235643249889108e-7 2 2
0.00000000000000000e0 2.81217928182897836e0 2.81217217445373535e0 2.81217932701110840e0 1.11262004054424324e-7 5.56310020272121619e-8 3 2
0.00000000000000000e0 2.71436472065665590e0 2.71435904502868652e0 2.71436405181884766e0 1.50998431536208955e-7 9.53674330617104715e-8 2 2
0.00000000000000000e0 2.61802392715813737e0 2.61801910400390625e0 2.61802339553833008e0 1.82787573521636659e-7 7.15255765726396930e-8 2 2
0.00000000000000000e0 2.52310340251432264e0 2.52309703826904297e0 2.52310204505920410e0 1.54972070731673739e-7 1.25169748343978426e-7 2 2
0.00000000000000000e0 2.42955311597351065e0 2.42954492568969727e0 2.42955183982849121e0 6.35782910762827669e-8 9.13937867608183296e-8 3 2
0.00000000000000000e0 2.33732617353824379e0 2.33731985092163086e0 2.33732485771179199e0 1.37090680141227494e-7 8.74201475653535454e-8 3 2
0.00000000000000000e0 2.24637852954364048e0 2.24637055397033691e0 2.24637627601623535e0 1.74840295130707091e-7 5.36441788767660910e-8 2 2
0.00000000000000000e0 2.15666873670598447e0 2.15666317939758301e0 2.15666651725769043e0 1.70866641724387591e-7 1.17222469953048858e-7 2 2
0.00000000000000000e0 2.06815772999007752e0 2.06815171241760254e0 2.06815600395202637e0 2.02655797920670011e-7 5.56310020272121619e-8 3 3
0.00000000000000000e0 1.98080863971557908e0 1.98080313205718994e0 1.98080623149871826e0 2.28484466902045824e-7 7.54992157681044773e-8 2 2
0.00000000000000000e0 1.89458662953500157e0 1.89457964897155762e0 1.89458370208740234e0 2.24510827706581040e-7 6.95387498694799433e-8 2 3
0.00000000000000000e0 1.80945875529975098e0 1.80945134162902832e0 1.80945527553558350e0 1.44044562944145582e-7 9.13937867608183296e-8 2 2
0.00000000000000000e0 1.72539384125129325e0 1.72537326812744141e0 1.72538197040557861e0 1.37090680141227494e-7 5.76178216249445541e-8 4 4
0.00000000000000000e0 1.64236237041467947e0 1.64233648777008057e0 1.64234614372253418e0 1.09275184456691932e-7 1.05301538155799790e-7 4 2
0.00000000000000000e0 1.56033638656771645e0 1.56031668186187744e0 1.56032383441925049e0 1.82787573521636659e-7 6.55651106740151590e-8 3 2
0.00000000000000000e0 1.47928940554172050e0 1.47927832603454590e0 1.47928214073181152e0 2.04642617518402403e-7 7.35123961703720852e-8 2 3
0.00000000000000000e0 1.39919633403581822e0 1.39919245243072510e0 1.39918303489685059e0 1.45037972743011778e-7 8.94069671630859375e-8 3 4
0.00000000000000000e0 1.32003339449920265e0 1.32001817226409912e0 1.32000923156738281e0 1.04308128356933594e-7 9.13937867608183296e-8 3 5
0.00000000000000000e0 1.24177805489337190e0 1.24175763130187988e0 1.24175369739532471e0 1.80800753923904267e-7 8.94069671630859375e-8 2 2
0.00000000000000000e0 1.16440896246806225e0 1.16438472270965576e0 1.16439402103424072e0 1.44044562944145582e-7 2.38418582654276179e-8 4 3
0.00000000000000000e0 1.08790588085744333e0 1.08788466453552246e0 1.08788859844207764e0 1.90734866123420943e-7 6.15914643731230171e-8 2 3
0.00000000000000000e0 1.01224963001445478e0 1.01223599910736084e0 1.01223385334014893e0 1.88748046525688551e-7 3.57627882863198465e-8 2 2
0.00000000000000000e0 9.37422028628279613e-1 9.37407433986663818e-1 9.37413215637207031e-1 1.58945724137993238e-7 5.36441788767660910e-8 3 2
0.00000000000000000e0 8.63405838784098378e-1 8.63392412662506104e-1 8.63405346870422363e-1 1.14242233451022912e-7 5.96046447753906250e-8 3 2
0.00000000000000000e0 7.90184712706977987e-1 7.90152251720428467e-1 7.90189683437347412e-1 1.26659870147705078e-7 5.56310020272121619e-8 2 2
0.00000000000000000e0 7.17743141505402749e-1 7.17703998088836670e-1 7.17737257480621338e-1 1.70866641724387591e-7 4.37100737826767727e-8 2 7
0.00000000000000000e0 6.46066405859921478e-1 6.46012067794799805e-1 6.46055042743682861e-1 1.86761226927956159e-7 8.94069671630859375e-8 2 2
0.00000000000000000e0 5.75140528629592085e-1 5.75089931488037109e-1 5.75131714344024658e-1 1.92721685721153335e-7 7.15255765726396930e-8 2 4
0.00000000000000000e0 5.04952229389162177e-1 5.04907250404357910e-1 5.04940569400787354e-1 8.14596816667290113e-8 3.97364310344983096e-8 2 3
0.00000000000000000e0 4.35488880888952712e-1 4.35458570718765259e-1 4.35468018054962158e-1 4.96705361285876279e-8 5.36441788767660910e-8 3 2
0.00000000000000000e0 3.66738467447152827e-1 3.66715520620346069e-1 3.66718530654907227e-1 1.50998431536208955e-7 8.54333208621937956e-8 2 2
0.00000000000000000e0 2.98689545287295910e-1 2.98673540353775024e-1 2.98679322004318237e-1 1.09275184456691932e-7 6.35782910762827669e-8 2 2
0.00000000000000000e0 2.31331204809738816e-1 2.31323704123497009e-1 2.31322214007377625e-1 1.86761226927956159e-7 6.95387498694799433e-8 2 2
0.00000000000000000e0 1.64653034799349590e-1 1.64651423692703247e-1 1.64633348584175110e-1 1.13248823652156716e-7 2.98023223876953125e-8 2 4
0.00000000000000000e0 9.86450885401613103e-2 9.86463129520416260e-2 9.86243188381195068e-2 1.41064319336692279e-7 8.14596816667290113e-8 5 2
0.00000000000000000e0 3.32978518212297264e-2 3.32995317876338959e-2 3.32768969237804413e-2 1.80800753923904267e-7 3.97364310344983096e-8 2 3
0.00000000000000000e0 -3.13977872035908351e-2 -3.13973277807235718e-2 -3.14123928546905518e-2 1.25169748343978426e-7 5.56310020272121619e-8 2 2
0.00000000000000000e0 -9.54505663422774014e-2 -9.54509004950523376e-2 -9.54677313566207886e-2 1.27156582152565534e-7 2.58286796395168494e-8 2 3
0.00000000000000000e0 -1.58868875935714027e-1 -1.58878669142723083e-1 -1.58884808421134949e-1 6.39508144217870722e-8 7.74860353658368695e-8 3 3
0.00000000000000000e0 -2.21660783719155791e-1 -2.21684157848358154e-1 -2.21679344773292542e-1 1.68879822126655199e-7 5.56310020272121619e-8 2 3
0.00000000000000000e0 -2.83834058035376924e-1 -2.83875048160552979e-1 -2.83860594034194946e-1 2.58286803500595852e-7 8.14596816667290113e-8 4 3
0.00000000000000000e0 -3.45396189474385606e-1 -3.45444738864898682e-1 -3.45427036285400391e-1 1.07288357753532182e-7 5.76178216249445541e-8 2 2
0.00000000000000000e0 -4.06354410994898496e-1 -4.06395226716995239e-1 -4.06388550996780396e-1 4.59452458301257138e-8 3.77496078840522387e-8 2 2
0.00000000000000000e0 -4.66715716608658460e-1 -4.66740012168884277e-1 -4.66756284236907959e-1 8.54333208621937956e-8 9.13937867608183296e-8 2 2
0.00000000000000000e0 -5.26486878689065407e-1 -5.26496887207031250e-1 -5.26527404785156250e-1 1.56958904540260846e-7 3.17891455381413834e-8 2 2
0.00000000000000000e0 -5.85674463985981220e-1 -5.85674822330474854e-1 -5.85715532302856445e-1 1.46031382541877974e-7 3.97364310344983096e-8 2 2
0.00000000000000000e0 -6.44284848412220224e-1 -6.44281744956970215e-1 -6.44314825534820557e-1 1.20202699349647446e-7 3.07957321865615086e-8 2 2
0.00000000000000000e0 -7.02324230672743743e-1 -7.02334225177764893e-1 -7.02335476875305176e-1 7.74860353658368695e-8 3.57627882863198465e-8 2 2
0.00000000000000000e0 -7.59798644811972457e-1 -7.59825706481933594e-1 -7.59792804718017578e-1 6.70552253723144531e-8 7.15255765726396930e-8 2 2
0.00000000000000000e0 -8.16713971741700906e-1 -8.16745042800903320e-1 -8.16709280014038086e-1 1.37090680141227494e-7 2.22144080908037722e-8 2 3
0.00000000000000000e0 -8.73075949817418318e-1 -8.73100519180297852e-1 -8.73080193996429443e-1 6.35782910762827669e-8 5.16573592790336988e-8 2 2
0.00000000000000000e0 -9.28890184529519325e-1 -9.28910613059997559e-1 -9.28896009922027588e-1 7.20222814720727911e-8 4.07298408333645057e-8 2 2
0.00000000000000000e0 -9.84162157366694434e-1 -9.84190165996551514e-1 -9.84162509441375732e-1 8.34465012644614035e-8 2.38418582654276179e-8 2 2
0.00000000000000000e0 -1.03889723391480326e0 -1.03892743587493896e0 -1.03890299797058105e0 2.42392218297027284e-7 2.18550368913383863e-8 2 2
0.00000000000000000e0 -1.09310067124303667e0 -1.09312343597412109e0 -1.09311711788177490e0 1.29143401750297926e-7 5.76178216249445541e-8 2 2
0.00000000000000000e0 -1.14677762463557298e0 -1.14680194854736328e0 -1.14680433273315430e0 2.38418582654276179e-8 4.37100737826767727e-8 2 3
0.00000000000000000e0 -1.19993315371390619e0 -1.19995522499084473e0 -1.19995737075805664e0 9.53674330617104715e-8 1.64906182931190415e-7 2 2
0.00000000000000000e0 -1.25257222800399259e0 -1.25259745121002197e0 -1.25259554386138916e0 6.75519302717475512e-8 4.66903067319890397e-8 2 2
0.00000000000000000e0 -1.30469973198698508e0 -1.30473530292510986e0 -1.30472683906555176e0 1.07288357753532182e-7 1.56958904540260846e-7 1 1
0.00000000000000000e0 -1.35632046968044206e0 -1.35636579990386963e0 -1.35635423660278320e0 2.37425169302696304e-7 1.84797954716486856e-8 1 1
0.00000000000000000e0 -1.40743916878904196e0 -1.40749084949493408e0 -1.40747833251953125e0 1.03314718558067398e-7 1.98682144514350512e-7 1 1
0.00000000000000000e0 -1.45806048445909120e0 -1.45811402797698975e0 -1.45810222625732422e0 8.94069671630859375e-8 8.54333208621937956e-8 1 1
0.00000000000000000e0 -1.50818900267601297e0 -1.50824129581451416e0 -1.50823009014129639e0 9.53674330617104715e-8 1.98682155172491548e-8 1 1
0.00000000000000000e0 -1.55782924333547368e0 -1.55787932872772217e0 -1.55786824226379395e0 1.60932543735725631e-7 4.07298408333645057e-8 1 1
0.00000000000000000e0 -1.60698566301490176e0 -1.60703194141387939e0 -1.60702216625213623e0 1.19209289550781250e-7 6.85453400706137472e-8 1 1
0.00000000000000000e0 -1.65566265748235231e0 -1.65570569038391113e0 -1.65569615364074707e0 2.06629437116134795e-7 4.07298408333645057e-8 1 1
0.00000000000000000e0 -1.70386456395651620e0 -1.70390462875366211e0 -1.70389544963836670e0 2.40405398699294892e-7 4.66903067319890397e-8 1 1
0.00000000000000000e0 -1.75159566315264570e0 -1.75163352489471436e0 -1.75162470340728760e0 1.12255413853290520e-7 4.37100737826767727e-8 1 1
0.00000000000000000e0 -1.79886018113101520e0 -1.79889559745788574e0 -1.79888784885406494e0 1.30136811549164122e-7 3.57627882863198465e-8 1 1
0.00000000000000000e0 -1.84566229097004264e0 -1.84569573402404785e0 -1.84568810462951660e0 8.34465012644614035e-8 1.32123631146896514e-7 1 1
0.00000000000000000e0 -1.89200611428028087e0 -1.89203822612762451e0 -1.89203035831451416e0 8.94069671630859375e-8 3.77496078840522387e-8 1 1
0.00000000000000000e0 -1.93789572258258169e0 -1.93792545795440674e0 -1.93791830539703369e0 3.04977106679871213e-7 3.67561980851860426e-8 1 1
0.00000000000000000e0 -1.98333513855786991e0 -1.98336219787597656e0 -1.98335635662078857e0 1.89741456324554747e-7 3.17891455381413834e-8 1 1
0.00000000000000000e0 -2.02832833719116179e0 -2.02835464477539062e0 -2.02834844589233398e0 6.55651106740151590e-8 4.07298408333645057e-8 1 1
0.00000000000000000e0 -2.07287924681406510e0 -2.07290530204772949e0 -2.07289886474609375e0 5.26507690778998949e-8 3.47693749347399716e-8 1 1
0.00000000000000000e0 -2.11699175006891993e0 -2.11701679229736328e0 -2.11701107025146484e0 9.93410722571752558e-8 3.87430176829184347e-8 1 1
0.00000000000000000e0 -2.16066968479314925e0 -2.16069412231445312e0 -2.16068863868713379e0 1.88748046525688551e-7 9.13937867608183296e-8 1 1
0.00000000000000000e0 -2.20391684484195594e0 -2.20393943786621094e0 -2.20393562316894531e0 1.09275184456691932e-7 3.97364310344983096e-8 1 1
0.00000000000000000e0 -2.24673698085626761e0 -2.24675989151000977e0 -2.24675536155700684e0 9.53674330617104715e-8 3.67561980851860426e-8 1 1
0.00000000000000000e0 -2.28913380097966623e0 -2.28915715217590332e0 -2.28915095329284668e0 9.04003769619521336e-8 9.63608428605766676e-8 1 1
0.00000000000000000e0 -2.33111097153731750e0 -2.33113574981689453e0 -2.33112716674804688e0 9.83476624583090597e-8 3.87430176829184347e-8 1 1
0.00000000000000000e0 -2.37267211767853103e0 -2.37269735336303711e0 -2.37268733978271484e0 1.57952314339127042e-7 4.47034835815429688e-8 1 1
0.00000000000000000e0 -2.41382082399093090e0 -2.41384601593017578e0 -2.41383552551269531e0 2.49346101099945372e-7 6.55651106740151590e-8 1 1
0.00000000000000000e0 -2.45456063508962030e0 -2.45458579063415527e0 -2.45457506179809570e0 1.51991841335075151e-7 5.76178216249445541e-8 1 1
0.00000000000000000e0 -2.49489505618549945e0 -2.49491930007934570e0 -2.49490857124328613e0 5.26507690778998949e-8 2.98023223876953125e-8 1 1
0.00000000000000000e0 -2.53482755363863221e0 -2.53485107421875000e0 -2.53484058380126953e0 9.04003769619521336e-8 3.97364310344983096e-8 1 1
0.00000000000000000e0 -2.57436155549393586e0 -2.57438445091247559e0 -2.57437467575073242e0 5.46375922283459659e-8 3.97364310344983096e-8 1 1
0.00000000000000000e0 -2.61350045200985504e0 -2.61352229118347168e0 -2.61351275444030762e0 5.96046447753906250e-8 4.27166604310968978e-8 1 1
0.00000000000000000e0 -2.65224759617764994e0 -2.65226936340332031e0 -2.65225958824157715e0 9.33806134639780794e-8 3.97364310344983096e-8 1 1
0.00000000000000000e0 -2.69060630423224101e0 -2.69062805175781250e0 -2.69061827659606934e0 1.44044562944145582e-7 5.06639494801675028e-8 1 1
0.00000000000000000e0 -2.72857985615622400e0 -2.72860074043273926e0 -2.72859168052673340e0 7.35123961703720852e-8 6.05980545742568211e-8 1 1
0.00000000000000000e0 -2.76617149618396141e0 -2.76619267463684082e0 -2.76618337631225586e0 3.97364310344983096e-8 5.16573592790336988e-8 1 1
0.00000000000000000e0 -2.80338443329838061e0 -2.80340576171875000e0 -2.80339694023132324e0 7.05321596683461394e-8 3.77496078840522387e-8 1 1
0.00000000000000000e0 -2.84022184172566927e0 -2.84024429321289062e0 -2.84023451805114746e0 1.39077505068030405e-8 7.05321596683461394e-8 1 1
0.00000000000000000e0 -2.87668686142938546e0 -2.87671017646789551e0 -2.87669944763183594e0 7.94728620689966192e-8 1.29143398197584247e-8 1 1
0.00000000000000000e0 -2.91278259860193778e0 -2.91280531883239746e0 -2.91279506683349609e0 4.76837165308552358e-8 2.98023223876953125e-8 1 1
0.00000000000000000e0 -2.94851212615196090e0 -2.94853496551513672e0 -2.94852519035339355e0 5.21540641784667969e-8 8.14596816667290113e-8 1 1
0.00000000000000000e0 -2.98387848419489865e0 -2.98390054702758789e0 -2.98389077186584473e0 7.05321596683461394e-8 7.94728620689966192e-8 1 1
0.00000000000000000e0 -3.01888468053650882e0 -3.01890707015991211e0 -3.01889657974243164e0 7.64926255669706734e-8 4.96705361285876279e-8 1 1
0.00000000000000000e0 -3.05353369115679207e0 -3.05355572700500488e0 -3.05354452133178711e0 1.36097270342361298e-7 8.04662718678628153e-8 1 1
0.00000000000000000e0 -3.08782846069189398e0 -3.08785080909729004e0 -3.08783960342407227e0 3.82463127834853367e-8 4.37100737826767727e-8 1 1
0.00000000000000000e0 -3.12177190291188733e0 -3.12179374694824219e0 -3.12178277969360352e0 1.13248823652156716e-7 5.06639494801675028e-8 1 1
0.00000000000000000e0 -3.15536690119728114e0 -3.15538907051086426e0 -3.15537738800048828e0 8.94069671630859375e-8 6.95387498694799433e-8 1 1
0.00000000000000000e0 -3.18861630901033388e0 -3.18863868713378906e0 -3.18862605094909668e0 4.96705361285876279e-8 3.67561980851860426e-8 1 1
0.00000000000000000e0 -3.22152295036431813e0 -3.22154474258422852e0 -3.22153282165527344e0 6.35782910762827669e-8 6.35782910762827669e-8 1 1
0.00000000000000000e0 -3.25408962028669801e0 -3.25411057472229004e0 -3.25409984588623047e0 1.11262004054424324e-7 5.36441788767660910e-8 1 1
0.00000000000000000e0 -3.28631908527835748e0 -3.28633975982666016e0 -3.28632950782775879e0 5.96046447753906250e-8 4.56968933804091648e-8 1 1
0.00000000000000000e0 -3.31821408376866689e0 -3.31823396682739258e0 -3.31822419166564941e0 1.09275184456691932e-7 5.76178216249445541e-8 1 1
0.00000000000000000e0 -3.34977732656363525e0 -3.34979724884033203e0 -3.34978699684143066e0 1.38084089940093691e-7 3.27825553370075795e-8 1 1
0.00000000000000000e0 -3.38101149728825057e0 -3.38103175163269043e0 -3.38102126121520996e0 1.49011611938476562e-7 2.98023223876953125e-8 1 1
0.00000000000000000e0 -3.41191925282500463e0 -3.41193962097167969e0 -3.41192817687988281e0 1.27156582152565534e-7 2.23517417907714844e-8 1 1
0.00000000000000000e0 -3.44250322374106421e0 -3.44252324104309082e0 -3.44251203536987305e0 3.22858504375744815e-8 1.98682155172491548e-8 1 1
0.00000000000000000e0 -3.47276601471370672e0 -3.47278594970703125e0 -3.47277474403381348e0 1.58945724137993238e-7 6.05980545742568211e-8 1 1
0.00000000000000000e0 -3.50271020494380103e0 -3.50272965431213379e0 -3.50271940231323242e0 3.87430176829184347e-8 3.97364310344983096e-8 1 1
0.00000000000000000e0 -3.53233834856487539e0 -3.53235864639282227e0 -3.53234744071960449e0 1.09275184456691932e-7 9.04003769619521336e-8 1 1
0.00000000000000000e0 -3.56165297504458778e0 -3.56167411804199219e0 -3.56166219711303711e0 1.29143401750297926e-7 5.56310020272121619e-8 1 1
0.00000000000000000e0 -3.59065658957663647e0 -3.59067749977111816e0 -3.59066557884216309e0 9.73542526594428637e-8 8.74201475653535454e-8 1 1
0.00000000000000000e0 -3.61935167346489051e0 -3.61937355995178223e0 -3.61936068534851074e0 1.68879822126655199e-7 5.46375922283459659e-8 1 1
0.00000000000000000e0 -3.64774068450099920e0 -3.64776158332824707e0 -3.64774942398071289e0 6.95387498694799433e-8 2.98023223876953125e-8 1 1
0.00000000000000000e0 -3.67582605733075418e0 -3.67584776878356934e0 -3.67583465576171875e0 1.19209289550781250e-7 1.08281774657825736e-7 1 1
0.00000000000000000e0 -3.70361020381634276e0 -3.70363306999206543e0 -3.70361900329589844e0 8.94069671630859375e-8 3.97364310344983096e-8 1 1
0.00000000000000000e0 -3.73109551338619072e0 -3.73111939430236816e0 -3.73110342025756836e0 1.78813934326171875e-7 5.26507690778998949e-8 1 1
0.00000000000000000e0 -3.75828435337774280e0 -3.75830793380737305e0 -3.75829243659973145e0 9.63608428605766676e-8 4.66903067319890397e-8 1 1
0.00000000000000000e0 -3.78517906937389403e0 -3.78520298004150391e0 -3.78518652915954590e0 1.19209289550781250e-7 5.66244118260783580e-8 1 1
0.00000000000000000e0 -3.81178198552746172e0 -3.81180524826049805e0 -3.81178927421569824e0 3.97364310344983096e-8 4.96705361285876279e-8 1 1
0.00000000000000000e0 -3.83809540488109358e0 -3.83811783790588379e0 -3.83810257911682129e0 1.19209289550781250e-7 2.88089108124722770e-8 1 1
0.00000000000000000e0 -3.86412160967672058e0 -3.86414337158203125e0 -3.86412858963012695e0 1.02321308759201202e-7 1.19209291327138089e-8 1 1
0.00000000000000000e0 -3.88986286165778994e0 -3.88988423347473145e0 -3.88986945152282715e0 1.32123631146896514e-7 3.97364310344983096e-8 1 1
0.00000000000000000e0 -3.91532140236294968e0 -3.91534161567687988e0 -3.91532707214355469e0 8.94069671630859375e-8 4.96705361285876279e-8 1 1
0.00000000000000000e0 -3.94049945341266472e0 -3.94051885604858398e0 -3.94050526618957520e0 7.94728620689966192e-8 7.54992157681044773e-8 1 1
0.00000000000000000e0 -3.96539921678860185e0 -3.96541762351989746e0 -3.96540474891662598e0 1.29143401750297926e-7 9.93410775862457740e-9 1 1
0.00000000000000000e0 -3.99002287510279530e0 -3.99004125595092773e0 -3.99002790451049805e0 1.34110450744628906e-7 7.35123961703720852e-8 1 1
0.00000000000000000e0 -4.01437259186465312e0 -4.01439189910888672e0 -4.01437759399414062e0 6.45717008751489630e-8 2.58286796395168494e-8 1 1
0.00000000000000000e0 -4.03845051173479153e0 -4.03846931457519531e0 -4.03845548629760742e0 5.96046447753906250e-8 4.47034835815429688e-8 1 1
0.00000000000000000e0 -4.06226009546345601e0 -4.06227684020996094e0 -4.06226348876953125e0 2.88089108124722770e-8 6.35782910762827669e-8 1 1
0.00000000000000000e0 -4.08580298238397965e0 -4.08581829071044922e0 -4.08580398559570312e0 3.97364310344983096e-8 1.98682155172491548e-8 1 1
0.00000000000000000e0 -4.10908028316150897e0 -4.10909318923950195e0 -4.10907888412475586e0 1.19209289550781250e-7 1.98682155172491548e-8 1 1
0.00000000000000000e0 -4.13209347732122279e0 -4.13210535049438477e0 -4.13209056854248047e0 5.96046447753906250e-8 7.94728620689966192e-8 1 1
0.00000000000000000e0 -4.15484450664287408e0 -4.15485525131225586e0 -4.15484094619750977e0 9.93410722571752558e-8 3.97364310344983096e-8 1 1
0.00000000000000000e0 -4.17733557157019764e0 -4.17734575271606445e0 -4.17733287811279297e0 1.03314718558067398e-7 7.94728620689966192e-8 1 1
0.00000000000000000e0 -4.19956893394506103e0 -4.19958019256591797e0 -4.19956588745117188e0 2.55803271898003004e-8 7.94728620689966192e-8 1 1
0.00000000000000000e0 -4.22154680820490036e0 -4.22155904769897461e0 -4.22154521942138672e0 3.97364310344983096e-8 1.98682155172491548e-8 1 1
0.00000000000000000e0 -4.24327132635791049e0 -4.24328470230102539e0 -4.24327039718627930e0 1.39077499738959887e-7 9.33806134639780794e-8 1 1
0.00000000000000000e0 -4.26474454212617804e0 -4.26475954055786133e0 -4.26474428176879883e0 4.66903067319890397e-8 7.54992157681044773e-8 1 1
0.00000000000000000e0 -4.28596844832285484e0 -4.28598403930664062e0 -4.28596830368041992e0 1.39077499738959887e-7 5.96046447753906250e-8 1 1
0.00000000000000000e0 -4.30694499424193555e0 -4.30696153640747070e0 -4.30694627761840820e0 5.96046447753906250e-8 9.93410722571752558e-8 1 1
0.00000000000000000e0 -4.32767609854228219e0 -4.32769203186035156e0 -4.32767724990844727e0 1.19209289550781250e-7 5.96046447753906250e-8 1 1
0.00000000000000000e0 -4.34816365739409338e0 -4.34818077087402344e0 -4.34816551208496094e0 4.27166604310968978e-8 9.93410722571752558e-8 1 1
0.00000000000000000e0 -4.36840954908059143e0 -4.36842632293701172e0 -4.36841154098510742e0 8.14596816667290113e-8 6.75519302717475512e-8 1 1
0.00000000000000000e0 -4.38841563636042142e0 -4.38843297958374023e0 -4.38841867446899414e0 1.17222469953048858e-7 5.96046447753906250e-8 1 1
0.00000000000000000e0 -4.40818376756904762e0 -4.40820121765136719e0 -4.40818643569946289e0 2.58286803500595852e-7 3.47693749347399716e-8 1 1
0.00000000000000000e0 -4.42771577707392527e0 -4.42773199081420898e0 -4.42771863937377930e0 2.58286796395168494e-8 5.96046447753906250e-8 1 1
0.00000000000000000e0 -4.44701348543053765e0 -4.44703054428100586e0 -4.44701671600341797e0 1.98682144514350512e-7 3.67561980851860426e-8 1 1
0.00000000000000000e0 -4.46607869941821889e0 -4.46609544754028320e0 -4.46608161926269531e0 1.13248823652156716e-7 3.07957321865615086e-8 1 1
0.00000000000000000e0 -4.48491321203575577e0 -4.48493146896362305e0 -4.48491621017456055e0 2.18550368913383863e-7 7.94728620689966192e-8 1 1
0.00000000000000000e0 -4.50351880249835368e0 -4.50353622436523438e0 -4.50352239608764648e0 1.82787573521636659e-7 9.13937867608183296e-8 1 1
0.00000000000000000e0 -4.52189723624732132e0 -4.52191638946533203e0 -4.52190017700195312e0 1.19209289550781250e-7 7.94728620689966192e-8 1 1
0.00000000000000000e0 -4.54005026497509601e0 -4.54006910324096680e0 -4.54005384445190430e0 1.19209289550781250e-7 4.86771263297214318e-8 1 1
0.00000000000000000e0 -4.55797962666815160e0 -4.55799818038940430e0 -4.55798292160034180e0 1.10268594255558128e-7 7.94728620689966192e-8 1 1
0.00000000000000000e0 -4.57568704566347950e0 -4.57570600509643555e0 -4.57569026947021484e0 1.47024792340744170e-7 9.33806134639780794e-8 1 1
0.00000000000000000e0 -4.59317423271521896e0 -4.59319257736206055e0 -4.59317731857299805e0 1.58945724137993238e-7 5.96046447753906250e-8 1 1
0.00000000000000000e0 -4.61044288507247479e0 -4.61046123504638672e0 -4.61044549942016602e0 9.93410722571752558e-8 9.93410722571752558e-8 1 1
0.00000000000000000e0 -4.62749468656425300e0 -4.62751340866088867e0 -4.62749719619750977e0 4.37100737826767727e-8 5.96046447753906250e-8 1 1
0.00000000000000000e0 -4.64433130769005409e0 -4.64435052871704102e0 -4.64433383941650391e0 7.94728620689966192e-8 7.54992157681044773e-8 1 1
0.00000000000000000e0 -4.66095440571603614e0 -4.66097354888916016e0 -4.66095685958862305e0 7.94728620689966192e-8 7.64926255669706734e-8 1 1
0.00000000000000000e0 -4.67736562477333617e0 -4.67738485336303711e0 -4.67736768722534180e0 1.78813934326171875e-7 1.98682155172491548e-8 1 1
0.00000000000000000e0 -4.69356659596044867e0 -4.69358491897583008e0 -4.69356822967529297e0 2.18550368913383863e-8 7.94728620689966192e-8 1 1
0.00000000000000000e0 -4.70955893744611043e0 -4.70957756042480469e0 -4.70956039428710938e0 3.37759651358737756e-8 7.94728620689966192e-8 1 1
0.00000000000000000e0 -4.72534425457502039e0 -4.72536230087280273e0 -4.72534608840942383e0 2.18550368913383863e-7 7.94728620689966192e-8 1 1
0.00000000000000000e0 -4.74092413997364215e0 -4.74094152450561523e0 -4.74092531204223633e0 1.78813934326171875e-7 7.15255765726396930e-8 1 1
0.00000000000000000e0 -4.75630017365592206e0 -4.75631713867187500e0 -4.75630235671997070e0 9.53674330617104715e-8 9.93410722571752558e-8 1 1
0.00000000000000000e0 -4.77147392313005714e0 -4.77149057388305664e0 -4.77147579193115234e0 1.30136811549164122e-7 4.17232506322307017e-8 1 1
0.00000000000000000e0 -4.78644694350556499e0 -4.78646373748779297e0 -4.78644943237304688e0 4.96705361285876279e-8 3.97364310344983096e-8 1 1
0.00000000000000000e0 -4.80122077759796095e0 -4.80123853683471680e0 -4.80122280120849609e0 1.78813934326171875e-7 3.97364310344983096e-8 1 1
0.00000000000000000e0 -4.81579695603557845e0 -4.81581497192382812e0 -4.81579923629760742e0 5.96046447753906250e-8 7.94728620689966192e-8 1 1
0.00000000000000000e0 -4.83017699736412975e0 -4.83019542694091797e0 -4.83017969131469727e0 5.96046447753906250e-8 7.94728620689966192e-8 1 1
0.00000000000000000e0 -4.84436240815105723e0 -4.84438133239746094e0 -4.84436416625976562e0 1.39077499738959887e-7 9.93410722571752558e-8 1 1
0.00000000000000000e0 -4.85835468308924501e0 -4.85837221145629883e0 -4.85835695266723633e0 1.19209289550781250e-7 4.96705361285876279e-8 1 1
0.00000000000000000e0 -4.87215530510028483e0 -4.87217330932617188e0 -4.87215709686279297e0 9.93410722571752558e-8 3.97364310344983096e-8 1 1
0.00000000000000000e0 -4.88576574543645759e0 -4.88578367233276367e0 -4.88576745986938477e0 1.39077499738959887e-7 7.94728620689966192e-8 1 1
0.00000000000000000e0 -4.89918746378151404e0 -4.89920616149902344e0 -4.89918899536132812e0 8.64267377664873493e-8 5.56310020272121619e-8 1 1
0.00000000000000000e0 -4.91242190835132853e0 -4.91244029998779297e0 -4.91242361068725586e0 3.97364310344983096e-8 5.96046447753906250e-8 1 1
0.00000000000000000e0 -4.92547051599366537e0 -4.92548847198486328e0 -4.92547225952148438e0 1.19209289550781250e-7 3.97364310344983096e-8 1 1
0.00000000000000000e0 -4.93833471228616094e0 -4.93835210800170898e0 -4.93833684921264648e0 3.97364310344983096e-8 1.98682155172491548e-8 1 1
0.00000000000000000e0 -4.95101591163478094e0 -4.95103406906127930e0 -4.95101785659790039e0 1.98682144514350512e-7 7.25189863715058891e-8 1 1
0.00000000000000000e0 -4.96351551736976671e0 -4.96353244781494141e0 -4.96351766586303711e0 3.97364310344983096e-8 1.98682155172491548e-8 1 1
0.00000000000000000e0 -4.97583492184299647e0 -4.97585201263427734e0 -4.97583723068237305e0 3.77496078840522387e-8 8.74201475653535454e-8 1 1
0.00000000000000000e0 -4.98797550652135069e0 -4.98799180984497070e0 -4.98797750473022461e0 2.48352680642938139e-8 1.04308128356933594e-7 1 1
0.00000000000000000e0 -4.99993864208146466e0 -4.99995517730712891e0 -4.99994039535522461e0 1.78813934326171875e-7 7.94728620689966192e-8 1 1
0.00000000000000000e0 -5.01172568850370048e0 -5.01174163818359375e0 -5.01172733306884766e0 4.37100737826767727e-8 5.96046447753906250e-8 1 1
0.00000000000000000e0 -5.02333799516406820e0 -5.02335453033447266e0 -5.02333927154541016e0 3.67561980851860426e-8 7.94728620689966192e-8 1 1
0.00000000000000000e0 -5.03477690092551367e0 -5.03479385375976562e0 -5.03477811813354492e0 1.98682155172491548e-8 5.96046447753906250e-8 1 1
0.00000000000000000e0 -5.04604373422983343e0 -5.04606056213378906e0 -5.04604482650756836e0 1.08033422208109187e-8 7.94728620689966192e-8 1 1
0.00000000000000000e0 -5.05713981318630967e0 -5.05715656280517578e0 -5.05714130401611328e0 6.95387498694799433e-8 5.96046447753906250e-8 1 1
0.00000000000000000e0 -5.06806644566186737e0 -5.06808280944824219e0 -5.06806850433349609e0 9.43740232628442755e-8 1.19209289550781250e-7 1 1
0.00000000000000000e0 -5.07882492936863983e0 -5.07884073257446289e0 -5.07882642745971680e0 6.65585204728813551e-8 5.96046447753906250e-8 1 1
0.00000000000000000e0 -5.08941655195255027e0 -5.08943271636962891e0 -5.08941936492919922e0 1.78813934326171875e-7 7.94728620689966192e-8 1 1
0.00000000000000000e0 -5.09984259107870841e0 -5.09985780715942383e0 -5.09984493255615234e0 5.86112349765244289e-8 1.98682155172491548e-8 1 1
0.00000000000000000e0 -5.11010431451891467e0 -5.11012077331542969e0 -5.11010646820068359e0 5.96046447753906250e-8 7.94728620689966192e-8 1 1
0.00000000000000000e0 -5.12020298023583109e0 -5.12021923065185547e0 -5.12020540237426758e0 1.78813934326171875e-7 3.97364310344983096e-8 1 1
0.00000000000000000e0 -5.13013983646772420e0 -5.13015747070312500e0 -5.13014221191406250e0 3.57627882863198465e-8 9.93410722571752558e-8 1 1
0.00000000000000000e0 -5.13991612181216251e0 -5.13993358612060547e0 -5.13991880416870117e0 5.96046447753906250e-8 1.98682155172491548e-8 1 1
0.00000000000000000e0 -5.14953306530917931e0 -5.14955139160156250e0 -5.14953565597534180e0 1.78813934326171875e-7 6.85453400706137472e-8 1 1
0.00000000000000000e0 -5.15899188652363794e0 -5.15900945663452148e0 -5.15899419784545898e0 9.93410722571752558e-8 7.15255765726396930e-8 1 1
0.00000000000000000e0 -5.16829379562620783e0 -5.16831159591674805e0 -5.16829586029052734e0 2.18550368913383863e-7 5.96046447753906250e-8 1 1
0.00000000000000000e0 -5.17743999347446859e0 -5.17745733261108398e0 -5.17744159698486328e0 1.23182928746246034e-7 2.38418582654276179e-8 1 1
0.00000000000000000e0 -5.18643167169383013e0 -5.18644905090332031e0 -5.18643331527709961e0 1.98682155172491548e-8 1.98682155172491548e-8 1 1
0.00000000000000000e0 -5.19527001275447109e0 -5.19528675079345703e0 -5.19527149200439453e0 3.97364310344983096e-8 5.96046447753906250e-8 1 1
0.00000000000000000e0 -5.20395619005379917e0 -5.20397233963012695e0 -5.20395708084106445e0 3.47693749347399716e-8 9.93410722571752558e-8 1 1
0.00000000000000000e0 -5.21249136799090707e0 -5.21250772476196289e0 -5.21249294281005859e0 2.78154999477919773e-7 3.97364310344983096e-8 1 1
0.00000000000000000e0 -5.22087670204547827e0 -5.22089195251464844e0 -5.22087764739990234e0 1.98682144514350512e-7 5.96046447753906250e-8 1 1
0.00000000000000000e0 -5.22911333885544494e0 -5.22912883758544922e0 -5.22911500930786133e0 7.15255765726396930e-8 9.93410722571752558e-8 1 1
0.00000000000000000e0 -5.23720241628978567e0 -5.23721742630004883e0 -5.23720359802246094e0 1.03314718558067398e-7 5.56310020272121619e-8 1 1
0.00000000000000000e0 -5.24514506352723497e0 -5.24516057968139648e0 -5.24514627456665039e0 9.93410722571752558e-8 7.94728620689966192e-8 1 1
0.00000000000000000e0 -5.25294240112939903e0 -5.25295782089233398e0 -5.25294351577758789e0 2.18550368913383863e-7 1.98682155172491548e-8 1 1
0.00000000000000000e0 -5.26059554111465566e0 -5.26061010360717773e0 -5.26059675216674805e0 7.94728620689966192e-8 5.96046447753906250e-8 1 1
0.00000000000000000e0 -5.26810558703149301e0 -5.26812028884887695e0 -5.26810741424560547e0 6.15914643731230171e-8 7.94728620689966192e-8 1 1
0.00000000000000000e0 -5.27547363403130198e0 -5.27548837661743164e0 -5.27547502517700195e0 1.58945724137993238e-7 6.95387498694799433e-8 1 1
0.00000000000000000e0 -5.28270076894006912e0 -5.28271484375000000e0 -5.28270244598388672e0 3.30309077867241285e-8 5.96046447753906250e-8 1 1
0.00000000000000000e0 -5.28978807033131115e0 -5.28980255126953125e0 -5.28978919982910156e0 7.54992157681044773e-8 5.96046447753906250e-8 1 1
0.00000000000000000e0 -5.29673660859404372e0 -5.29675102233886719e0 -5.29673719406127930e0 6.85453400706137472e-8 1.88748039420261193e-8 1 1
0.00000000000000000e0 -5.30354744600528694e0 -5.30356216430664062e0 -5.30354785919189453e0 1.78813934326171875e-7 5.96046447753906250e-8 1 1
0.00000000000000000e0 -5.31022163679871184e0 -5.31023597717285156e0 -5.31022119522094727e0 4.17232506322307017e-8 7.94728620689966192e-8 1 1
0.00000000000000000e0 -5.31676022723387032e0 -5.31677579879760742e0 -5.31676006317138672e0 1.39077499738959887e-7 2.48352680642938139e-8 1 1
0.00000000000000000e0 -5.32316425566338758e0 -5.32317876815795898e0 -5.32316398620605469e0 9.93410722571752558e-8 5.96046447753906250e-8 1 1
0.00000000000000000e0 -5.32943475260221966e0 -5.32944917678833008e0 -5.32943487167358398e0 1.98682144514350512e-7 6.75519302717475512e-8 1 1
0.00000000000000000e0 -5.33557274079351718e0 -5.33558654785156250e0 -5.33557367324829102e0 2.18550368913383863e-7 5.96046447753906250e-8 1 1
0.00000000000000000e0 -5.34157923527504330e0 -5.34159183502197266e0 -5.34157991409301758e0 1.03314718558067398e-7 7.94728620689966192e-8 1 1
0.00000000000000000e0 -5.34745524344618772e0 -5.34746885299682617e0 -5.34745597839355469e0 2.03649204166822528e-8 7.45058059692382812e-8 1 1
0.00000000000000000e0 -5.35320176513130708e0 -5.35321521759033203e0 -5.35320281982421875e0 1.38084089940093691e-7 6.65585204728813551e-8 1 1
0.00000000000000000e0 -5.35881979264625219e0 -5.35883331298828125e0 -5.35882091522216797e0 5.56310020272121619e-8 3.97364310344983096e-8 1 1
0.00000000000000000e0 -5.36431031086196608e0 -5.36432361602783203e0 -5.36431121826171875e0 6.01013496748237230e-8 5.96046447753906250e-8 1 1
0.00000000000000000e0 -5.36967429726732526e0 -5.36968755722045898e0 -5.36967515945434570e0 1.07785062652965280e-7 1.93715088414592174e-8 1 1
0.00000000000000000e0 -5.37491272203253168e0 -5.37492561340332031e0 -5.37491416931152344e0 1.67389714533783263e-7 9.93410722571752558e-8 1 1
0.00000000000000000e0 -5.38002654807120084e0 -5.38004016876220703e0 -5.38002729415893555e0 1.39077499738959887e-7 4.47034835815429688e-8 1 1
0.00000000000000000e0 -5.38501673110266044e0 -5.38503026962280273e0 -5.38501787185668945e0 9.88443673577421578e-8 5.96046447753906250e-8 1 1
0.00000000000000000e0 -5.38988421971311382e0 -5.38989782333374023e0 -5.38988447189331055e0 2.83122059130391790e-8 5.96046447753906250e-8 1 1
0.00000000000000000e0 -5.39462995541587098e0 -5.39464330673217773e0 -5.39462995529174805e0 6.20881692725561152e-8 7.94728620689966192e-8 1 1
0.00000000000000000e0 -5.39925487271127924e0 -5.39926862716674805e0 -5.39925479888916016e0 1.19209289550781250e-7 9.93410722571752558e-8 1 1
0.00000000000000000e0 -5.40375989914721000e0 -5.40377378463745117e0 -5.40375852584838867e0 5.16573592790336988e-8 7.94728620689966192e-8 1 1
0.00000000000000000e0 -5.40814595537701948e0 -5.40816068649291992e0 -5.40814542770385742e0 5.96046447753906250e-8 5.96046447753906250e-8 1 1
0.00000000000000000e0 -5.41241395521898916e0 -5.41242885589599609e0 -5.41241407394409180e0 1.19209289550781250e-7 5.96046447753906250e-8 1 1
0.00000000000000000e0 -5.41656480571366128e0 -5.41658020019531250e0 -5.41656541824340820e0 1.78813934326171875e-7 9.93410722571752558e-8 1 1
0.00000000000000000e0 -5.42059940718141053e0 -5.42061471939086914e0 -5.42059993743896484e0 3.97364310344983096e-8 7.94728620689966192e-8 1 1
0.00000000000000000e0 -5.42451865327937366e0 -5.42453384399414062e0 -5.42452001571655273e0 7.94728620689966192e-8 2.18550368913383863e-8 1 1
0.00000000000000000e0 -5.42832343105770576e0 -5.42833805084228516e0 -5.42832469940185547e0 1.02321308759201202e-7 9.93410722571752558e-8 1 1
0.00000000000000000e0 -5.43201462101560129e0 -5.43202924728393555e0 -5.43201541900634766e0 5.96046447753906250e-8 2.53319747400837514e-8 1 1
0.00000000000000000e0 -5.43559309715604755e0 -5.43560743331909180e0 -5.43559408187866211e0 1.35600572548355558e-7 5.96046447753906250e-8 1 1
0.00000000000000000e0 -5.43905972704149310e0 -5.43907451629638672e0 -5.43906068801879883e0 7.94728620689966192e-8 5.96046447753906250e-8 1 1
0.00000000000000000e0 -5.44241537184731072e0 -5.44243001937866211e0 -5.44241619110107422e0 1.19209289550781250e-7 7.94728620689966192e-8 1 1
0.00000000000000000e0 -5.44566088641665491e0 -5.44567489624023438e0 -5.44566202163696289e0 4.17232506322307017e-8 5.96046447753906250e-8 1 1
0.00000000000000000e0 -5.44879711931200994e0 -5.44881105422973633e0 -5.44879770278930664e0 7.94728620689966192e-8 7.94728620689966192e-8 1 1
0.00000000000000000e0 -5.45182491286981019e0 -5.45183801651000977e0 -5.45182609558105469e0 1.18712584651348152e-7 2.78155010136060810e-8 1 1
0.00000000000000000e0 -5.45474510325144024e0 -5.45475816726684570e0 -5.45474624633789062e0 1.19209289550781250e-7 5.96046447753906250e-8 1 1
0.00000000000000000e0 -5.45755852049654955e0 -5.45757198333740234e0 -5.45755910873413086e0 1.58945724137993238e-7 1.14242233451022912e-8 1 1
0.00000000000000000e0 -5.46026598857212875e0 -5.46027898788452148e0 -5.46026659011840820e0 1.98682144514350512e-7 9.93410722571752558e-8 1 1
0.00000000000000000e0 -5.46286832542549483e0 -5.46288156509399414e0 -5.46287012100219727e0 1.39077499738959887e-7 3.97364310344983096e-8 1 1
0.00000000000000000e0 -5.46536634303341717e0 -5.46538019180297852e0 -5.46536827087402344e0 7.94728620689966192e-8 7.94728620689966192e-8 1 1
0.00000000000000000e0 -5.46776084745255453e0 -5.46777534484863281e0 -5.46776247024536133e0 1.78813934326171875e-7 5.96046447753906250e-8 1 1
0.00000000000000000e0 -5.47005263886947546e0 -5.47006702423095703e0 -5.47005462646484375e0 1.78813934326171875e-7 4.56968933804091648e-8 1 1
0.00000000000000000e0 -5.47224251164755149e0 -5.47225713729858398e0 -5.47224426269531250e0 7.94728620689966192e-8 2.98023223876953125e-8 1 1
0.00000000000000000e0 -5.47433125437753887e0 -5.47434663772583008e0 -5.47433280944824219e0 1.39077499738959887e-7 3.97364310344983096e-8 1 1
0.00000000000000000e0 -5.47631964992547182e0 -5.47633504867553711e0 -5.47632122039794922e0 2.98023223876953125e-8 5.96046447753906250e-8 1 1
0.00000000000000000e0 -5.47820847547895262e0 -5.47822427749633789e0 -5.47821044921875000e0 5.96046447753906250e-8 1.98682155172491548e-8 1 1
0.00000000000000000e0 -5.47999850259534149e0 -5.48001432418823242e0 -5.48000049591064453e0 9.93410722571752558e-8 5.96046447753906250e-8 1 1
0.00000000000000000e0 -5.48169049724932300e0 -5.48170518875122070e0 -5.48169231414794922e0 5.96046447753906250e-8 3.37759651358737756e-8 1 1
0.00000000000000000e0 -5.48328521987658668e0 -5.48329973220825195e0 -5.48328685760498047e0 8.79168524647866434e-8 9.93410722571752558e-8 1 1
0.00000000000000000e0 -5.48478342542223452e0 -5.48479795455932617e0 -5.48478507995605469e0 7.94728620689966192e-8 7.94728620689966192e-8 1 1
0.00000000000000000e0 -5.48618586338437808e0 -5.48619937896728516e0 -5.48618745803833008e0 9.93410722571752558e-8 7.94728620689966192e-8 1 1
0.00000000000000000e0 -5.48749327786080432e0 -5.48750686645507812e0 -5.48749542236328125e0 1.01824603859768104e-7 3.97364310344983096e-8 1 1
0.00000000000000000e0 -5.48870640759189499e0 -5.48871946334838867e0 -5.48870849609375000e0 1.05301538155799790e-7 3.97364310344983096e-8 1 1
0.00000000000000000e0 -5.48982598600651173e0 -5.48983860015869141e0 -5.48982763290405273e0 7.00354547689130413e-8 1.98682155172491548e-8 1 1
0.00000000000000000e0 -5.49085274126368628e0 -5.49086523056030273e0 -5.49085426330566406e0 5.86112349765244289e-8 3.97364310344983096e-8 1 1
0.00000000000000000e0 -5.49178739629765111e0 -5.49179935455322266e0 -5.49178886413574219e0 6.10947594736899191e-8 2.53319747400837514e-8 1 1
0.00000000000000000e0 -5.49263066886076157e0 -5.49264240264892578e0 -5.49263191223144531e0 7.94728620689966192e-8 3.02990272871284105e-8 1 1
0.00000000000000000e0 -5.49338327156457584e0 -5.49339532852172852e0 -5.49338436126708984e0 7.00354547689130413e-8 7.94728620689966192e-8 1 1
0.00000000000000000e0 -5.49404591192289793e0 -5.49405717849731445e0 -5.49404764175415039e0 1.22189518947379838e-7 7.94728620689966192e-8 1 1
0.00000000000000000e0 -5.49461929239398028e0 -5.49463033676147461e0 -5.49462127685546875e0 5.86112349765244289e-8 5.96046447753906250e-8 1 1
0.00000000000000000e0 -5.49510411042030533e0 -5.49511528015136719e0 -5.49510622024536133e0 4.22199555316637998e-8 5.96046447753906250e-8 1 1
0.00000000000000000e0 -5.49550105847099335e0 -5.49551248550415039e0 -5.49550342559814453e0 9.88443673577421578e-8 7.94728620689966192e-8 1 1
0.00000000000000000e0 -5.49581082408189392e0 -5.49582242965698242e0 -5.49581289291381836e0 9.33806134639780794e-8 5.16573592790336988e-8 1 1
0.00000000000000000e0 -5.49603408989558773e0 -5.49604558944702148e0 -5.49603605270385742e0 1.19209289550781250e-7 2.28484466902045824e-8 1 1
0.00000000000000000e0 -5.49617153370132971e0 -5.49618148803710938e0 -5.49617338180541992e0 1.39077499738959887e-7 2.63253845389499475e-8 1 1
0.00000000000000000e0 -5.49622382847434388e0 -5.49623346328735352e0 -5.49622535705566406e0 2.58286803500595852e-7 3.97364310344983096e-8 1 1
0.00000000000000000e0 -5.49619164241502745e0 -5.49620056152343750e0 -5.49619293212890625e0 4.61935982798422629e-8 5.16573592790336988e-8 1 1
0.00000000000000000e0 -5.49607563898771545e0 -5.49608564376831055e0 -5.49607706069946289e0 5.46375922283459659e-8 1.98682155172491548e-8 1 1
0.00000000000000000e0 -5.49587647695850556e0 -5.49588632583618164e0 -5.49587774276733398e0 1.58945724137993238e-7 5.96046447753906250e-8 1 1
0.00000000000000000e0 -5.49559481043375886e0 -5.49560451507568359e0 -5.49559593200683594e0 9.93410722571752558e-8 3.97364310344983096e-8 1 1
0.00000000000000000e0 -5.49523128889709422e0 -5.49524116516113281e0 -5.49523258209228516e0 5.96046447753906250e-8 5.96046447753906250e-8 1 1
0.00000000000000000e0 -5.49478655724746545e0 -5.49479675292968750e0 -5.49478721618652344e0 9.68575477600097656e-8 6.45716990987921236e-9 1 1
0.00000000000000000e0 -5.49426125583566183e0 -5.49427127838134766e0 -5.49426221847534180e0 9.93410722571752558e-8 3.57627882863198465e-8 1 1
0.00000000000000000e0 -5.49365602050045165e0 -5.49366664886474609e0 -5.49365758895874023e0 1.19209289550781250e-7 3.77496078840522387e-8 1 1
0.00000000000000000e0 -5.49297148260528889e0 -5.49298191070556641e0 -5.49297332763671875e0 1.49011611938476562e-8 7.94728620689966192e-8 1 1
0.00000000000000000e0 -5.49220826907399040e0 -5.49221897125244141e0 -5.49220991134643555e0 1.24673050549972686e-7 3.97364310344983096e-8 1 1
0.00000000000000000e0 -5.49136700242633324e0 -5.49137783050537109e0 -5.49136924743652344e0 7.94728620689966192e-8 5.96046447753906250e-8 1 1
0.00000000000000000e0 -5.49044830081300006e0 -5.49045944213867188e0 -5.49045038223266602e0 8.34465012644614035e-8 1.98682155172491548e-8 1 1
0.00000000000000000e0 -5.48945277805181675e0 -5.48946428298950195e0 -5.48945522308349609e0 3.97364310344983096e-8 3.97364310344983096e-8 1 1
0.00000000000000000e0 -5.48838104365929347e0 -5.48839187622070312e0 -5.48838376998901367e0 6.90420449700468453e-8 3.12924370859946066e-8 1 1
0.00000000000000000e0 -5.48723370288854007e0 -5.48724508285522461e0 -5.48723649978637695e0 6.60618155734482571e-8 5.96046447753906250e-8 1 1
0.00000000000000000e0 -5.48601135676008322e0 -5.48602294921875000e0 -5.48601436614990234e0 9.93410722571752558e-8 4.66903067319890397e-8 1 1
0.00000000000000000e0 -5.48471460209679851e0 -5.48472595214843750e0 -5.48471736907958984e0 1.58945724137993238e-7 5.96046447753906250e-8 1 1
0.00000000000000000e0 -5.48334403155767358e0 -5.48335504531860352e0 -5.48334646224975586e0 2.38418579101562500e-7 3.97364310344983096e-8 1 1
0.00000000000000000e0 -5.48190023366968848e0 -5.48191118240356445e0 -5.48190259933471680e0 7.35123961703720852e-8 9.93410722571752558e-8 1 1
0.00000000000000000e0 -5.48038379286160904e0 -5.48039627075195312e0 -5.48038578033447266e0 1.58945724137993238e-7 5.96046447753906250e-8 1 1
0.00000000000000000e0 -5.47879528949493189e0 -5.47880744934082031e0 -5.47879743576049805e0 1.98682144514350512e-7 3.07957321865615086e-8 1 1
0.00000000000000000e0 -5.47713529989741232e0 -5.47714710235595703e0 -5.47713756561279297e0 1.98682155172491548e-8 3.57627882863198465e-8 1 1
0.00000000000000000e0 -5.47540439639387522e0 -5.47541713714599609e0 -5.47540664672851562e0 3.97364310344983096e-8 5.96046447753906250e-8 1 1
0.00000000000000000e0 -5.47360314733728437e0 -5.47361612319946289e0 -5.47360610961914062e0 3.97364310344983096e-8 9.93410722571752558e-8 1 1
0.00000000000000000e0 -5.47173211714101893e0 -5.47174596786499023e0 -5.47173404693603516e0 4.17232506322307017e-8 7.99695669684297172e-8 1 1
0.00000000000000000e0 -5.46979186630931480e0 -5.46980571746826172e0 -5.46979427337646484e0 1.39077499738959887e-7 5.11606543796006008e-8 1 1
0.00000000000000000e0 -5.46778295146770077e0 -5.46779632568359375e0 -5.46778583526611328e0 1.39077499738959887e-7 7.94728620689966192e-8 1 1
0.00000000000000000e0 -5.46570592539303401e0 -5.46571874618530273e0 -5.46570825576782227e0 9.08970818613852316e-8 3.97364310344983096e-8 1 1
0.00000000000000000e0 -5.46356133704431546e0 -5.46357393264770508e0 -5.46356391906738281e0 5.96046447753906250e-8 5.96046447753906250e-8 1 1
0.00000000000000000e0 -5.46134973159254766e0 -5.46136236190795898e0 -5.46135139465332031e0 5.96046447753906250e-8 3.97364310344983096e-8 1 1
0.00000000000000000e0 -5.45907165044791931e0 -5.45908355712890625e0 -5.45907354354858398e0 9.93410722571752558e-8 4.81804214302883338e-8 1 1
0.00000000000000000e0 -5.45672763129239247e0 -5.45673942565917969e0 -5.45672988891601562e0 2.38418579101562500e-7 4.22199555316637998e-8 1 1
0.00000000000000000e0 -5.45431820810591894e0 -5.45432949066162109e0 -5.45432090759277344e0 7.94728620689966192e-8 7.94728620689966192e-8 1 1
0.00000000000000000e0 -5.45184391119721479e0 -5.45185565948486328e0 -5.45184659957885742e0 5.96046447753906250e-8 1.98682155172491548e-8 1 1
0.00000000000000000e0 -5.44930526723008235e0 -5.44931745529174805e0 -5.44930791854858398e0 4.37100737826767727e-8 5.96046447753906250e-8 1 1
0.00000000000000000e0 -5.44670279925278411e0 -5.44671535491943359e0 -5.44670581817626953e0 2.18550368913383863e-7 9.93410722571752558e-8 1 1
0.00000000000000000e0 -5.44403702672666157e0 -5.44404935836791992e0 -5.44403982162475586e0 1.01327898960335006e-7 9.93410722571752558e-8 1 1
0.00000000000000000e0 -5.44130846555169700e0 -5.44132089614868164e0 -5.44131135940551758e0 1.39077499738959887e-7 7.94728620689966192e-8 1 1
0.00000000000000000e0 -5.43851762809532957e0 -5.43852949142456055e0 -5.43852043151855469e0 2.38418579101562500e-7 7.94728620689966192e-8 1 1
0.00000000000000000e0 -5.43566502321933065e0 -5.43567657470703125e0 -5.43566751480102539e0 6.25848741719892132e-8 5.96046447753906250e-8 1 1
0.00000000000000000e0 -5.43275115630716687e0 -5.43276309967041016e0 -5.43275356292724609e0 2.58286803500595852e-7 1.34110447191915227e-8 1 1
0.00000000000000000e0 -5.42977652928842325e0 -5.42978763580322266e0 -5.42977905273437500e0 3.67561980851860426e-8 7.94728620689966192e-8 1 1
0.00000000000000000e0 -5.42674164066914955e0 -5.42675352096557617e0 -5.42674303054809570e0 8.74201475653535454e-8 7.94728620689966192e-8 1 1
0.00000000000000000e0 -5.42364698555339064e0 -5.42365932464599609e0 -5.42364835739135742e0 9.93410722571752558e-8 7.94728620689966192e-8 1 1
0.00000000000000000e0 -5.42049305567274153e0 -5.42050504684448242e0 -5.42049455642700195e0 5.96046447753906250e-8 6.30815790714223112e-8 1 1
0.00000000000000000e0 -5.41728033941071008e0 -5.41729354858398438e0 -5.41728162765502930e0 6.25848741719892132e-8 5.96046447753906250e-8 1 1
0.00000000000000000e0 -5.41400932182686923e0 -5.41402196884155273e0 -5.41401052474975586e0 1.39077499738959887e-7 7.94728620689966192e-8 1 1
0.00000000000000000e0 -5.41068048468480978e0 -5.41069173812866211e0 -5.41068267822265625e0 1.39077499738959887e-7 5.96046447753906250e-8 1 1
0.00000000000000000e0 -5.40729430647549147e0 -5.40730619430541992e0 -5.40729618072509766e0 1.58945724137993238e-7 3.97364310344983096e-8 1 1
0.00000000000000000e0 -5.40385126244056746e0 -5.40386390686035156e0 -5.40385389328002930e0 1.39077499738959887e-7 7.94728620689966192e-8 1 1
0.00000000000000000e0 -5.40035182459969221e0 -5.40036439895629883e0 -5.40035390853881836e0 1.98682144514350512e-7 1.98682155172491548e-8 1 1
0.00000000000000000e0 -5.39679646177394012e0 -5.39680910110473633e0 -5.39679861068725586e0 3.72529029846191406e-8 3.97364310344983096e-8 1 1
0.00000000000000000e0 -5.39318563960798958e0 -5.39319896697998047e0 -5.39318799972534180e0 1.39077499738959887e-7 5.96046447753906250e-8 1 1
0.00000000000000000e0 -5.38951982059712442e0 -5.38953256607055664e0 -5.38952255249023438e0 9.93410722571752558e-8 7.94728620689966192e-8 1 1
0.00000000000000000e0 -5.38579946410833266e0 -5.38581323623657227e0 -5.38580179214477539e0 1.39077499738959887e-7 1.98682155172491548e-8 1 1
0.00000000000000000e0 -5.38202502640524560e0 -5.38203811645507812e0 -5.38202762603759766e0 1.58945724137993238e-7 4.27166604310968978e-8 1 1
0.00000000000000000e0 -5.37819696067131137e0 -5.37820959091186523e0 -5.37819910049438477e0 1.19209289550781250e-7 7.94728620689966192e-8 1 1
0.00000000000000000e0 -5.37431571703044142e0 -5.37433004379272461e0 -5.37431812286376953e0 1.39077499738959887e-7 4.07298408333645057e-8 1 1
0.00000000000000000e0 -5.37038174257447221e0 -5.37039518356323242e0 -5.37038421630859375e0 1.31130221348030318e-7 2.68220894383830455e-8 1 1
0.00000000000000000e0 -5.36639548137997302e0 -5.36640977859497070e0 -5.36639881134033203e0 2.98023223876953125e-7 4.76837165308552358e-8 1 1
0.00000000000000000e0 -5.36235737453648653e0 -5.36236953735351562e0 -5.36236143112182617e0 1.78813934326171875e-7 7.94728620689966192e-8 1 1
0.00000000000000000e0 -5.35826786016480661e0 -5.35828018188476562e0 -5.35827159881591797e0 5.96046447753906250e-8 3.97364310344983096e-8 1 1
0.00000000000000000e0 -5.35412737343964817e0 -5.35414075851440430e0 -5.35413122177124023e0 9.93410722571752558e-8 7.94728620689966192e-8 1 1
0.00000000000000000e0 -5.34993634661298056e0 -5.34994935989379883e0 -5.34993982315063477e0 5.51342971277790639e-8 3.87430176829184347e-8 1 1
0.00000000000000000e0 -5.34569520903431528e0 -5.34570837020874023e0 -5.34569835662841797e0 3.77496078840522387e-8 5.96046447753906250e-8 1 1
0.00000000000000000e0 -5.34140438717212795e0 -5.34141731262207031e0 -5.34140777587890625e0 2.18550368913383863e-7 1.98682155172491548e-8 1 1
0.00000000000000000e0 -5.33706430463557790e0 -5.33707618713378906e0 -5.33706760406494141e0 9.93410722571752558e-8 5.01672410280207259e-8 1 1
0.00000000000000000e0 -5.33267538219606863e0 -5.33268690109252930e0 -5.33267831802368164e0 3.97364310344983096e-8 3.77496078840522387e-8 1 1
0.00000000000000000e0 -5.32823803780660388e0 -5.32824993133544922e0 -5.32824087142944336e0 1.98682144514350512e-7 5.96046447753906250e-8 1 1
0.00000000000000000e0 -5.32375268662409429e0 -5.32376384735107422e0 -5.32375574111938477e0 9.93410722571752558e-8 5.96046447753906250e-8 1 1
0.00000000000000000e0 -5.31921974102832085e0 -5.31923103332519531e0 -5.31922292709350586e0 4.61935982798422629e-8 3.97364310344983096e-8 1 1
0.00000000000000000e0 -5.31463961064370416e0 -5.31465148925781250e0 -5.31464242935180664e0 2.98023223876953125e-7 3.97364310344983096e-8 1 1
0.00000000000000000e0 -5.31001270235848466e0 -5.31002330780029297e0 -5.31001520156860352e0 7.94728620689966192e-8 7.94728620689966192e-8 1 1
0.00000000000000000e0 -5.30533942034524131e0 -5.30535173416137695e0 -5.30534219741821289e0 7.94728620689966192e-8 5.96046447753906250e-8 1 1
0.00000000000000000e0 -5.30062016608035069e0 -5.30063199996948242e0 -5.30062294006347656e0 6.40749959757158649e-8 3.97364310344983096e-8 1 1
0.00000000000000000e0 -5.29585533836311395e0 -5.29586744308471680e0 -5.29585790634155273e0 7.94728620689966192e-8 5.96046447753906250e-8 1 1
0.00000000000000000e0 -5.29104533333687854e0 -5.29105758666992188e0 -5.29104804992675781e0 2.98023223876953125e-7 9.93410722571752558e-8 1 1
0.00000000000000000e0 -5.28619054450662151e0 -5.28620195388793945e0 -5.28619289398193359e0 1.78813934326171875e-7 5.96046447753906250e-8 1 1
0.00000000000000000e0 -5.28129136275847610e0 -5.28130340576171875e0 -5.28129434585571289e0 5.96046447753906250e-8 9.93410722571752558e-8 1 1
0.00000000000000000e0 -5.27634817637884357e0 -5.27636003494262695e0 -5.27635049819946289e0 9.93410722571752558e-8 5.96046447753906250e-8 1 1
0.00000000000000000e0 -5.27136137107344016e0 -5.27137327194213867e0 -5.27136421203613281e0 6.45717008751489630e-8 7.94728620689966192e-8 1 1
0.00000000000000000e0 -5.26633132998545062e0 -5.26634359359741211e0 -5.26633405685424805e0 2.18550368913383863e-7 7.94728620689966192e-8 1 1
0.00000000000000000e0 -5.26125843371471547e0 -5.26126956939697266e0 -5.26126098632812500e0 2.58286796395168494e-8 3.52660798341730697e-8 1 1
0.00000000000000000e0 -5.25614306033457446e0 -5.25615501403808594e0 -5.25614595413208008e0 1.98682144514350512e-7 5.96046447753906250e-8 1 1
0.00000000000000000e0 -5.25098558541179905e0 -5.25099706649780273e0 -5.25098800659179688e0 6.01013496748237230e-8 7.94728620689966192e-8 1 1
0.00000000000000000e0 -5.24578638202333014e0 -5.24579906463623047e0 -5.24578809738159180e0 7.94728620689966192e-8 9.93410722571752558e-8 1 1
0.00000000000000000e0 -5.24054582077426279e0 -5.24055862426757812e0 -5.24054813385009766e0 5.96046447753906250e-8 5.96046447753906250e-8 1 1
0.00000000000000000e0 -5.23526426981565685e0 -5.23527669906616211e0 -5.23526668548583984e0 9.93410722571752558e-8 9.93410722571752558e-8 1 1
0.00000000000000000e0 -5.22994209486243733e0 -5.22995519638061523e0 -5.22994375228881836e0 1.10765299154991226e-7 3.97364310344983096e-8 1 1
0.00000000000000000e0 -5.22457965921050072e0 -5.22459268569946289e0 -5.22458124160766602e0 1.25666460348838882e-7 3.97364310344983096e-8 1 1
0.00000000000000000e0 -5.21917732375329191e0 -5.21919059753417969e0 -5.21917915344238281e0 1.19209289550781250e-7 6.15914643731230171e-8 1 1
0.00000000000000000e0 -5.21373544700073399e0 -5.21374797821044922e0 -5.21373653411865234e0 3.17891455381413834e-8 9.93410722571752558e-8 1 1
0.00000000000000000e0 -5.20825438509334493e0 -5.20826625823974609e0 -5.20825624465942383e0 1.78813934326171875e-7 7.94728620689966192e-8 1 1
0.00000000000000000e0 -5.20273449182095238e0 -5.20274543762207031e0 -5.20273637771606445e0 1.78813934326171875e-7 3.97364310344983096e-8 1 1
0.00000000000000000e0 -5.19717611863985596e0 -5.19718790054321289e0 -5.19717788696289062e0 1.39077499738959887e-7 2.88089108124722770e-8 1 1
0.00000000000000000e0 -5.19157961468780904e0 -5.19159221649169922e0 -5.19158124923706055e0 1.98682144514350512e-7 9.93410722571752558e-8 1 1
0.00000000000000000e0 -5.18594532680052467e0 -5.18595743179321289e0 -5.18594694137573242e0 4.37100737826767727e-8 1.98682155172491548e-8 1 1
0.00000000000000000e0 -5.18027359952927657e0 -5.18028593063354492e0 -5.18027496337890625e0 6.15914643731230171e-8 6.45717008751489630e-8 1 1
0.00000000000000000e0 -5.17456477515479119e0 -5.17457723617553711e0 -5.17456626892089844e0 6.95387498694799433e-8 5.96046447753906250e-8 1 1
0.00000000000000000e0 -5.16881919370561782e0 -5.16883134841918945e0 -5.16882085800170898e0 1.19209289550781250e-7 9.93410722571752558e-8 1 1
0.00000000000000000e0 -5.16303719297236796e0 -5.16304969787597656e0 -5.16303873062133789e0 1.98682144514350512e-7 7.94728620689966192e-8 1 1
0.00000000000000000e0 -5.15721910852397247e0 -5.15723133087158203e0 -5.15722084045410156e0 1.19209289550781250e-7 3.77496078840522387e-8 1 1
0.00000000000000000e0 -5.15136527372274688e0 -5.15137767791748047e0 -5.15136718750000000e0 8.84135573642197414e-8 5.96046447753906250e-8 1 1
0.00000000000000000e0 -5.14547601974051805e0 -5.14548826217651367e0 -5.14547729492187500e0 1.98682144514350512e-7 7.94728620689966192e-8 1 1
0.00000000000000000e0 -5.13955167557302151e0 -5.13956308364868164e0 -5.13955402374267578e0 1.98682144514350512e-7 3.97364310344983096e-8 1 1
0.00000000000000000e0 -5.13359256805636299e0 -5.13360357284545898e0 -5.13359546661376953e0 2.38418582654276179e-8 5.96046447753906250e-8 1 1
0.00000000000000000e0 -5.12759902188047523e0 -5.12761020660400391e0 -5.12760162353515625e0 7.94728620689966192e-8 3.97364310344983096e-8 1 1
0.00000000000000000e0 -5.12157135960501630e0 -5.12158250808715820e0 -5.12157440185546875e0 4.86771263297214318e-8 4.47034835815429688e-8 1 1
0.00000000000000000e0 -5.11550990167420494e0 -5.11552095413208008e0 -5.11551332473754883e0 3.17891455381413834e-8 4.47034835815429688e-8 1 1
0.00000000000000000e0 -5.10941496643089454e0 -5.10942649841308594e0 -5.10941839218139648e0 2.58286803500595852e-7 1.19209289550781250e-7 1 1
0.00000000000000000e0 -5.10328687013178950e0 -5.10329723358154297e0 -5.10328960418701172e0 1.39077499738959887e-7 5.96046447753906250e-8 1 1
0.00000000000000000e0 -5.09712592696158140e0 -5.09713602066040039e0 -5.09712886810302734e0 7.94728620689966192e-8 7.94728620689966192e-8 1 1
0.00000000000000000e0 -5.09093244904660303e0 -5.09094285964965820e0 -5.09093523025512695e0 7.94728620689966192e-8 2.58286796395168494e-8 1 1
0.00000000000000000e0 -5.08470674646985632e0 -5.08471727371215820e0 -5.08470964431762695e0 1.98682144514350512e-7 9.93410722571752558e-8 1 1
0.00000000000000000e0 -5.07844912728529341e0 -5.07845926284790039e0 -5.07845163345336914e0 9.93410722571752558e-8 7.94728620689966192e-8 1 1
0.00000000000000000e0 -5.07215989753063212e0 -5.07217073440551758e0 -5.07216310501098633e0 1.39077499738959887e-7 6.85453400706137472e-8 1 1
0.00000000000000000e0 -5.06583936124268419e0 -5.06585025787353516e0 -5.06584215164184570e0 8.84135573642197414e-8 3.97364310344983096e-8 1 1
0.00000000000000000e0 -5.05948782046925061e0 -5.05949926376342773e0 -5.05949068069458008e0 1.58945724137993238e-7 7.94728620689966192e-8 1 1
0.00000000000000000e0 -5.05310557528456616e0 -5.05311679840087891e0 -5.05310773849487305e0 5.36441788767660910e-8 3.17891455381413834e-8 1 1
0.00000000000000000e0 -5.04669292380127654e0 -5.04670476913452148e0 -5.04669475555419922e0 1.19209289550781250e-7 5.96046447753906250e-8 1 1
0.00000000000000000e0 -5.04025016218496980e0 -5.04026079177856445e0 -5.04025220870971680e0 3.47693749347399716e-8 7.94728620689966192e-8 1 1
0.00000000000000000e0 -5.03377758466655756e0 -5.03378915786743164e0 -5.03377962112426758e0 7.94728620689966192e-8 7.94728620689966192e-8 1 1
0.00000000000000000e0 -5.02727548355695397e0 -5.02728652954101562e0 -5.02727746963500977e0 9.88443673577421578e-8 3.97364310344983096e-8 1 1
0.00000000000000000e0 -5.02074414925782353e0 -5.02075576782226562e0 -5.02074623107910156e0 1.98682144514350512e-7 9.93410722571752558e-8 1 1
0.00000000000000000e0 -5.01418387027661971e0 -5.01419448852539062e0 -5.01418590545654297e0 7.30156912709389871e-8 5.96046447753906250e-8 1 1
0.00000000000000000e0 -5.00759493323780891e0 -5.00760650634765625e0 -5.00759649276733398e0 8.74201475653535454e-8 7.89761571695635212e-8 1 1
0.00000000000000000e0 -5.00097762289777670e0 -5.00098991394042969e0 -5.00097942352294922e0 9.93410722571752558e-8 7.89761571695635212e-8 1 1
0.00000000000000000e0 -4.99433222215451167e0 -4.99434423446655273e0 -4.99433326721191406e0 1.24176338545112230e-7 5.96046447753906250e-8 1 1
0.00000000000000000e0 -4.98765901206312989e0 -4.98767137527465820e0 -4.98766088485717773e0 1.07288357753532182e-7 4.81804214302883338e-8 1 1
0.00000000000000000e0 -4.98095827184507023e0 -4.98097085952758789e0 -4.98095989227294922e0 1.39077499738959887e-7 7.94728620689966192e-8 1 1
0.00000000000000000e0 -4.97423027890494751e0 -4.97424221038818359e0 -4.97423124313354492e0 1.14738938350456010e-7 1.98682155172491548e-8 1 1
0.00000000000000000e0 -4.96747530883819710e0 -4.96748781204223633e0 -4.96747684478759766e0 1.13248823652156716e-7 3.97364310344983096e-8 1 1
0.00000000000000000e0 -4.96069363544615616e0 -4.96070528030395508e0 -4.96069478988647461e0 5.96046447753906250e-8 9.93410722571752558e-8 1 1
0.00000000000000000e0 -4.95388553074653881e0 -4.95389747619628906e0 -4.95388698577880859e0 9.28839014591176237e-8 7.94728620689966192e-8 1 1
0.00000000000000000e0 -4.94705126498606251e0 -4.94706249237060547e0 -4.94705247879028320e0 1.78813934326171875e-7 7.94728620689966192e-8 1 1
0.00000000000000000e0 -4.94019110665295447e0 -4.94020128250122070e0 -4.94019222259521484e0 7.94728620689966192e-8 2.68220894383830455e-8 1 1
0.00000000000000000e0 -4.93330532248673670e0 -4.93331527709960938e0 -4.93330574035644531e0 3.37759651358737756e-8 7.94728620689966192e-8 1 1
0.00000000000000000e0 -4.92639417749286235e0 -4.92640352249145508e0 -4.92639446258544922e0 1.78813934326171875e-7 5.96046447753906250e-8 1 1
0.00000000000000000e0 -4.91945793495123862e0 -4.91946649551391602e0 -4.91945791244506836e0 7.64926255669706734e-8 7.94728620689966192e-8 1 1
0.00000000000000000e0 -4.91249685642934963e0 -4.91250610351562500e0 -4.91249656677246094e0 6.45717008751489630e-8 7.94728620689966192e-8 1 1
0.00000000000000000e0 -4.90551120179393862e0 -4.90552043914794922e0 -4.90551090240478516e0 5.96046447753906250e-8 3.97364310344983096e-8 1 1
0.00000000000000000e0 -4.89850122922159237e0 -4.89851093292236328e0 -4.89850091934204102e0 1.03314718558067398e-7 4.56968933804091648e-8 1 1
0.00000000000000000e0 -4.89146719520947926e0 -4.89147758483886719e0 -4.89146757125854492e0 1.39077499738959887e-7 3.77496078840522387e-8 1 1
0.00000000000000000e0 -4.88440935458798098e0 -4.88441944122314453e0 -4.88440942764282227e0 1.47521490134749911e-7 3.17891455381413834e-8 1 1
0.00000000000000000e0 -4.87732796053024131e0 -4.87733745574951172e0 -4.87732839584350586e0 1.19209289550781250e-7 4.07298408333645057e-8 1 1
0.00000000000000000e0 -4.87022326456414412e0 -4.87023353576660156e0 -4.87022399902343750e0 1.28646689745437470e-7 7.25189863715058891e-8 1 1
0.00000000000000000e0 -4.86309551658240480e0 -4.86310625076293945e0 -4.86309576034545898e0 1.78813934326171875e-7 3.07957321865615086e-8 1 1
0.00000000000000000e0 -4.85594496485436977e0 -4.85595560073852539e0 -4.85594558715820312e0 1.58945724137993238e-7 7.94728620689966192e-8 1 1
0.00000000000000000e0 -4.84877185603547822e0 -4.84878301620483398e0 -4.84877204895019531e0 1.23182928746246034e-7 2.48352680642938139e-8 1 1
0.00000000000000000e0 -4.84157643517919656e0 -4.84158849716186523e0 -4.84157705307006836e0 9.93410722571752558e-8 3.97364310344983096e-8 1 1
0.00000000000000000e0 -4.83435894574622349e0 -4.83436965942382812e0 -4.83435964584350586e0 1.98682144514350512e-7 7.94728620689966192e-8 1 1
0.00000000000000000e0 -4.82711962961611807e0 -4.82712984085083008e0 -4.82712030410766602e0 9.93410722571752558e-8 4.86771263297214318e-8 1 1
0.00000000000000000e0 -4.81985872709639729e0 -4.81986999511718750e0 -4.81985950469970703e0 1.08281774657825736e-7 3.22858504375744815e-8 1 1
0.00000000000000000e0 -4.81257647693427337e0 -4.81258678436279297e0 -4.81257724761962891e0 7.94728620689966192e-8 5.96046447753906250e-8 1 1
0.00000000000000000e0 -4.80527311632631360e0 -4.80528259277343750e0 -4.80527400970458984e0 9.93410722571752558e-8 5.96046447753906250e-8 1 1
0.00000000000000000e0 -4.79794888092748817e0 -4.79795837402343750e0 -4.79795026779174805e0 1.19209289550781250e-7 5.96046447753906250e-8 1 1
0.00000000000000000e0 -4.79060400486300519e0 -4.79061365127563477e0 -4.79060459136962891e0 3.77496078840522387e-8 4.47034835815429688e-8 1 1
0.00000000000000000e0 -4.78323872073795187e0 -4.78324890136718750e0 -4.78323936462402344e0 6.55651106740151590e-8 5.96046447753906250e-8 1 1
0.00000000000000000e0 -4.77585325964489105e0 -4.77586317062377930e0 -4.77585363388061523e0 1.19209289550781250e-7 5.96046447753906250e-8 1 1
0.00000000000000000e0 -4.76844785117679404e0 -4.76845788955688477e0 -4.76844787597656250e0 9.13937867608183296e-8 5.96046447753906250e-8 1 1
0.00000000000000000e0 -4.76102272343552979e0 -4.76103305816650391e0 -4.76102304458618164e0 6.95387498694799433e-8 3.17891455381413834e-8 1 1
0.00000000000000000e0 -4.75357810304147321e0 -4.75358819961547852e0 -4.75357818603515625e0 1.01327898960335006e-7 5.96046447753906250e-8 1 1
0.00000000000000000e0 -4.74611421514294296e0 -4.74612474441528320e0 -4.74611473083496094e0 1.31626919142036058e-7 5.96046447753906250e-8 1 1
0.00000000000000000e0 -4.73863128342615880e0 -4.73864078521728516e0 -4.73863172531127930e0 5.56310020272121619e-8 5.96046447753906250e-8 1 1
0.00000000000000000e0 -4.73112953012389781e0 -4.73113965988159180e0 -4.73113012313842773e0 9.93410722571752558e-8 5.96046447753906250e-8 1 1
0.00000000000000000e0 -4.72360917602599706e0 -4.72361898422241211e0 -4.72360992431640625e0 5.96046447753906250e-8 5.96046447753906250e-8 1 1
0.00000000000000000e0 -4.71607044048851787e0 -4.71607971191406250e0 -4.71607160568237305e0 6.65585204728813551e-8 9.93410722571752558e-8 1 1
0.00000000000000000e0 -4.70851354144183709e0 -4.70852327346801758e0 -4.70851516723632812e0 9.93410722571752558e-8 5.96046447753906250e-8 1 1
0.00000000000000000e0 -4.70093869540102283e0 -4.70094776153564453e0 -4.70094013214111328e0 1.19209289550781250e-7 7.94728620689966192e-8 1 1
0.00000000000000000e0 -4.69334611747447106e0 -4.69335508346557617e0 -4.69334745407104492e0 3.97364310344983096e-8 7.94728620689966192e-8 1 1
0.00000000000000000e0 -4.68573602137334344e0 -4.68574571609497070e0 -4.68573713302612305e0 2.58286803500595852e-7 7.94728620689966192e-8 1 1
0.00000000000000000e0 -4.67810861941945877e0 -4.67811727523803711e0 -4.67810964584350586e0 1.30633509343169862e-7 7.94728620689966192e-8 1 1
0.00000000000000000e0 -4.67046412255573529e0 -4.67047262191772461e0 -4.67046499252319336e0 7.94728620689966192e-8 7.94728620689966192e-8 1 1
0.00000000000000000e0 -4.66280274035430509e0 -4.66281127929687500e0 -4.66280269622802734e0 1.19209289550781250e-7 4.27166604310968978e-8 1 1
0.00000000000000000e0 -4.65512468102435051e0 -4.65513324737548828e0 -4.65512514114379883e0 9.63608428605766676e-8 7.94728620689966192e-8 1 1
0.00000000000000000e0 -4.64743015142190963e0 -4.64743900299072266e0 -4.64743089675903320e0 7.94728620689966192e-8 1.98682155172491548e-8 1 1
0.00000000000000000e0 -4.63971935705892680e0 -4.63972854614257812e0 -4.63971996307373047e0 3.27825553370075795e-8 5.96046447753906250e-8 1 1
0.00000000000000000e0 -4.63199250211106861e0 -4.63200187683105469e0 -4.63199329376220703e0 7.94728620689966192e-8 4.07298408333645057e-8 1 1
0.00000000000000000e0 -4.62424978942531784e0 -4.62425804138183594e0 -4.62425041198730469e0 7.94728620689966192e-8 3.47693749347399716e-8 1 1
0.00000000000000000e0 -4.61649142053108807e0 -4.61649942398071289e0 -4.61649179458618164e0 1.58945724137993238e-7 5.96046447753906250e-8 1 1
0.00000000000000000e0 -4.60871759564625805e0 -4.60872554779052734e0 -4.60871744155883789e0 9.93410722571752558e-8 3.37759651358737756e-8 1 1
0.00000000000000000e0 -4.60092851368611200e0 -4.60093784332275391e0 -4.60092878341674805e0 7.94728620689966192e-8 7.94728620689966192e-8 1 1
0.00000000000000000e0 -4.59312437227160864e0 -4.59313392639160156e0 -4.59312391281127930e0 1.03811423457500496e-7 7.94728620689966192e-8 1 1
0.00000000000000000e0 -4.58530536773829134e0 -4.58531379699707031e0 -4.58530569076538086e0 5.06639494801675028e-8 5.96046447753906250e-8 1 1
0.00000000000000000e0 -4.57747169514353036e0 -4.57748079299926758e0 -4.57747125625610352e0 1.19209289550781250e-7 7.94728620689966192e-8 1 1
0.00000000000000000e0 -4.56962354827465678e0 -4.56963253021240234e0 -4.56962347030639648e0 1.98682144514350512e-7 3.97364310344983096e-8 1 1
0.00000000000000000e0 -4.56176111965831943e0 -4.56177091598510742e0 -4.56176090240478516e0 6.65585204728813551e-8 3.97364310344983096e-8 1 1
0.00000000000000000e0 -4.55388460056666666e0 -4.55389308929443359e0 -4.55388450622558594e0 2.18550368913383863e-8 5.96046447753906250e-8 1 1
0.00000000000000000e0 -4.54599418102583286e0 -4.54600286483764648e0 -4.54599380493164062e0 7.00354547689130413e-8 3.97364310344983096e-8 1 1
0.00000000000000000e0 -4.53809004982408393e0 -4.53809881210327148e0 -4.53808975219726562e0 1.19209289550781250e-7 3.97364310344983096e-8 1 1
0.00000000000000000e0 -4.53017239451993792e0 -4.53018188476562500e0 -4.53017234802246094e0 1.98682144514350512e-7 5.96046447753906250e-8 1 1
0.00000000000000000e0 -4.52224140144878373e0 -4.52224874496459961e0 -4.52224159240722656e0 8.64267377664873493e-8 7.94728620689966192e-8 1 1
0.00000000000000000e0 -4.51429725573152574e0 -4.51430511474609375e0 -4.51429748535156250e0 1.98682144514350512e-7 3.97364310344983096e-8 1 1
0.00000000000000000e0 -4.50634014128240423e0 -4.50634765625000000e0 -4.50634050369262695e0 6.65585204728813551e-8 7.94728620689966192e-8 1 1
0.00000000000000000e0 -4.49837024081523218e0 -4.49837875366210938e0 -4.49837112426757812e0 1.39077499738959887e-7 5.96046447753906250e-8 1 1
0.00000000000000000e0 -4.49038773585327267e0 -4.49039602279663086e0 -4.49038839340209961e0 1.39077499738959887e-7 3.97364310344983096e-8 1 1
0.00000000000000000e0 -4.48239280673350127e0 -4.48240137100219727e0 -4.48239278793334961e0 1.15235643249889108e-7 9.93410722571752558e-8 1 1
0.00000000000000000e0 -4.47438563261632893e0 -4.47439384460449219e0 -4.47438621520996094e0 1.19209289550781250e-7 7.94728620689966192e-8 1 1
0.00000000000000000e0 -4.46636639149231573e0 -4.46637439727783203e0 -4.46636629104614258e0 5.06639494801675028e-8 3.97364310344983096e-8 1 1
0.00000000000000000e0 -4.45833526019021686e0 -4.45834398269653320e0 -4.45833587646484375e0 6.90420449700468453e-8 9.93410722571752558e-8 1 1
0.00000000000000000e0 -4.45029241438264389e0 -4.45030021667480469e0 -4.45029258728027344e0 5.96046447753906250e-8 5.96046447753906250e-8 1 1
0.00000000000000000e0 -4.44223802859428485e0 -4.44224596023559570e0 -4.44223880767822266e0 4.52001884809760668e-8 7.94728620689966192e-8 1 1
0.00000000000000000e0 -4.43417227620931520e0 -4.43418025970458984e0 -4.43417263031005859e0 7.05321596683461394e-8 4.17232506322307017e-8 1 1
0.00000000000000000e0 -4.42609532947806361e0 -4.42610311508178711e0 -4.42609643936157227e0 1.41561031341552734e-7 5.96046447753906250e-8 1 1
0.00000000000000000e0 -4.41800735952404366e0 -4.41801404953002930e0 -4.41800785064697266e0 9.93410722571752558e-8 3.97364310344983096e-8 1 1
0.00000000000000000e0 -4.40990853635044111e0 -4.40991592407226562e0 -4.40990924835205078e0 9.73542526594428637e-8 7.05321596683461394e-8 1 1
0.00000000000000000e0 -4.40179902884854535e0 -4.40180587768554688e0 -4.40179967880249023e0 1.19209289550781250e-7 1.98682155172491548e-8 1 1
0.00000000000000000e0 -4.39367900480324813e0 -4.39368677139282227e0 -4.39367961883544922e0 1.98682144514350512e-7 3.97364310344983096e-8 1 1
0.00000000000000000e0 -4.38554863090027158e0 -4.38555526733398438e0 -4.38554859161376953e0 5.96046447753906250e-8 7.94728620689966192e-8 1 1
0.00000000000000000e0 -4.37740807273366261e0 -4.37741518020629883e0 -4.37740850448608398e0 5.66244118260783580e-8 3.97364310344983096e-8 1 1
0.00000000000000000e0 -4.36925749481152970e0 -4.36926412582397461e0 -4.36925745010375977e0 7.94728620689966192e-8 9.93410722571752558e-8 1 1
0.00000000000000000e0 -4.36109706056306834e0 -4.36110353469848633e0 -4.36109685897827148e0 1.58945724137993238e-7 7.94728620689966192e-8 1 1
0.00000000000000000e0 -4.35292693234559103e0 -4.35293388366699219e0 -4.35292720794677734e0 1.39077499738959887e-7 9.93410722571752558e-8 1 1
0.00000000000000000e0 -4.34474727145130402e0 -4.34475469589233398e0 -4.34474754333496094e0 7.94728620689966192e-8 5.96046447753906250e-8 1 1
0.00000000000000000e0 -4.33655823811212304e0 -4.33656597137451172e0 -4.33655834197998047e0 7.25189863715058891e-8 5.96046447753906250e-8 1 1
0.00000000000000000e0 -4.32835999150917949e0 -4.32836771011352539e0 -4.32836008071899414e0 6.15914643731230171e-8 9.93410722571752558e-8 1 1
0.00000000000000000e0 -4.32015268977693179e0 -4.32016086578369141e0 -4.32015323638916016e0 5.96046447753906250e-8 2.78155010136060810e-8 1 1
0.00000000000000000e0 -4.31193649001018375e0 -4.31194448471069336e0 -4.31193637847900391e0 9.93410722571752558e-8 7.94728620689966192e-8 1 1
0.00000000000000000e0 -4.30371154827030900e0 -4.30371856689453125e0 -4.30371189117431641e0 7.59959206675375754e-8 3.77496078840522387e-8 1 1
0.00000000000000000e0 -4.29547801959323117e0 -4.29548549652099609e0 -4.29547786712646484e0 7.94728620689966192e-8 5.96046447753906250e-8 1 1
0.00000000000000000e0 -4.28723605799315965e0 -4.28724336624145508e0 -4.28723669052124023e0 6.15914643731230171e-8 5.96046447753906250e-8 1 1
0.00000000000000000e0 -4.27898581647046150e0 -4.27899217605590820e0 -4.27898597717285156e0 1.78813934326171875e-7 7.94728620689966192e-8 1 1
0.00000000000000000e0 -4.27072744701732621e0 -4.27073478698730469e0 -4.27072811126708984e0 1.10268594255558128e-7 9.93410722571752558e-8 1 1
0.00000000000000000e0 -4.26246110062469619e0 -4.26246786117553711e0 -4.26246166229248047e0 7.94728620689966192e-8 9.93410722571752558e-8 1 1
0.00000000000000000e0 -4.25418692728724679e0 -4.25419378280639648e0 -4.25418710708618164e0 1.98682144514350512e-7 7.94728620689966192e-8 1 1
0.00000000000000000e0 -4.24590507600996414e0 -4.24591112136840820e0 -4.24590587615966797e0 4.91738312291545299e-8 3.97364310344983096e-8 1 1
0.00000000000000000e0 -4.23761569481424960e0 -4.23762273788452148e0 -4.23761606216430664e0 7.25189863715058891e-8 5.96046447753906250e-8 1 1
0.00000000000000000e0 -4.22931893074424448e0 -4.22932577133178711e0 -4.22931861877441406e0 2.02159085915809555e-7 5.96046447753906250e-8 1 1
0.00000000000000000e0 -4.22101492987250637e0 -4.22102117538452148e0 -4.22101497650146484e0 4.86771263297214318e-8 7.35123961703720852e-8 1 1
0.00000000000000000e0 -4.21270383730579567e0 -4.21271038055419922e0 -4.21270370483398438e0 1.35600572548355558e-7 2.93056174882622145e-8 1 1
0.00000000000000000e0 -4.20438579719032290e0 -4.20439195632934570e0 -4.20438528060913086e0 9.88443673577421578e-8 5.96046447753906250e-8 1 1
0.00000000000000000e0 -4.19606095271976720e0 -4.19606733322143555e0 -4.19606113433837891e0 5.96046447753906250e-8 7.94728620689966192e-8 1 1
0.00000000000000000e0 -4.18772944613871534e0 -4.18773651123046875e0 -4.18772983551025391e0 6.70552253723144531e-8 7.94728620689966192e-8 1 1
0.00000000000000000e0 -4.17939141874933817e0 -4.17939901351928711e0 -4.17939138412475586e0 3.97364310344983096e-8 3.37759651358737756e-8 1 1
0.00000000000000000e0 -4.17104701091637420e0 -4.17105436325073242e0 -4.17104768753051758e0 1.98682144514350512e-7 4.17232506322307017e-8 1 1
0.00000000000000000e0 -4.16269636207541538e0 -4.16270351409912109e0 -4.16269683837890625e0 5.96046447753906250e-8 3.97364310344983096e-8 1 1
0.00000000000000000e0 -4.15433961073541802e0 -4.15434694290161133e0 -4.15434026718139648e0 1.78813934326171875e-7 3.97364310344983096e-8 1 1
0.00000000000000000e0 -4.14597689448505413e0 -4.14598321914672852e0 -4.14597749710083008e0 1.39077499738959887e-7 7.94728620689966192e-8 1 1
0.00000000000000000e0 -4.13760835000016680e0 -4.13761520385742188e0 -4.13760948181152344e0 8.94069671630859375e-8 9.93410722571752558e-8 1 1
0.00000000000000000e0 -4.12923411304714261e0 -4.12924098968505859e0 -4.12923526763916016e0 9.93410722571752558e-8 2.83122059130391790e-8 1 1
0.00000000000000000e0 -4.12085431848988826e0 -4.12086057662963867e0 -4.12085485458374023e0 8.64267377664873493e-8 7.94728620689966192e-8 1 1
0.00000000000000000e0 -4.11246910029349610e0 -4.11247491836547852e0 -4.11246967315673828e0 9.73542526594428637e-8 3.97364310344983096e-8 1 1
0.00000000000000000e0 -4.10407859153126342e0 -4.10408449172973633e0 -4.10407876968383789e0 6.35782910762827669e-8 7.94728620689966192e-8 1 1
0.00000000000000000e0 -4.09568292438996284e0 -4.09568881988525391e0 -4.09568357467651367e0 1.78813934326171875e-7 6.01013496748237230e-8 1 1
0.00000000000000000e0 -4.08728223017381964e0 -4.08728790283203125e0 -4.08728265762329102e0 1.19209289550781250e-7 4.27166604310968978e-8 1 1
0.00000000000000000e0 -4.07887663931257727e0 -4.07888221740722656e0 -4.07887697219848633e0 3.97364310344983096e-8 3.97364310344983096e-8 1 1
0.00000000000000000e0 -4.07046628136305610e0 -4.07047319412231445e0 -4.07046747207641602e0 5.96046447753906250e-8 9.93410722571752558e-8 1 1
0.00000000000000000e0 -4.06205128501747659e0 -4.06205797195434570e0 -4.06205224990844727e0 6.40749959757158649e-8 1.98682155172491548e-8 1 1
0.00000000000000000e0 -4.05363177810718600e0 -4.05363941192626953e0 -4.05363368988037109e0 5.96046447753906250e-8 9.93410722571752558e-8 1 1
0.00000000000000000e0 -4.04520788760794314e0 -4.04521560668945312e0 -4.04520940780639648e0 7.94728620689966192e-8 3.87430176829184347e-8 1 1
0.00000000000000000e0 -4.03677973964609560e0 -4.03678703308105469e0 -4.03678131103515625e0 2.18550368913383863e-7 5.96046447753906250e-8 1 1
0.00000000000000000e0 -4.02834745950277195e0 -4.02835416793823242e0 -4.02834844589233398e0 7.94728620689966192e-8 5.96046447753906250e-8 1 1
0.00000000000000000e0 -4.01991117161737588e0 -4.01991844177246094e0 -4.01991271972656250e0 1.39077499738959887e-7 9.93410722571752558e-8 1 1
0.00000000000000000e0 -4.01147099959676812e0 -4.01147842407226562e0 -4.01147174835205078e0 1.19209289550781250e-7 6.45717008751489630e-8 1 1
0.00000000000000000e0 -4.00302706621569904e0 -4.00303506851196289e0 -4.00302743911743164e0 1.25666460348838882e-7 6.25848741719892132e-8 1 1
0.00000000000000000e0 -3.99457949342584184e0 -3.99458813667297363e0 -3.99458003044128418e0 8.29497963650283054e-8 5.16573592790336988e-8 1 1
0.00000000000000000e0 -3.98612840235738375e0 -3.98613739013671875e0 -3.98612880706787109e0 1.19209289550781250e-7 2.88089108124722770e-8 1 1
0.00000000000000000e0 -3.97767391332562825e0 -3.97768259048461914e0 -3.97767424583435059e0 1.01327898960335006e-7 4.96705361285876279e-8 1 1
0.00000000000000000e0 -3.96921614583575844e0 -3.96922397613525391e0 -3.96921706199645996e0 2.18550368913383863e-7 4.71870116314221377e-8 1 1
0.00000000000000000e0 -3.96075521858764956e0 -3.96076178550720215e0 -3.96075606346130371e0 2.98023223876953125e-8 2.98023223876953125e-8 1 1
0.00000000000000000e0 -3.95229124948035127e0 -3.95229768753051758e0 -3.95229244232177734e0 7.05321596683461394e-8 2.98023223876953125e-8 1 1
0.00000000000000000e0 -3.94382435561678735e0 -3.94382977485656738e0 -3.94382524490356445e0 8.44399110633275995e-8 3.97364310344983096e-8 1 1
0.00000000000000000e0 -3.93535465330925716e0 -3.93536043167114258e0 -3.93535542488098145e0 5.91079398759575270e-8 4.27166604310968978e-8 1 1
0.00000000000000000e0 -3.92688225808306735e0 -3.92688798904418945e0 -3.92688345909118652e0 3.97364310344983096e-8 6.35782910762827669e-8 1 1
0.00000000000000000e0 -3.91840728468218513e0 -3.91841316223144531e0 -3.91840839385986328e0 9.33806134639780794e-8 3.97364310344983096e-8 1 1
0.00000000000000000e0 -3.90992984707356106e0 -3.90993595123291016e0 -3.90993118286132812e0 1.68879822126655199e-7 3.57627882863198465e-8 1 1
0.00000000000000000e0 -3.90145005845218940e0 -3.90145516395568848e0 -3.90145111083984375e0 9.04003769619521336e-8 3.27825553370075795e-8 1 1
0.00000000000000000e0 -3.89296803124372781e0 -3.89297366142272949e0 -3.89296936988830566e0 9.93410722571752558e-8 3.07957321865615086e-8 1 1
0.00000000000000000e0 -3.88448387711165832e0 -3.88448977470397949e0 -3.88448524475097656e0 6.95387498694799433e-8 3.57627882863198465e-8 1 1
0.00000000000000000e0 -3.87599770696067214e0 -3.87600302696228027e0 -3.87599921226501465e0 1.68879822126655199e-7 4.52001884809760668e-8 1 1
0.00000000000000000e0 -3.86750963094151823e0 -3.86751484870910645e0 -3.86751103401184082e0 9.93410722571752558e-8 4.47034835815429688e-8 1 1
0.00000000000000000e0 -3.85901975845455736e0 -3.85902595520019531e0 -3.85902142524719238e0 1.29143401750297926e-7 4.96705361285876279e-8 1 1
0.00000000000000000e0 -3.85052819815459735e0 -3.85053348541259766e0 -3.85052919387817383e0 6.95387498694799433e-8 3.97364310344983096e-8 1 1
0.00000000000000000e0 -3.84203505795643174e0 -3.84204101562500000e0 -3.84203672409057617e0 6.55651106740151590e-8 3.97364310344983096e-8 1 1
0.00000000000000000e0 -3.83354044503825575e0 -3.83354496955871582e0 -3.83354258537292480e0 6.95387498694799433e-8 4.96705361285876279e-8 1 1
0.00000000000000000e0 -3.82504446584507329e0 -3.82504796981811523e0 -3.82504653930664062e0 3.97364310344983096e-8 3.67561980851860426e-8 1 1
0.00000000000000000e0 -3.81654722609569363e0 -3.81655120849609375e0 -3.81654906272888184e0 3.97364310344983096e-8 3.97364310344983096e-8 1 1
0.00000000000000000e0 -3.80804883078471379e0 -3.80805253982543945e0 -3.80805087089538574e0 4.07298408333645057e-8 7.84794522701304231e-8 1 1
0.00000000000000000e0 -3.79954938418690036e0 -3.79955267906188965e0 -3.79955101013183594e0 1.00831194060901908e-7 4.96705361285876279e-8 1 1
0.00000000000000000e0 -3.79104898986306926e0 -3.79105210304260254e0 -3.79105091094970703e0 3.97364310344983096e-8 3.47693749347399716e-8 1 1
0.00000000000000000e0 -3.78254775066281423e0 -3.78255105018615723e0 -3.78254961967468262e0 7.94728620689966192e-8 3.97364310344983096e-8 1 1
0.00000000000000000e0 -3.77404576872991138e0 -3.77404952049255371e0 -3.77404785156250000e0 7.15255765726396930e-8 5.26507690778998949e-8 1 1
0.00000000000000000e0 -3.76554314550420077e0 -3.76554679870605469e0 -3.76554536819458008e0 1.29143401750297926e-7 3.97364310344983096e-8 1 1
0.00000000000000000e0 -3.75703998172904097e0 -3.75704383850097656e0 -3.75704288482666016e0 1.29143401750297926e-7 4.37100737826767727e-8 1 1
0.00000000000000000e0 -3.74853637745318746e0 -3.74854087829589844e0 -3.74853825569152832e0 5.31474739773329929e-8 4.22199555316637998e-8 1 1
0.00000000000000000e0 -3.74003243203491520e0 -3.74003767967224121e0 -3.74003481864929199e0 1.59442421931998979e-7 3.17891455381413834e-8 1 1
0.00000000000000000e0 -3.73152824414696127e0 -3.73153376579284668e0 -3.73153042793273926e0 6.40749959757158649e-8 1.98682155172491548e-8 1 1
0.00000000000000000e0 -3.72302391178052883e0 -3.72303009033203125e0 -3.72302579879760742e0 1.39077499738959887e-7 3.82463127834853367e-8 1 1
0.00000000000000000e0 -3.71451953224877895e0 -3.71452522277832031e0 -3.71452140808105469e0 8.94069671630859375e-8 3.97364310344983096e-8 1 1
0.00000000000000000e0 -3.70601520219037628e0 -3.70602130889892578e0 -3.70601773262023926e0 2.18550368913383863e-8 1.58945727690706917e-8 1 1
0.00000000000000000e0 -3.69751101757465550e0 -3.69751620292663574e0 -3.69751334190368652e0 8.34465012644614035e-8 4.96705361285876279e-8 1 1
0.00000000000000000e0 -3.68900707370579894e0 -3.68901181221008301e0 -3.68900918960571289e0 5.96046447753906250e-8 2.18550368913383863e-8 1 1
0.00000000000000000e0 -3.68050346522433580e0 -3.68050885200500488e0 -3.68050599098205566e0 6.75519302717475512e-8 3.27825553370075795e-8 1 1
0.00000000000000000e0 -3.67200028611416540e0 -3.67200517654418945e0 -3.67200279235839844e0 1.04308128356933594e-7 6.40749959757158649e-8 1 1
0.00000000000000000e0 -3.66349762970378423e0 -3.66350245475769043e0 -3.66350030899047852e0 1.39077499738959887e-7 2.88089108124722770e-8 1 1
0.00000000000000000e0 -3.65499558867230157e0 -3.65500020980834961e0 -3.65499901771545410e0 5.36441788767660910e-8 4.56968933804091648e-8 1 1
0.00000000000000000e0 -3.64649425505106262e0 -3.64649963378906250e0 -3.64649772644042969e0 1.29143401750297926e-7 4.22199555316637998e-8 1 1
0.00000000000000000e0 -3.63799372022944967e0 -3.63799905776977539e0 -3.63799715042114258e0 1.54972070731673739e-7 3.42726700353068736e-8 1 1
0.00000000000000000e0 -3.62949407495822385e0 -3.62949919700622559e0 -3.62949752807617188e0 4.96705361285876279e-8 4.96705361285876279e-8 1 1
0.00000000000000000e0 -3.62099540935213637e0 -3.62100005149841309e0 -3.62099838256835938e0 2.18550368913383863e-7 4.96705361285876279e-8 1 1
0.00000000000000000e0 -3.61249781289373884e0 -3.61250185966491699e0 -3.61250019073486328e0 1.31130221348030318e-7 4.22199555316637998e-8 1 1
0.00000000000000000e0 -3.60400137443917457e0 -3.60400676727294922e0 -3.60400366783142090e0 1.98682144514350512e-7 4.96705361285876279e-8 1 1
0.00000000000000000e0 -3.59550618222014506e0 -3.59551143646240234e0 -3.59550857543945312e0 4.96705361285876279e-8 3.17891455381413834e-8 1 1
0.00000000000000000e0 -3.58701232384734636e0 -3.58701825141906738e0 -3.58701491355895996e0 7.45058059692382812e-8 2.98023223876953125e-8 1 1
0.00000000000000000e0 -3.57851988631480822e0 -3.57852602005004883e0 -3.57852244377136230e0 1.09275184456691932e-7 2.38418582654276179e-8 1 1
0.00000000000000000e0 -3.57002895600349657e0 -3.57003521919250488e0 -3.57003164291381836e0 6.05980545742568211e-8 4.27166604310968978e-8 1 1
0.00000000000000000e0 -3.56153961868389324e0 -3.56154584884643555e0 -3.56154227256774902e0 1.08281774657825736e-7 3.27825553370075795e-8 1 1
0.00000000000000000e0 -3.55305195952133701e0 -3.55305838584899902e0 -3.55305480957031250e0 8.54333208621937956e-8 2.43385631648607159e-8 1 1
0.00000000000000000e0 -3.54456606307878364e0 -3.54457235336303711e0 -3.54456901550292969e0 1.58945724137993238e-7 2.98023223876953125e-8 1 1
0.00000000000000000e0 -3.53608201331948280e0 -3.53608775138854980e0 -3.53608489036560059e0 1.19706001555641706e-7 3.47693749347399716e-8 1 1
0.00000000000000000e0 -3.52759989361076620e0 -3.52760577201843262e0 -3.52760267257690430e0 7.94728620689966192e-8 4.96705361285876279e-8 1 1
0.00000000000000000e0 -3.51911978672909864e0 -3.51912593841552734e0 -3.51912236213684082e0 7.05321596683461394e-8 3.97364310344983096e-8 1 1
0.00000000000000000e0 -3.51064177486193429e0 -3.51064753532409668e0 -3.51064443588256836e0 3.87430176829184347e-8 3.12924370859946066e-8 1 1
0.00000000000000000e0 -3.50216593961135159e0 -3.50217199325561523e0 -3.50216889381408691e0 7.74860353658368695e-8 3.97364310344983096e-8 1 1
0.00000000000000000e0 -3.49369236199762412e0 -3.49369812011718750e0 -3.49369525909423828e0 1.08778479557258834e-7 2.78155010136060810e-8 1 1
0.00000000000000000e0 -3.48522112246348303e0 -3.48522710800170898e0 -3.48522448539733887e0 1.18215879751915054e-7 5.16573592790336988e-8 1 1
0.00000000000000000e0 -3.47675230087579479e0 -3.47675871849060059e0 -3.47675585746765137e0 1.29143401750297926e-7 4.71870116314221377e-8 1 1
0.00000000000000000e0 -3.46828597653042658e0 -3.46829247474670410e0 -3.46828937530517578e0 1.38084089940093691e-7 3.97364310344983096e-8 1 1
0.00000000000000000e0 -3.45982222815440732e0 -3.45982909202575684e0 -3.45982623100280762e0 4.96705361285876279e-8 3.42726700353068736e-8 1 1
0.00000000000000000e0 -3.45136113391052790e0 -3.45136833190917969e0 -3.45136523246765137e0 4.47034835815429688e-8 1.78813941431599233e-8 1 1
0.00000000000000000e0 -3.44290277139936052e0 -3.44291067123413086e0 -3.44290709495544434e0 5.06639494801675028e-8 4.96705361285876279e-8 1 1
0.00000000000000000e0 -3.43444721766346728e0 -3.43445563316345215e0 -3.43445181846618652e0 7.15255765726396930e-8 4.47034835815429688e-8 1 1
0.00000000000000000e0 -3.42599454919039204e0 -3.42600297927856445e0 -3.42599916458129883e0 7.35123961703720852e-8 3.92397261350652116e-8 1 1
0.00000000000000000e0 -3.41754484191571661e0 -3.41755270957946777e0 -3.41754961013793945e0 6.95387498694799433e-8 6.25848741719892132e-8 1 1
0.00000000000000000e0 -3.40909817122549663e0 -3.40910577774047852e0 -3.40910315513610840e0 1.39077499738959887e-7 4.96705361285876279e-8 1 1
0.00000000000000000e0 -3.40065461196126728e0 -3.40066289901733398e0 -3.40065908432006836e0 1.58449012133132783e-7 2.98023223876953125e-8 1 1
0.00000000000000000e0 -3.39221423842262304e0 -3.39222192764282227e0 -3.39221882820129395e0 1.13248823652156716e-7 3.97364310344983096e-8 1 1
0.00000000000000000e0 -3.38377712436914679e0 -3.38378381729125977e0 -3.38378143310546875e0 1.39077499738959887e-7 2.68220894383830455e-8 1 1
0.00000000000000000e0 -3.37534334302503769e0 -3.37534904479980469e0 -3.37534785270690918e0 8.64267377664873493e-8 3.97364310344983096e-8 1 1
0.00000000000000000e0 -3.36691296708114685e0 -3.36691904067993164e0 -3.36691713333129883e0 5.21540641784667969e-8 3.37759651358737756e-8 1 1
0.00000000000000000e0 -3.35848606869893596e0 -3.35849213600158691e0 -3.35848999023437500e0 6.95387498694799433e-8 3.97364310344983096e-8 1 1
0.00000000000000000e0 -3.35006271951328172e0 -3.35006809234619141e0 -3.35006713867187500e0 4.96705361285876279e-8 2.78155010136060810e-8 1 1
0.00000000000000000e0 -3.34164299063461456e0 -3.34164881706237793e0 -3.34164738655090332e0 1.49011611938476562e-7 2.98023223876953125e-8 1 1
0.00000000000000000e0 -3.33322695265370328e0 -3.33323192596435547e0 -3.33323121070861816e0 8.54333208621937956e-8 4.76837165308552358e-8 1 1
0.00000000000000000e0 -3.32481467564280253e0 -3.32482028007507324e0 -3.32481932640075684e0 8.94069671630859375e-8 2.08616253161153509e-8 1 1
0.00000000000000000e0 -3.31640622916085803e0 -3.31641101837158203e0 -3.31641077995300293e0 5.76178216249445541e-8 3.47693749347399716e-8 1 1
0.00000000000000000e0 -3.30800168225495117e0 -3.30800604820251465e0 -3.30800628662109375e0 8.94069671630859375e-8 3.97364310344983096e-8 1 1
0.00000000000000000e0 -3.29960110346270374e0 -3.29960465431213379e0 -3.29960536956787109e0 1.17222469953048858e-7 3.07957321865615086e-8 1 1
0.00000000000000000e0 -3.29120456081685830e0 -3.29120874404907227e0 -3.29120922088623047e0 6.15914643731230171e-8 2.98023223876953125e-8 1 1
0.00000000000000000e0 -3.28281212184737070e0 -3.28281593322753906e0 -3.28281664848327637e0 1.23182928746246034e-7 4.86771263297214318e-8 1 1
0.00000000000000000e0 -3.27442385358391519e0 -3.27442717552185059e0 -3.27442836761474609e0 9.93410722571752558e-8 2.98023223876953125e-8 1 1
0.00000000000000000e0 -3.26603982256048964e0 -3.26604366302490234e0 -3.26604437828063965e0 1.17222469953048858e-7 3.77496078840522387e-8 1 1
0.00000000000000000e0 -3.25766009481615670e0 -3.25766324996948242e0 -3.25766444206237793e0 1.49011611938476562e-7 6.75519302717475512e-8 1 1
0.00000000000000000e0 -3.24928473589969036e0 -3.24928641319274902e0 -3.24928903579711914e0 9.23871965596845257e-8 3.27825553370075795e-8 1 1
0.00000000000000000e0 -3.24091381087033081e0 -3.24091529846191406e0 -3.24091792106628418e0 1.13248823652156716e-7 4.76837165308552358e-8 1 1
0.00000000000000000e0 -3.23254738430288979e0 -3.23254942893981934e0 -3.23255133628845215e0 1.29143401750297926e-7 6.55651106740151590e-8 1 1
0.00000000000000000e0 -3.22418552028878036e0 -3.22418713569641113e0 -3.22418951988220215e0 7.94728620689966192e-8 4.81804214302883338e-8 1 1
0.00000000000000000e0 -3.21582828244050845e0 -3.21582984924316406e0 -3.21583223342895508e0 1.39077499738959887e-7 4.86771263297214318e-8 1 1
0.00000000000000000e0 -3.20747573389370855e0 -3.20747685432434082e0 -3.20748019218444824e0 1.68879822126655199e-7 5.16573592790336988e-8 1 1
0.00000000000000000e0 -3.19912793730889389e0 -3.19912934303283691e0 -3.19913268089294434e0 8.94069671630859375e-8 4.96705361285876279e-8 1 1
0.00000000000000000e0 -3.19078495487565483e0 -3.19078779220581055e0 -3.19078993797302246e0 2.18550368913383863e-8 2.98023223876953125e-8 1 1
0.00000000000000000e0 -3.18244684831434022e0 -3.18245029449462891e0 -3.18245148658752441e0 1.09275184456691932e-7 5.61277069266452600e-8 1 1
0.00000000000000000e0 -3.17411367887969131e0 -3.17411732673645020e0 -3.17411804199218750e0 6.95387498694799433e-8 2.38418582654276179e-8 1 1
0.00000000000000000e0 -3.16578550736304853e0 -3.16579031944274902e0 -3.16578960418701172e0 8.94069671630859375e-8 4.66903067319890397e-8 1 1
0.00000000000000000e0 -3.15746239409507323e0 -3.15746688842773438e0 -3.15746617317199707e0 7.05321596683461394e-8 3.97364310344983096e-8 1 1
0.00000000000000000e0 -3.14914439894833764e0 -3.14914894104003906e0 -3.14914822578430176e0 1.29143401750297926e-7 2.98023223876953125e-8 1 1
0.00000000000000000e0 -3.14083158133999074e0 -3.14083623886108398e0 -3.14083528518676758e0 1.09275184456691932e-7 4.22199555316637998e-8 1 1
0.00000000000000000e0 -3.13252400023517241e0 -3.13252973556518555e0 -3.13252782821655273e0 5.91079398759575270e-8 3.77496078840522387e-8 1 1
0.00000000000000000e0 -3.12422171414827421e0 -3.12422704696655273e0 -3.12422537803649902e0 5.96046447753906250e-8 2.98023223876953125e-8 1 1
0.00000000000000000e0 -3.11592478114668570e0 -3.11593031883239746e0 -3.11592841148376465e0 1.03314718558067398e-7 4.07298408333645057e-8 1 1
0.00000000000000000e0 -3.10763325885198283e0 -3.10763812065124512e0 -3.10763692855834961e0 6.85453400706137472e-8 4.47034835815429688e-8 1 1
0.00000000000000000e0 -3.09934720444512912e0 -3.09935259819030762e0 -3.09935092926025391e0 1.49011611938476562e-7 4.81804214302883338e-8 1 1
0.00000000000000000e0 -3.09106667466601781e0 -3.09107184410095215e0 -3.09107041358947754e0 3.57627882863198465e-8 3.27825553370075795e-8 1 1
0.00000000000000000e0 -3.08279172581810190e0 -3.08279776573181152e0 -3.08279538154602051e0 1.09275184456691932e-7 2.48352680642938139e-8 1 1
0.00000000000000000e0 -3.07452241376971402e0 -3.07452821731567383e0 -3.07452630996704102e0 1.09275184456691932e-7 4.17232506322307017e-8 1 1
0.00000000000000000e0 -3.06625879395738243e0 -3.06626439094543457e0 -3.06626296043395996e0 8.99036720625190355e-8 3.37759651358737756e-8 1 1
0.00000000000000000e0 -3.05800092138806923e0 -3.05800652503967285e0 -3.05800557136535645e0 9.73542526594428637e-8 3.97364310344983096e-8 1 1
0.00000000000000000e0 -3.04974885064119050e0 -3.04975485801696777e0 -3.04975318908691406e0 6.95387498694799433e-8 5.16573592790336988e-8 1 1
0.00000000000000000e0 -3.04150263587243108e0 -3.04150795936584473e0 -3.04150629043579102e0 1.19706001555641706e-7 3.97364310344983096e-8 1 1
0.00000000000000000e0 -3.03326233081460028e0 -3.03326678276062012e0 -3.03326630592346191e0 9.93410722571752558e-8 3.02990272871284105e-8 1 1
0.00000000000000000e0 -3.02502798878072943e0 -3.02503299713134766e0 -3.02503180503845215e0 7.94728620689966192e-8 7.94728638453534586e-9 1 1
0.00000000000000000e0 -3.01679966266675281e0 -3.01680445671081543e0 -3.01680350303649902e0 4.86771263297214318e-8 4.76837165308552358e-8 1 1
0.00000000000000000e0 -3.00857740495445247e0 -3.00858259201049805e0 -3.00858139991760254e0 7.94728620689966192e-8 4.17232506322307017e-8 1 1
0.00000000000000000e0 -3.00036126771195066e0 -3.00036668777465820e0 -3.00036549568176270e0 1.58945724137993238e-7 3.47693749347399716e-8 1 1
0.00000000000000000e0 -2.99215130259757389e0 -2.99215626716613770e0 -2.99215531349182129e0 1.13248823652156716e-7 3.97364310344983096e-8 1 1
0.00000000000000000e0 -2.98394756086235269e0 -2.98395252227783203e0 -2.98395133018493652e0 7.94728620689966192e-8 3.97364310344983096e-8 1 1
0.00000000000000000e0 -2.97575009335187435e0 -2.97575521469116211e0 -2.97575378417968750e0 2.38418582654276179e-8 4.47034835815429688e-8 1 1
0.00000000000000000e0 -2.96755895050852470e0 -2.96756362915039062e0 -2.96756267547607422e0 4.91738312291545299e-8 7.84794522701304231e-8 1 1
0.00000000000000000e0 -2.95937418237420014e0 -2.95937824249267578e0 -2.95937824249267578e0 4.91738312291545299e-8 3.57627882863198465e-8 1 1
0.00000000000000000e0 -2.95119583859256895e0 -2.95119953155517578e0 -2.95119953155517578e0 1.29143401750297926e-7 4.56968933804091648e-8 1 1
0.00000000000000000e0 -2.94302396841143032e0 -2.94302654266357422e0 -2.94302773475646973e0 3.57627882863198465e-8 2.78155010136060810e-8 1 1
0.00000000000000000e0 -2.93485862068409809e0 -2.93486118316650391e0 -2.93486189842224121e0 1.26659870147705078e-7 3.97364310344983096e-8 1 1
0.00000000000000000e0 -2.92669984387322080e0 -2.92670154571533203e0 -2.92670345306396484e0 1.09275184456691932e-7 3.97364310344983096e-8 1 1
0.00000000000000000e0 -2.91854768605210557e0 -2.91854882240295410e0 -2.91855120658874512e0 1.00334482056041452e-7 3.67561980851860426e-8 1 1
0.00000000000000000e0 -2.91040219490654728e0 -2.91040301322937012e0 -2.91040563583374023e0 7.94728620689966192e-8 4.32133688832436746e-8 1 1
0.00000000000000000e0 -2.90226341773834395e0 -2.90226364135742188e0 -2.90226674079895020e0 7.35123961703720852e-8 6.05980545742568211e-8 1 1
0.00000000000000000e0 -2.89413140146698789e0 -2.89413213729858398e0 -2.89413475990295410e0 1.63416061127463763e-7 5.71211167255114560e-8 1 1
0.00000000000000000e0 -2.88600619263111691e0 -2.88600683212280273e0 -2.88600945472717285e0 8.14596816667290113e-8 2.08616253161153509e-8 1 1
0.00000000000000000e0 -2.87788783739178022e0 -2.87788844108581543e0 -2.87789106369018555e0 9.13937867608183296e-8 3.32792602364406775e-8 1 1
0.00000000000000000e0 -2.86977638153392745e0 -2.86977744102478027e0 -2.86977958679199219e0 4.96705361285876279e-8 3.52660798341730697e-8 1 1
0.00000000000000000e0 -2.86167187046927163e0 -2.86167287826538086e0 -2.86167478561401367e0 5.46375922283459659e-8 4.22199555316637998e-8 1 1
0.00000000000000000e0 -2.85357434923780273e0 -2.85357546806335449e0 -2.85357713699340820e0 3.27825553370075795e-8 2.98023223876953125e-8 1 1
0.00000000000000000e0 -2.84548386251013641e0 -2.84548568725585938e0 -2.84548664093017578e0 1.03811423457500496e-7 4.96705361285876279e-8 1 1
0.00000000000000000e0 -2.83740045458967005e0 -2.83740162849426270e0 -2.83740353584289551e0 1.29143401750297926e-7 2.98023223876953125e-8 1 1
0.00000000000000000e0 -2.82932416941484322e0 -2.82932496070861816e0 -2.82932758331298828e0 1.73846885331840895e-7 3.97364310344983096e-8 1 1
0.00000000000000000e0 -2.82125505056088999e0 -2.82125616073608398e0 -2.82125854492187500e0 9.73542526594428637e-8 2.98023223876953125e-8 1 1
0.00000000000000000e0 -2.81319314124259412e0 -2.81319475173950195e0 -2.81319737434387207e0 4.76837165308552358e-8 3.37759651358737756e-8 1 1
0.00000000000000000e0 -2.80513848431622304e0 -2.80514025688171387e0 -2.80514311790466309e0 7.25189863715058891e-8 4.96705361285876279e-8 1 1
0.00000000000000000e0 -2.79709112228079659e0 -2.79709243774414062e0 -2.79709553718566895e0 6.80486351711806492e-8 7.20222814720727911e-8 1 1
0.00000000000000000e0 -2.78905109728156431e0 -2.78905177116394043e0 -2.78905558586120605e0 6.95387498694799433e-8 4.07298408333645057e-8 1 1
0.00000000000000000e0 -2.78101845110978196e0 -2.78101849555969238e0 -2.78102278709411621e0 9.53674330617104715e-8 4.71870116314221377e-8 1 1
0.00000000000000000e0 -2.77299322520756952e0 -2.77299308776855469e0 -2.77299737930297852e0 7.15255765726396930e-8 4.12265457327976037e-8 1 1
0.00000000000000000e0 -2.76497546066854882e0 -2.76497530937194824e0 -2.76497960090637207e0 1.39077505068030405e-8 3.97364310344983096e-8 1 1
0.00000000000000000e0 -2.75696519823957109e0 -2.75696468353271484e0 -2.75696945190429688e0 4.66903067319890397e-8 3.37759651358737756e-8 1 1
0.00000000000000000e0 -2.74896247832248575e0 -2.74896168708801270e0 -2.74896645545959473e0 1.11262004054424324e-7 4.96705361285876279e-8 1 1
0.00000000000000000e0 -2.74096734097784367e0 -2.74096655845642090e0 -2.74097132682800293e0 1.13248823652156716e-7 3.07957321865615086e-8 1 1
0.00000000000000000e0 -2.73297982592513744e0 -2.73297929763793945e0 -2.73298406600952148e0 7.84794522701304231e-8 4.96705361285876279e-8 1 1
0.00000000000000000e0 -2.72499997254541126e0 -2.72499918937683105e0 -2.72500419616699219e0 4.96705361285876279e-8 3.07957321865615086e-8 1 1
0.00000000000000000e0 -2.71702781988382780e0 -2.71702766418457031e0 -2.71703219413757324e0 8.94069671630859375e-8 3.97364310344983096e-8 1 1
0.00000000000000000e0 -2.70906340665046974e0 -2.70906305313110352e0 -2.70906710624694824e0 6.95387498694799433e-8 4.96705361285876279e-8 1 1
0.00000000000000000e0 -2.70110677122278275e0 -2.70110630989074707e0 -2.70111107826232910e0 7.94728620689966192e-8 2.98023223876953125e-8 1 1
0.00000000000000000e0 -2.69315795164810456e0 -2.69315695762634277e0 -2.69316196441650391e0 4.02331359339314076e-8 4.96705361285876279e-8 1 1
0.00000000000000000e0 -2.68521698564480849e0 -2.68521547317504883e0 -2.68522191047668457e0 8.94069671630859375e-8 6.75519302717475512e-8 1 1
0.00000000000000000e0 -2.67728391060385107e0 -2.67728281021118164e0 -2.67728805541992188e0 1.00831194060901908e-7 3.12924370859946066e-8 1 1
0.00000000000000000e0 -2.66935876359202995e0 -2.66935706138610840e0 -2.66936302185058594e0 9.18904916602514277e-8 6.45717008751489630e-8 1 1
0.00000000000000000e0 -2.66144158135345688e0 -2.66143989562988281e0 -2.66144561767578125e0 7.94728620689966192e-8 3.12924370859946066e-8 1 1
0.00000000000000000e0 -2.65353240031037396e0 -2.65353107452392578e0 -2.65353655815124512e0 2.98023223876953125e-8 5.01672410280207259e-8 1 1
0.00000000000000000e0 -2.64563125656597098e0 -2.64563059806823730e0 -2.64563536643981934e0 5.96046447753906250e-8 3.97364310344983096e-8 1 1
0.00000000000000000e0 -2.63773818590615061e0 -2.63773703575134277e0 -2.63774251937866211e0 1.37587392146087950e-7 3.47693749347399716e-8 1 1
0.00000000000000000e0 -2.62985322380100195e0 -2.62985253334045410e0 -2.62985801696777344e0 8.94069671630859375e-8 4.96705361285876279e-8 1 1
0.00000000000000000e0 -2.62197640540725940e0 -2.62197589874267578e0 -2.62198114395141602e0 1.49011611938476562e-7 4.32133688832436746e-8 1 1
0.00000000000000000e0 -2.61410776556976243e0 -2.61410689353942871e0 -2.61411309242248535e0 4.96705361285876279e-8 4.96705361285876279e-8 1 1
0.00000000000000000e0 -2.60624733882273496e0 -2.60624694824218750e0 -2.60625243186950684e0 1.09275184456691932e-7 4.96705361285876279e-8 1 1
0.00000000000000000e0 -2.59839515939285004e0 -2.59839415550231934e0 -2.59840035438537598e0 5.26507690778998949e-8 4.66903067319890397e-8 1 1
0.00000000000000000e0 -2.59055126119991952e0 -2.59055018424987793e0 -2.59055662155151367e0 1.49508323943337018e-7 4.96705361285876279e-8 1 1
0.00000000000000000e0 -2.58271567785947997e0 -2.58271479606628418e0 -2.58272051811218262e0 7.15255765726396930e-8 4.37100737826767727e-8 1 1
