# input reference p6 p7 residual6 residual7 iterations6 iterations7
1.18227764964103699e-1 -6.48894807275168084e0 -6.48894834518432617e0 -6.48894786834716797e0 6.43730174942902522e-7 2.86102306290558772e-7 7 7
1.84635341167449951e-1 -1.82094832989237361e1 -1.82094821929931641e1 -1.82094841003417969e1 7.94728578057402046e-7 3.41733283448775182e-7 12 12
-2.47878983616828918e-1 -1.16693843982804228e1 -1.16693916320800781e1 -1.16693916320800781e1 2.42392229665711056e-6 2.58286786447570194e-6 11 11
-1.47558361291885376e-1 1.01250975838804997e1 1.01251144409179688e1 1.01251096725463867e1 9.37779759624390863e-7 5.40415442173980409e-7 7 7
2.52718143165111542e-2 2.09961265862932329e1 2.09961299896240234e1 2.09961299896240234e1 1.74840295130707091e-7 1.07684172689914703e-7 13 13
1.84759169816970825e-1 1.01605002878981221e1 1.01605148315429688e1 1.01605110168457031e1 8.34465026855468750e-7 1.43051153145279386e-7 8 8
-1.12618520855903625e-1 -3.98247377834541938e0 -3.98247432708740234e0 -3.98247241973876953e0 4.64916240616730647e-7 1.03314718558067398e-7 12 12
-2.21905708312988281e-1 5.24389300630880495e0 5.24389266967773438e0 5.24389171600341797e0 1.46230058817309327e-6 4.29153431014128728e-7 9 9
8.24661739170551300e-3 1.57451073218526219e1 1.57451143264770508e1 1.57451124191284180e1 3.09944152832031250e-6 2.98023223876953125e-6 16 16
-1.80376976728439331e-1 2.09948336712700296e1 2.09948387145996094e1 2.09948387145996094e1 9.05990589217253728e-7 7.94728578057402046e-7 5 5
1.25225573778152466e-1 1.66366636527605429e1 1.66366500854492188e1 1.66366519927978516e1 5.56309998955839546e-7 1.25169748343978426e-7 17 17
2.11188882589340210e-1 -7.93223397810010589e0 -7.93222808837890625e0 -7.93222808837890625e0 1.03314721400238341e-6 7.47044907711824635e-7 7 7
-2.04654902219772339e-1 -1.72347083579791551e1 -1.72347068786621094e1 -1.72347087860107422e1 1.58945715611480409e-6 1.50998437220550841e-6 14 14
-8.15331712365150452e-2 -5.62246610013095260e0 -5.62245988845825195e0 -5.62246084213256836e0 1.08083088434796082e-6 4.21206152623199159e-7 8 8
1.17537960410118103e-1 1.35409916349649695e0 1.35410094261169434e0 1.35409772396087646e0 8.34465012644614035e-8 3.77496078840522387e-8 9 9
-9.57701914012432098e-3 -2.31708294942875659e0 -2.31708192825317383e0 -2.31708478927612305e0 5.56309998955839546e-7 1.90734866123420943e-7 5 5
-6.95564523339271545e-2 -3.32977661101074673e0 -3.32978272438049316e0 -3.32978510856628418e0 1.49011611938476562e-7 2.98023223876953125e-8 5 5
1.63437753915786743e-1 -9.57115835472047394e0 -9.57116603851318359e0 -9.57116889953613281e0 2.54313164305131068e-7 2.70207721086990205e-7 9 9
-1.58698633313179016e-1 -8.01723142813797196e0 -8.01723575592041016e0 -8.01723766326904297e0 6.95387498694799433e-8 1.98682144514350512e-7 12 12
-2.34270438551902771e-1 9.26247858981846406e0 9.26247692108154297e0 9.26247692108154297e0 1.49408981542364927e-6 3.33786005057845614e-7 11 11
1.07971005141735077e-1 1.70886011542982317e1 1.70886039733886719e1 1.70886001586914062e1 2.38418579101562500e-7 5.32468163783050841e-7 16 16
5.22671118378639221e-2 6.99155714383891436e0 6.99155998229980469e0 6.99154806137084961e0 3.05970502267882694e-7 1.98682155172491548e-8 10 14
3.52725498378276825e-2 -7.48241862660081569e0 -7.48241615295410156e0 -7.48242855072021484e0 6.43730174942902522e-7 4.29153431014128728e-7 5 5
1.59440353512763977e-1 -2.00829727648570397e1 -2.00829734802246094e1 -2.00829772949218750e1 5.56309998955839546e-7 3.81469732246841886e-7 10 10
6.49075508117675781e-2 -2.09990294864847051e1 -2.09990310668945312e1 -2.09990310668945312e1 6.51677453333832091e-7 3.49680590261414181e-7 8 8
-1.46376788616180420e-1 -2.09977759301211400e1 -2.09977798461914062e1 -2.09977798461914062e1 1.47024792340744170e-7 7.15255765726396930e-8 15 13
-2.08556458353996277e-1 8.07694413047168425e0 8.07693672180175781e0 8.07694911956787109e0 6.67572010115691228e-7 8.58306862028257456e-7 11 11
1.89656212925910950e-1 1.75130556358291081e1 1.75130538940429688e1 1.75130653381347656e1 1.58945715611480409e-6 1.82787573521636659e-6 15 15
1.31474003195762634e-1 2.30490865569596481e0 2.30490112304687500e0 2.30490159988403320e0 5.56309998955839546e-7 1.93540472537279129e-7 7 7
-1.24547637999057770e-1 -7.17856552722332708e0 -7.17857074737548828e0 -7.17857027053833008e0 3.85443371442306670e-7 1.66893002528922807e-7 9 9
-3.46495434641838074e-2 -1.52623984361751441e0 -1.52624261379241943e0 -1.52624487876892090e0 7.54992186102754204e-7 8.74201475653535454e-8 5 5
8.86370316147804260e-2 1.77220910851611557e0 1.77220547199249268e0 1.77220523357391357e0 5.61277069266452600e-8 1.98682155172491548e-8 5 5
1.67075514793395996e-1 -7.80068752395134446e0 -7.80068874359130859e0 -7.80068922042846680e0 1.07288360595703125e-6 3.25838726666916045e-7 7 7
-8.37922189384698868e-3 -1.49580455263978536e1 -1.49580516815185547e1 -1.49580535888671875e1 9.13937867608183296e-7 3.99450073018670082e-7 14 14
1.94292455911636353e-1 -2.00190952111146174e1 -2.00191097259521484e1 -2.00191097259521484e1 7.94728578057402046e-7 8.42412305246398319e-7 9 9
-2.25976407527923584e-1 -7.94928706807909879e0 -7.94929075241088867e0 -7.94929504394531250e0 6.67572010115691228e-7 2.62260442696060636e-7 12 12
2.33061611652374268e-1 -2.69810589427561309e0 -2.69811415672302246e0 -2.69811177253723145e0 4.13258874232269591e-7 3.07957321865615086e-8 10 10
-2.83034518361091614e-3 -4.44952126335593245e0 -4.44952583312988281e0 -4.44952011108398438e0 7.54992157681044773e-8 7.94728620689966192e-8 5 5
-6.24765381217002869e-2 -8.36586583076273538e-1 -8.36583316326141357e-1 -8.36582481861114502e-1 3.39746463851042790e-7 8.34465012644614035e-8 15 13
-1.44295901060104370e-1 1.29888777142551426e1 1.29888849258422852e1 1.29888830184936523e1 6.19888282926694956e-7 1.90734866123420943e-7 13 13
-2.11349371820688248e-2 2.09983263332729564e1 2.09983272552490234e1 2.09983272552490234e1 8.34465026855468750e-7 4.60942572999556432e-7 5 5
-1.25038921833038330e-2 2.09989922922106089e1 2.09989929199218750e1 2.09989929199218750e1 5.96046447753906250e-7 1.58945724137993238e-7 8 8
7.74789005517959595e-2 1.55970587586356277e1 1.55970668792724609e1 1.55970754623413086e1 2.38418579101562500e-7 4.37100737826767727e-7 14 14
1.86137616634368896e-1 -8.82021401059078514e0 -8.82021713256835938e0 -8.82021617889404297e0 1.17619833872595336e-6 1.06493632756610168e-6 7 7
-1.56917765736579895e-1 -1.40766219767182115e1 -1.40766239166259766e1 -1.40766258239746094e1 4.86771284613496391e-7 2.38418579101562500e-7 13 13
8.17723572254180908e-2 -1.08239740559048894e1 -1.08239822387695312e1 -1.08239917755126953e1 1.15235650355316466e-6 7.94728578057402046e-7 10 10
2.46100217103958130e-1 -1.65050626919688739e1 -1.65050716400146484e1 -1.65050830841064453e1 9.53674316406250000e-7 1.03314721400238341e-6 14 14
8.69471356272697449e-2 -2.09985225883337741e1 -2.09985256195068359e1 -2.09985256195068359e1 1.14440922516223509e-6 3.49680590261414181e-7 6 6
-2.03942671418190002e-1 -1.39326154722514044e1 -1.39326295852661133e1 -1.39326400756835938e1 7.78834055381594226e-6 7.74860382080078125e-6 16 16
-6.40843212604522705e-2 1.10000745595199039e1 1.10001001358032227e1 1.10001029968261719e1 5.16573607001191704e-7 7.15255737304687500e-7 7 7
1.65319472551345825e-1 1.61130962201141301e1 1.61130924224853516e1 1.61130981445312500e1 2.70207721086990205e-7 2.38418579101562500e-7 14 14
9.59454383701086044e-3 6.54928233704007656e0 6.54928255081176758e0 6.54928636550903320e0 5.76178251776582329e-7 9.13937867608183296e-8 8 8
-2.44670417159795761e-2 -8.76918572626525616e-1 -8.76916706562042236e-1 -8.76914560794830322e-1 1.15235643249889108e-7 2.78155010136060810e-8 5 5
1.15421697497367859e-1 -6.94508624364742300e0 -6.94508409500122070e0 -6.94508218765258789e0 5.64257277346769115e-7 1.50998431536208955e-7 6 6
-8.42334032058715820e-2 -5.21647457789706337e0 -5.21647167205810547e0 -5.21647167205810547e0 7.94728620689966192e-8 7.94728620689966192e-8 13 13
1.29502853378653526e-2 2.15888454512579520e0 2.15888667106628418e0 2.15888667106628418e0 1.19209289550781250e-7 2.78154999477919773e-7 5 5
1.91929772496223450e-1 -3.18562841439746114e0 -3.18562769889831543e0 -3.18562674522399902e0 6.19888282926694956e-7 1.50998431536208955e-7 6 6
2.33733672648668289e-2 -1.10813048507526037e1 -1.10813121795654297e1 -1.10813112258911133e1 1.54972076416015625e-6 9.13937867608183296e-7 4 4
1.72761872410774231e-1 -1.78328347988790803e1 -1.78328323364257812e1 -1.78328380584716797e1 6.03993726144835819e-7 7.94728578057402046e-7 9 9
6.55699297785758972e-2 -1.95875980602939634e1 -1.95876159667968750e1 -1.95876102447509766e1 2.38418579101562500e-6 2.46365857492492069e-6 15 15
-9.51826572418212891e-2 -9.29981628074803623e0 -9.29981899261474609e0 -9.29981613159179688e0 1.03314718558067398e-7 1.82787573521636659e-7 7 7
2.03938335180282593e-1 -5.22951714446028948e0 -5.22952890396118164e0 -5.22952508926391602e0 2.30471286499778216e-7 7.15255765726396930e-8 11 11
7.36559629440307617e-2 -7.84759887924375921e0 -7.84760236740112305e0 -7.84759998321533203e0 2.06629437116134795e-7 3.73522453855912318e-7 4 4
-1.94509670138359070e-1 4.00443805132171970e0 4.00444078445434570e0 4.00446462631225586e0 4.45048016217697295e-7 2.06629437116134795e-7 8 10
-1.02860964834690094e-1 2.09741851943687223e1 2.09741878509521484e1 2.09741897583007812e1 2.54313164305131068e-7 9.69568873188109137e-7 11 11
-3.33329997956752777e-2 2.09991739723515707e1 2.09991741180419922e1 2.09991741180419922e1 2.86102306290558772e-7 2.22524008108848648e-7 10 10
5.58020919561386108e-3 2.09987989887310924e1 2.09987983703613281e1 2.09987983703613281e1 4.76837158203125000e-7 2.92493496090173721e-7 12 12
1.53577635064721107e-2 2.09987822578459955e1 2.09987983703613281e1 2.09987983703613281e1 6.35782896551972954e-7 6.35782896551972954e-7 10 10
-1.24673172831535339e-3 2.09987839695598240e1 2.09987983703613281e1 2.09987983703613281e1 5.56309998955839546e-7 5.56309998955839546e-7 8 8
-9.80960875749588013e-2 9.84621979396069769e0 9.84625720977783203e0 9.84629440307617188e0 4.52995294608626864e-7 3.01996863072417909e-7 7 7
2.27669507265090942e-1 -5.58850973062243650e0 -5.58851528167724609e0 -5.58852386474609375e0 6.03993726144835819e-7 1.19209289550781250e-7 5 5
1.95700705051422119e-1 -2.09974184309281675e1 -2.09974174499511719e1 -2.09974174499511719e1 1.89145407603064086e-6 6.67572010115691228e-7 10 10
-1.64146304130554199e-1 -2.09991470161691645e1 -2.09991474151611328e1 -2.09991474151611328e1 9.53674330617104715e-8 1.35103860543495102e-7 9 9
-1.73750780522823334e-2 -1.94900021299401054e1 -1.94901885986328125e1 -1.94902076721191406e1 3.09944141463347478e-7 4.45048016217697295e-7 8 8
-1.33179664611816406e-1 1.09756936491509638e1 1.09756641387939453e1 1.09756593704223633e1 9.37779759624390863e-7 1.11261999791167909e-6 6 6
2.44159504771232605e-1 8.43037363637174053e0 8.43037509918212891e0 8.43036937713623047e0 5.76178251776582329e-7 1.74840295130707091e-7 12 12
2.07830742001533508e-1 -1.21159299996857541e1 -1.21159486770629883e1 -1.21159448623657227e1 4.76837158203125000e-6 4.88758087158203125e-6 9 9
7.30126202106475830e-2 -2.09985667747869336e1 -2.09985675811767578e1 -2.09985675811767578e1 1.58945715611480409e-6 9.37779759624390863e-7 11 11
-4.89534512162208557e-2 -2.09990171887143049e1 -2.09990196228027344e1 -2.09990196228027344e1 1.72853475532974699e-7 2.78154999477919773e-7 10 10
-1.26514345407485962e-1 -2.09987845994079834e1 -2.09987850189208984e1 -2.09987850189208984e1 5.16573607001191704e-7 2.38418579101562500e-7 10 10
-1.81862890720367432e-1 1.86824132561693546e1 1.86824417114257812e1 1.86824321746826172e1 9.37779759624390863e-7 8.10623191682680044e-7 10 10
-2.10917443037033081e-1 2.09994139347842648e1 2.09994144439697266e1 2.09994144439697266e1 1.81198117843450746e-6 1.08083088434796082e-6 5 5
-2.30504855513572693e-1 2.09988789215621701e1 2.09988784790039062e1 2.09988784790039062e1 3.75111903849756345e-6 3.81469726562500000e-6 3 3
2.61231232434511185e-2 2.09987819341247466e1 2.09987831115722656e1 2.09987831115722656e1 1.43051147460937500e-6 1.90734866123420943e-7 8 8
2.10719674825668335e-1 2.09987836723221868e1 2.09987831115722656e1 2.09987831115722656e1 1.41461691782751586e-6 6.03993726144835819e-7 14 14
-2.18327239155769348e-1 2.09987841844612078e1 2.09987831115722656e1 2.09987831115722656e1 2.30471286499778216e-7 2.06629437116134795e-7 11 11
-2.68151275813579559e-2 2.09987841859551594e1 2.09987831115722656e1 2.09987831115722656e1 4.96705354180448921e-7 3.41733283448775182e-7 5 5
1.68184176087379456e-1 8.41842738913087985e0 8.41840934753417969e0 8.41836833953857422e0 2.30471286499778216e-7 2.22524008108848648e-7 8 8
-1.11419759690761566e-1 -1.58269272815859861e1 -1.58269290924072266e1 -1.58269329071044922e1 4.68889879812195431e-7 1.58945724137993238e-7 17 17
1.37108981609344482e-1 -1.92032649979871906e1 -1.92032642364501953e1 -1.92032699584960938e1 5.48362720564909978e-7 2.38418579101562500e-7 12 12
-4.44701313972473145e-2 -1.78167879548559789e1 -1.78167953491210938e1 -1.78167953491210938e1 5.96046447753906250e-7 2.38418579101562500e-7 13 13
-2.93677784502506256e-2 -1.12058031769245812e1 -1.12058143615722656e1 -1.12058153152465820e1 1.50998437220550841e-6 1.15235650355316466e-6 8 8
2.16027751564979553e-1 -1.38860785413413605e1 -1.38860797882080078e1 -1.38860807418823242e1 1.27156579310394591e-6 3.97364289028701023e-7 11 11
2.15858310461044312e-1 -2.09981147185380195e1 -2.09981136322021484e1 -2.09981136322021484e1 8.58306862028257456e-7 4.45048016217697295e-7 6 6
1.76711007952690125e-1 -2.09989642750564727e1 -2.09989662170410156e1 -2.09989662170410156e1 2.54313164305131068e-7 1.09672544112981996e-6 4 4
1.04841999709606171e-2 -2.09987904378629011e1 -2.09987907409667969e1 -2.09987907409667969e1 6.39756535747437738e-7 5.16573607001191704e-7 9 9
-1.68815568089485168e-1 -2.09987833808539577e1 -2.09987907409667969e1 -2.09987907409667969e1 3.33786005057845614e-7 3.17891448275986477e-7 13 13
-1.25516533851623535e-1 -2.09987841393723222e1 -2.09987907409667969e1 -2.09987907409667969e1 2.27292389354261104e-6 1.09672544112981996e-6 7 7
2.20957413315773010e-1 -2.09987448978135021e1 -2.09987468719482422e1 -2.09987468719482422e1 2.41398822709015803e-7 1.62919363333458023e-7 13 13
2.49845027923583984e-1 -2.00753426553365077e0 -2.00754380226135254e0 -2.00754165649414062e0 1.23977656585338991e-6 4.29153431014128728e-7 6 6
-7.96917900443077087e-2 -1.08065492602279356e1 -1.08065490722656250e1 -1.08065481185913086e1 9.61621594797179569e-7 7.15255737304687500e-7 10 10
1.41210481524467468e-1 -1.51688389363222367e1 -1.51688337326049805e1 -1.51688356399536133e1 2.06629437116134795e-7 2.78154999477919773e-7 11 11
8.00563255324959755e-4 -1.14636286162883909e1 -1.14636344909667969e1 -1.14636354446411133e1 1.90734863281250000e-6 1.78813934326171875e-6 9 9
1.75586551427841187e-1 -1.09182384509926589e1 -1.09182338714599609e1 -1.09182367324829102e1 6.75519288506620796e-7 8.74201475653535454e-7 5 5
-1.69505760073661804e-1 -6.49549496529155113e-2 -6.49520978331565857e-2 -6.49512112140655518e-2 4.45048016217697295e-7 7.54992157681044773e-8 5 5
4.04220595955848694e-2 1.24802356618427623e1 1.24802532196044922e1 1.24802560806274414e1 8.14596842246828601e-6 7.86781311035156250e-6 5 5
1.47363662719726562e-1 9.65309502195292346e0 9.65306758880615234e0 9.65307331085205078e0 1.74840295130707091e-7 7.15255765726396930e-8 12 12
1.07483521103858948e-1 -2.77906637341060936e0 -2.77907752990722656e0 -2.77907371520996094e0 6.03993726144835819e-7 4.05998434871435165e-7 9 9
1.22317641973495483e-1 -1.34407098210890137e1 -1.34407224655151367e1 -1.34407205581665039e1 1.62919363333458023e-7 1.06493632756610168e-6 8 8
-1.13610707223415375e-1 -9.24073827300138895e0 -9.24075412750244141e0 -9.24075317382812500e0 1.39077499738959887e-7 5.96046447753906250e-8 12 12
-2.49251469969749451e-1 1.36902721665518285e1 1.36902647018432617e1 1.36902627944946289e1 4.92731714984984137e-7 6.35782896551972954e-7 11 11
-1.92380905151367188e-1 2.09987808178946906e1 2.09987831115722656e1 2.09987831115722656e1 5.88099146625609137e-6 5.78562412556493655e-6 7 7
-2.11019739508628845e-1 2.09989835986459603e1 2.09989833831787109e1 2.09989833831787109e1 4.54584778708522208e-6 4.64121512777637690e-6 3 3
-8.44588037580251694e-3 2.09987883135285642e1 2.09987888336181641e1 2.09987888336181641e1 7.31150294086546637e-7 3.33786005057845614e-7 9 9
2.39582777023315430e-1 2.09987832308140909e1 2.09987888336181641e1 2.09987888336181641e1 5.56309998955839546e-7 4.60942572999556432e-7 14 13
1.48872420191764832e-1 2.09987841450634427e1 2.09987888336181641e1 2.09987888336181641e1 1.63714094014721923e-6 6.03993726144835819e-7 6 6
-6.47617690265178680e-3 2.09987841617818773e1 2.09987888336181641e1 2.09987888336181641e1 6.43730174942902522e-7 9.05990589217253728e-7 8 8
-1.40324905514717102e-1 -1.24181356726474483e1 -1.24181566238403320e1 -1.24181556701660156e1 7.78834055381594226e-6 7.43071223041624762e-6 12 12
-1.86210408806800842e-1 3.61599425696634968e0 3.61601638793945312e0 3.61601519584655762e0 4.29153431014128728e-7 5.08626328610262135e-7 7 7
2.25300714373588562e-1 1.11626853482054464e1 1.11626882553100586e1 1.11626911163330078e1 1.43051147460937500e-6 1.23182928746246034e-6 12 12
-1.99328064918518066e-1 1.16361742341887684e1 1.16361799240112305e1 1.16361808776855469e1 2.38418579101562500e-6 2.30471300710632931e-6 6 6
5.91489188373088837e-2 9.08518312750183377e0 9.08518218994140625e0 9.08518409729003906e0 2.52326316285689245e-7 1.15235643249889108e-7 10 10
-3.03574334830045700e-2 5.89221309966174633e0 5.89221858978271484e0 5.89221954345703125e0 1.39077499738959887e-7 3.97364310344983096e-8 5 5
-8.77716541290283203e-2 6.65605779868399772e0 6.65606307983398438e0 6.65606355667114258e0 1.98682144514350512e-7 2.46365857492492069e-7 7 7
4.86353691667318344e-3 6.99722148003531963e0 6.99723052978515625e0 6.99723005294799805e0 2.34444939906097716e-7 7.94728620689966192e-8 11 11
9.68202129006385803e-2 -2.67318836652108560e0 -2.67318987846374512e0 -2.67319488525390625e0 5.88099169362976681e-7 2.70207721086990205e-7 7 8
-2.18831568956375122e-1 -3.79763992168702658e-1 -3.79769176244735718e-1 -3.79774630069732666e-1 4.76837158203125000e-7 2.54313164305131068e-7 5 5
8.85547697544097900e-3 6.02957554100271231e0 6.02957153320312500e0 6.02957057952880859e0 1.39077499738959887e-7 4.29153431014128728e-7 5 5
-2.18959689140319824e-1 1.48128958936653579e1 1.48128957748413086e1 1.48128938674926758e1 5.56309998955839546e-7 1.22388200907153077e-6 9 9
2.37592175602912903e-1 6.23380786763002437e0 6.23380994796752930e0 6.23381376266479492e0 3.37759644253310398e-7 4.37100737826767727e-8 11 11
2.26959705352783203e-1 -1.82938305718033440e1 -1.82938404083251953e1 -1.82938365936279297e1 1.38282780426379759e-6 9.38598532229661942e-7 12 12
2.21198782324790955e-1 -2.09991541231155843e1 -2.09991531372070312e1 -2.09991531372070312e1 9.05990589217253728e-7 1.11261999791167909e-6 9 9
9.75036248564720154e-3 -2.09988749297182729e1 -2.09988765716552734e1 -2.09988765716552734e1 1.00135798675182741e-6 3.49680590261414181e-7 9 9
-1.59849599003791809e-1 -2.09987839014319704e1 -2.09987831115722656e1 -2.09987831115722656e1 4.64916240616730647e-7 2.70207721086990205e-7 12 12
-2.35398989170789719e-2 -2.09987837310317893e1 -2.09987831115722656e1 -2.09987831115722656e1 1.27156579310394591e-6 3.63797880709171295e-7 5 5
-1.31823405623435974e-1 -1.27492815805122817e1 -1.27492151260375977e1 -1.27492847442626953e1 5.40415442173980409e-7 2.78154999477919773e-7 6 6
-2.46869057416915894e-1 2.09906215986786115e1 2.09906215667724609e1 2.09906215667724609e1 2.30471300710632931e-6 7.31150294086546637e-7 7 7
-9.58873778581619263e-2 2.09994362644137702e1 2.09994373321533203e1 2.09994373321533203e1 1.52587892898736754e-6 5.56309998955839546e-7 10 10
1.74785122275352478e-1 2.09988139776629303e1 2.09988136291503906e1 2.09988136291503906e1 3.05970502267882694e-7 1.19209289550781250e-7 12 12
-1.81348815560340881e-1 2.09987804180222284e1 2.09987812042236328e1 2.09987812042236328e1 2.34444939906097716e-7 2.14576715507064364e-7 12 12
-1.66675001382827759e-2 2.09987799774255741e1 2.09987812042236328e1 2.09987812042236328e1 3.93390649833236239e-7 1.74840295130707091e-7 5 5
1.48916527628898621e-1 -5.40219684898962438e0 -5.40220069885253906e0 -5.40219783782958984e0 8.58306862028257456e-7 1.19209289550781250e-7 8 8
-1.09859764575958252e-1 -1.53724927786591010e1 -1.53725004196166992e1 -1.53725032806396484e1 2.38418579101562500e-7 2.78154999477919773e-7 16 16
-2.07759469747543335e-1 -2.32235178681530297e0 -2.32235836982727051e0 -2.32235479354858398e0 3.57627868652343750e-7 2.70207721086990205e-7 9 9
-2.10053354501724243e-1 1.67661924828597471e1 1.67661952972412109e1 1.67661972045898438e1 1.58945715611480409e-6 1.58945715611480409e-6 9 9
6.97585791349411011e-2 2.00832067975063175e1 2.00832176208496094e1 2.00832157135009766e1 2.70207715402648319e-6 2.86102294921875000e-6 14 14
1.28992740064859390e-2 8.16055327009809517e0 8.16054058074951172e0 8.16053867340087891e0 3.57627868652343750e-7 6.75519302717475512e-8 7 7
-2.18287914991378784e-1 4.94438571401343285e0 4.94438648223876953e0 4.94438743591308594e0 3.17891448275986477e-7 1.74840295130707091e-7 8 8
-8.19994136691093445e-2 9.03269789250255251e0 9.03270053863525391e0 9.03269863128662109e0 1.98682144514350512e-7 1.98682144514350512e-7 5 5
4.08959910273551941e-2 7.05742451571752483e0 7.05742502212524414e0 7.05742549896240234e0 6.35782910762827669e-8 2.42392218297027284e-7 7 7
2.04054377973079681e-2 -4.58310700688907868e0 -4.58310842514038086e0 -4.58310842514038086e0 2.08616256713867188e-7 2.78154999477919773e-7 7 7
-2.02288962900638580e-2 -1.44354815435380370e1 -1.44354858398437500e1 -1.44354858398437500e1 6.47703814138367306e-7 2.86102306290558772e-7 12 12
1.13080337643623352e-1 -2.09966930695964216e1 -2.09966907501220703e1 -2.09966907501220703e1 7.94728578057402046e-7 1.42608769237995148e-7 6 6
1.61624506115913391e-1 -2.09989552982009293e1 -2.09989566802978516e1 -2.09989566802978516e1 1.85966496246692259e-6 2.99769453704357147e-7 5 5
1.46557480096817017e-1 -2.09987890763128924e1 -2.09987907409667969e1 -2.09987907409667969e1 9.53674316406250000e-7 7.47044907711824635e-7 4 4
2.18056052923202515e-1 -2.09987834040156258e1 -2.09987907409667969e1 -2.09987907409667969e1 1.50998437220550841e-6 4.60942572999556432e-7 3 3
-1.24854512512683868e-1 -2.09987841460977016e1 -2.09987907409667969e1 -2.09987907409667969e1 4.45048016217697295e-7 3.73522453855912318e-7 8 8
1.65244445204734802e-1 -2.09987841873815313e1 -2.09987907409667969e1 -2.09987907409667969e1 2.38418579101562500e-7 4.52995294608626864e-7 4 4
1.20243571698665619e-1 -2.09987841847530561e1 -2.09987907409667969e1 -2.09987907409667969e1 5.04652632571378490e-7 3.89417010637771455e-7 4 4
5.11534698307514191e-2 -2.09987841846231227e1 -2.09987907409667969e1 -2.09987907409667969e1 1.07288360595703125e-6 5.16573607001191704e-7 8 8
-1.52402207255363464e-1 -2.09987841684443346e1 -2.09987907409667969e1 -2.09987907409667969e1 6.67572010115691228e-7 2.38418579101562500e-7 7 7
-1.63672432303428650e-1 1.71413346292228255e1 1.71414012908935547e1 1.71412563323974609e1 6.83466566897550365e-7 6.03993726144835819e-7 11 11
-2.38314762711524963e-1 2.09993202803004664e1 2.09993209838867188e1 2.09993209838867188e1 2.16166176869592164e-6 2.12987265513220336e-6 7 7
2.43444874882698059e-1 2.09989153662615067e1 2.09989166259765625e1 2.09989166259765625e1 9.85463429969968274e-7 2.46365857492492069e-7 9 9
1.93166151642799377e-1 2.09987835160664922e1 2.09987831115722656e1 2.09987831115722656e1 1.17619833872595336e-6 6.35782896551972954e-7 9 9
6.59721717238426208e-3 2.09987835118632020e1 2.09987831115722656e1 2.09987831115722656e1 2.22524008108848648e-7 3.81469732246841886e-7 11 11
-1.49245932698249817e-1 1.37786095820656946e1 1.37786912918090820e1 1.37785387039184570e1 9.53674330617104715e-8 4.37100737826767727e-8 15 15
4.15982417762279510e-2 1.18481385224491076e0 1.18482291698455811e0 1.18480789661407471e0 4.76837158203125000e-7 3.73522453855912318e-7 7 7
-6.68294504284858704e-2 1.06656633836119568e1 1.06656637191772461e1 1.06656684875488281e1 8.02675856448331615e-7 5.96046447753906250e-7 4 4
-1.75265803933143616e-1 2.03390394160666723e1 2.03390350341796875e1 2.03390407562255859e1 4.76837158203125000e-7 1.58945724137993238e-7 10 10
-1.93676501512527466e-1 2.09989808168165979e1 2.09989814758300781e1 2.09989814758300781e1 1.12851455469353823e-6 1.30335490666766418e-6 5 5
2.40516498684883118e-1 2.09988095052860331e1 2.09988117218017578e1 2.09988117218017578e1 2.12589895909331972e-7 3.40243175855903246e-8 12 12
-1.48272633552551270e-1 1.28168623721436479e1 1.28168010711669922e1 1.28168563842773438e1 2.62260442696060636e-7 4.17232506322307017e-8 9 9
1.20420977473258972e-1 -8.29692364959491968e0 -8.29693698883056641e0 -8.29692935943603516e0 1.82787573521636659e-7 4.76837158203125000e-7 5 5
-1.59281745553016663e-1 -7.48580741318241305e0 -7.48581647872924805e0 -7.48581886291503906e0 1.26163158142844622e-7 1.62919363333458023e-7 9 9
1.75555527210235596e-1 -1.05315277274851908e1 -1.05315513610839844e1 -1.05315446853637695e1 4.29153431014128728e-7 2.78154999477919773e-7 11 11
1.91458642482757568e-1 -2.09970286211156960e1 -2.09970302581787109e1 -2.09970302581787109e1 6.03993726144835819e-7 5.72204612581117544e-7 9 9
-1.92063346505165100e-1 -2.09963222005731538e1 -2.09963245391845703e1 -2.09963207244873047e1 1.39077499738959887e-7 1.94708505318885727e-7 11 11
-1.21675983071327209e-1 -1.91506018755933849e0 -1.91506969928741455e0 -1.91506338119506836e0 6.27835618161043385e-7 3.57627868652343750e-7 7 7
-1.01175785064697266e-1 1.76277828927967839e1 1.76278095245361328e1 1.76278095245361328e1 3.97364283344359137e-6 3.89417027690797113e-6 10 10
-7.73236714303493500e-3 2.09985346343430379e1 2.09985370635986328e1 2.09985370635986328e1 7.07308458913757931e-7 4.21206152623199159e-7 12 12
-1.00384771823883057e-1 2.09898094972221436e1 2.09898185729980469e1 2.09898185729980469e1 3.97364289028701023e-7 3.97364289028701023e-7 4 4
1.52419641613960266e-1 5.77597849859447710e0 5.77597427368164062e0 5.77596235275268555e0 1.12851455469353823e-6 1.98682144514350512e-7 11 11
-7.76209831237792969e-2 -7.63459429059422590e0 -7.63459014892578125e0 -7.63460111618041992e0 2.18550368913383863e-7 1.39077499738959887e-7 7 7
4.97434437274932861e-2 -1.34719594250549459e1 -1.34719648361206055e1 -1.34719743728637695e1 5.60283638151304331e-7 1.98682144514350512e-7 5 5
-1.75520405173301697e-1 -3.68412286884620022e0 -3.68413019180297852e0 -3.68413352966308594e0 3.49680590261414181e-7 1.62919363333458023e-7 9 9
1.92946437746286392e-2 6.40384568983421509e0 6.40384817123413086e0 6.40384769439697266e0 2.54313164305131068e-7 1.90734866123420943e-7 4 4
3.61256077885627747e-2 6.51767838749031991e0 6.51768732070922852e0 6.51769065856933594e0 4.17232513427734375e-7 8.84135573642197414e-8 12 12
9.47569161653518677e-2 -4.90933915752639205e0 -4.90933990478515625e0 -4.90933179855346680e0 6.75519288506620796e-7 2.62260442696060636e-7 8 8
-1.27636089920997620e-1 -8.88023478108838482e0 -8.88024711608886719e0 -8.88023567199707031e0 2.78154999477919773e-7 1.58945724137993238e-7 13 12
1.53714254498481750e-1 -1.23053265947542556e1 -1.23053541183471680e1 -1.23053417205810547e1 5.44389104106812738e-6 6.07967376708984375e-6 9 9
-1.66759997606277466e-1 -5.69061779979879923e0 -5.69060659408569336e0 -5.69059944152832031e0 1.82787573521636659e-7 9.93410722571752558e-8 12 12
-7.91895017027854919e-2 7.49288889864857488e0 7.49289083480834961e0 7.49289417266845703e0 6.99361180522828363e-7 4.37100737826767727e-7 8 8
2.08836629986763000e-1 2.77781418703085370e0 2.77782058715820312e0 2.77782416343688965e0 1.58945724137993238e-7 2.70207721086990205e-7 9 8
-8.52053388953208923e-2 -5.47388327601227864e0 -5.47387599945068359e0 -5.47387504577636719e0 3.93390649833236239e-7 2.42392218297027284e-7 8 8
2.00921699404716492e-1 -1.51671507680625464e1 -1.51671457290649414e1 -1.51671476364135742e1 7.47044907711824635e-7 4.13258874232269591e-7 8 8
-1.89295500516891479e-1 -1.15620095862451233e1 -1.15620098114013672e1 -1.15620155334472656e1 2.22523999582335819e-6 2.10603070627257694e-6 12 12
3.12369465827941895e-2 8.30763157023774734e-2 8.30838978290557861e-2 8.30931216478347778e-2 2.50339496687956853e-7 1.82787573521636659e-7 7 7
-2.03649058938026428e-1 1.52460555829105360e1 1.52460546493530273e1 1.52460670471191406e1 1.58945724137993238e-7 7.94728578057402046e-7 12 12
1.59291461110115051e-1 1.65023688444638879e1 1.65023727416992188e1 1.65023765563964844e1 2.38418579101562500e-7 7.94728620689966192e-8 13 13
2.39082291722297668e-1 -3.89544539762267794e0 -3.89544391632080078e0 -3.89543986320495605e0 2.11397809835034423e-6 6.83466566897550365e-7 8 8
6.11368902027606964e-2 -2.09946924652643290e1 -2.09946918487548828e1 -2.09946918487548828e1 1.14440922516223509e-6 3.33786005057845614e-7 5 5
7.80065311118960381e-4 -2.09991829262583494e1 -2.09991817474365234e1 -2.09991817474365234e1 5.08626328610262135e-7 4.21206152623199159e-7 10 10
5.62459751963615417e-2 -2.09949422488168906e1 -2.09949455261230469e1 -2.09949455261230469e1 5.12599967805726919e-7 9.53674330617104715e-8 10 10
-4.75832000374794006e-2 -5.89982053929156258e0 -5.89981555938720703e0 -5.89983797073364258e0 2.38418579101562500e-7 1.43051153145279386e-7 6 6
1.93541809916496277e-1 -4.41208049735290508e0 -4.41208028793334961e0 -4.41208219528198242e0 2.14576715507064364e-7 6.27835618161043385e-7 8 8
-1.99458330869674683e-1 3.32305633288339797e0 3.32311034202575684e0 3.32305216789245605e0 1.74840295130707091e-7 2.46365857492492069e-7 14 13
-2.48917832970619202e-1 2.09964996272488307e1 2.09964981079101562e1 2.09964981079101562e1 2.09808354156848509e-6 3.17891448275986477e-7 9 9
1.53001084923744202e-1 2.09991853908320039e1 2.09991874694824219e1 2.09991874694824219e1 8.34465026855468750e-7 3.01996863072417909e-7 10 10
2.48141571879386902e-1 2.09987994536572202e1 2.09988002777099609e1 2.09988002777099609e1 2.06629437116134795e-7 5.72204612581117544e-7 9 9
-2.37010996788740158e-2 6.12448267873340235e0 6.12522220611572266e0 6.12446546554565430e0 7.62939464493683772e-7 6.35782910762827669e-8 13 13
4.47034575045108795e-2 -1.82160014952455249e1 -1.82159385681152344e1 -1.82160053253173828e1 3.85443371442306670e-7 3.97364289028701023e-7 18 18
1.38505145907402039e-1 -1.93561837876811147e1 -1.93562088012695312e1 -1.93561840057373047e1 5.80151890972047113e-7 2.78154999477919773e-7 8 8
-1.07074916362762451e-1 -1.08495102872646996e1 -1.08495264053344727e1 -1.08495111465454102e1 1.03314721400238341e-6 5.96046447753906250e-7 9 9
2.45781898498535156e-1 -1.01774161569024209e1 -1.01774196624755859e1 -1.01774148941040039e1 2.22524008108848648e-7 1.58945724137993238e-7 7 7
2.39220649003982544e-1 -1.97554429742164892e1 -1.97554512023925781e1 -1.97554435729980469e1 1.01725265722052427e-6 1.06493632756610168e-6 11 11
-1.26338258385658264e-1 -1.76961985814156755e1 -1.76961994171142578e1 -1.76961994171142578e1 5.56309998955839546e-7 3.97364289028701023e-7 12 12
-6.45294561982154846e-2 1.34680798579986205e0 1.34680509567260742e0 1.34680855274200439e0 6.75519288506620796e-7 3.33786005057845614e-7 6 6
2.22436562180519104e-1 6.99978191087880219e0 6.99977827072143555e0 6.99978542327880859e0 2.22524008108848648e-7 1.07288357753532182e-7 7 7
-1.65240243077278137e-1 1.23208012241181244e1 1.23208141326904297e1 1.23208227157592773e1 6.75519322612672113e-6 6.51677464702515863e-6 8 8
9.56436097621917725e-2 1.47091427618965529e1 1.47091274261474609e1 1.47091331481933594e1 4.92731714984984137e-7 1.90734866123420943e-7 13 13
-1.97775974869728088e-1 2.07156371884081452e1 2.07156391143798828e1 2.07156429290771484e1 1.23182928746246034e-6 4.45048016217697295e-7 12 12
6.79208040237426758e-2 2.09984152260854771e1 2.09984169006347656e1 2.09984169006347656e1 5.96046447753906250e-7 4.21206152623199159e-7 12 12
-3.71063128113746643e-3 1.85928068114037366e1 1.85927925109863281e1 1.85928173065185547e1 5.08626328610262135e-7 2.94049584681488341e-7 12 12
1.79694533348083496e-1 -6.25850285981407323e-2 -6.25969544053077698e-2 -6.25869035720825195e-2 9.53674330617104715e-8 1.74840295130707091e-7 6 6
1.51078835129737854e-1 -1.82738512435961269e1 -1.82738628387451172e1 -1.82738571166992188e1 2.17755632547778077e-6 1.35103857701324159e-6 9 9
1.27511113882064819e-1 -2.09990301094018257e1 -2.09990310668945312e1 -2.09990310668945312e1 6.51677453333832091e-7 2.70207721086990205e-7 4 4
4.82801385223865509e-2 -2.09988689540875200e1 -2.09988689422607422e1 -2.09988689422607422e1 1.41461691782751586e-6 3.33966454491019249e-7 11 11
1.16576842963695526e-1 -2.09987845554082604e1 -2.09987850189208984e1 -2.09987850189208984e1 1.09672544112981996e-6 2.70207721086990205e-7 11 11
1.87568128108978271e-1 -2.09987837742311108e1 -2.09987850189208984e1 -2.09987850189208984e1 6.83466566897550365e-7 7.31150294086546637e-7 4 4
-3.75183522701263428e-2 -2.09987841749315827e1 -2.09987850189208984e1 -2.09987850189208984e1 9.09964228412718512e-7 1.11262004054424324e-7 12 12
-1.19991309940814972e-1 -1.90079040006137419e1 -1.90083293914794922e1 -1.90082817077636719e1 1.01725265722052427e-6 2.46365857492492069e-7 10 10
7.83978998661041260e-2 1.75742420286549539e1 1.75741939544677734e1 1.75741996765136719e1 3.01996863072417909e-7 4.68889879812195431e-7 14 14
-1.20016701519489288e-1 2.09993184967383684e1 2.09993190765380859e1 2.09993190765380859e1 7.39097572477476206e-7 4.60942572999556432e-7 6 6
-1.81481406092643738e-1 2.09989033959451383e1 2.09989032745361328e1 2.09989032745361328e1 7.05767888575792313e-7 7.08678271621465683e-7 5 5
-2.30681389570236206e-1 2.09987832782878989e1 2.09987831115722656e1 2.09987831115722656e1 2.00271597350365482e-6 1.97092685993993655e-6 5 5
1.74377843737602234e-1 2.09987835705879711e1 2.09987831115722656e1 2.09987831115722656e1 7.23203015695617069e-7 2.39379005506634712e-7 7 7
-1.06269307434558868e-1 2.09987841758107194e1 2.09987831115722656e1 2.09987831115722656e1 4.49021655413162080e-7 7.94728620689966192e-8 10 10
1.94232076406478882e-1 2.09987841860572644e1 2.09987831115722656e1 2.09987831115722656e1 9.21885145999112865e-7 7.94728620689966192e-8 7 7
-2.42349013686180115e-1 2.09987841834887163e1 2.09987831115722656e1 2.09987831115722656e1 1.07288357753532182e-7 1.43051153145279386e-7 5 5
1.23121351003646851e-1 2.09987836700793622e1 2.09987831115722656e1 2.09987831115722656e1 7.94728620689966192e-8 7.94728620689966192e-8 7 7
1.90239071846008301e-1 -1.09240978110920892e1 -1.09240989685058594e1 -1.09240798950195312e1 8.34465026855468750e-7 8.34465026855468750e-7 7 7
-2.01171681284904480e-1 -1.62789226401762619e1 -1.62789325714111328e1 -1.62789382934570312e1 3.97364289028701023e-7 3.97364289028701023e-7 19 19
-1.65843069553375244e-1 1.73080027564431060e0 1.73079466819763184e0 1.73078739643096924e0 7.94728578057402046e-7 9.21885145999112865e-7 6 6
1.92955791950225830e-1 7.82264105900471129e0 7.82263755798339844e0 7.82263708114624023e0 9.33806134639780794e-8 7.94728620689966192e-8 11 11
-1.39269649982452393e-1 8.05806421627484326e0 8.05806636810302734e0 8.05806732177734375e0 2.02655797920670011e-7 2.66234081891525420e-7 5 5
-1.86995565891265869e-1 1.42952946765590490e1 1.42953052520751953e1 1.42953042984008789e1 4.72863519007660216e-7 3.41970007866621017e-7 10 10
-1.88295304775238037e-1 2.09983056348030885e1 2.09983081817626953e1 2.09983081817626953e1 3.97364289028701023e-7 6.99361180522828363e-7 6 6
-1.13101772964000702e-1 2.09989569277481287e1 2.09989585876464844e1 2.09989585876464844e1 1.08083088434796082e-6 8.74201475653535454e-7 10 10
-1.09833814203739166e-1 2.09987896320317162e1 2.09987907409667969e1 2.09987907409667969e1 3.57627868652343750e-7 4.60942572999556432e-7 9 9
-7.87174422293901443e-3 2.09987834055596707e1 2.09987907409667969e1 2.09987907409667969e1 5.48362720564909978e-7 3.17891448275986477e-7 11 11
-9.74062532186508179e-2 2.09987753643908164e1 2.09987907409667969e1 2.09987907409667969e1 5.56309998955839546e-7 5.56309998955839546e-7 3 3
-2.61861160397529602e-2 2.41987756358586203e0 2.41988682746887207e0 2.41990900039672852e0 5.60283638151304331e-7 1.43051153145279386e-7 9 9
1.71682700514793396e-1 -1.54524871009584643e1 -1.54524965286254883e1 -1.54524965286254883e1 5.04652643940062262e-6 4.80810786029906012e-6 12 12
-2.24233940243721008e-1 -1.80072430122688729e1 -1.80072383880615234e1 -1.80072402954101562e1 4.29153442382812500e-6 3.89417027690797113e-6 11 11
1.26788407564163208e-1 -1.81807514122016016e1 -1.81807441711425781e1 -1.81807479858398438e1 7.07308458913757931e-7 1.03314718558067398e-7 10 10
9.23285037279129028e-2 -2.09983307702145900e1 -2.09983329772949219e1 -2.09983329772949219e1 4.05311595841340022e-7 3.31056071445345879e-7 8 8
2.16826170682907104e-1 -2.09988573582427378e1 -2.09988594055175781e1 -2.09988594055175781e1 1.49408981542364927e-6 6.51677453333832091e-7 5 5
1.92620232701301575e-1 -2.09987867422147261e1 -2.09987888336181641e1 -2.09987888336181641e1 9.05990589217253728e-7 8.90096032435394591e-7 5 5
-1.89516425132751465e-1 -2.09987838740185460e1 -2.09987888336181641e1 -2.09987888336181641e1 3.73522453855912318e-7 2.38418579101562500e-7 7 7
-2.20942899584770203e-1 -2.09987841657787833e1 -2.09987888336181641e1 -2.09987888336181641e1 1.87555951924878173e-6 7.31150294086546637e-7 7 7
1.31901800632476807e-1 -2.09987841851139265e1 -2.09987888336181641e1 -2.09987888336181641e1 4.60942572999556432e-7 2.06629437116134795e-7 12 12
-2.50603388994932175e-2 -2.09987841834676381e1 -2.09987888336181641e1 -2.09987888336181641e1 3.25838726666916045e-7 1.82787573521636659e-7 9 9
5.78148588538169861e-2 4.31897924119647558e-1 4.31871950626373291e-1 4.31872516870498657e-1 5.60283638151304331e-7 8.34465012644614035e-8 6 6
-1.02288380265235901e-1 5.08548718580041381e0 5.08548450469970703e0 5.08549165725708008e0 1.71860065734108503e-7 5.96046447753906250e-8 3 3
5.57485185563564301e-2 2.14972137103162630e0 2.14971399307250977e0 2.14971923828125000e0 5.96046447753906250e-8 7.94728638453534586e-9 4 4
-7.85346627235412598e-2 5.22891194366097523e0 5.22890663146972656e0 5.22891139984130859e0 1.47024792340744170e-7 1.50998431536208955e-7 7 7
2.03525900840759277e-1 -3.11196613631746333e0 -3.11196804046630859e0 -3.11196422576904297e0 1.74840295130707091e-7 3.81469732246841886e-7 9 9
7.06500411033630371e-2 -1.48778275922018359e1 -1.48778257369995117e1 -1.48778228759765625e1 5.56309998955839546e-7 6.19888282926694956e-7 9 9
-1.20748229324817657e-1 -1.34174624513537832e1 -1.34174699783325195e1 -1.34174680709838867e1 5.56309998955839546e-7 1.98682144514350512e-7 14 14
1.72973528504371643e-1 -1.15727272969770585e1 -1.15727396011352539e1 -1.15727405548095703e1 2.50339508056640625e-6 2.10603070627257694e-6 6 6
-1.20594933629035950e-1 -4.86841582220294100e0 -4.86841535568237305e0 -4.86841726303100586e0 1.63664424235321349e-7 6.75519302717475512e-8 13 13
-1.60570695996284485e-1 1.13782578714443705e1 1.13782596588134766e1 1.13782596588134766e1 1.90734863281250000e-6 1.47024786656402284e-6 9 9
1.91907346248626709e-1 1.45041008832210050e1 1.45040941238403320e1 1.45040988922119141e1 3.97364289028701023e-7 1.19209289550781250e-7 16 16
1.89479187130928040e-1 -2.58344601132139839e0 -2.58344554901123047e0 -2.58344030380249023e0 1.35103857701324159e-6 8.58306862028257456e-7 9 9
-4.76957149803638458e-2 -1.41052168284579729e1 -1.41052188873291016e1 -1.41052141189575195e1 8.34465026855468750e-7 6.75519288506620796e-7 13 13
-9.40752401947975159e-2 -6.38447574974247534e0 -6.38447380065917969e0 -6.38447237014770508e0 2.70207721086990205e-7 8.74201475653535454e-8 5 5
2.57483217865228653e-2 5.94203552539844715e0 5.94203567504882812e0 5.94203758239746094e0 3.65575147043273319e-7 6.35782910762827669e-8 9 9
-1.56838074326515198e-1 1.74715437642659346e1 1.74715461730957031e1 1.74715480804443359e1 5.44389081369445194e-7 3.97364289028701023e-7 10 10
2.16552361845970154e-1 1.13372627215384085e1 1.13372669219970703e1 1.13372755050659180e1 1.54972076416015625e-6 1.74840295130707091e-6 6 6
-6.94216191768646240e-2 2.69257978590182634e-1 2.69249856472015381e-1 2.69253253936767578e-1 3.13917809080521693e-7 1.58945724137993238e-7 9 9
9.19478833675384521e-2 -8.41147498701800878e0 -8.41147899627685547e0 -8.41147708892822266e0 6.03993726144835819e-7 1.15235643249889108e-7 4 4
1.66077241301536560e-1 -1.72383572198850636e1 -1.72383632659912109e1 -1.72383613586425781e1 1.82787573521636659e-6 1.03314721400238341e-6 9 9
-1.51424661278724670e-1 -1.36531195220913393e1 -1.36531162261962891e1 -1.36531171798706055e1 2.34444939906097716e-7 9.33806134639780794e-8 15 15
-1.06614725664258003e-2 5.16125197228626598e-1 5.16125023365020752e-1 5.16125202178955078e-1 2.38418579101562500e-7 3.25838726666916045e-7 6 6
-1.69589638710021973e-1 1.69824321813141736e1 1.69824333190917969e1 1.69824333190917969e1 1.06493632756610168e-6 4.76837158203125000e-7 12 12
-8.32846388220787048e-2 2.09988911287008371e1 2.09988918304443359e1 2.09988918304443359e1 5.39876054972410202e-7 5.36965671926736832e-7 4 4
-2.43463575839996338e-1 2.09988998773934235e1 2.09988918304443359e1 2.09988918304443359e1 8.74201475653535454e-7 5.08626328610262135e-7 4 4
-8.41464698314666748e-2 2.09987859576531264e1 2.09987850189208984e1 2.09987850189208984e1 2.41597490457934327e-6 5.40415442173980409e-7 10 10
2.17663079500198364e-1 2.09987836404068702e1 2.09987850189208984e1 2.09987850189208984e1 8.90096032435394591e-7 1.90734866123420943e-7 11 10
-2.45529830455780029e-1 2.09987841647293045e1 2.09987850189208984e1 2.09987850189208984e1 7.94728620689966192e-8 5.56310020272121619e-8 12 10
8.28078687191009521e-2 2.09987841386253464e1 2.09987850189208984e1 2.09987850189208984e1 9.73542526594428637e-8 1.29143398197584247e-8 7 7
-1.19518309831619263e-1 3.08276683924287909e0 3.08276510238647461e0 3.08277821540832520e0 1.43051153145279386e-7 2.18550368913383863e-7 11 10
-9.66384932398796082e-2 4.01614166399220363e0 4.01613521575927734e0 4.01613903045654297e0 3.65575147043273319e-7 3.49680590261414181e-7 4 4
-6.39190599322319031e-2 9.58550645037739457e0 9.58549880981445312e0 9.58550453186035156e0 1.07288357753532182e-7 7.94728620689966192e-8 2 2
2.42087423801422119e-1 -5.13851011131628788e0 -5.13852739334106445e0 -5.13852262496948242e0 1.23182928746246034e-6 2.36468622460961342e-7 7 7
1.82680189609527588e-1 -2.09973666973491362e1 -2.09973678588867188e1 -2.09973678588867188e1 1.66893005371093750e-6 3.81469732246841886e-7 8 8
-1.29279851913452148e-1 -2.09991564998475901e1 -2.09991569519042969e1 -2.09991569519042969e1 5.88099169362976681e-7 3.81469732246841886e-7 9 9
7.31090754270553589e-2 -2.09987970756253617e1 -2.09987983703613281e1 -2.09987983703613281e1 5.96046447753906250e-7 9.53674330617104715e-8 9 9
2.97186290845274925e-3 -2.09987823397956994e1 -2.09987983703613281e1 -2.09987983703613281e1 6.35782896551972954e-7 6.35782896551972954e-7 12 12
-1.41664549708366394e-1 -2.09987840571851692e1 -2.09987983703613281e1 -2.09987983703613281e1 5.56309998955839546e-7 5.56309998955839546e-7 7 7
-5.88182844221591949e-2 1.07297277513232849e1 1.07297363281250000e1 1.07297353744506836e1 1.35103857701324159e-6 5.24520885392121272e-7 5 5
1.14512622356414795e-1 1.57203011339577365e1 1.57203168869018555e1 1.57203025817871094e1 2.13086607914192427e-7 3.97364310344983096e-8 11 11
2.45799973607063293e-1 -5.65177164613723892e0 -5.65176057815551758e0 -5.65176963806152344e0 2.65439348368090577e-6 1.04904177078424254e-6 9 9
-1.71402677893638611e-1 -1.45171755886143750e1 -1.45171709060668945e1 -1.45171737670898438e1 3.69548786238738103e-7 2.90075945486023556e-7 15 15
6.86371326446533203e-2 -1.18136128626612127e1 -1.18136215209960938e1 -1.18136205673217773e1 3.21865081787109375e-6 3.05970502267882694e-6 10 10
-1.56619131565093994e-1 2.88187094990900361e0 2.88187575340270996e0 2.88187956809997559e0 1.27156582152565534e-7 5.00678993375913706e-7 10 10
1.54577627778053284e-1 8.17810083560128476e0 8.17810344696044922e0 8.17810726165771484e0 1.45037972743011778e-7 8.94069671630859375e-8 12 12
-5.82202896475791931e-2 6.28119612124247251e0 6.28120517730712891e0 6.28120851516723633e0 3.97364310344983096e-8 2.78155010136060810e-8 3 3
-6.49123080074787140e-3 4.75736382795471613e0 4.75737380981445312e0 4.75737667083740234e0 1.27156582152565534e-7 1.98682155172491548e-8 4 4
-1.98108404874801636e-1 1.30360691776112461e1 1.30360822677612305e1 1.30360870361328125e1 4.45288605988025665e-7 4.45288605988025665e-7 12 12
2.25797310471534729e-1 9.21250070631125517e0 9.21252059936523438e0 9.21252346038818359e0 3.97364289028701023e-7 7.94728620689966192e-8 12 12
-1.15109816193580627e-1 2.21494826021688507e0 2.21496415138244629e0 2.21496772766113281e0 7.84794522701304231e-8 8.74201475653535454e-8 4 4
-4.79905270040035248e-2 3.51134241964122928e0 3.51135087013244629e0 3.51135301589965820e0 1.49011611938476562e-7 1.74840295130707091e-7 6 6
1.83553561568260193e-1 -4.17166079174707072e0 -4.17166376113891602e0 -4.17165946960449219e0 2.94049584681488341e-7 5.32468163783050841e-7 5 5
1.01964794099330902e-1 -1.64563670078542685e1 -1.64563827514648438e1 -1.64563770294189453e1 1.47819514495495241e-6 3.97364289028701023e-7 9 9
6.63508474826812744e-2 -2.09986852134151007e1 -2.09986877441406250e1 -2.09986877441406250e1 5.48362720564909978e-7 4.68889879812195431e-7 13 13
-2.39110112190246582e-1 -8.68312801619871877e0 -8.68313884735107422e0 -8.68313789367675781e0 8.42412305246398319e-7 2.30471286499778216e-7 13 13
-1.43203467130661011e-1 1.74071543976564307e1 1.74071693420410156e1 1.74071693420410156e1 1.74840295130707091e-6 2.30471300710632931e-6 12 12
-1.37354746460914612e-1 2.09991319536632730e1 2.09991321563720703e1 2.09991321563720703e1 1.62124638336536009e-6 3.97364289028701023e-7 4 4
1.96473225951194763e-1 2.09988977441457116e1 2.09988975524902344e1 2.09988975524902344e1 1.15732355254749564e-7 6.70552253723144531e-8 12 12
2.22986549139022827e-1 2.09987844052339661e1 2.09987850189208984e1 2.09987850189208984e1 1.44640603139123414e-6 4.92731714984984137e-7 7 7
-1.91028431057929993e-1 -1.21839766782926162e1 -1.21839933395385742e1 -1.21839962005615234e1 5.60283660888671875e-6 5.40415430805296637e-6 9 9
3.08414101600646973e-2 -1.38806294896733817e1 -1.38806200027465820e1 -1.38806219100952148e1 1.32123631146896514e-7 1.98682144514350512e-7 13 13
-8.27504545450210571e-2 4.40596011776925534e-1 4.40587103366851807e-1 4.40586537122726440e-1 6.99361180522828363e-7 3.09944141463347478e-7 5 5
-7.61167258024215698e-2 1.22082512518385506e1 1.22082557678222656e1 1.22082586288452148e1 5.56310033061890863e-6 5.28494501850218512e-6 4 4
-7.51760676503181458e-2 1.79488621925304592e1 1.79488430023193359e1 1.79488468170166016e1 1.25567123632208677e-6 3.97364289028701023e-7 7 7
1.77516311407089233e-1 6.03864715574038513e0 6.03864192962646484e0 6.03864860534667969e0 4.72863519007660216e-7 3.01996863072417909e-7 7 7
-4.19771410524845123e-2 -7.46322886184165135e0 -7.46323633193969727e0 -7.46323013305664062e0 4.52995294608626864e-7 9.93410722571752558e-8 6 6
1.14998288452625275e-1 -1.66383222937853112e1 -1.66383285522460938e1 -1.66383247375488281e1 5.08626328610262135e-7 2.22524008108848648e-7 8 8
1.38501077890396118e-1 -2.09986572482183540e1 -2.09986591339111328e1 -2.09986591339111328e1 6.03993726144835819e-7 2.70207721086990205e-7 6 6
1.32073000073432922e-1 -2.09989022254305269e1 -2.09989032745361328e1 -2.09989032745361328e1 2.86102306290558772e-7 9.53674316406250000e-7 4 4
-8.14013704657554626e-2 -2.09987870838291677e1 -2.09987888336181641e1 -2.09987888336181641e1 2.70207721086990205e-7 8.34465012644614035e-8 12 12
3.40968463569879532e-3 -2.09987836055435757e1 -2.09987888336181641e1 -2.09987888336181641e1 3.09944141463347478e-7 2.38418579101562500e-7 5 5
1.23158447444438934e-1 -5.28062810473613631e0 -5.28062963485717773e0 -5.28062248229980469e0 3.62594931857529446e-7 1.23182928746246034e-7 7 7
-6.83962181210517883e-2 2.22654649572687280e0 2.22654342651367188e0 2.22654294967651367e0 1.45037972743011778e-7 5.96046447753906250e-8 6 6
-9.36397612094879150e-2 1.10104175504803248e1 1.10104179382324219e1 1.10104188919067383e1 8.74201475653535454e-7 9.93410708360897843e-7 8 8
-1.06268338859081268e-1 2.09910067966310692e1 2.09910163879394531e1 2.09910163879394531e1 9.13937867608183296e-7 3.97364289028701023e-7 6 6
-1.92774727940559387e-1 2.09990312273808328e1 2.09990329742431641e1 2.09990329742431641e1 2.24113455260521732e-6 9.37779759624390863e-7 5 5
-2.33278408646583557e-1 2.09987924853765726e1 2.09987926483154297e1 2.09987926483154297e1 1.46230058817309327e-6 7.94728578057402046e-7 4 4
-1.21049165725708008e-1 2.09987830373087121e1 2.09987926483154297e1 2.09987926483154297e1 4.45048016217697295e-7 3.97364289028701023e-7 8 8
-2.47646018862724304e-1 2.09987841221592255e1 2.09987926483154297e1 2.09987926483154297e1 5.00678993375913706e-7 6.03993726144835819e-7 3 3
1.31393149495124817e-1 2.09987841880183730e1 2.09987926483154297e1 2.09987926483154297e1 3.33786005057845614e-7 3.17891448275986477e-7 7 7
-1.93214252591133118e-1 2.09987841842275458e1 2.09987926483154297e1 2.09987926483154297e1 3.17891448275986477e-7 3.17891448275986477e-7 4 4
1.69084131717681885e-1 2.09987841839585556e1 2.09987926483154297e1 2.09987926483154297e1 5.56309998955839546e-7 4.76837158203125000e-7 11 11
-1.10642693936824799e-1 2.09987841840880733e1 2.09987926483154297e1 2.09987926483154297e1 5.56309998955839546e-7 3.17891448275986477e-7 11 11
8.53897035121917725e-2 2.09987841051487401e1 2.09987926483154297e1 2.09987926483154297e1 6.51677453333832091e-7 3.17891448275986477e-7 4 4
-8.76651480793952942e-2 -1.52458416824878000e1 -1.52458658218383789e1 -1.52458772659301758e1 3.01996863072417909e-7 1.98682144514350512e-7 16 16
-2.06953361630439758e-1 -5.60883113742325623e0 -5.60882711410522461e0 -5.60882854461669922e0 4.92731714984984137e-7 1.50998431536208955e-7 7 7
7.84167051315307617e-2 6.10692176635126582e0 6.10692453384399414e0 6.10692024230957031e0 4.25179791818663944e-7 1.74840295130707091e-7 10 9
1.88599899411201477e-1 -5.86414566567754925e0 -5.86414480209350586e0 -5.86414861679077148e0 5.56309998955839546e-7 1.03314721400238341e-6 8 8
-1.32460817694664001e-1 -1.47756973130236737e1 -1.47756967544555664e1 -1.47756986618041992e1 1.50998431536208955e-7 2.78154999477919773e-7 16 16
-2.30546280741691589e-1 -1.01399211392552457e0 -1.01398968696594238e0 -1.01399314403533936e0 2.78154999477919773e-7 1.14242233451022912e-7 8 8
6.00060597062110901e-2 1.07328776010535254e1 1.07328805923461914e1 1.07328786849975586e1 9.05990589217253728e-7 6.35782896551972954e-7 10 10
2.03597590327262878e-1 -1.18734863669479096e0 -1.18734991550445557e0 -1.18735051155090332e0 6.03993726144835819e-7 2.70207721086990205e-7 9 9
-1.09514914453029633e-1 -1.21536170935636623e1 -1.21536273956298828e1 -1.21536283493041992e1 4.84784459331422113e-6 5.12599945068359375e-6 10 10
-2.00177907943725586e-1 -1.44518294092637256e0 -1.44516289234161377e0 -1.44516360759735107e0 1.06493632756610168e-6 4.29153431014128728e-7 7 7
-1.78436574060469866e-3 1.12500425132322839e1 1.12500524520874023e1 1.12500534057617188e1 1.62919366175628966e-6 1.27156579310394591e-6 4 4
-3.35039361380040646e-3 1.35194154720937565e1 1.35194158554077148e1 1.35194196701049805e1 3.09944141463347478e-7 8.74201475653535454e-8 11 11
-1.95896029472351074e-1 1.58720987063183614e1 1.58720989227294922e1 1.58721036911010742e1 4.76837158203125000e-7 2.46365857492492069e-7 10 10
-2.12478652596473694e-1 2.09982791240988114e1 2.09982795715332031e1 2.09982795715332031e1 1.03314721400238341e-6 3.17891448275986477e-7 7 7
8.64955261349678040e-2 2.09826722761213489e1 2.09826736450195312e1 2.09826736450195312e1 2.86102306290558772e-7 1.11262004054424324e-7 12 12
8.42551216483116150e-2 9.93793556908787235e-1 9.93781805038452148e-1 9.93793249130249023e-1 5.00678993375913706e-7 1.74840295130707091e-7 6 6
-1.24441698193550110e-1 -1.19450499978272244e1 -1.19450597763061523e1 -1.19450607299804688e1 3.81469726562500000e-6 3.53654218088195194e-6 8 8
-2.03333377838134766e-1 -2.37436321751190649e0 -2.37434911727905273e0 -2.37435317039489746e0 5.96046447753906250e-7 3.09944141463347478e-7 9 9
1.22637338936328888e-1 3.41056962430504118e0 3.41056966781616211e0 3.41056919097900391e0 4.13258874232269591e-7 3.97364310344983096e-8 9 9
2.97825746238231659e-2 -4.89606528399153795e0 -4.89606809616088867e0 -4.89606475830078125e0 6.59624731724761659e-7 3.73522453855912318e-7 7 7
-4.31029498577117920e-2 -1.24115456546914249e1 -1.24115648269653320e1 -1.24115638732910156e1 6.71545649311156012e-6 7.11282109477906488e-6 11 11
1.77515432238578796e-1 -2.03344800632680709e1 -2.03344669342041016e1 -2.03344631195068359e1 6.27835618161043385e-7 1.06493632756610168e-6 10 10
-1.69335922691971064e-3 -2.09989332291157247e1 -2.09989337921142578e1 -2.09989337921142578e1 4.84784436594054569e-7 5.08626328610262135e-7 12 12
-2.07332018762826920e-2 -2.09796019034876515e1 -2.09796028137207031e1 -2.09796047210693359e1 4.41074377022232511e-7 1.47024792340744170e-7 10 10
1.84793308377265930e-1 -1.79231219890313973e1 -1.79231224060058594e1 -1.79231300354003906e1 5.56309998955839546e-7 4.05311595841340022e-7 8 8
2.09930792450904846e-1 -2.09983874450859851e1 -2.09983882904052734e1 -2.09983882904052734e1 1.30335490666766418e-6 8.74201475653535454e-7 8 8
1.73438742756843567e-1 -2.09988614670526594e1 -2.09988632202148438e1 -2.09988632202148438e1 1.68482461049279664e-6 6.35782896551972954e-7 4 4
-2.49571189284324646e-1 -2.09987873375060659e1 -2.09987888336181641e1 -2.09987888336181641e1 2.62260442696060636e-7 8.34465012644614035e-8 10 10
1.22176371514797211e-1 -1.28256968624825802e1 -1.28259716033935547e1 -1.28257904052734375e1 4.60942572999556432e-7 1.15235643249889108e-7 7 7
2.41473227739334106e-1 1.10438505880503302e0 1.10436606407165527e0 1.10438013076782227e0 9.85463429969968274e-7 5.40415442173980409e-7 8 8
-1.69189766049385071e-1 4.60123024970474082e-1 4.60127264261245728e-1 4.60121154785156250e-1 1.43051153145279386e-7 1.39077499738959887e-7 14 15
1.39807043597102165e-2 8.07597427695290015e0 8.07597351074218750e0 8.07597255706787109e0 5.64257277346769115e-7 1.19209289550781250e-7 5 5
-1.50429219007492065e-1 2.06884339498127865e1 2.06884384155273438e1 2.06884403228759766e1 8.90096032435394591e-7 6.67572010115691228e-7 11 11
-7.83157870173454285e-2 2.09990666954508072e1 2.09990692138671875e1 2.09990692138671875e1 5.88099169362976681e-7 7.47044907711824635e-7 6 6
3.10987289994955063e-2 2.09988030736211115e1 2.09988040924072266e1 2.09988040924072266e1 5.32468163783050841e-7 3.57627882863198465e-8 12 12
2.31278300285339355e-1 2.09987830292633788e1 2.09987831115722656e1 2.09987831115722656e1 2.06629437116134795e-7 1.98682144514350512e-7 9 9
1.38955041766166687e-1 2.09987836138659354e1 2.09987831115722656e1 2.09987831115722656e1 2.84512839243689086e-6 1.20798745228967164e-6 4 4
-2.40876406431198120e-1 -9.85247736626655168e0 -9.85247993469238281e0 -9.85247802734375000e0 2.38418579101562500e-7 1.58945724137993238e-7 12 12
-1.86256423592567444e-1 6.82768579575132684e0 6.82768630981445312e0 6.82768011093139648e0 9.21885145999112865e-7 3.17891448275986477e-7 7 7
1.37383848428726196e-1 1.87223660757383108e1 1.87223682403564453e1 1.87223663330078125e1 6.35782896551972954e-7 3.49680590261414181e-7 16 16
-3.20477411150932312e-2 1.56649631332777020e1 1.56649665832519531e1 1.56649637222290039e1 2.78154999477919773e-7 7.94728620689966192e-8 12 13
-1.47276729345321655e-1 1.47086259097394532e1 1.47086305618286133e1 1.47086315155029297e1 5.24520885392121272e-7 2.94049584681488341e-7 10 10
-1.86080381274223328e-1 2.06199140682097877e1 2.06199207305908203e1 2.06199207305908203e1 1.97092685993993655e-6 4.76837158203125000e-7 10 10
1.83601409196853638e-1 1.54424041700430674e1 1.54424104690551758e1 1.54424142837524414e1 2.38418579101562500e-7 3.97364310344983096e-8 14 14
-2.42834642529487610e-1 1.19513148597580656e1 1.19513330459594727e1 1.19513273239135742e1 4.05311584472656250e-6 3.85443354389281012e-6 7 7
-2.25980103015899658e-1 1.85382519283223246e1 1.85382442474365234e1 1.85382442474365234e1 7.62939464493683772e-7 2.38418579101562500e-7 11 11
9.09369736909866333e-2 1.70176390482627866e1 1.70176410675048828e1 1.70176429748535156e1 2.70207721086990205e-7 2.38418579101562500e-7 12 12
-2.14525349438190460e-2 6.41168204853983692e0 6.41168069839477539e0 6.41168546676635742e0 7.00354547689130413e-8 1.31130221348030318e-7 9 9
-1.61530718207359314e-1 3.01475017647881760e0 3.01474976539611816e0 3.01475524902343750e0 3.23851907069183653e-7 3.65575147043273319e-7 7 7
2.01828971505165100e-1 -8.74253531169505038e0 -8.74253749847412109e0 -8.74253082275390625e0 8.98043310826324159e-7 6.35782910762827669e-8 6 6
-1.16211688145995140e-2 -2.02163700130165758e1 -2.02163696289062500e1 -2.02163677215576172e1 9.45727038015320431e-7 3.01996863072417909e-7 9 9
-1.08180910348892212e-1 -1.90907936867702119e1 -1.90907974243164062e1 -1.90907936096191406e1 3.97364289028701023e-7 3.97364289028701023e-7 12 12
-2.12927162647247314e-1 -6.94992871181073224e-1 -6.94989919662475586e-1 -6.94989383220672607e-1 8.26517748464539181e-7 5.24520885392121272e-7 10 10
3.59227731823921204e-2 1.12689640132131679e1 1.12689666748046875e1 1.12689695358276367e1 1.50998437220550841e-6 1.54972076416015625e-6 11 11
-2.87096966058015823e-2 1.11977186636329193e1 1.11977243423461914e1 1.11977186203002930e1 1.66893005371093750e-6 1.39077508265472716e-6 10 9
1.09322331845760345e-1 -2.67329816032607992e0 -2.67330527305603027e0 -2.67331171035766602e0 5.96046447753906250e-7 1.50998431536208955e-7 7 7
-1.24837584793567657e-1 -1.03162086993187998e1 -1.03162212371826172e1 -1.03162250518798828e1 6.35782896551972954e-7 2.38418579101562500e-7 9 9
-1.58725231885910034e-1 -3.86009159448649664e-1 -3.86017382144927979e-1 -3.86018753051757812e-1 6.35782896551972954e-7 2.14576715507064364e-7 7 7
1.07303503900766373e-2 8.67387871697558843e0 8.67387199401855469e0 8.67387485504150391e0 3.81469732246841886e-7 1.98682144514350512e-7 10 10
5.43232522904872894e-2 4.57855501847752144e0 4.57855081558227539e0 4.57855749130249023e0 2.12589895909331972e-7 9.53674330617104715e-8 11 11
2.99403630197048187e-2 -6.94734237857865899e0 -6.94734525680541992e0 -6.94733858108520508e0 7.47044907711824635e-7 5.24520885392121272e-7 6 6
9.94329303503036499e-2 -1.78540375737520236e1 -1.78540554046630859e1 -1.78540382385253906e1 2.62260437011718750e-6 2.22523999582335819e-6 10 10
2.10999593138694763e-1 -2.09988181067300381e1 -2.09988174438476562e1 -2.09988174438476562e1 5.08626328610262135e-7 5.40415442173980409e-7 7 7
2.13284075260162354e-1 -2.09988739405439127e1 -2.09988765716552734e1 -2.09988765716552734e1 1.28746034988580504e-6 1.01725265722052427e-6 4 4
-1.96129679679870605e-1 -2.09987857889384593e1 -2.09987850189208984e1 -2.09987850189208984e1 5.28494524587586056e-7 2.14576715507064364e-7 8 8
-1.31415635347366333e-1 -2.09987837709348639e1 -2.09987850189208984e1 -2.09987850189208984e1 1.95503230315807741e-6 5.40415442173980409e-7 9 9
-1.43637065775692463e-4 -2.09987841676766571e1 -2.09987850189208984e1 -2.09987850189208984e1 8.34465026855468750e-7 1.82787573521636659e-7 12 12
3.05470768362283707e-2 -2.09982119987802740e1 -2.09982147216796875e1 -2.09982147216796875e1 5.00678993375913706e-7 1.86761226927956159e-7 8 8
-1.00578479468822479e-2 1.26336403554704866e1 1.26336412429809570e1 1.26336526870727539e1 4.09285235036804806e-7 9.93410722571752558e-8 14 14
7.88739770650863647e-2 4.24776159561281830e0 4.24775600433349609e0 4.24776506423950195e0 2.50339496687956853e-7 1.50998431536208955e-7 4 4
-1.72966435551643372e-1 4.19606850436224565e0 4.19606733322143555e0 4.19607639312744141e0 1.47024792340744170e-7 1.54972070731673739e-7 16 16
1.60928502678871155e-1 2.13157408484011945e0 2.13157749176025391e0 2.13158512115478516e0 1.74840295130707091e-7 1.21196109148513642e-7 5 5
1.39768823981285095e-1 -9.55703169605398273e0 -9.55702781677246094e0 -9.55702304840087891e0 6.19888282926694956e-7 8.26517748464539181e-7 8 8
-1.85460522770881653e-1 -9.68208251446951706e0 -9.68208312988281250e0 -9.68207836151123047e0 3.57627868652343750e-7 7.25189863715058891e-8 12 12
-5.86312152445316315e-2 3.77261393097680431e0 3.77261281013488770e0 3.77261710166931152e0 3.97364289028701023e-7 4.37100737826767727e-7 6 6
-5.71469403803348541e-3 1.37306873594895951e1 1.37306842803955078e1 1.37306890487670898e1 8.66254197262605885e-7 1.11262004054424324e-7 14 14
-1.32672116160392761e-1 1.92532601486994324e1 1.92532596588134766e1 1.92532634735107422e1 7.15255737304687500e-7 4.37100737826767727e-7 8 8
5.94252571463584900e-2 1.66384001871540477e1 1.66383953094482422e1 1.66384048461914062e1 1.27156582152565534e-7 1.94708505318885727e-7 11 11
-5.81397861242294312e-2 1.14162616554503753e1 1.14162664413452148e1 1.14162693023681641e1 1.66893005371093750e-6 1.86761224085785216e-6 4 4
-8.88311769813299179e-3 7.12909696363026413e0 7.12909317016601562e0 7.12909507751464844e0 2.46365857492492069e-7 1.05301538155799790e-7 3 3
-5.38400523364543915e-2 6.00123794051888826e0 6.00124740600585938e0 6.00124120712280273e0 1.78813934326171875e-7 1.39077499738959887e-7 6 6
7.43774045258760452e-3 4.73736639788691072e0 4.73737668991088867e0 4.73736906051635742e0 2.12589895909331972e-7 1.45037972743011778e-7 9 9
-7.70391672849655151e-2 5.45315950385784998e0 5.45316696166992188e0 5.45316123962402344e0 2.22524008108848648e-7 5.96046447753906250e-8 5 5
-6.73542637377977371e-3 5.74649158017970318e0 5.74650144577026367e0 5.74650096893310547e0 1.19209289550781250e-7 8.00355337560176849e-8 10 10
-1.67163282632827759e-1 1.01042433773656892e1 1.01042518615722656e1 1.01042518615722656e1 3.61601507847808534e-7 1.50998431536208955e-7 6 6
1.64504617452621460e-1 3.93913183395208799e0 3.93913078308105469e0 3.93913507461547852e0 1.70866641724387591e-7 1.15235643249889108e-7 7 7
1.59423366189002991e-1 -1.42534207863865436e1 -1.42534255981445312e1 -1.42534198760986328e1 2.17755632547778077e-6 7.31150294086546637e-7 11 11
-2.01228722929954529e-1 -1.80327148292155748e1 -1.80327129364013672e1 -1.80327148437500000e1 2.38418579101562500e-7 1.78813934326171875e-7 16 16
-1.25488966703414917e-1 -2.22769640139361913e0 -2.22769284248352051e0 -2.22769403457641602e0 4.60942572999556432e-7 9.93410722571752558e-8 8 8
9.36004444956779480e-2 7.25936355073604478e0 7.25936412811279297e0 7.25936555862426758e0 3.25838726666916045e-7 1.43051153145279386e-7 8 8
-9.89914238452911377e-2 9.79081581498535947e0 9.79081821441650391e0 9.79081916809082031e0 1.98682144514350512e-7 2.86102306290558772e-7 3 3
-8.50362926721572876e-2 1.18279963373329071e1 1.18280048370361328e1 1.18280076980590820e1 2.62260437011718750e-6 3.17891431222960819e-6 5 5
8.33614170551300049e-2 7.01151646219337898e0 7.01151418685913086e0 7.01150846481323242e0 1.98682144514350512e-7 3.57627882863198465e-8 15 11
-2.20598757266998291e-1 8.79867930178494362e0 8.79868412017822266e0 8.79868125915527344e0 1.04109449239331298e-6 2.70207721086990205e-7 7 7
-2.76307594031095505e-2 1.23109432860252568e1 1.23109607696533203e1 1.23109579086303711e1 6.31809234619140625e-6 6.11941004535765387e-6 3 3
2.88198534399271011e-2 9.17483660141530422e0 9.17481708526611328e0 9.17481994628906250e0 3.17891448275986477e-7 1.39077499738959887e-7 8 8
-1.42562612891197205e-2 6.79593651177658686e-1 6.79592192173004150e-1 6.79596126079559326e-1 2.18550368913383863e-7 1.66893002528922807e-7 8 8
2.14130386710166931e-1 -1.58309205196640832e1 -1.58309288024902344e1 -1.58309268951416016e1 2.82128644357726444e-6 3.45706939697265625e-6 13 13
-1.57748267520219088e-3 -2.09987935401755799e1 -2.09987945556640625e1 -2.09987945556640625e1 6.67572010115691228e-7 2.62260442696060636e-7 12 12
-1.41315951943397522e-1 -2.09989245732969323e1 -2.09989261627197266e1 -2.09989261627197266e1 6.05980545742568211e-8 5.96046447753906250e-8 13 13
1.78862333297729492e-1 -1.50756625675990925e1 -1.50756330490112305e1 -1.50756492614746094e1 4.72863519007660216e-7 2.82128638673384557e-7 17 17
-6.88415095210075378e-2 -9.33004172732910497e0 -9.33004283905029297e0 -9.33004474639892578e0 3.37759644253310398e-7 8.74201475653535454e-8 12 12
2.00523003935813904e-1 -1.37244465215976827e1 -1.37244462966918945e1 -1.37244482040405273e1 2.98023223876953125e-7 2.46365857492492069e-7 11 11
1.76392197608947754e-1 -2.09976821244357232e1 -2.09976825714111328e1 -2.09976825714111328e1 6.67572010115691228e-7 4.92731714984984137e-7 6 6
-1.47226855158805847e-1 -1.90524719635132556e1 -1.90524692535400391e1 -1.90524730682373047e1 1.03314721400238341e-6 9.53674316406250000e-7 13 13
-1.62080347537994385e-1 5.40549011808686508e0 5.40550279617309570e0 5.40550088882446289e0 1.65303549692907836e-6 7.62939464493683772e-7 8 8
-1.66250854730606079e-1 2.09979074801564423e1 2.09979076385498047e1 2.09979076385498047e1 1.55766804255108582e-6 6.51677453333832091e-7 7 7
-8.61302539706230164e-2 2.09991571948642637e1 2.09991588592529297e1 2.09991588592529297e1 1.54177348576922668e-6 7.15255737304687500e-7 10 10
1.60531505942344666e-1 2.09987957126594615e1 2.09987964630126953e1 2.09987964630126953e1 2.78154999477919773e-7 9.53674330617104715e-8 13 13
-1.75293341279029846e-1 2.09987823093822428e1 2.09987964630126953e1 2.09987964630126953e1 5.56309998955839546e-7 5.56309998955839546e-7 10 8
-3.93846444785594940e-2 2.09987840902086518e1 2.09987964630126953e1 2.09987964630126953e1 5.56309998955839546e-7 4.76837158203125000e-7 6 6
-1.06735356152057648e-1 1.67272344691815356e1 1.67272472381591797e1 1.67272415161132812e1 7.35123933282011421e-7 4.92731714984984137e-7 8 8
-5.57032003998756409e-2 1.23873438476313584e1 1.23873605728149414e1 1.23873596191406250e1 7.11282109477906488e-6 6.99361180522828363e-6 9 9
-2.49092519283294678e-1 1.85708394164625155e1 1.85708160400390625e1 1.85708198547363281e1 7.78834021275542909e-7 3.17891448275986477e-7 11 11
-1.18477508425712585e-1 2.09986900120985744e1 2.09986934661865234e1 2.09986934661865234e1 3.57627868652343750e-7 4.92731714984984137e-7 4 4
-1.55321896076202393e-1 2.09988535027761252e1 2.09988536834716797e1 2.09988536834716797e1 1.03314721400238341e-6 1.08083088434796082e-6 10 10
-4.97932322323322296e-2 2.09977745984181041e1 2.09977741241455078e1 2.09977741241455078e1 4.52995294608626864e-7 2.54313164305131068e-7 11 11
3.52458208799362183e-2 4.69981338172598928e0 4.69977521896362305e0 4.69982290267944336e0 1.82787573521636659e-7 2.43385631648607159e-8 8 9
1.67259052395820618e-1 -1.82381422411897738e1 -1.82381610870361328e1 -1.82381572723388672e1 5.24520874023437500e-6 4.76837158203125000e-6 14 14
5.55516919121146202e-4 -2.09991241801664650e1 -2.09991245269775391e1 -2.09991245269775391e1 6.51677453333832091e-7 6.03993726144835819e-7 12 12
-2.10166215896606445e-1 -2.09988741290564391e1 -2.09988727569580078e1 -2.09988727569580078e1 3.85443371442306670e-7 1.74840295130707091e-7 12 12
2.01587989926338196e-1 -2.09977796968482018e1 -2.09977817535400391e1 -2.09977817535400391e1 2.14576715507064364e-7 1.47024792340744170e-7 10 10
-1.36134296655654907e-1 -1.16241231578100273e1 -1.16241054534912109e1 -1.16241140365600586e1 2.70207715402648319e-6 2.30471300710632931e-6 9 9
1.80799871683120728e-1 -1.40370147369811349e1 -1.40370111465454102e1 -1.40370092391967773e1 8.34465026855468750e-7 2.22524008108848648e-7 12 12
3.10357250273227692e-2 -1.87140124639533774e1 -1.87140178680419922e1 -1.87140140533447266e1 9.53674316406250000e-7 9.53674316406250000e-7 9 9
-1.43121346831321716e-1 -1.14369996827298763e1 -1.14370079040527344e1 -1.14369993209838867e1 2.14576721191406250e-6 1.70866644566558534e-6 9 8
6.51755258440971375e-2 -2.47675549999675360e0 -2.47676157951354980e0 -2.47675037384033203e0 1.29143401750297926e-7 8.94069671630859375e-8 6 6
-9.23294574022293091e-2 6.87385557098646327e0 6.87384843826293945e0 6.87385988235473633e0 7.82807660471007694e-7 2.10603076311599580e-7 6 6
-7.39862248301506042e-2 1.48013359145779226e1 1.48013362884521484e1 1.48013420104980469e1 1.62919363333458023e-7 2.94049584681488341e-7 9 9
2.02768087387084961e-1 4.95946901272352036e0 4.95946311950683594e0 4.95946455001831055e0 3.85443371442306670e-7 1.35103860543495102e-7 8 10
1.73342600464820862e-1 -1.42892827523756427e1 -1.42892875671386719e1 -1.42892913818359375e1 5.56309998955839546e-7 7.15255737304687500e-7 11 11
2.14529544115066528e-1 -2.09987371378499539e1 -2.09987373352050781e1 -2.09987373352050781e1 1.12851455469353823e-6 9.21885145999112865e-7 5 5
-9.06101167201995850e-2 -2.09989664976522370e1 -2.09989681243896484e1 -2.09989681243896484e1 3.73522453855912318e-7 2.22524008108848648e-7 8 8
-1.92506760358810425e-1 -2.09987881367633342e1 -2.09987888336181641e1 -2.09987888336181641e1 8.10623191682680044e-7 4.29153431014128728e-7 7 7
-2.07328632473945618e-1 -2.09987829340455114e1 -2.09987888336181641e1 -2.09987888336181641e1 2.00271597350365482e-6 4.76837158203125000e-7 5 5
-6.25019147992134094e-2 2.08160867880573051e1 2.08161029815673828e1 2.08161029815673828e1 6.70843292027711868e-7 6.76664058119058609e-7 9 9
1.24116115272045135e-1 2.09995237434383171e1 2.09995307922363281e1 2.09995307922363281e1 2.38418579101562500e-7 2.38418579101562500e-7 13 13
-1.04247704148292542e-2 2.09988265738190663e1 2.09988250732421875e1 2.09988250732421875e1 1.86761226927956159e-7 1.58945724137993238e-7 8 8
-1.72940760850906372e-1 1.07677635965125429e1 1.07677602767944336e1 1.07677698135375977e1 7.54992186102754204e-7 8.34465026855468750e-7 14 14
-9.59143042564392090e-2 1.03865948869491174e1 1.03866004943847656e1 1.03866004943847656e1 8.74201475653535454e-7 5.06406649947166443e-7 7 7
-1.41971334815025330e-1 1.89888855517634845e1 1.89888935089111328e1 1.89888954162597656e1 1.39872236104565673e-6 6.67572010115691228e-7 9 9
-2.10104167461395264e-1 2.09988428574281656e1 2.09988441467285156e1 2.09988441467285156e1 4.60942572999556432e-7 3.02679836750030518e-7 6 6
-2.36350074410438538e-2 2.09988446070390182e1 2.09988441467285156e1 2.09988441467285156e1 6.75519288506620796e-7 2.22524008108848648e-7 9 9
5.78545108437538147e-2 2.09987849020532202e1 2.09987850189208984e1 2.09987850189208984e1 2.22524008108848648e-7 9.93410722571752558e-8 8 8
-1.01141154766082764e-1 1.22063313859185341e0 1.22065937519073486e0 1.22066295146942139e0 9.93410722571752558e-8 1.50998431536208955e-7 5 5
1.33715227246284485e-1 -1.63178569811910101e1 -1.63178615570068359e1 -1.63178634643554688e1 6.43730174942902522e-7 3.17891448275986477e-7 13 13
-4.79845218360424042e-2 -2.09905039641374600e1 -2.09905147552490234e1 -2.09905147552490234e1 4.76837158203125000e-7 4.76837158203125000e-7 11 11
1.83181285858154297e-1 -2.09989155047251081e1 -2.09989166259765625e1 -2.09989166259765625e1 5.56309998955839546e-7 1.98682144514350512e-7 6 6
-5.94864636659622192e-2 -2.09987866262928016e1 -2.09987888336181641e1 -2.09987888336181641e1 5.64257277346769115e-7 2.82307155430316925e-7 13 13
-9.08062458038330078e-2 -2.09987835703341013e1 -2.09987888336181641e1 -2.09987888336181641e1 4.25179791818663944e-7 2.38418579101562500e-7 10 10
-1.42836898565292358e-1 -2.09987538868045931e1 -2.09987545013427734e1 -2.09987545013427734e1 1.70071916727465577e-6 1.58945724137993238e-7 7 7
1.91794540733098984e-2 1.34361830577025056e1 1.34361906051635742e1 1.34361782073974609e1 7.47044907711824635e-7 3.65575147043273319e-7 12 12
-2.01562196016311646e-1 2.09989882968775525e1 2.09989891052246094e1 2.09989891052246094e1 7.47044907711824635e-7 4.52995294608626864e-7 6 6
-1.86019927263259888e-1 2.09989984842397597e1 2.09989891052246094e1 2.09989891052246094e1 9.05990589217253728e-7 3.97364289028701023e-7 4 4
-1.98293477296829224e-1 2.09987873159379852e1 2.09987888336181641e1 2.09987888336181641e1 1.03314721400238341e-6 3.17891448275986477e-7 4 4
1.76843971014022827e-1 2.09987831293880909e1 2.09987888336181641e1 2.09987888336181641e1 2.38418579101562500e-7 2.38418579101562500e-7 11 11
-1.83128029108047485e-1 2.09987841498844432e1 2.09987888336181641e1 2.09987888336181641e1 1.70866641724387591e-7 1.58945724137993238e-7 7 7
-5.35718426108360291e-2 2.09987544859218360e1 2.09987583160400391e1 2.09987583160400391e1 3.25838726666916045e-7 3.57627882863198465e-8 7 7
-5.25127090513706207e-2 3.95241648879194374e0 3.95242547988891602e0 3.95242857933044434e0 4.17232506322307017e-8 1.19209289550781250e-7 4 3
-1.01518839597702026e-1 3.10991430081531872e0 3.10991621017456055e0 3.10991120338439941e0 1.90734866123420943e-7 2.94049584681488341e-7 3 3
-2.41843014955520630e-2 3.78314275476716233e0 3.78314852714538574e0 3.78314566612243652e0 1.66893002528922807e-7 1.58945724137993238e-7 11 11
2.43005767464637756e-1 -1.26121584112443124e1 -1.26121540069580078e1 -1.26121549606323242e1 1.41461691782751586e-6 2.06629437116134795e-7 11 11
-1.96025475859642029e-1 -2.01532391908787218e1 -2.01532344818115234e1 -2.01532402038574219e1 3.13917809080521693e-7 1.58945724137993238e-7 14 14
-1.76513597369194031e-1 -6.15908396647138634e0 -6.15907478332519531e0 -6.15908575057983398e0 8.42412305246398319e-7 2.06629437116134795e-7 8 8
-1.69488370418548584e-1 1.32303096244332981e1 1.32303161621093750e1 1.32303085327148438e1 2.30471300710632931e-6 9.37779759624390863e-7 8 8
-1.15431714802980423e-2 1.93661282246129716e1 1.93661327362060547e1 1.93661308288574219e1 1.35103857701324159e-6 9.53674316406250000e-7 15 15
2.19750642776489258e-1 5.00952493974368585e-1 5.00947177410125732e-1 5.00949621200561523e-1 6.11941004535765387e-7 8.74201475653535454e-7 9 9
4.95318025350570679e-2 -2.08186638378777573e1 -2.08186740875244141e1 -2.08186779022216797e1 1.11261999791167909e-6 1.27156579310394591e-6 8 8
4.12610992789268494e-2 -2.09992475581062870e1 -2.09992561340332031e1 -2.09992561340332031e1 7.78834021275542909e-7 3.17891448275986477e-7 9 9
-2.49719873070716858e-1 -2.09988057798258225e1 -2.09988059997558594e1 -2.09988059997558594e1 3.97364289028701023e-7 2.30471286499778216e-7 15 15
1.40110105276107788e-1 -1.59080766336270130e0 -1.59078443050384521e0 -1.59078729152679443e0 2.53319740295410156e-7 8.34465012644614035e-8 10 10
-9.67734009027481079e-2 9.07548580494854562e0 9.07548332214355469e0 9.07548236846923828e0 2.94049584681488341e-7 1.62919363333458023e-7 3 3
-1.23615689575672150e-1 1.41845037409226382e1 1.41845016479492188e1 1.41845045089721680e1 8.02675856448331615e-7 5.32468163783050841e-7 11 11
2.14087024331092834e-1 3.33856187840293606e0 3.33855581283569336e0 3.33855748176574707e0 3.97364289028701023e-7 3.09944141463347478e-7 9 9
-1.73915773630142212e-1 -4.14830169303051655e0 -4.14830827713012695e0 -4.14830780029296875e0 1.19209289550781250e-7 1.13248823652156716e-7 13 13
-4.06872369349002838e-2 2.35012492052306621e-1 2.35009416937828064e-1 2.35007762908935547e-1 4.88758075789519353e-7 1.62919363333458023e-7 6 6
1.96137577295303345e-1 -5.75095454981593157e0 -5.75095605850219727e0 -5.75096416473388672e0 5.00678993375913706e-7 2.14576715507064364e-7 9 9
2.14005410671234131e-2 -1.48736956416773349e1 -1.48736925125122070e1 -1.48737039566040039e1 4.37100737826767727e-7 3.17891448275986477e-7 8 8
-1.44796043634414673e-1 -1.08495594133043962e1 -1.08495559692382812e1 -1.08495655059814453e1 5.56309998955839546e-7 6.35782896551972954e-7 13 13
-2.75418311357498169e-2 2.48934519392904541e0 2.48934888839721680e0 2.48934793472290039e0 1.66893002528922807e-7 2.38418579101562500e-7 5 5
5.04000969231128693e-2 8.67610005226384295e0 8.67610263824462891e0 8.67610359191894531e0 3.57627868652343750e-7 1.19209289550781250e-7 10 10
-1.63541719317436218e-1 1.40171926509189024e1 1.40171937942504883e1 1.40171985626220703e1 3.17891448275986477e-7 2.86102306290558772e-7 12 12
-1.50686293840408325e-1 2.09351963931048104e1 2.09352092742919922e1 2.09352092742919922e1 1.25567123632208677e-6 6.35782896551972954e-7 8 8
1.07099805027246475e-2 2.09980204889989892e1 2.09980220794677734e1 2.09980220794677734e1 6.43730174942902522e-7 4.05311595841340022e-7 14 14
1.47942736744880676e-1 6.01499280358296673e0 6.01497030258178711e0 6.01498937606811523e0 5.16573607001191704e-7 5.88099169362976681e-7 7 7
-6.41811825335025787e-3 -1.22119277691546380e1 -1.22119407653808594e1 -1.22119398117065430e1 5.88099146625609137e-6 5.24520874023437500e-6 5 5
-2.51671415753662586e-4 -1.77768848431352851e1 -1.77768936157226562e1 -1.77768955230712891e1 6.51677464702515863e-6 6.43730163574218750e-6 11 11
2.04670682549476624e-1 -2.09986027230026195e1 -2.09986057281494141e1 -2.09986057281494141e1 1.54177348576922668e-6 3.49680590261414181e-7 7 7
8.00913646817207336e-2 -2.09988705621925931e1 -2.09988708496093750e1 -2.09988708496093750e1 1.30335490666766418e-6 6.67572010115691228e-7 4 4
2.01675236225128174e-1 -2.09987864110176936e1 -2.09987850189208984e1 -2.09987850189208984e1 5.03496266901493073e-7 1.06493632756610168e-6 4 4
8.51858854293823242e-2 -2.09987837997365467e1 -2.09987850189208984e1 -2.09987850189208984e1 7.78834021275542909e-7 8.74201475653535454e-7 10 10
1.51459231972694397e-1 -2.09987841649476650e1 -2.09987850189208984e1 -2.09987850189208984e1 4.60942572999556432e-7 5.88099169362976681e-7 4 4
-1.93402752280235291e-1 -2.09987841844550545e1 -2.09987850189208984e1 -2.09987850189208984e1 2.78154999477919773e-7 1.74840295130707091e-7 11 11
-9.25857648253440857e-2 -2.09987841832050428e1 -2.09987850189208984e1 -2.09987850189208984e1 3.01996863072417909e-7 6.51677453333832091e-7 7 7
-1.97511285543441772e-1 -2.09987841832020834e1 -2.09987850189208984e1 -2.09987850189208984e1 1.28746034988580504e-6 4.29153431014128728e-7 4 4
1.37519970536231995e-1 -2.09953479981576336e1 -2.09953517913818359e1 -2.09953517913818359e1 9.05990589217253728e-7 1.82787573521636659e-7 9 9
3.65268923342227936e-2 1.28668340696757042e1 1.28668575286865234e1 1.28668413162231445e1 5.80151890972047113e-7 1.54972070731673739e-7 16 16
4.36903834342956543e-2 9.52625786792750673e-2 9.52489599585533142e-2 9.52484235167503357e-2 8.90096032435394591e-7 3.04135028272867203e-7 5 5
-1.44154727458953857e-1 -9.29189030798285520e-1 -9.29200351238250732e-1 -9.29207503795623779e-1 1.86761226927956159e-7 1.11262004054424324e-7 10 10
-3.06585095822811127e-2 8.05289912662191298e0 8.05289745330810547e0 8.05288791656494141e0 7.39097572477476206e-7 2.06629437116134795e-7 9 9
-2.38016009330749512e-1 2.07107428059375565e1 2.07107505798339844e1 2.07107486724853516e1 7.69796315580606461e-7 7.72706698626279831e-7 10 10
1.48707628250122070e-2 2.09990701854353148e1 2.09990711212158203e1 2.09990711212158203e1 7.54992186102754204e-7 2.30471286499778216e-7 12 12
-1.25474706292152405e-1 2.09988023692964525e1 2.09988040924072266e1 2.09988040924072266e1 3.65575147043273319e-7 1.50998431536208955e-7 8 8
-1.73851579427719116e-1 2.09987829940809512e1 2.09987831115722656e1 2.09987831115722656e1 7.31150294086546637e-7 6.83466566897550365e-7 6 6
-1.72524124383926392e-1 2.09987840746783512e1 2.09987831115722656e1 2.09987831115722656e1 2.30471300710632931e-6 1.00135798675182741e-6 3 3
-1.04563020169734955e-1 2.09987841881981900e1 2.09987831115722656e1 2.09987831115722656e1 1.81198117843450746e-6 2.06629437116134795e-7 9 9
-1.45439356565475464e-1 2.09987841853228119e1 2.09987831115722656e1 2.09987831115722656e1 1.08083088434796082e-6 4.45048016217697295e-7 10 10
1.73628166317939758e-1 2.09987335326530129e1 2.09987354278564453e1 2.09987354278564453e1 5.04652632571378490e-7 3.17891448275986477e-7 25 15
4.27370108664035797e-2 -1.80894048628696389e1 -1.80893535614013672e1 -1.80893573760986328e1 1.41461691782751586e-6 6.51677453333832091e-7 10 10
-5.64345233142375946e-2 -2.09993794101900413e1 -2.09993782043457031e1 -2.09993782043457031e1 4.60942572999556432e-7 5.16573607001191704e-7 11 11
-5.53354360163211823e-2 -2.09988930813374033e1 -2.09988937377929688e1 -2.09988937377929688e1 5.32468163783050841e-7 1.82787573521636659e-7 11 11
-9.72446501255035400e-2 -2.09987825406088184e1 -2.09987831115722656e1 -2.09987831115722656e1 2.62260442696060636e-7 2.46365857492492069e-7 7 7
-2.81779859215021133e-2 -3.05021872920028825e0 -3.05027079582214355e0 -3.05034732818603516e0 3.77496093051377102e-7 8.74201475653535454e-8 6 6
1.56211778521537781e-1 -2.17346009064281054e0 -2.17346501350402832e0 -2.17347764968872070e0 5.08626328610262135e-7 3.09944141463347478e-7 5 5
2.17016059905290604e-2 -1.48691880678830639e1 -1.48691864013671875e1 -1.48691911697387695e1 3.81469732246841886e-7 4.60942572999556432e-7 10 10
-1.72235090285539627e-2 -1.85074162700078517e1 -1.85074176788330078e1 -1.85074234008789062e1 2.66234081891525420e-7 2.86102306290558772e-7 14 14
1.56280681490898132e-1 -2.03332330102611891e1 -2.03332309722900391e1 -2.03332386016845703e1 4.05311595841340022e-7 5.08626328610262135e-7 9 9
2.17261090874671936e-1 -2.09987782833657448e1 -2.09987792968750000e1 -2.09987792968750000e1 1.82787573521636659e-7 7.62939464493683772e-7 8 8
1.26020893454551697e-1 -2.09988030815817162e1 -2.09988040924072266e1 -2.09988040924072266e1 1.82787573521636659e-6 5.24520885392121272e-7 3 3
4.24172282218933105e-2 -2.09987845738149659e1 -2.09988040924072266e1 -2.09988040924072266e1 1.19209289550781250e-6 7.94728578057402046e-7 9 9
1.55227586627006531e-1 -2.09987841003534328e1 -2.09988040924072266e1 -2.09988040924072266e1 7.94728578057402046e-7 7.94728578057402046e-7 2 2
-1.84692129492759705e-1 -2.09987841802091033e1 -2.09988040924072266e1 -2.09988040924072266e1 7.94728578057402046e-7 7.94728578057402046e-7 10 10
-4.80348430573940277e-2 -2.09987841840632186e1 -2.09988040924072266e1 -2.09988040924072266e1 7.94728578057402046e-7 7.94728578057402046e-7 9 9
-8.16252157092094421e-2 -1.58067411648407798e1 -1.58059272766113281e1 -1.58061456680297852e1 1.09672544112981996e-6 6.51677453333832091e-7 6 6
-8.98813083767890930e-2 2.09880332669860081e1 2.09880352020263672e1 2.09880352020263672e1 1.04109449239331298e-6 5.16573607001191704e-7 4 4
-6.73732161521911621e-2 2.09994734976567017e1 2.09994735717773438e1 2.09994735717773438e1 4.76837158203125000e-7 3.89417010637771455e-7 11 11
2.13868051767349243e-1 2.09988170945984542e1 2.09988174438476562e1 2.09988174438476562e1 5.24520885392121272e-7 3.49680590261414181e-7 11 11
-1.64841949939727783e-1 2.09987799365318075e1 2.09987812042236328e1 2.09987812042236328e1 2.46365857492492069e-7 1.01327898960335006e-7 13 13
6.70474842190742493e-2 -2.40978070562290903e0 -2.40970420837402344e0 -2.40972471237182617e0 2.98023223876953125e-7 1.39077499738959887e-7 4 4
-1.68102487921714783e-1 1.01359722512335826e0 1.01358258724212646e0 1.01358461380004883e0 1.28746034988580504e-6 2.94049584681488341e-7 5 5
-1.67147755622863770e-1 1.65278300202932016e1 1.65278301239013672e1 1.65278263092041016e1 8.10623191682680044e-7 3.01996863072417909e-7 11 11
5.33779710531234741e-3 2.09833035372110999e1 2.09833087921142578e1 2.09833049774169922e1 7.94728578057402046e-7 5.14410203322768211e-7 13 13
1.43731543794274330e-2 1.58876361842078087e1 1.58876562118530273e1 1.58876581192016602e1 1.88748046525688551e-7 1.98682144514350512e-7 14 14
9.22460705041885376e-2 -2.10638103836515134e0 -2.10637593269348145e0 -2.10637688636779785e0 2.22524008108848648e-7 2.22524008108848648e-7 8 8
1.47408097982406616e-2 -1.54128336674286075e1 -1.54128370285034180e1 -1.54128379821777344e1 8.02675856448331615e-7 2.62260442696060636e-7 8 8
6.42696246504783630e-2 -2.08315887443018859e1 -2.08315982818603516e1 -2.08316001892089844e1 1.02519993561145384e-6 6.35782896551972954e-7 5 5
1.84932965785264969e-2 -2.05434766571641099e1 -2.05434703826904297e1 -2.05434780120849609e1 5.40415442173980409e-7 4.29153431014128728e-7 14 14
1.71164929866790771e-1 -2.09917573276728966e1 -2.09917564392089844e1 -2.09917602539062500e1 1.06493632756610168e-6 4.45048016217697295e-7 7 7
-8.56056436896324158e-2 -1.80518995209376527e1 -1.80518913269042969e1 -1.80519046783447266e1 2.02655797920670011e-7 3.97364289028701023e-7 12 12
-1.21648006141185760e-1 3.43809740401528674e-1 3.43813836574554443e-1 3.43810260295867920e-1 5.56309998955839546e-7 2.22524008108848648e-7 15 15
-3.44263538718223572e-2 1.55089227609554676e1 1.55089254379272461e1 1.55089225769042969e1 1.08083088434796082e-6 3.73522453855912318e-7 8 8
9.38745811581611633e-2 1.55920921659403326e1 1.55920925140380859e1 1.55920906066894531e1 5.56309998955839546e-7 1.19209289550781250e-7 12 10
2.06786483526229858e-1 -2.45595730484054986e0 -2.45596194267272949e0 -2.45595979690551758e0 1.22388200907153077e-6 5.24520885392121272e-7 6 6
-1.09118081629276276e-1 -1.22106323090402142e1 -1.22106447219848633e1 -1.22106494903564453e1 5.52336359760374762e-6 5.24520874023437500e-6 9 9
-1.57952636480331421e-1 3.70143965894354721e-1 3.70161235332489014e-1 3.70155036449432373e-1 2.54313164305131068e-7 3.01996863072417909e-7 8 8
-3.31091927364468575e-3 1.41432012730435268e1 1.41432027816772461e1 1.41432018280029297e1 2.47382558882236481e-7 4.13258874232269591e-7 9 9
1.01300226524472237e-2 1.68366197994929543e1 1.68366241455078125e1 1.68366241455078125e1 3.97364289028701023e-7 2.38418579101562500e-7 12 12
-2.05429121851921082e-1 1.96539477050545308e1 1.96539554595947266e1 1.96539573669433594e1 4.17639967054128647e-7 4.09636413678526878e-7 10 10
2.11696282029151917e-1 9.80190996096669842e0 9.80191516876220703e0 9.80192947387695312e0 3.17891448275986477e-7 6.75519302717475512e-8 8 6
-1.24052137136459351e-1 -4.27655931410369783e-1 -4.27665144205093384e-1 -4.27640497684478760e-1 2.58286803500595852e-7 1.23182928746246034e-7 8 8
2.31366500258445740e-1 -1.37970861586057616e1 -1.37971038818359375e1 -1.37970905303955078e1 4.37100743511109613e-6 4.37100743511109613e-6 12 12
-5.52166812121868134e-2 -1.95722275269497921e1 -1.95722198486328125e1 -1.95722198486328125e1 4.13258874232269591e-7 3.57627868652343750e-7 16 16
7.21268206834793091e-2 -1.89039289888768351e1 -1.89039287567138672e1 -1.89039363861083984e1 4.52995294608626864e-7 1.58945724137993238e-7 13 13
1.90765596926212311e-2 -1.51376831286869411e1 -1.51376800537109375e1 -1.51376905441284180e1 1.58945724137993238e-7 1.19209289550781250e-7 14 14
2.93314512819051743e-2 -1.11010824167426136e1 -1.11010837554931641e1 -1.11010913848876953e1 9.13937867608183296e-7 1.11261999791167909e-6 5 5
5.25603294372558594e-2 -9.04490325931742767e0 -9.04490375518798828e0 -9.04491043090820312e0 4.33127098631302943e-7 8.65838956087827682e-8 3 3
9.84527692198753357e-2 -1.04176248164369341e1 -1.04176349639892578e1 -1.04176425933837891e1 6.75519288506620796e-7 3.57627868652343750e-7 4 4
2.19339206814765930e-1 -1.75554970158360568e1 -1.75555095672607422e1 -1.75555152893066406e1 8.90096032435394591e-7 6.83466566897550365e-7 10 10
2.15907961130142212e-1 -2.09986793610566060e1 -2.09986801147460938e1 -2.09986801147460938e1 1.30335490666766418e-6 3.33786005057845614e-7 5 5
-1.78509011864662170e-1 -2.09988789834949863e1 -2.09988803863525391e1 -2.09988803863525391e1 2.22524008108848648e-7 2.54313164305131068e-7 9 9
-9.30022746324539185e-2 3.36913666581013649e0 3.36913251876831055e0 3.36911273002624512e0 1.05698904917517211e-6 4.92731714984984137e-7 8 8
8.44338443130254745e-4 2.09975904186171576e1 2.09975910186767578e1 2.09975910186767578e1 2.78154999477919773e-7 1.84809323400259018e-7 11 11
4.04810383915901184e-2 2.09991951820950646e1 2.09991950988769531e1 2.09991950988769531e1 6.07967365340300603e-7 1.19209289550781250e-7 8 8
-1.82506129145622253e-1 2.09987975860160354e1 2.09987983703613281e1 2.09987983703613281e1 9.69568873188109137e-7 4.52995294608626864e-7 7 7
9.68294814229011536e-2 2.09987820843098163e1 2.09987983703613281e1 2.09987983703613281e1 7.03334819718293147e-7 6.35782896551972954e-7 8 8
2.05367475748062134e-1 2.09987840795826486e1 2.09987983703613281e1 2.09987983703613281e1 5.56309998955839546e-7 5.56309998955839546e-7 6 6
-7.19947963953018188e-2 2.09987838822938784e1 2.09987983703613281e1 2.09987983703613281e1 5.56309998955839546e-7 5.56309998955839546e-7 13 13
-1.44288409501314163e-2 -6.55468497576354014e0 -6.55468988418579102e0 -6.55468654632568359e0 1.50998431536208955e-7 6.85453400706137472e-8 9 9
-4.80609796941280365e-2 -1.69385192909043081e0 -1.69385242462158203e0 -1.69385635852813721e0 2.38418579101562500e-7 1.90734866123420943e-7 10 10
-8.24473947286605835e-2 1.13293061658312570e1 1.13293104171752930e1 1.13293075561523438e1 1.66893005371093750e-6 1.31130218505859375e-6 4 4
-1.34002044796943665e-1 2.05525123362652202e1 2.05525112152099609e1 2.05525112152099609e1 1.90734866123420943e-7 9.05990589217253728e-7 9 9
-1.47401988506317139e-1 2.09989872257886780e1 2.09989891052246094e1 2.09989891052246094e1 9.53674316406250000e-7 2.94049584681488341e-7 5 5
-1.88123509287834167e-1 2.09988029783139787e1 2.09988040924072266e1 2.09988040924072266e1 2.46365857492492069e-6 2.62260442696060636e-7 4 4
-1.69945091009140015e-1 2.09987834937029163e1 2.09987831115722656e1 2.09987831115722656e1 1.57356259933294496e-6 4.92731714984984137e-7 3 3
-2.39228636026382446e-1 2.09987840811162307e1 2.09987831115722656e1 2.09987831115722656e1 3.49680590261414181e-7 8.58306862028257456e-7 3 3
8.02094414830207825e-2 2.09987841858113953e1 2.09987831115722656e1 2.09987831115722656e1 6.59624731724761659e-7 1.03314718558067398e-7 8 8
2.43656694889068604e-1 2.09987841851261194e1 2.09987831115722656e1 2.09987831115722656e1 1.11261999791167909e-6 6.83466566897550365e-7 8 6
-2.24812433123588562e-1 2.09987841847314023e1 2.09987831115722656e1 2.09987831115722656e1 5.56309998955839546e-7 2.14576715507064364e-7 10 10
2.08214685320854187e-1 2.09987841848415577e1 2.09987831115722656e1 2.09987831115722656e1 8.50359583637327887e-7 4.05311595841340022e-7 4 4
1.56847536563873291e-1 2.09972025319502933e1 2.09972038269042969e1 2.09972038269042969e1 2.82923383565503173e-6 9.37779759624390863e-7 5 5
-2.27253332734107971e-1 -2.09819129294358291e1 -2.09819355010986328e1 -2.09819355010986328e1 7.94728578057402046e-7 7.94728578057402046e-7 14 14
-2.25365117192268372e-1 -4.05527865703155488e0 -4.05502080917358398e0 -4.05506229400634766e0 1.06493632756610168e-6 1.04904177078424254e-6 10 10
2.49439939856529236e-1 9.54976689757704733e0 9.54979896545410156e0 9.54978847503662109e0 1.66893002528922807e-7 5.56310020272121619e-8 14 14
1.43031165003776550e-1 -5.73200606622844067e0 -5.73200750350952148e0 -5.73201131820678711e0 7.15255737304687500e-7 7.62939464493683772e-7 6 6
5.59477731585502625e-2 -2.07736388921546293e1 -2.07736377716064453e1 -2.07736415863037109e1 9.21885145999112865e-7 3.73522453855912318e-7 8 8
8.37942883372306824e-2 -2.09991280246297443e1 -2.09991416931152344e1 -2.09991416931152344e1 1.95503230315807741e-6 5.56309998955839546e-7 9 9
-1.93396374583244324e-1 -2.09970022130826734e1 -2.09970035552978516e1 -2.09970035552978516e1 2.86102306290558772e-7 2.30471286499778216e-7 13 13
8.91088228672742844e-3 6.87616710217546689e0 6.87620592117309570e0 6.87618017196655273e0 1.02519993561145384e-6 1.58945724137993238e-7 5 5
3.98474885150790215e-3 1.60050239452432912e1 1.60050201416015625e1 1.60050220489501953e1 3.53654229456878966e-7 2.58286803500595852e-7 14 14
-1.67690187692642212e-1 2.00758773397339212e1 2.00758819580078125e1 2.00758819580078125e1 1.27156579310394591e-6 1.27156579310394591e-6 11 11
1.19216360151767731e-1 1.59490605948290707e1 1.59490575790405273e1 1.59490585327148438e1 4.76837158203125000e-7 1.58945724137993238e-7 13 13
2.28171616792678833e-1 -4.96410725986193757e0 -4.96410512924194336e0 -4.96410369873046875e0 2.44776401814306155e-6 5.72204612581117544e-7 10 10
-1.33855789899826050e-2 -1.97911211867507610e1 -1.97911262512207031e1 -1.97911281585693359e1 7.15255737304687500e-7 9.05990589217253728e-7 14 14
-1.26405376940965652e-2 -1.96296921722136446e1 -1.96297016143798828e1 -1.96297073364257812e1 8.50359583637327887e-7 2.18550368913383863e-7 13 13
1.26253619790077209e-1 -1.66619699403832477e1 -1.66619815826416016e1 -1.66619853973388672e1 2.30471300710632931e-6 2.06629442800476681e-6 6 6
-8.26546549797058105e-2 -9.70867198104343743e0 -9.70866489410400391e0 -9.70867061614990234e0 4.37100737826767727e-7 1.64906182931190415e-7 11 11
-1.21933661401271820e-1 6.20997718942606358e0 6.20999002456665039e0 6.20997524261474609e0 2.38418579101562500e-7 1.27156582152565534e-7 6 6
-8.74108448624610901e-3 1.75311887410207738e1 1.75312004089355469e1 1.75311889648437500e1 5.56309998955839546e-7 4.13258874232269591e-7 9 9
-1.35620489716529846e-1 2.09987978910686834e1 2.09988002777099609e1 2.09988002777099609e1 5.32468163783050841e-7 2.94049584681488341e-7 5 5
-6.54035210609436035e-2 2.09988818657087641e1 2.09988842010498047e1 2.09988842010498047e1 4.84784436594054569e-7 4.84784436594054569e-7 3 3
-1.74372002482414246e-1 2.09987860143604799e1 2.09987850189208984e1 2.09987850189208984e1 8.10623191682680044e-7 4.45048016217697295e-7 5 5
4.99442555010318756e-2 2.09987837365176944e1 2.09987850189208984e1 2.09987850189208984e1 4.29153431014128728e-7 1.19209289550781250e-7 11 11
7.75965303182601929e-2 2.09987841575799585e1 2.09987850189208984e1 2.09987850189208984e1 1.19209289550781250e-7 3.33786005057845614e-7 11 11
-2.29575224220752716e-2 -7.28906810677339134e0 -7.28878116607666016e0 -7.28870820999145508e0 4.37100737826767727e-7 2.38418579101562500e-7 10 10
2.49187037348747253e-1 -2.09983014367401886e1 -2.09983024597167969e1 -2.09983024597167969e1 2.24113455260521732e-6 7.47044907711824635e-7 7 7
1.73895999789237976e-1 -2.09991233452659323e1 -2.09991245269775391e1 -2.09991245269775391e1 4.92731714984984137e-7 6.99361180522828363e-7 5 5
-1.41366615891456604e-1 -2.09987935924788438e1 -2.09987926483154297e1 -2.09987926483154297e1 3.09944141463347478e-7 1.74840295130707091e-7 8 8
-1.59327983856201172e-1 -2.09987824896088426e1 -2.09987926483154297e1 -2.09987926483154297e1 7.78834021275542909e-7 3.97364289028701023e-7 8 8
2.04543083906173706e-1 -2.09987841054515982e1 -2.09987926483154297e1 -2.09987926483154297e1 3.17891448275986477e-7 3.17891448275986477e-7 12 12
1.98067098855972290e-1 -2.09987841889659244e1 -2.09987926483154297e1 -2.09987926483154297e1 3.49680590261414181e-7 3.17891448275986477e-7 9 9
-2.32616201043128967e-1 -1.18926041648632896e1 -1.18925876617431641e1 -1.18925809860229492e1 3.49680590261414181e-6 3.37759661306336056e-6 10 10
1.31923377513885498e-1 -2.57955893749639298e0 -2.57955312728881836e0 -2.57956075668334961e0 1.39077499738959887e-7 1.98682155172491548e-8 6 6
-1.31698518991470337e-1 5.83016962225742841e0 5.83019208908081055e0 5.83016300201416016e0 2.58286803500595852e-7 2.86102306290558772e-7 7 6
1.32377326488494873e-1 7.07666485204542806e0 7.07670307159423828e0 7.07666110992431641e0 6.15914643731230171e-8 7.94728620689966192e-8 12 12
-3.29149328172206879e-3 1.11712203033031776e0 1.11714708805084229e0 1.11711919307708740e0 2.06629437116134795e-7 1.39077499738959887e-7 8 8
-1.55014544725418091e-1 6.36320836149508828e0 6.36321640014648438e0 6.36321640014648438e0 4.21206152623199159e-7 1.50998431536208955e-7 10 11
2.71616242825984955e-2 1.26535479197737413e1 1.26535463333129883e1 1.26535577774047852e1 4.92731714984984137e-7 4.45048016217697295e-7 8 8
-1.80663451552391052e-1 1.92060182297093185e1 1.92060108184814453e1 1.92060222625732422e1 8.58306862028257456e-7 6.99361180522828363e-7 11 11
-2.19086989760398865e-1 2.09988118943561659e1 2.09988117218017578e1 2.09988117218017578e1 2.22523999582335819e-6 8.42412305246398319e-7 7 7
-1.56116038560867310e-1 2.09988364478005067e1 2.09988384246826172e1 2.09988384246826172e1 7.94728578057402046e-7 5.08626328610262135e-7 3 3
7.94123709201812744e-2 2.09987850668836629e1 2.09987850189208984e1 2.09987850189208984e1 6.19888282926694956e-7 3.57627868652343750e-7 9 9
3.59411351382732391e-4 2.09987839479753831e1 2.09987850189208984e1 2.09987850189208984e1 4.68889879812195431e-7 2.98023223876953125e-7 9 9
-1.32786348462104797e-1 2.09987841736963823e1 2.09987850189208984e1 2.09987850189208984e1 1.20202699349647446e-7 8.54333208621937956e-8 8 8
-8.65847244858741760e-2 4.88022761326328869e0 4.88020610809326172e0 4.88022041320800781e0 7.94728578057402046e-7 2.14576715507064364e-7 9 9
1.81446895003318787e-1 -1.04136775999335072e1 -1.04136753082275391e1 -1.04136972427368164e1 4.76837158203125000e-7 4.76837158203125000e-7 10 13
1.73340011388063431e-2 -2.04818080777556908e1 -2.04818058013916016e1 -2.04818210601806641e1 4.21206152623199159e-7 4.84784436594054569e-7 12 11
-4.49554668739438057e-3 -2.09990011941747738e1 -2.09990043640136719e1 -2.09990043640136719e1 3.49680590261414181e-7 2.14576715507064364e-7 10 10
1.67990371584892273e-1 -2.09988052987469587e1 -2.09988059997558594e1 -2.09988059997558594e1 1.95503230315807741e-6 6.51677453333832091e-7 5 5
-2.02890381217002869e-1 -2.09987834541969214e1 -2.09987831115722656e1 -2.09987831115722656e1 1.07288357753532182e-7 8.74201475653535454e-8 17 13
1.00679695606231689e-3 -1.75837853027184110e1 -1.75835170745849609e1 -1.75838317871093750e1 6.43730174942902522e-7 3.33786005057845614e-7 7 7
-4.32627238333225250e-2 9.98220233678109103e0 9.98223209381103516e0 9.98220634460449219e0 5.32468163783050841e-7 4.92731714984984137e-7 4 4
2.32451543211936951e-1 -5.74671260391936625e-2 -5.74766620993614197e-2 -5.74668981134891510e-2 1.28746034988580504e-6 5.56309998955839546e-7 8 8
3.26876454055309296e-2 -1.47027029139653607e1 -1.47027072906494141e1 -1.47027082443237305e1 5.64257277346769115e-7 4.60942572999556432e-7 9 9
2.27466132491827011e-2 -1.91283602552554228e1 -1.91283569335937500e1 -1.91283626556396484e1 1.58945724137993238e-7 2.14576715507064364e-7 17 17
-7.47723132371902466e-2 -1.09436395291318149e1 -1.09436359405517578e1 -1.09436426162719727e1 9.93410708360897843e-7 9.13937867608183296e-7 9 9
2.33924180269241333e-1 -1.06937608053852955e1 -1.06937513351440430e1 -1.06937570571899414e1 5.56309998955839546e-7 5.08626328610262135e-7 8 8
-2.34640702605247498e-1 -1.94676195814238562e0 -1.94675385951995850e0 -1.94676005840301514e0 1.19209289550781250e-7 1.50998431536208955e-7 5 5
-1.88750088214874268e-1 1.74242939464166646e1 1.74243144989013672e1 1.74243068695068359e1 4.37100743511109613e-6 4.68889857074827887e-6 13 13
-1.14800825715065002e-1 2.09989886573082316e1 2.09989891052246094e1 2.09989891052246094e1 2.19345088225963991e-6 8.10623191682680044e-7 6 6
-2.31233790516853333e-1 2.09988920466140776e1 2.09988937377929688e1 2.09988937377929688e1 9.45727060752687976e-6 1.04904174804687500e-5 3 3
1.97912096977233887e-1 2.09987852690826173e1 2.09987850189208984e1 2.09987850189208984e1 3.41733283448775182e-7 4.43833414465188980e-8 9 9
-2.39249944686889648e-1 2.09987836695537347e1 2.09987850189208984e1 2.09987850189208984e1 2.54313164305131068e-7 2.78154999477919773e-7 6 6
9.68780964612960815e-2 2.09987841700294098e1 2.09987850189208984e1 2.09987850189208984e1 1.13248823652156716e-7 7.94728620689966192e-8 14 14
1.33677765727043152e-1 2.01261217359423519e1 2.01260814666748047e1 2.01260910034179688e1 1.35103860543495102e-7 4.29153431014128728e-7 13 13
9.75428223609924316e-2 -2.09832411495398325e1 -2.09832458496093750e1 -2.09832458496093750e1 8.58306862028257456e-7 1.03314721400238341e-6 5 5
8.22928771376609802e-2 -2.09995221332350823e1 -2.09995212554931641e1 -2.09995212554931641e1 1.57356259933294496e-6 2.70207721086990205e-7 10 10
1.72451972961425781e-1 -2.09988215110980150e1 -2.09988212585449219e1 -2.09988212585449219e1 1.44640603139123414e-6 5.72204612581117544e-7 4 4
2.35033407807350159e-1 -2.09987796590153550e1 -2.09987812042236328e1 -2.09987812042236328e1 1.12851455469353823e-6 4.92731714984984137e-7 5 5
1.01552069187164307e-1 -2.09987839163158050e1 -2.09987812042236328e1 -2.09987812042236328e1 7.47044907711824635e-7 8.42412305246398319e-7 8 8
7.46413171291351318e-2 -2.09987841991325439e1 -2.09987812042236328e1 -2.09987812042236328e1 7.54992186102754204e-7 1.78813934326171875e-7 10 10
-4.27965335547924042e-2 -2.09987841844061762e1 -2.09987812042236328e1 -2.09987812042236328e1 1.90734866123420943e-7 1.58945724137993238e-7 13 13
2.15499609708786011e-1 -2.09987841828964008e1 -2.09987812042236328e1 -2.09987812042236328e1 3.81469732246841886e-7 1.58945724137993238e-7 7 7
9.77459028363227844e-2 -2.09987841830544397e1 -2.09987812042236328e1 -2.09987812042236328e1 4.80810797398589784e-7 1.70866641724387591e-7 4 4
1.16371288895606995e-1 -2.09987841831813284e1 -2.09987812042236328e1 -2.09987812042236328e1 1.00135798675182741e-6 3.57627868652343750e-7 2 2
3.61327379941940308e-2 -2.09987841832980280e1 -2.09987812042236328e1 -2.09987812042236328e1 2.30471286499778216e-7 2.38418579101562500e-7 9 9
-3.80002148449420929e-2 -2.09979385200707647e1 -2.09979381561279297e1 -2.09979381561279297e1 3.13917809080521693e-7 7.15255765726396930e-8 10 10
-1.87643021345138550e-1 1.98085239340147865e1 1.98085021972656250e1 1.98085117340087891e1 1.65303549692907836e-6 5.88099169362976681e-7 11 11
1.05721570551395416e-1 2.09994745229775788e1 2.09994735717773438e1 2.09994735717773438e1 9.61621594797179569e-7 2.78154999477919773e-7 14 14
-1.88619479537010193e-1 2.09988515749349887e1 2.09988517761230469e1 2.09988517761230469e1 8.66254197262605885e-7 1.04904177078424254e-6 5 5
-2.15910404920578003e-1 2.09987807783108877e1 2.09987812042236328e1 2.09987812042236328e1 1.30335490666766418e-6 5.56309998955839546e-7 6 6
-1.36702314019203186e-1 2.09987837901252448e1 2.09987812042236328e1 2.09987812042236328e1 3.65575147043273319e-7 3.49680590261414181e-7 2 2
1.99760049581527710e-1 2.09987841931065446e1 2.09987812042236328e1 2.09987812042236328e1 3.81469732246841886e-7 1.58945724137993238e-7 9 9
2.20764517784118652e-1 2.09987841865794707e1 2.09987812042236328e1 2.09987812042236328e1 2.27292389354261104e-6 9.05990589217253728e-7 4 4
1.76804825663566589e-1 2.09987841846539567e1 2.09987812042236328e1 2.09987812042236328e1 5.40415442173980409e-7 6.35782896551972954e-7 5 5
1.61557927727699280e-1 2.09987841847650110e1 2.09987812042236328e1 2.09987812042236328e1 6.99361180522828363e-7 1.03314721400238341e-6 9 9
-1.70571073889732361e-1 2.09987841848690486e1 2.09987812042236328e1 2.09987812042236328e1 2.18550368913383863e-7 1.58945724137993238e-7 8 8
-2.07258477807044983e-1 1.56393963187220493e1 1.56395606994628906e1 1.56395120620727539e1 1.28746034988580504e-6 2.70207721086990205e-7 11 11
2.07044377923011780e-1 1.32527687781988757e1 1.32527856826782227e1 1.32527799606323242e1 4.52995294608626864e-7 1.07288357753532182e-7 12 12
1.68559789657592773e-1 1.46818892569233905e0 1.46818172931671143e0 1.46818757057189941e0 5.56309998955839546e-7 3.41733283448775182e-7 10 10
9.20312032103538513e-2 -1.48901588091724602e1 -1.48901653289794922e1 -1.48901596069335938e1 4.37100737826767727e-7 3.25838726666916045e-7 8 8
-1.41892090439796448e-1 -1.34837910279730693e1 -1.34837913513183594e1 -1.34837932586669922e1 3.57627868652343750e-7 1.19209289550781250e-7 12 12
1.87551110982894897e-1 -1.02898958136084300e1 -1.02898988723754883e1 -1.02898969650268555e1 2.38418579101562500e-7 1.19209289550781250e-7 8 8
1.42281815409660339e-1 -1.39864030721865973e1 -1.39864015579223633e1 -1.39864025115966797e1 4.29153431014128728e-7 7.94728620689966192e-8 10 10
2.47721269726753235e-1 -2.09981653931708614e1 -2.09981670379638672e1 -2.09981670379638672e1 9.61621594797179569e-7 3.73522453855912318e-7 7 7
-1.36249199509620667e-1 -2.09890423928054268e1 -2.09890537261962891e1 -2.09890537261962891e1 3.97364289028701023e-7 5.56309998955839546e-7 9 9
-7.24473893642425537e-2 1.28614412635335063e0 1.28615605831146240e0 1.28617036342620850e0 8.42412305246398319e-7 5.46375922283459659e-8 7 7
1.29965335130691528e-1 1.40533724094107857e1 1.40533838272094727e1 1.40533790588378906e1 2.98023223876953125e-6 2.54313158620789181e-6 16 16
1.71561703085899353e-1 4.64229658914794641e0 4.64228820800781250e0 4.64228725433349609e0 7.78834021275542909e-7 2.94049584681488341e-7 7 7
-1.41237378120422363e-1 -1.49741485106243244e-1 -1.49738758802413940e-1 -1.49744421243667603e-1 5.46375922283459659e-8 2.78155010136060810e-8 9 9
-2.58752666413784027e-2 7.81971574453530138e0 7.81971931457519531e0 7.81971263885498047e0 8.18570470073609613e-7 3.73522453855912318e-7 8 8
9.02152955532073975e-2 1.18999847123822651e1 1.19000043869018555e1 1.18999967575073242e1 3.73522448171570431e-6 3.41733289133117069e-6 8 8
2.37709090113639832e-1 -2.17188288707093546e0 -2.17188429832458496e0 -2.17188596725463867e0 1.22388200907153077e-6 2.70207721086990205e-7 8 8
-1.51768669486045837e-1 -8.57834930821002040e0 -8.57834148406982422e0 -8.57834434509277344e0 1.98682144514350512e-7 1.19209289550781250e-7 13 13
-1.16659685969352722e-1 4.24075583901535147e0 4.24076604843139648e0 4.24076318740844727e0 4.13258874232269591e-7 4.52995294608626864e-7 10 10
1.52308091521263123e-1 1.09555013371053782e1 1.09555177688598633e1 1.09555158615112305e1 1.19209289550781250e-6 8.34465026855468750e-7 8 8
2.37291246652603149e-1 -3.87363268699928387e0 -3.87362456321716309e0 -3.87362551689147949e0 1.65303549692907836e-6 5.56309998955839546e-7 7 7
-1.64980962872505188e-1 -1.08129298965316263e1 -1.08129243850708008e1 -1.08129272460937500e1 9.13937867608183296e-7 6.35782896551972954e-7 12 12
1.85265481472015381e-1 -1.29782401299155907e1 -1.29782381057739258e1 -1.29782390594482422e1 4.52995294608626864e-7 1.74840295130707091e-7 7 7
1.45518958568572998e-1 -1.74084917252336879e1 -1.74084949493408203e1 -1.74084987640380859e1 8.74201475653535454e-7 1.35103857701324159e-6 9 9
5.65382763743400574e-2 -1.90239343168060451e1 -1.90239334106445312e1 -1.90239334106445312e1 7.90754938861937262e-7 2.86102306290558772e-7 13 13
-5.15870051458477974e-3 -1.35057022004054748e1 -1.35057058334350586e1 -1.35057058334350586e1 1.23182928746246034e-7 1.94708505318885727e-7 13 13
-1.68133825063705444e-1 5.73519253519963446e0 5.73519086837768555e0 5.73519086837768555e0 6.83466566897550365e-7 5.08626328610262135e-7 10 10
1.56281426548957825e-1 1.52057289552888868e1 1.52057266235351562e1 1.52057294845581055e1 6.83466566897550365e-7 1.43051153145279386e-7 12 12
-3.32698896527290344e-2 1.49590733598225061e1 1.49590778350830078e1 1.49590797424316406e1 2.46365857492492069e-7 1.96695324916618119e-7 10 10
5.49597777426242828e-2 8.84502176936182849e0 8.84503269195556641e0 8.84503459930419922e0 7.15255765726396930e-8 7.94728620689966192e-8 11 11
4.18872535228729248e-2 2.44136756190981685e-1 2.44139313697814941e-1 2.44135409593582153e-1 3.01996863072417909e-7 7.94728620689966192e-8 10 9
-4.00872062891721725e-3 -4.32570935900474485e0 -4.32572412490844727e0 -4.32573080062866211e0 2.92062765083755949e-7 9.93410722571752558e-8 9 9
2.52291420474648476e-3 -2.97290968694456437e0 -2.97293162345886230e0 -2.97294068336486816e0 1.98682155172491548e-8 3.97364310344983096e-8 3 3
7.18006417155265808e-2 -3.75704139351972799e0 -3.75705933570861816e0 -3.75706887245178223e0 2.32458120308365324e-7 4.96705361285876279e-8 8 8
8.17668512463569641e-2 -8.67229975648293916e0 -8.67230796813964844e0 -8.67231369018554688e0 4.76837158203125000e-7 3.33786005057845614e-7 6 6
8.72674882411956787e-2 -1.39251140818795900e1 -1.39251146316528320e1 -1.39251155853271484e1 7.54992186102754204e-7 4.84784436594054569e-7 6 6
3.02169136703014374e-2 -1.47404043719105875e1 -1.47404031753540039e1 -1.47404022216796875e1 1.00930526514275698e-6 4.21206152623199159e-7 13 13
-7.21887424588203430e-2 -4.88308269808146900e0 -4.88308143615722656e0 -4.88307905197143555e0 3.25838726666916045e-7 1.27156582152565534e-7 10 10
1.46648317575454712e-1 -1.38608676320611357e0 -1.38612651824951172e0 -1.38608193397521973e0 5.96046447753906250e-8 6.95387498694799433e-8 10 8
-9.85172241926193237e-2 3.56061000470007993e0 3.56054878234863281e0 3.56061673164367676e0 1.47024792340744170e-7 9.53674330617104715e-8 8 8
2.32528120279312134e-1 -2.91357626171336204e0 -2.91361999511718750e0 -2.91357278823852539e0 1.11261999791167909e-6 7.15255765726396930e-8 8 8
-7.13235745206475258e-3 -9.90972806962363606e0 -9.90974235534667969e0 -9.90972709655761719e0 4.80810797398589784e-7 1.43051153145279386e-7 6 6
1.30552306771278381e-1 -1.43062609951557302e1 -1.43062582015991211e1 -1.43062629699707031e1 6.51677453333832091e-7 2.14576715507064364e-7 6 6
2.05376148223876953e-1 -2.01224300111336092e1 -2.01224231719970703e1 -2.01224365234375000e1 9.53674316406250000e-7 7.94728578057402046e-7 9 9
-1.38573527336120605e-1 -1.44698293874316555e1 -1.44698171615600586e1 -1.44698371887207031e1 2.38418579101562500e-7 1.98682144514350512e-7 17 17
2.05452498048543930e-2 1.10683155009082634e0 1.10684597492218018e0 1.10683012008666992e0 2.18550368913383863e-7 2.38418579101562500e-7 6 6
1.99771642684936523e-1 1.51823134117327507e0 1.51824402809143066e0 1.51823425292968750e0 4.84784436594054569e-7 6.03993726144835819e-7 8 8
-4.39994852058589458e-4 -3.78743487193358330e0 -3.78742361068725586e0 -3.78743028640747070e0 3.93390649833236239e-7 2.86102306290558772e-7 6 6
2.35602870583534241e-1 -1.27433102231422666e1 -1.27433023452758789e1 -1.27433052062988281e1 5.56309998955839546e-7 5.40415442173980409e-7 8 8
-2.54345294088125229e-2 -1.43589158492791018e1 -1.43589048385620117e1 -1.43589105606079102e1 2.94049584681488341e-7 1.58945724137993238e-7 15 15
2.08551108837127686e-1 -1.51375506471683643e1 -1.51375417709350586e1 -1.51375474929809570e1 9.61621594797179569e-7 1.19209289550781250e-7 8 8
1.56734183430671692e-1 -1.77582875564203455e1 -1.77582931518554688e1 -1.77582950592041016e1 4.21206141254515387e-6 3.65575147043273319e-6 7 7
8.41275975108146667e-2 -1.72223166510586232e1 -1.72223148345947266e1 -1.72223205566406250e1 1.50998437220550841e-6 1.58945715611480409e-6 11 11
1.05730466544628143e-1 -1.36107508511903852e1 -1.36107578277587891e1 -1.36107578277587891e1 5.24520885392121272e-7 1.27156582152565534e-7 12 12
1.21115200221538544e-1 -1.04746819446523531e1 -1.04746866226196289e1 -1.04746875762939453e1 6.75519288506620796e-7 5.16573607001191704e-7 2 2
-1.07580333948135376e-1 2.52579003285856762e0 2.52579474449157715e0 2.52579355239868164e0 2.74181360282454989e-7 2.10603076311599580e-7 8 8
-3.71372587978839874e-2 1.84134218723488416e1 1.84134235382080078e1 1.84134273529052734e1 5.56309998955839546e-7 5.56309998955839546e-7 11 11
2.24658757448196411e-1 1.63743165222167271e1 1.63743247985839844e1 1.63743286132812500e1 3.33786010742187500e-6 3.49680590261414181e-6 7 7
2.29105725884437561e-1 -2.82008373715281069e0 -2.82009196281433105e0 -2.82009100914001465e0 8.42412305246398319e-7 3.65575147043273319e-7 6 6
-1.73975765705108643e-1 -7.82688193200778048e0 -7.82687902450561523e0 -7.82687807083129883e0 4.27166611416396336e-7 1.37090680141227494e-7 10 10
9.51908975839614868e-2 -3.31596031382543011e-1 -3.31592440605163574e-1 -3.31592917442321777e-1 4.80810797398589784e-7 1.94708505318885727e-7 4 4
2.40634083747863770e-1 -4.65593550578053073e0 -4.65593767166137695e0 -4.65593385696411133e0 1.13646194677130552e-6 3.01996863072417909e-7 12 12
7.84922987222671509e-2 -1.27991415851112915e1 -1.27991476058959961e1 -1.27991428375244141e1 9.53674316406250000e-7 6.35782896551972954e-7 6 6
1.50526398792862892e-2 -1.28565303670252824e1 -1.28565425872802734e1 -1.28565387725830078e1 4.37100743511109613e-6 4.60942601421265863e-6 11 11
1.13622829318046570e-1 -9.84461628539283673e0 -9.84460830688476562e0 -9.84460449218750000e0 4.05311595841340022e-7 1.74840295130707091e-7 3 3
1.61880135536193848e-1 -1.09932376262978089e1 -1.09932451248168945e1 -1.09932432174682617e1 9.93410708360897843e-7 9.53674316406250000e-7 5 5
1.45017862319946289e-1 -1.46487066444340694e1 -1.46487083435058594e1 -1.46487064361572266e1 4.76837158203125000e-7 8.42412305246398319e-7 7 7
-2.97260861843824387e-2 -1.08369349114309372e1 -1.08369398117065430e1 -1.08369379043579102e1 7.94728578057402046e-7 8.34465026855468750e-7 12 11
-1.96153402328491211e-1 9.93618375957274047e0 9.93618679046630859e0 9.93618583679199219e0 1.57356259933294496e-6 5.40415442173980409e-7 8 8
-1.22426636517047882e-1 2.09983395269343696e1 2.09983386993408203e1 2.09983386993408203e1 1.17619833872595336e-6 3.97364289028701023e-7 7 7
-7.77581185102462769e-2 2.09990639248628419e1 2.09990653991699219e1 2.09990653991699219e1 6.03993726144835819e-7 1.04904177078424254e-6 10 10
-2.15341940522193909e-1 2.09987919822249900e1 2.09987926483154297e1 2.09987926483154297e1 1.65303549692907836e-6 7.15255737304687500e-7 5 5
7.77804777026176453e-2 2.09987828322108498e1 2.09987926483154297e1 2.09987926483154297e1 6.27835618161043385e-7 5.56309998955839546e-7 7 7
1.66906833648681641e-1 2.09987841207939425e1 2.09987926483154297e1 2.09987926483154297e1 3.17891448275986477e-7 3.17891448275986477e-7 8 8
2.11243763566017151e-1 2.09987841890938896e1 2.09987926483154297e1 2.09987926483154297e1 1.03314721400238341e-6 5.40415442173980409e-7 7 7
1.33894905447959900e-1 2.09987841843806322e1 2.09987926483154297e1 2.09987926483154297e1 2.40008034779748414e-6 5.56309998955839546e-7 2 2
2.71923746913671494e-2 2.09987841325821272e1 2.09987926483154297e1 2.09987926483154297e1 6.99361180522828363e-7 4.45048016217697295e-7 9 9
5.51713444292545319e-3 -1.74592644325371289e1 -1.74592685699462891e1 -1.74592666625976562e1 1.35103857701324159e-6 1.03314721400238341e-6 12 12
2.60488204658031464e-2 -1.20796686036535021e1 -1.20796718597412109e1 -1.20796747207641602e1 4.80810786029906012e-6 4.45047999164671637e-6 8 8
3.13073806464672089e-2 -2.76000566550803739e-1 -2.75978088378906250e-1 -2.75981456041336060e-1 3.17891455381413834e-8 7.74860353658368695e-8 2 2
3.44481132924556732e-2 3.89559490077077708e0 3.89560699462890625e0 3.89560317993164062e0 6.95387498694799433e-8 1.83780990425930213e-8 3 3
-1.35412782430648804e-1 1.15048342679682545e1 1.15048484802246094e1 1.15048456192016602e1 1.82787573521636659e-6 1.74840295130707091e-6 9 9
1.53839513659477234e-1 1.14216180318930487e1 1.14216175079345703e1 1.14216203689575195e1 1.94708513845398556e-6 1.90734863281250000e-6 10 10
-1.55028060078620911e-1 1.25969979026420553e1 1.25969867706298828e1 1.25969934463500977e1 5.84125530167511897e-7 1.15235643249889108e-7 11 11
4.19511310756206512e-2 1.25958819049141262e1 1.25958719253540039e1 1.25958833694458008e1 5.64257277346769115e-7 4.45048016217697295e-7 11 11
-1.77062571048736572e-1 1.61125250988051789e1 1.61125164031982422e1 1.61125259399414062e1 7.86781299666472478e-7 3.65575147043273319e-7 8 8
3.40142622590065002e-2 1.58310787769081269e1 1.58310728073120117e1 1.58310785293579102e1 2.38418579101562500e-7 1.98682144514350512e-7 12 12
2.09858417510986328e-1 -1.72712196873886348e0 -1.72712886333465576e0 -1.72712349891662598e0 8.26517748464539181e-7 1.90734866123420943e-7 8 8
2.06836074590682983e-1 -2.09969008163173747e1 -2.09969005584716797e1 -2.09969005584716797e1 5.56309998955839546e-7 8.26517748464539181e-7 8 8
-6.25826418399810791e-2 -2.09992204491417738e1 -2.09992218017578125e1 -2.09992218017578125e1 2.86102306290558772e-7 3.41733283448775182e-7 9 9
2.45156407356262207e-1 -2.09987998232311242e1 -2.09988002777099609e1 -2.09988002777099609e1 4.68889879812195431e-7 2.54313164305131068e-7 6 6
9.28019583225250244e-2 -2.09987819475654547e1 -2.09988002777099609e1 -2.09988002777099609e1 9.61621594797179569e-7 7.15255737304687500e-7 2 2
-2.07521170377731323e-1 -2.09987840659017593e1 -2.09988002777099609e1 -2.09988002777099609e1 1.12851455469353823e-6 6.35782896551972954e-7 15 15
-5.80890066921710968e-2 -2.09987841918460951e1 -2.09988002777099609e1 -2.09988002777099609e1 9.69568873188109137e-7 6.35782896551972954e-7 8 8
1.39759238809347153e-2 -2.09987841842863183e1 -2.09988002777099609e1 -2.09988002777099609e1 6.35782896551972954e-7 6.35782896551972954e-7 11 11
-1.06880545616149902e-1 -2.09987827257313526e1 -2.09988002777099609e1 -2.09988002777099609e1 6.35782896551972954e-7 6.35782896551972954e-7 3 3
-2.26614594459533691e-1 2.09812227350219977e1 2.09812374114990234e1 2.09812374114990234e1 2.76565560852759518e-6 5.56309998955839546e-7 7 7
-2.97324061393737793e-2 2.09995313860442749e1 2.09995307922363281e1 2.09995307922363281e1 3.73522453855912318e-7 1.74840295130707091e-7 10 10
-2.14713826775550842e-1 2.09988224295146644e1 2.09988231658935547e1 2.09988231658935547e1 2.06629442800476681e-6 2.86102306290558772e-7 4 4
8.66830721497535706e-2 2.09987795719394832e1 2.09987812042236328e1 2.09987812042236328e1 3.33786005057845614e-7 1.07288357753532182e-7 11 11
-2.44977697730064392e-1 2.09987839115890758e1 2.09987812042236328e1 2.09987812042236328e1 5.76178251776582329e-7 1.58945724137993238e-7 5 5
1.23470902442932129e-1 2.09987537722219315e1 2.09987545013427734e1 2.09987545013427734e1 9.93410722571752558e-8 5.56310020272121619e-8 14 14
1.70784033834934235e-2 -8.30543326337135568e0 -8.30547523498535156e0 -8.30546092987060547e0 1.50998431536208955e-7 2.14576715507064364e-7 6 6
4.62632402777671814e-2 -2.09984048614709060e1 -2.09984073638916016e1 -2.09984073638916016e1 7.94728578057402046e-7 2.30471286499778216e-7 7 7
-6.48493096232414246e-2 -2.09991037511043572e1 -2.09991054534912109e1 -2.09991054534912109e1 4.92731714984984137e-7 1.50998431536208955e-7 11 11
-1.73640906810760498e-1 -2.03765809052033653e1 -2.03765926361083984e1 -2.03766841888427734e1 4.68889879812195431e-7 3.25838726666916045e-7 9 9
-1.02436561137437820e-2 4.95715319690994427e0 4.95714950561523438e0 4.95712184906005859e0 5.04652632571378490e-7 5.72204612581117544e-7 11 11
-2.04046294093132019e-1 1.53006688883437931e1 1.53006763458251953e1 1.53006868362426758e1 4.37100743511109613e-6 4.33127070209593512e-6 8 8
-4.17729243636131287e-2 1.73400735983247181e1 1.73400611877441406e1 1.73400688171386719e1 8.42412305246398319e-7 5.56309998955839546e-7 14 14
4.42080609500408173e-2 9.52780379693327006e0 9.52780342102050781e0 9.52781009674072266e0 3.57627868652343750e-7 1.98682144514350512e-7 8 8
4.35934960842132568e-2 -6.62164712157118363e0 -6.62165069580078125e0 -6.62164831161499023e0 8.90096032435394591e-7 1.90734866123420943e-7 6 6
8.24911147356033325e-2 -2.08879224915865542e1 -2.08879280090332031e1 -2.08879241943359375e1 4.21206152623199159e-7 5.32468163783050841e-7 9 9
1.39432832598686218e-1 -2.09991186311418190e1 -2.09991226196289062e1 -2.09991226196289062e1 6.99361180522828363e-7 9.37779759624390863e-7 5 5
5.44904209673404694e-2 -2.09987982992946627e1 -2.09987983703613281e1 -2.09987983703613281e1 4.13258874232269591e-7 7.31150294086546637e-7 11 11
-2.16524437069892883e-1 -2.09987826116485756e1 -2.09987983703613281e1 -2.09987983703613281e1 6.35782896551972954e-7 6.35782896551972954e-7 14 14
-2.28718385100364685e-1 -2.09987840724060639e1 -2.09987983703613281e1 -2.09987983703613281e1 1.79608662165264832e-6 7.94728578057402046e-7 9 9
1.59895151853561401e-1 1.12526269681530682e1 1.12525482177734375e1 1.12526073455810547e1 4.21206152623199159e-7 3.09944141463347478e-7 10 10
9.41228270530700684e-2 6.26676514117822059e0 6.26675319671630859e0 6.26675796508789062e0 5.08626328610262135e-7 2.14576715507064364e-7 7 7
-8.50094854831695557e-2 -7.61215140297167725e0 -7.61215543746948242e0 -7.61215496063232422e0 6.07967365340300603e-7 1.86761226927956159e-7 8 8
1.99947044253349304e-1 -1.81359003095944189e1 -1.81359043121337891e1 -1.81359004974365234e1 2.22524008108848648e-7 3.01996863072417909e-7 10 10
-4.03381101787090302e-2 -2.02201296437045528e1 -2.02201328277587891e1 -2.02201290130615234e1 1.54972070731673739e-7 2.78154999477919773e-7 15 15
-1.72485917806625366e-1 -4.76261995295512008e0 -4.76261854171752930e0 -4.76261615753173828e0 6.11941004535765387e-7 3.65575147043273319e-7 8 8
9.28871100768446922e-4 1.06296146254543675e1 1.06296167373657227e1 1.06296205520629883e1 1.14440922516223509e-6 3.97364289028701023e-7 5 5
2.47202992439270020e-1 1.54932524970794305e0 1.54932200908660889e0 1.54932177066802979e0 7.31150294086546637e-7 2.62260442696060636e-7 8 8
1.79992839694023132e-1 -1.85165240950103644e1 -1.85165252685546875e1 -1.85165252685546875e1 5.72204612581117544e-7 6.35782896551972954e-7 13 13
2.05726519227027893e-1 -2.09990804645669478e1 -2.09990806579589844e1 -2.09990806579589844e1 1.01725265722052427e-6 9.85463429969968274e-7 5 5
5.22565804421901703e-2 -2.09988655325838458e1 -2.09988651275634766e1 -2.09988651275634766e1 1.55766804255108582e-6 1.03314718558067398e-7 10 10
-1.18343974463641644e-4 -2.09987841826503328e1 -2.09987850189208984e1 -2.09987850189208984e1 1.23182928746246034e-7 1.98682144514350512e-7 11 11
1.31529897451400757e-1 -2.09987837845285874e1 -2.09987850189208984e1 -2.09987850189208984e1 1.00930526514275698e-6 4.05311595841340022e-7 4 4
-8.79368707537651062e-2 -2.09987835561234810e1 -2.09987850189208984e1 -2.09987850189208984e1 8.04662718678628153e-8 9.53674330617104715e-8 11 11
-7.37693440169095993e-3 1.01009001278484796e1 1.01009054183959961e1 1.01009120941162109e1 7.54992186102754204e-7 2.38418579101562500e-7 5 5
2.59114596992731094e-2 2.01742181779343390e1 2.01742115020751953e1 2.01742191314697266e1 2.74181360282454989e-7 1.31130221348030318e-7 14 14
-1.10091410577297211e-1 2.09989282068081380e1 2.09989280700683594e1 2.09989280700683594e1 4.29153431014128728e-7 1.11262004054424324e-7 7 7
2.14393019676208496e-1 1.33436118399411150e1 1.33435983657836914e1 1.33436164855957031e1 1.70866641724387591e-7 9.53674330617104715e-8 12 10
1.60466954112052917e-1 -8.65277190915353422e0 -8.65277671813964844e0 -8.65277099609375000e0 1.33514402023138246e-6 8.42412305246398319e-7 7 7
-1.13933630287647247e-1 -1.37919303312563155e1 -1.37919330596923828e1 -1.37919282913208008e1 4.76837158203125000e-7 7.94728620689966192e-8 14 14
2.45373636484146118e-1 -1.61666596192833119e1 -1.61666603088378906e1 -1.61666584014892578e1 3.65575147043273319e-7 5.40415442173980409e-7 10 10
1.69527649879455566e-1 -2.09757689052510976e1 -2.09757690429687500e1 -2.09757690429687500e1 4.60942572999556432e-7 5.24520885392121272e-7 7 7
1.37781962752342224e-1 -2.09989065217010449e1 -2.09989070892333984e1 -2.09989070892333984e1 1.00135798675182741e-6 6.83466566897550365e-7 3 3
1.42297193408012390e-1 -2.09987889066215345e1 -2.09987888336181641e1 -2.09987888336181641e1 1.08083088434796082e-6 5.88099169362976681e-7 10 10
-1.42039239406585693e-1 -2.09987836269901642e1 -2.09987888336181641e1 -2.09987888336181641e1 2.38418579101562500e-7 2.38418579101562500e-7 12 12
2.49960318207740784e-1 -5.89699851861200131e0 -5.89699792861938477e0 -5.89699792861938477e0 6.71545649311156012e-7 2.18550368913383863e-7 9 9
-1.80394634604454041e-1 1.08425387151809556e1 1.08425464630126953e1 1.08425502777099609e1 7.94728578057402046e-7 8.34465026855468750e-7 12 12
2.45457395911216736e-1 8.68133818761702258e0 8.68135261535644531e0 8.68135261535644531e0 1.78813934326171875e-7 8.74201475653535454e-8 10 10
9.48075130581855774e-2 -1.88681528691227407e0 -1.88680291175842285e0 -1.88680207729339600e0 4.05311595841340022e-7 3.97364310344983096e-8 6 6
8.82814303040504456e-2 -9.63192739561860911e0 -9.63192653656005859e0 -9.63192272186279297e0 3.97364289028701023e-7 1.98682144514350512e-7 4 4
-2.36708253622055054e-1 4.55337739430665689e0 4.55338191986083984e0 4.55337715148925781e0 1.01725265722052427e-6 2.86102306290558772e-7 10 10
-1.89764022827148438e-1 2.09972291780731624e1 2.09972286224365234e1 2.09972286224365234e1 1.58945715611480409e-6 1.43051147460937500e-6 8 8
1.51155456900596619e-1 2.09991674276641511e1 2.09991664886474609e1 2.09991664886474609e1 4.45048016217697295e-7 3.17891448275986477e-7 8 8
1.59582078456878662e-1 2.09987976748554885e1 2.09987983703613281e1 2.09987983703613281e1 6.35782896551972954e-7 2.54313164305131068e-7 10 10
-1.83657240122556686e-2 2.09987742880997921e1 2.09987754821777344e1 2.09987754821777344e1 2.22524008108848648e-7 2.30471286499778216e-7 9 9
-8.98901671171188354e-2 -1.81787170298888490e0 -1.81786572933197021e0 -1.81787669658660889e0 2.66234081891525420e-7 1.03314718558067398e-7 15 10
1.81606307625770569e-1 -6.63371260240897787e0 -6.63369131088256836e0 -6.63371849060058594e0 3.73522453855912318e-7 2.10603076311599580e-7 9 9
-1.52841597795486450e-1 5.84207976145680319e-1 5.84228992462158203e-1 5.84204733371734619e-1 5.52336359760374762e-7 1.07288357753532182e-7 11 11
-3.11037488281726837e-2 9.94787206310944327e0 9.94787979125976562e0 9.94787216186523438e0 9.21885145999112865e-7 1.98682144514350512e-7 6 6
1.50128215551376343e-1 6.90701731516192652e0 6.90702104568481445e0 6.90702629089355469e0 1.39077499738959887e-7 3.97364310344983096e-8 7 7
-2.06805646419525146e-1 8.70521091166476246e0 8.70521259307861328e0 8.70522212982177734e0 7.62939464493683772e-7 2.30471286499778216e-7 9 9
-3.81707958877086639e-2 1.39255052545711315e1 1.39255056381225586e1 1.39255189895629883e1 4.37100737826767727e-7 3.36876837536692619e-7 7 7
-1.26184776425361633e-1 1.86292062487220775e1 1.86292018890380859e1 1.86292152404785156e1 8.26517748464539181e-7 6.51677453333832091e-7 9 9
-9.96583029627799988e-2 2.04206856001194232e1 2.04206790924072266e1 2.04206886291503906e1 1.60535171289666323e-6 1.90734866123420943e-7 7 7
-1.23161986470222473e-1 2.03511265702190371e1 2.03511123657226562e1 2.03511257171630859e1 1.22388200907153077e-6 8.90096032435394591e-7 5 5
-8.98206755518913269e-2 1.80484973885903912e1 1.80484848022460938e1 1.80484962463378906e1 3.81469732246841886e-7 6.51677453333832091e-7 13 13
-1.41357690095901489e-1 1.59558677422355348e1 1.59558563232421875e1 1.59558696746826172e1 3.65575147043273319e-7 1.01725265722052427e-6 6 6
1.97688087821006775e-1 9.20429728535945568e-2 9.20385718345642090e-2 9.20463427901268005e-2 5.36441802978515625e-7 2.54313164305131068e-7 12 12
-1.21267497539520264e-1 -1.35611528133297092e1 -1.35611591339111328e1 -1.35611534118652344e1 8.74201475653535454e-7 9.53674316406250000e-7 14 14
-1.67958617210388184e-1 -7.84230802877748445e0 -7.84230947494506836e0 -7.84230518341064453e0 4.21206152623199159e-7 1.19209289550781250e-7 6 6
-1.91720858216285706e-1 7.56924538651483481e0 7.56923770904541016e0 7.56924390792846680e0 2.36829123423376586e-6 1.74840295130707091e-7 5 5
-5.08519709110260010e-2 1.52163366565544429e1 1.52163257598876953e1 1.52163333892822266e1 1.68482461049279664e-6 7.15255737304687500e-7 12 12
2.38246664404869080e-1 -2.41398651103720185e0 -2.41399955749511719e0 -2.41399049758911133e0 1.60535171289666323e-6 6.83466566897550365e-7 13 13
1.52528241276741028e-1 -2.09970294038640475e1 -2.09970302581787109e1 -2.09970302581787109e1 1.82787573521636659e-6 4.60942572999556432e-7 8 8
1.78575009107589722e-1 -2.09992088918714792e1 -2.09992103576660156e1 -2.09992103576660156e1 2.30471300710632931e-6 7.15255737304687500e-7 4 4
1.93982496857643127e-1 -2.09987992382159412e1 -2.09987983703613281e1 -2.09987983703613281e1 1.09672544112981996e-6 9.05990589217253728e-7 3 3
-1.56113907694816589e-1 -2.09987820199978614e1 -2.09987983703613281e1 -2.09987983703613281e1 6.35782896551972954e-7 6.35782896551972954e-7 8 8
1.18928693234920502e-1 -2.09987840710120288e1 -2.09987983703613281e1 -2.09987983703613281e1 5.56309998955839546e-7 5.56309998955839546e-7 8 8
-1.02153353393077850e-1 -2.09987841925144991e1 -2.09987983703613281e1 -2.09987983703613281e1 5.56309998955839546e-7 5.56309998955839546e-7 5 5
-1.92135080695152283e-1 -2.09987841851902530e1 -2.09987983703613281e1 -2.09987983703613281e1 5.56309998955839546e-7 5.88099169362976681e-7 9 9
-1.61148682236671448e-2 -2.09987841787531977e1 -2.09987983703613281e1 -2.09987983703613281e1 5.56309998955839546e-7 7.62939464493683772e-7 10 10
1.77790913730859756e-2 1.26470183384477561e1 1.26471929550170898e1 1.26471929550170898e1 5.60283638151304331e-7 2.50339496687956853e-7 13 13
-1.39316901564598083e-1 2.09735975487758175e1 2.09736042022705078e1 2.09736042022705078e1 1.00135798675182741e-6 2.62260442696060636e-7 8 8
1.56720250844955444e-1 8.39511137129399110e0 8.39511108398437500e0 8.39512443542480469e0 5.40415442173980409e-7 7.94728620689966192e-8 10 10
-1.07009641826152802e-1 -2.06007599144858311e0 -2.06007981300354004e0 -2.06007599830627441e0 1.29143401750297926e-7 1.78813941431599233e-8 5 5
-1.07576899230480194e-1 2.24652213041062110e0 2.24652075767517090e0 2.24653029441833496e0 1.98682144514350512e-7 1.82787573521636659e-7 10 11
1.78098380565643311e-1 -1.94047633872562386e0 -1.94047987461090088e0 -1.94046437740325928e0 3.29812365862380830e-7 9.53674330617104715e-8 7 7
-1.66916385293006897e-1 -2.01220533142660551e0 -2.01221084594726562e0 -2.01219415664672852e0 2.24510827706581040e-7 4.96705361285876279e-8 8 8
1.21997922658920288e-1 -5.40945400941809762e0 -5.40945959091186523e0 -5.40944623947143555e0 9.93410722571752558e-8 1.11262004054424324e-7 7 7
2.06372305750846863e-1 -1.78434811160679168e1 -1.78435020446777344e1 -1.78434944152832031e1 6.43730163574218750e-6 6.51677464702515863e-6 11 11
-2.69058048725128174e-2 -2.09988483992390265e1 -2.09988517761230469e1 -2.09988517761230469e1 1.04109449239331298e-6 4.37100737826767727e-7 13 13
2.32791021466255188e-1 -2.09988763612966487e1 -2.09988765716552734e1 -2.09988765716552734e1 1.00135798675182741e-6 6.19911588728427887e-7 4 4
8.16073119640350342e-2 -2.09987856834171787e1 -2.09987850189208984e1 -2.09987850189208984e1 4.92731714984984137e-7 3.49680590261414181e-7 10 10
2.27800831198692322e-2 -2.09987837584515908e1 -2.09987850189208984e1 -2.09987850189208984e1 4.21206152623199159e-7 4.21206152623199159e-7 10 10
1.35695308446884155e-1 -2.09987841698646953e1 -2.09987850189208984e1 -2.09987850189208984e1 3.52156348526477814e-7 1.74840295130707091e-7 4 4
-1.45185485482215881e-1 -2.09987841868692584e1 -2.09987850189208984e1 -2.09987850189208984e1 6.11941004535765387e-7 2.78154999477919773e-7 8 8
2.37154006958007812e-1 -9.93648316313417723e0 -9.93644046783447266e0 -9.93640613555908203e0 2.70207721086990205e-7 2.46365857492492069e-7 14 14
-1.04658707976341248e-1 3.71100629358541889e0 3.71099448204040527e0 3.71100521087646484e0 6.95387498694799433e-8 2.02655797920670011e-7 11 11
7.65201598405838013e-2 3.35609026362264684e0 3.35607171058654785e0 3.35607481002807617e0 1.66893002528922807e-7 3.97364310344983096e-8 3 3
-1.67945548892021179e-1 1.29799890005032648e1 1.29799795150756836e1 1.29799804687500000e1 6.43730174942902522e-7 4.13258874232269591e-7 13 13
5.57835847139358521e-2 1.94616346144014365e1 1.94616470336914062e1 1.94616451263427734e1 3.57627868652343750e-6 3.49680590261414181e-6 14 14
-2.09069833159446716e-1 2.09988346192187478e1 2.09988365173339844e1 2.09988365173339844e1 4.45048016217697295e-7 6.67572010115691228e-7 7 7
1.42949014902114868e-1 2.09988294760722702e1 2.09988365173339844e1 2.09988365173339844e1 3.25838726666916045e-7 2.38418579101562500e-7 12 12
-1.74098730087280273e-1 2.09987845855002853e1 2.09987850189208984e1 2.09987850189208984e1 1.11261999791167909e-6 2.78154999477919773e-7 6 6
-6.73703476786613464e-2 2.04339916696622339e1 2.04339733123779297e1 2.04339885711669922e1 1.09672544112981996e-6 3.73522453855912318e-7 7 7
-1.07109425589442253e-2 1.45113344578788848e1 1.45113325119018555e1 1.45113391876220703e1 3.57627868652343750e-7 1.03314718558067398e-7 14 14
-1.30476113408803940e-2 9.56460009233054720e0 9.56460189819335938e0 9.56460666656494141e0 3.97364289028701023e-7 2.54313164305131068e-7 10 10
4.23792563378810883e-2 2.53480737485199226e-1 2.53479987382888794e-1 2.53487735986709595e-1 7.54992157681044773e-8 1.66893002528922807e-7 9 9
-5.24417385458946228e-2 -5.21633108890971542e0 -5.21632957458496094e0 -5.21632385253906250e0 7.94728620689966192e-8 8.74201475653535454e-8 4 4
3.00804618746042252e-2 -7.97375528875275652e0 -7.97376155853271484e0 -7.97375774383544922e0 1.78813934326171875e-7 1.31130221348030318e-7 7 4
-2.01357960700988770e-1 1.02370411134786532e0 1.02370202541351318e0 1.02370464801788330e0 4.68889879812195431e-7 3.17891448275986477e-7 7 7
-2.47315108776092529e-1 1.76931191603993838e1 1.76931190490722656e1 1.76931266784667969e1 2.09808354156848509e-6 3.65575147043273319e-7 11 11
-7.09588080644607544e-2 2.09989467011135638e1 2.09989452362060547e1 2.09989452362060547e1 1.34309129862231202e-6 3.65575147043273319e-7 11 11
-9.73852425813674927e-2 2.09988831259204431e1 2.09988842010498047e1 2.09988842010498047e1 4.92731714984984137e-7 1.35103860543495102e-7 11 11
-5.53928539156913757e-2 2.09987852063026921e1 2.09987850189208984e1 2.09987850189208984e1 4.21206152623199159e-7 3.81469732246841886e-7 14 14
-1.74067795276641846e-1 1.42987375783962438e1 1.42987127304077148e1 1.42987527847290039e1 6.03993726144835819e-7 3.14321368932723999e-7 9 9
-7.32793584465980530e-2 8.55037324345066274e0 8.55037593841552734e0 8.55037879943847656e0 6.03993726144835819e-7 4.76837158203125000e-7 11 11
-2.01433703303337097e-1 1.11782587182844626e1 1.11782550811767578e1 1.11782627105712891e1 2.03450531444104854e-6 1.23182928746246034e-6 4 4
1.75098180770874023e-1 6.96806850705251279e-1 6.96792602539062500e-1 6.96799397468566895e-1 4.29153431014128728e-7 2.30471286499778216e-7 13 13
-9.30822864174842834e-2 -1.28946610558240859e1 -1.28946733474731445e1 -1.28946695327758789e1 9.93410708360897843e-7 1.31130218505859375e-6 8 8
-1.80772140622138977e-1 -9.29380892189500329e0 -9.29381275177001953e0 -9.29380130767822266e0 4.21206152623199159e-7 1.66893002528922807e-7 9 10
-1.27009764313697815e-1 2.71370383469665200e0 2.71369910240173340e0 2.71370863914489746e0 1.04904177078424254e-6 3.01996863072417909e-7 6 6
1.89120844006538391e-1 -3.14997292751622249e0 -3.14999032020568848e0 -3.14998197555541992e0 1.23182928746246034e-6 3.05970502267882694e-7 10 10
-3.28274397179484367e-3 -1.68650586681674746e1 -1.68650741577148438e1 -1.68650703430175781e1 4.84784436594054569e-7 3.09944141463347478e-7 10 10
-9.11818891763687134e-2 -2.02315865010040312e1 -2.02315940856933594e1 -2.02315940856933594e1 2.74181360282454989e-7 2.94049584681488341e-7 13 13
8.39526876807212830e-2 -1.97692074682548906e1 -1.97692298889160156e1 -1.97692279815673828e1 2.70207715402648319e-6 2.38418579101562500e-6 7 7
-2.84971985965967178e-2 -1.73039670043454663e1 -1.73039646148681641e1 -1.73039665222167969e1 2.70207721086990205e-7 3.17891448275986477e-7 14 14
-1.81072458624839783e-1 -2.91872942252706791e0 -2.91873431205749512e0 -2.91873192787170410e0 2.46365857492492069e-7 1.98682144514350512e-7 9 9
-2.06153783947229385e-2 9.93963081942328230e0 9.93962764739990234e0 9.93963241577148438e0 7.47044907711824635e-7 3.57627868652343750e-7 5 5
-1.93913385272026062e-1 1.92913945590707705e1 1.92913951873779297e1 1.92913970947265625e1 4.68889879812195431e-7 5.08626328610262135e-7 10 10
-5.90046048164367676e-2 2.09968094248691877e1 2.09968128204345703e1 2.09968128204345703e1 9.29832481233461294e-7 7.94728620689966192e-8 14 14
-2.06354353576898575e-2 1.81844318694571001e1 1.81844425201416016e1 1.81844387054443359e1 1.19209289550781250e-6 1.74840295130707091e-6 11 11
-8.05860981345176697e-2 1.07043809002940229e1 1.07043800354003906e1 1.07043838500976562e1 7.54992186102754204e-7 6.75519288506620796e-7 3 3
3.83859984576702118e-2 1.31022987873735786e0 1.31022608280181885e0 1.31023752689361572e0 1.78813934326171875e-7 6.45717008751489630e-8 6 6
7.34731703996658325e-2 -1.19183000956056997e1 -1.19183139801025391e1 -1.19183015823364258e1 3.93390655517578125e-6 3.65575147043273319e-6 7 7
5.20316734910011292e-2 -2.09932062275715161e1 -2.09932098388671875e1 -2.09932098388671875e1 5.32468163783050841e-7 3.01996863072417909e-7 6 6
1.36444956064224243e-1 -2.09990147591290075e1 -2.09990158081054688e1 -2.09990158081054688e1 6.51677453333832091e-7 4.45048016217697295e-7 5 5
1.51550844311714172e-1 -2.09987911053919980e1 -2.09987907409667969e1 -2.09987907409667969e1 1.50998437220550841e-6 8.29459168016910553e-7 4 4
-2.10706517100334167e-1 -2.09987831080527592e1 -2.09987907409667969e1 -2.09987907409667969e1 3.17891448275986477e-7 3.17891448275986477e-7 12 12
-1.50830417871475220e-1 -2.09987841311307157e1 -2.09987907409667969e1 -2.09987907409667969e1 1.31924946344952332e-6 5.08626328610262135e-7 7 7
1.14594928920269012e-1 -2.09987789571818979e1 -2.09987907409667969e1 -2.09987907409667969e1 1.20004017389874207e-6 4.76837158203125000e-7 9 9
2.45195418596267700e-1 -2.60058267858132908e0 -2.60058355331420898e0 -2.60056281089782715e0 1.19209289550781250e-6 4.13258874232269591e-7 7 7
1.88787430524826050e-2 -1.36776036389827915e1 -1.36776132583618164e1 -1.36776084899902344e1 3.08500602841377258e-7 9.21885145999112865e-7 7 7
-2.41799026727676392e-1 -4.66740567041232701e0 -4.66741275787353516e0 -4.66740798950195312e0 5.64257277346769115e-7 1.35103860543495102e-7 11 11
9.17136669158935547e-2 8.93870013425617671e0 8.93869686126708984e0 8.93870353698730469e0 1.12851455469353823e-6 4.84784436594054569e-7 9 9
-1.89767733216285706e-1 1.98641018024972063e1 1.98640975952148438e1 1.98641052246093750e1 1.20798745228967164e-6 5.00678993375913706e-7 9 9
-1.44161032512784004e-2 2.09989705129895050e1 2.09989700317382812e1 2.09989700317382812e1 3.98722477257251740e-7 3.90718923881649971e-7 9 9
1.53382092714309692e-1 1.22159445085830445e1 1.22159719467163086e1 1.22159795761108398e1 5.56310033061890863e-6 5.56310033061890863e-6 9 10
-4.22703772783279419e-2 -5.54136045747043582e0 -5.54137611389160156e0 -5.54138517379760742e0 2.94049584681488341e-7 1.82787573521636659e-7 5 5
1.67445670813322067e-2 -1.14208811026926256e1 -1.14208879470825195e1 -1.14208908081054688e1 1.70866644566558534e-6 1.54972076416015625e-6 10 10
-1.30088523030281067e-1 -2.08838738569263294e0 -2.08837866783142090e0 -2.08837318420410156e0 2.38418579101562500e-7 1.82787573521636659e-7 11 10
1.49739310145378113e-2 7.58093063885312901e0 7.58093833923339844e0 7.58094835281372070e0 5.08626328610262135e-7 4.68889879812195431e-7 5 5
1.00749738514423370e-1 2.88335513903261109e0 2.88335919380187988e0 2.88337159156799316e0 1.66893002528922807e-7 1.74840295130707091e-7 13 12
7.26591795682907104e-2 -8.78285837727088392e0 -8.78286075592041016e0 -8.78285026550292969e0 5.32468163783050841e-7 5.32468163783050841e-7 6 6
1.44136846065521240e-1 -1.95951195605748687e1 -1.95951251983642578e1 -1.95951194763183594e1 3.17891448275986477e-7 3.97364289028701023e-7 9 9
1.37453237548470497e-2 -2.09942483791356587e1 -2.09942531585693359e1 -2.09942531585693359e1 5.32468163783050841e-7 2.08819983527064323e-7 13 13
5.24756945669651031e-2 -1.85176109998462266e1 -1.85176486968994141e1 -1.85176448822021484e1 3.33786010742187500e-6 3.73522448171570431e-6 11 11
2.23533064126968384e-1 -1.82017448745318404e1 -1.82017498016357422e1 -1.82017478942871094e1 4.76837158203125000e-7 1.90734866123420943e-7 8 8
-8.59384797513484955e-3 -1.67325951651426656e1 -1.67326011657714844e1 -1.67326030731201172e1 5.72204612581117544e-7 3.17891448275986477e-7 15 15
-5.63792735338211060e-2 -6.14062209435355300e0 -6.14062929153442383e0 -6.14062404632568359e0 2.78154999477919773e-7 1.31130221348030318e-7 10 8
-9.05009135603904724e-2 1.16608700243729082e1 1.16608724594116211e1 1.16608781814575195e1 2.46365857492492069e-6 2.54313158620789181e-6 7 7
8.87654051184654236e-2 1.92430952901502934e1 1.92430839538574219e1 1.92430934906005859e1 2.54313164305131068e-7 1.90734866123420943e-7 15 15
-1.51630714535713196e-1 2.09988227619011170e1 2.09988250732421875e1 2.09988250732421875e1 6.75519288506620796e-7 1.35103860543495102e-7 7 7
1.02849248796701431e-2 2.09988351145471164e1 2.09988250732421875e1 2.09988250732421875e1 4.76837158203125000e-7 4.76837158203125000e-7 8 8
1.32037997245788574e-1 1.45311394156261926e1 1.45311203002929688e1 1.45311717987060547e1 4.49021672466187738e-6 4.72863530376343988e-6 20 14
1.54548063874244690e-1 -9.99166850907172766e0 -9.99171257019042969e0 -9.99168395996093750e0 7.31150294086546637e-7 2.62260442696060636e-7 6 6
2.35410690307617188e-1 -2.09984775565372672e1 -2.09984779357910156e1 -2.09984779357910156e1 2.41597490457934327e-6 4.92731714984984137e-7 7 7
1.08557291328907013e-1 -2.09990652010664078e1 -2.09990653991699219e1 -2.09990653991699219e1 8.42412305246398319e-7 4.76837158203125000e-7 10 10
-5.33225685358047485e-2 -2.09987915057943617e1 -2.09987907409667969e1 -2.09987907409667969e1 2.70207721086990205e-7 7.94728620689966192e-8 10 10
-1.31133183836936951e-1 -2.09987828169037130e1 -2.09987907409667969e1 -2.09987907409667969e1 1.14440922516223509e-6 3.65575147043273319e-7 8 8
1.63540184497833252e-1 -2.09987841224260094e1 -2.09987907409667969e1 -2.09987907409667969e1 2.38418579101562500e-7 2.38418579101562500e-7 9 9
-1.53651893138885498e-1 4.04493377265877729e0 4.04488563537597656e0 4.04491996765136719e0 1.22388200907153077e-6 4.13258874232269591e-7 8 8
2.04676285386085510e-1 1.28418661158924845e1 1.28418626785278320e1 1.28418684005737305e1 2.38418579101562500e-7 7.94728620689966192e-8 14 14
-9.11341607570648193e-2 4.61295681502973398e0 4.61296367645263672e0 4.61296033859252930e0 1.19209289550781250e-7 9.93410722571752558e-8 5 5
3.20064760744571686e-2 2.13692731031418193e0 2.13693571090698242e0 2.13693165779113770e0 8.94069671630859375e-8 3.07957321865615086e-8 3 3
1.98009371757507324e-1 -6.49794163679413384e0 -6.49793815612792969e0 -6.49793910980224609e0 3.25838726666916045e-7 2.70207721086990205e-7 8 8
1.72403052449226379e-1 -1.88015447761026593e1 -1.88015422821044922e1 -1.88015441894531250e1 8.98043310826324159e-7 1.03314721400238341e-6 10 10
-1.84112027287483215e-1 -1.43677198943931330e1 -1.43677177429199219e1 -1.43677196502685547e1 2.32458120308365324e-7 1.19209289550781250e-7 19 19
5.56958764791488647e-2 4.96739604590049844e-1 4.96738880872726440e-1 4.96739208698272705e-1 2.06629437116134795e-7 2.62260442696060636e-7 10 10
-2.05107316374778748e-1 1.83613453286381691e1 1.83613452911376953e1 1.83613452911376953e1 8.42412305246398319e-7 1.12851455469353823e-6 11 11
-1.44536912441253662e-1 2.09990256983740622e1 2.09990253448486328e1 2.09990253448486328e1 1.93913774637621827e-6 6.51677453333832091e-7 5 5
-1.81496664881706238e-1 2.09988668327068488e1 2.09988689422607422e1 2.09988689422607422e1 2.09808354156848509e-6 7.15255737304687500e-7 5 5
-1.13621383905410767e-1 2.09987845359743162e1 2.09987850189208984e1 2.09987850189208984e1 1.36693313379510073e-6 7.47044907711824635e-7 10 10
-1.40734054148197174e-2 2.09987837825190624e1 2.09987850189208984e1 2.09987850189208984e1 9.61621594797179569e-7 7.94728620689966192e-8 9 9
8.30796584486961365e-2 2.09987841730935081e1 2.09987850189208984e1 2.09987850189208984e1 1.90734866123420943e-7 3.01996863072417909e-7 8 8
-2.11161389946937561e-1 2.09987841842316918e1 2.09987850189208984e1 2.09987850189208984e1 3.73522453855912318e-7 1.11262004054424324e-7 7 7
2.16865360736846924e-1 2.09987841827011223e1 2.09987850189208984e1 2.09987850189208984e1 4.05311595841340022e-7 2.46365857492492069e-7 10 10
-7.39739015698432922e-2 2.09987735338713506e1 2.09987850189208984e1 2.09987850189208984e1 8.74201475653535454e-7 3.97364289028701023e-7 6 6
2.04291492700576782e-1 -2.09807128580653739e1 -2.09807147979736328e1 -2.09807128906250000e1 7.70886742884613341e-7 3.49680590261414181e-7 8 8
-9.74802672863006592e-2 -2.09995313626728475e1 -2.09995307922363281e1 -2.09995307922363281e1 3.53654229456878966e-7 2.14576715507064364e-7 9 9
-2.17863678932189941e-1 -2.09988193880779512e1 -2.09988212585449219e1 -2.09988212585449219e1 5.08626328610262135e-7 4.45048016217697295e-7 11 10
7.51465186476707458e-2 6.82544049799718611e0 6.82542037963867188e0 6.82543754577636719e0 3.41733283448775182e-7 3.25838726666916045e-7 13 13
-1.27470850944519043e-1 1.71880955561385278e1 1.71881027221679688e1 1.71881027221679688e1 7.15255737304687500e-7 3.17891448275986477e-7 6 6
1.97540253400802612e-1 3.88243315125343491e0 3.88242864608764648e0 3.88243532180786133e0 4.21206152623199159e-7 3.01996863072417909e-7 8 8
-2.03494384884834290e-1 -1.93959545684582135e0 -1.93960607051849365e0 -1.93960058689117432e0 1.06294947954665986e-7 1.58945727690706917e-8 10 10
1.15794539451599121e-1 -5.39659932403162390e0 -5.39661455154418945e0 -5.39660930633544922e0 3.45706951065949397e-7 1.25169748343978426e-7 9 9
2.01329104602336884e-2 -1.01312516499548071e1 -1.01312646865844727e1 -1.01312599182128906e1 3.77496093051377102e-7 3.29812365862380830e-7 6 6
-1.47631987929344177e-1 -3.07941394686503633e0 -3.07942199707031250e0 -3.07941794395446777e0 3.49680590261414181e-7 4.76837165308552358e-8 11 11
-9.11683309823274612e-3 6.72894360885643028e0 6.72893905639648438e0 6.72894382476806641e0 1.50998431536208955e-7 4.84784436594054569e-7 5 5
-7.81912952661514282e-2 1.30143494847549519e1 1.30143489837646484e1 1.30143518447875977e1 5.80151890972047113e-7 3.17891448275986477e-7 6 6
2.49374449253082275e-1 -4.29351578832186720e-1 -4.29366409778594971e-1 -4.29357588291168213e-1 8.34465026855468750e-7 5.24520885392121272e-7 6 6
1.28602713346481323e-1 -1.96979479503560739e1 -1.96979598999023438e1 -1.96979579925537109e1 1.31924946344952332e-6 1.19209289550781250e-6 10 10
3.91968972980976105e-2 -2.09991418657138738e1 -2.09991416931152344e1 -2.09991416931152344e1 2.94049584681488341e-7 5.08626328610262135e-7 10 10
-1.63778036832809448e-1 -2.09988315422330558e1 -2.09988346099853516e1 -2.09988346099853516e1 5.76178251776582329e-7 1.23182928746246034e-7 12 12
-8.45500640571117401e-3 3.10916762239177125e0 3.10916757583618164e0 3.10917067527770996e0 3.01996863072417909e-7 1.50998431536208955e-7 9 9
4.84965182840824127e-2 1.40948557391245330e1 1.40948562622070312e1 1.40948619842529297e1 2.38418579101562500e-7 1.62919363333458023e-7 13 13
-2.11962550878524780e-1 1.96785740322860754e1 1.96785774230957031e1 1.96785812377929688e1 8.02675856448331615e-7 5.40415442173980409e-7 12 12
1.41018778085708618e-1 1.67701130764536650e1 1.67701206207275391e1 1.67701282501220703e1 3.73522448171570431e-6 4.37100743511109613e-6 10 10
-8.93276557326316833e-2 1.17180436696134578e1 1.17180347442626953e1 1.17180395126342773e1 2.94049573312804569e-6 2.66234087575867306e-6 4 4
2.65073264017701149e-3 8.08729052252752822e0 8.08727931976318359e0 8.08728599548339844e0 5.00678993375913706e-7 7.94728620689966192e-8 2 2
-1.71411901712417603e-1 1.17698771893414253e1 1.17698850631713867e1 1.17698907852172852e1 3.01996874441101681e-6 2.82128644357726444e-6 8 8
2.26599201560020447e-1 2.32615886440217956e0 2.32615041732788086e0 2.32615685462951660e0 2.94049584681488341e-7 2.06629437116134795e-7 7 6
1.53429344296455383e-1 -1.66398607651900825e1 -1.66398696899414062e1 -1.66398639678955078e1 2.57492069977161009e-6 7.47044907711824635e-7 10 10
1.08200512826442719e-1 -2.09989221353855697e1 -2.09989204406738281e1 -2.09989204406738281e1 1.65303549692907836e-6 4.45048016217697295e-7 5 5
7.49024376273155212e-2 -2.09989107941834448e1 -2.09989204406738281e1 -2.09989204406738281e1 3.97364289028701023e-7 8.90096032435394591e-7 8 8
9.37625169754028320e-2 -2.09987860254177114e1 -2.09987850189208984e1 -2.09987850189208984e1 1.11261999791167909e-6 3.01996863072417909e-7 11 11
