# input reference p6 p7 residual6 residual7 iterations6 iterations7
0.00000000000000000e0 0.00000000000000000e0 0.00000000000000000e0 0.00000000000000000e0 0.00000000000000000e0 0.00000000000000000e0 0 0
0.00000000000000000e0 0.00000000000000000e0 0.00000000000000000e0 0.00000000000000000e0 0.00000000000000000e0 0.00000000000000000e0 0 0
0.00000000000000000e0 0.00000000000000000e0 0.00000000000000000e0 0.00000000000000000e0 0.00000000000000000e0 0.00000000000000000e0 0 0
0.00000000000000000e0 0.00000000000000000e0 0.00000000000000000e0 0.00000000000000000e0 0.00000000000000000e0 0.00000000000000000e0 0 0
0.00000000000000000e0 0.00000000000000000e0 0.00000000000000000e0 0.00000000000000000e0 0.00000000000000000e0 0.00000000000000000e0 0 0
0.00000000000000000e0 0.00000000000000000e0 0.00000000000000000e0 0.00000000000000000e0 0.00000000000000000e0 0.00000000000000000e0 0 0
0.00000000000000000e0 0.00000000000000000e0 0.00000000000000000e0 0.00000000000000000e0 0.00000000000000000e0 0.00000000000000000e0 0 0
0.00000000000000000e0 0.00000000000000000e0 0.00000000000000000e0 0.00000000000000000e0 0.00000000000000000e0 0.00000000000000000e0 0 0
0.00000000000000000e0 0.00000000000000000e0 0.00000000000000000e0 0.00000000000000000e0 0.00000000000000000e0 0.00000000000000000e0 0 0
0.00000000000000000e0 0.00000000000000000e0 0.00000000000000000e0 0.00000000000000000e0 0.00000000000000000e0 0.00000000000000000e0 0 0
0.00000000000000000e0 0.00000000000000000e0 0.00000000000000000e0 0.00000000000000000e0 0.00000000000000000e0 0.00000000000000000e0 0 0
0.00000000000000000e0 0.00000000000000000e0 0.00000000000000000e0 0.00000000000000000e0 0.00000000000000000e0 0.00000000000000000e0 0 0
0.00000000000000000e0 0.00000000000000000e0 0.00000000000000000e0 0.00000000000000000e0 0.00000000000000000e0 0.00000000000000000e0 0 0
0.00000000000000000e0 0.00000000000000000e0 0.00000000000000000e0 0.00000000000000000e0 0.00000000000000000e0 0.00000000000000000e0 0 0
0.00000000000000000e0 0.00000000000000000e0 0.00000000000000000e0 0.00000000000000000e0 0.00000000000000000e0 0.00000000000000000e0 0 0
0.00000000000000000e0 0.00000000000000000e0 0.00000000000000000e0 0.00000000000000000e0 0.00000000000000000e0 0.00000000000000000e0 0 0
0.00000000000000000e0 0.00000000000000000e0 0.00000000000000000e0 0.00000000000000000e0 0.00000000000000000e0 0.00000000000000000e0 0 0
0.00000000000000000e0 0.00000000000000000e0 0.00000000000000000e0 0.00000000000000000e0 0.00000000000000000e0 0.00000000000000000e0 0 0
0.00000000000000000e0 0.00000000000000000e0 0.00000000000000000e0 0.00000000000000000e0 0.00000000000000000e0 0.00000000000000000e0 0 0
0.00000000000000000e0 0.00000000000000000e0 0.00000000000000000e0 0.00000000000000000e0 0.00000000000000000e0 0.00000000000000000e0 0 0
0.00000000000000000e0 0.00000000000000000e0 0.00000000000000000e0 0.00000000000000000e0 0.00000000000000000e0 0.00000000000000000e0 0 0
0.00000000000000000e0 0.00000000000000000e0 0.00000000000000000e0 0.00000000000000000e0 0.00000000000000000e0 0.00000000000000000e0 0 0
0.00000000000000000e0 0.00000000000000000e0 0.00000000000000000e0 0.00000000000000000e0 0.00000000000000000e0 0.00000000000000000e0 0 0
0.00000000000000000e0 0.00000000000000000e0 0.00000000000000000e0 0.00000000000000000e0 0.00000000000000000e0 0.00000000000000000e0 0 0
0.00000000000000000e0 0.00000000000000000e0 0.00000000000000000e0 0.00000000000000000e0 0.00000000000000000e0 0.00000000000000000e0 0 0
0.00000000000000000e0 0.00000000000000000e0 0.00000000000000000e0 0.00000000000000000e0 0.00000000000000000e0 0.00000000000000000e0 0 0
0.00000000000000000e0 0.00000000000000000e0 0.00000000000000000e0 0.00000000000000000e0 0.00000000000000000e0 0.00000000000000000e0 0 0
0.00000000000000000e0 0.00000000000000000e0 0.00000000000000000e0 0.00000000000000000e0 0.00000000000000000e0 0.00000000000000000e0 0 0
0.00000000000000000e0 0.00000000000000000e0 0.00000000000000000e0 0.00000000000000000e0 0.00000000000000000e0 0.00000000000000000e0 0 0
0.00000000000000000e0 0.00000000000000000e0 0.00000000000000000e0 0.00000000000000000e0 0.00000000000000000e0 0.00000000000000000e0 0 0
0.00000000000000000e0 0.00000000000000000e0 0.00000000000000000e0 0.00000000000000000e0 0.00000000000000000e0 0.00000000000000000e0 0 0
0.00000000000000000e0 0.00000000000000000e0 0.00000000000000000e0 0.00000000000000000e0 0.00000000000000000e0 0.00000000000000000e0 0 0
0.00000000000000000e0 0.00000000000000000e0 0.00000000000000000e0 0.00000000000000000e0 0.00000000000000000e0 0.00000000000000000e0 0 0
0.00000000000000000e0 0.00000000000000000e0 0.00000000000000000e0 0.00000000000000000e0 0.00000000000000000e0 0.00000000000000000e0 0 0
0.00000000000000000e0 0.00000000000000000e0 0.00000000000000000e0 0.00000000000000000e0 0.00000000000000000e0 0.00000000000000000e0 0 0
0.00000000000000000e0 0.00000000000000000e0 0.00000000000000000e0 0.00000000000000000e0 0.00000000000000000e0 0.00000000000000000e0 0 0
0.00000000000000000e0 0.00000000000000000e0 0.00000000000000000e0 0.00000000000000000e0 0.00000000000000000e0 0.00000000000000000e0 0 0
0.00000000000000000e0 0.00000000000000000e0 0.00000000000000000e0 0.00000000000000000e0 0.00000000000000000e0 0.00000000000000000e0 0 0
0.00000000000000000e0 0.00000000000000000e0 0.00000000000000000e0 0.00000000000000000e0 0.00000000000000000e0 0.00000000000000000e0 0 0
0.00000000000000000e0 0.00000000000000000e0 0.00000000000000000e0 0.00000000000000000e0 0.00000000000000000e0 0.00000000000000000e0 0 0
0.00000000000000000e0 0.00000000000000000e0 0.00000000000000000e0 0.00000000000000000e0 0.00000000000000000e0 0.00000000000000000e0 0 0
0.00000000000000000e0 0.00000000000000000e0 0.00000000000000000e0 0.00000000000000000e0 0.00000000000000000e0 0.00000000000000000e0 0 0
0.00000000000000000e0 0.00000000000000000e0 0.00000000000000000e0 0.00000000000000000e0 0.00000000000000000e0 0.00000000000000000e0 0 0
0.00000000000000000e0 0.00000000000000000e0 0.00000000000000000e0 0.00000000000000000e0 0.00000000000000000e0 0.00000000000000000e0 0 0
0.00000000000000000e0 0.00000000000000000e0 0.00000000000000000e0 0.00000000000000000e0 0.00000000000000000e0 0.00000000000000000e0 0 0
0.00000000000000000e0 0.00000000000000000e0 0.00000000000000000e0 0.00000000000000000e0 0.00000000000000000e0 0.00000000000000000e0 0 0
0.00000000000000000e0 0.00000000000000000e0 0.00000000000000000e0 0.00000000000000000e0 0.00000000000000000e0 0.00000000000000000e0 0 0
0.00000000000000000e0 0.00000000000000000e0 0.00000000000000000e0 0.00000000000000000e0 0.00000000000000000e0 0.00000000000000000e0 0 0
0.00000000000000000e0 0.00000000000000000e0 0.00000000000000000e0 0.00000000000000000e0 0.00000000000000000e0 0.00000000000000000e0 0 0
0.00000000000000000e0 0.00000000000000000e0 0.00000000000000000e0 0.00000000000000000e0 0.00000000000000000e0 0.00000000000000000e0 0 0
0.00000000000000000e0 0.00000000000000000e0 0.00000000000000000e0 0.00000000000000000e0 0.00000000000000000e0 0.00000000000000000e0 0 0
0.00000000000000000e0 0.00000000000000000e0 0.00000000000000000e0 0.00000000000000000e0 0.00000000000000000e0 0.00000000000000000e0 0 0
0.00000000000000000e0 0.00000000000000000e0 0.00000000000000000e0 0.00000000000000000e0 0.00000000000000000e0 0.00000000000000000e0 0 0
0.00000000000000000e0 0.00000000000000000e0 0.00000000000000000e0 0.00000000000000000e0 0.00000000000000000e0 0.00000000000000000e0 0 0
0.00000000000000000e0 0.00000000000000000e0 0.00000000000000000e0 0.00000000000000000e0 0.00000000000000000e0 0.00000000000000000e0 0 0
0.00000000000000000e0 0.00000000000000000e0 0.00000000000000000e0 0.00000000000000000e0 0.00000000000000000e0 0.00000000000000000e0 0 0
0.00000000000000000e0 0.00000000000000000e0 0.00000000000000000e0 0.00000000000000000e0 0.00000000000000000e0 0.00000000000000000e0 0 0
0.00000000000000000e0 0.00000000000000000e0 0.00000000000000000e0 0.00000000000000000e0 0.00000000000000000e0 0.00000000000000000e0 0 0
0.00000000000000000e0 0.00000000000000000e0 0.00000000000000000e0 0.00000000000000000e0 0.00000000000000000e0 0.00000000000000000e0 0 0
0.00000000000000000e0 0.00000000000000000e0 0.00000000000000000e0 0.00000000000000000e0 0.00000000000000000e0 0.00000000000000000e0 0 0
0.00000000000000000e0 0.00000000000000000e0 0.00000000000000000e0 0.00000000000000000e0 0.00000000000000000e0 0.00000000000000000e0 0 0
0.00000000000000000e0 0.00000000000000000e0 0.00000000000000000e0 0.00000000000000000e0 0.00000000000000000e0 0.00000000000000000e0 0 0
0.00000000000000000e0 0.00000000000000000e0 0.00000000000000000e0 0.00000000000000000e0 0.00000000000000000e0 0.00000000000000000e0 0 0
0.00000000000000000e0 0.00000000000000000e0 0.00000000000000000e0 0.00000000000000000e0 0.00000000000000000e0 0.00000000000000000e0 0 0
0.00000000000000000e0 0.00000000000000000e0 0.00000000000000000e0 0.00000000000000000e0 0.00000000000000000e0 0.00000000000000000e0 0 0
0.00000000000000000e0 0.00000000000000000e0 0.00000000000000000e0 0.00000000000000000e0 0.00000000000000000e0 0.00000000000000000e0 0 0
0.00000000000000000e0 0.00000000000000000e0 0.00000000000000000e0 0.00000000000000000e0 0.00000000000000000e0 0.00000000000000000e0 0 0
0.00000000000000000e0 0.00000000000000000e0 0.00000000000000000e0 0.00000000000000000e0 0.00000000000000000e0 0.00000000000000000e0 0 0
0.00000000000000000e0 0.00000000000000000e0 0.00000000000000000e0 0.00000000000000000e0 0.00000000000000000e0 0.00000000000000000e0 0 0
0.00000000000000000e0 0.00000000000000000e0 0.00000000000000000e0 0.00000000000000000e0 0.00000000000000000e0 0.00000000000000000e0 0 0
0.00000000000000000e0 0.00000000000000000e0 0.00000000000000000e0 0.00000000000000000e0 0.00000000000000000e0 0.00000000000000000e0 0 0
0.00000000000000000e0 0.00000000000000000e0 0.00000000000000000e0 0.00000000000000000e0 0.00000000000000000e0 0.00000000000000000e0 0 0
0.00000000000000000e0 0.00000000000000000e0 0.00000000000000000e0 0.00000000000000000e0 0.00000000000000000e0 0.00000000000000000e0 0 0
0.00000000000000000e0 0.00000000000000000e0 0.00000000000000000e0 0.00000000000000000e0 0.00000000000000000e0 0.00000000000000000e0 0 0
0.00000000000000000e0 0.00000000000000000e0 0.00000000000000000e0 0.00000000000000000e0 0.00000000000000000e0 0.00000000000000000e0 0 0
0.00000000000000000e0 0.00000000000000000e0 0.00000000000000000e0 0.00000000000000000e0 0.00000000000000000e0 0.00000000000000000e0 0 0
0.00000000000000000e0 0.00000000000000000e0 0.00000000000000000e0 0.00000000000000000e0 0.00000000000000000e0 0.00000000000000000e0 0 0
0.00000000000000000e0 0.00000000000000000e0 0.00000000000000000e0 0.00000000000000000e0 0.00000000000000000e0 0.00000000000000000e0 0 0
0.00000000000000000e0 0.00000000000000000e0 0.00000000000000000e0 0.00000000000000000e0 0.00000000000000000e0 0.00000000000000000e0 0 0
0.00000000000000000e0 0.00000000000000000e0 0.00000000000000000e0 0.00000000000000000e0 0.00000000000000000e0 0.00000000000000000e0 0 0
0.00000000000000000e0 0.00000000000000000e0 0.00000000000000000e0 0.00000000000000000e0 0.00000000000000000e0 0.00000000000000000e0 0 0
0.00000000000000000e0 0.00000000000000000e0 0.00000000000000000e0 0.00000000000000000e0 0.00000000000000000e0 0.00000000000000000e0 0 0
0.00000000000000000e0 0.00000000000000000e0 0.00000000000000000e0 0.00000000000000000e0 0.00000000000000000e0 0.00000000000000000e0 0 0
0.00000000000000000e0 0.00000000000000000e0 0.00000000000000000e0 0.00000000000000000e0 0.00000000000000000e0 0.00000000000000000e0 0 0
0.00000000000000000e0 0.00000000000000000e0 0.00000000000000000e0 0.00000000000000000e0 0.00000000000000000e0 0.00000000000000000e0 0 0
0.00000000000000000e0 0.00000000000000000e0 0.00000000000000000e0 0.00000000000000000e0 0.00000000000000000e0 0.00000000000000000e0 0 0
0.00000000000000000e0 0.00000000000000000e0 0.00000000000000000e0 0.00000000000000000e0 0.00000000000000000e0 0.00000000000000000e0 0 0
0.00000000000000000e0 0.00000000000000000e0 0.00000000000000000e0 0.00000000000000000e0 0.00000000000000000e0 0.00000000000000000e0 0 0
0.00000000000000000e0 0.00000000000000000e0 0.00000000000000000e0 0.00000000000000000e0 0.00000000000000000e0 0.00000000000000000e0 0 0
0.00000000000000000e0 0.00000000000000000e0 0.00000000000000000e0 0.00000000000000000e0 0.00000000000000000e0 0.00000000000000000e0 0 0
0.00000000000000000e0 0.00000000000000000e0 0.00000000000000000e0 0.00000000000000000e0 0.00000000000000000e0 0.00000000000000000e0 0 0
0.00000000000000000e0 0.00000000000000000e0 0.00000000000000000e0 0.00000000000000000e0 0.00000000000000000e0 0.00000000000000000e0 0 0
0.00000000000000000e0 0.00000000000000000e0 0.00000000000000000e0 0.00000000000000000e0 0.00000000000000000e0 0.00000000000000000e0 0 0
0.00000000000000000e0 0.00000000000000000e0 0.00000000000000000e0 0.00000000000000000e0 0.00000000000000000e0 0.00000000000000000e0 0 0
0.00000000000000000e0 0.00000000000000000e0 0.00000000000000000e0 0.00000000000000000e0 0.00000000000000000e0 0.00000000000000000e0 0 0
0.00000000000000000e0 0.00000000000000000e0 0.00000000000000000e0 0.00000000000000000e0 0.00000000000000000e0 0.00000000000000000e0 0 0
1.00000000000000000e0 -2.09950328729472631e1 -2.09950332641601562e1 -2.09950332641601562e1 2.89281206278246827e-6 1.84377029199822573e-6 9 9
1.00000000000000000e0 -2.09992400861475303e1 -2.09992427825927734e1 -2.09992427825927734e1 4.51405821877415292e-6 3.17891448275986477e-7 6 6
1.00000000000000000e0 -2.09988033304901194e1 -2.09988040924072266e1 -2.09988040924072266e1 2.47955313170677982e-6 8.73114913702011108e-7 2 2
1.00000000000000000e0 -2.09987818728135771e1 -2.09987831115722656e1 -2.09987831115722656e1 6.35782896551972954e-7 1.62124638336536009e-6 3 3
1.00000000000000000e0 -2.09987840483758177e1 -2.09987831115722656e1 -2.09987831115722656e1 1.20798745228967164e-6 1.46230058817309327e-6 1 1
1.00000000000000000e0 -2.09987841926837326e1 -2.09987831115722656e1 -2.09987831115722656e1 1.43051147460937500e-6 6.03993726144835819e-7 1 1
1.00000000000000000e0 -2.09987841852020338e1 -2.09987831115722656e1 -2.09987831115722656e1 3.46501678905042354e-6 1.87555951924878173e-6 1 1
1.00000000000000000e0 -2.09987841844893772e1 -2.09987831115722656e1 -2.09987831115722656e1 2.76565560852759518e-6 2.00271597350365482e-6 1 1
1.00000000000000000e0 -2.09987841846280787e1 -2.09987831115722656e1 -2.09987831115722656e1 3.94185371987987310e-6 3.97364289028701023e-7 1 1
1.00000000000000000e0 -2.09987841847507752e1 -2.09987831115722656e1 -2.09987831115722656e1 5.88099169362976681e-7 1.01725265722052427e-6 1 1
1.00000000000000000e0 -2.09987841848691090e1 -2.09987831115722656e1 -2.09987831115722656e1 3.24249276673072018e-6 1.62124638336536009e-6 1 1
1.00000000000000000e0 -2.09987841849874357e1 -2.09987831115722656e1 -2.09987831115722656e1 1.58945715611480409e-6 8.90096032435394591e-7 1 1
1.00000000000000000e0 -2.09987841851057766e1 -2.09987831115722656e1 -2.09987831115722656e1 4.22795619670068845e-6 6.35782896551972954e-7 1 1
1.00000000000000000e0 -2.09987841852241210e1 -2.09987831115722656e1 -2.09987831115722656e1 4.54584778708522208e-6 3.49680590261414181e-7 1 1
1.00000000000000000e0 -2.09987841853424619e1 -2.09987831115722656e1 -2.09987831115722656e1 4.99089537697727792e-6 1.84377029199822573e-6 1 1
1.00000000000000000e0 -2.09987841854607957e1 -2.09987831115722656e1 -2.09987831115722656e1 2.38418579101562500e-6 1.58945715611480409e-6 1 1
1.00000000000000000e0 -2.09987841855791402e1 -2.09987831115722656e1 -2.09987831115722656e1 6.07172660238575190e-6 4.45048016217697295e-7 1 1
1.00000000000000000e0 -2.09987841856974704e1 -2.09987831115722656e1 -2.09987831115722656e1 3.27428188029443845e-6 1.90734866123420943e-7 1 1
1.00000000000000000e0 -2.09987841858157971e1 -2.09987831115722656e1 -2.09987831115722656e1 1.35103857701324159e-6 2.03450531444104854e-6 1 1
1.00000000000000000e0 -2.09987841859341238e1 -2.09987831115722656e1 -2.09987831115722656e1 2.41597490457934327e-6 2.00271597350365482e-6 1 1
1.00000000000000000e0 -2.09987841860524469e1 -2.09987831115722656e1 -2.09987831115722656e1 8.58306862028257456e-7 7.31150294086546637e-7 1 1
1.00000000000000000e0 -2.09987841861707771e1 -2.09987831115722656e1 -2.09987831115722656e1 5.49952210349147208e-6 1.36693313379510073e-6 1 1
1.00000000000000000e0 -2.09987841862890967e1 -2.09987831115722656e1 -2.09987831115722656e1 2.35239667745190673e-6 1.58945715611480409e-6 1 1
1.00000000000000000e0 -2.09987841864074092e1 -2.09987831115722656e1 -2.09987831115722656e1 1.55766804255108582e-6 9.53674316406250000e-7 1 1
1.00000000000000000e0 -2.09987841865257252e1 -2.09987831115722656e1 -2.09987831115722656e1 3.11533608510217164e-6 9.53674316406250000e-7 1 1
1.00000000000000000e0 -2.09987841866440341e1 -2.09987831115722656e1 -2.09987831115722656e1 4.41869087808299810e-6 1.20798745228967164e-6 1 1
1.00000000000000000e0 -2.09987841867623466e1 -2.09987831115722656e1 -2.09987831115722656e1 2.98817963084729854e-6 3.49680590261414181e-7 1 1
1.00000000000000000e0 -2.09987841868806555e1 -2.09987831115722656e1 -2.09987831115722656e1 4.29153442382812500e-6 2.12987265513220336e-6 1 1
1.00000000000000000e0 -2.09987841869989609e1 -2.09987831115722656e1 -2.09987831115722656e1 1.65303549692907836e-6 1.04904177078424254e-6 1 1
1.00000000000000000e0 -2.09987841871172591e1 -2.09987831115722656e1 -2.09987831115722656e1 2.51134247264417354e-6 4.76837158203125000e-7 1 1
1.00000000000000000e0 -2.09987841872355609e1 -2.09987831115722656e1 -2.09987831115722656e1 9.69568873188109137e-7 1.74840295130707091e-6 1 1
1.00000000000000000e0 -2.09987841873538592e1 -2.09987831115722656e1 -2.09987831115722656e1 1.24772384424431948e-6 1.90734863281250000e-6 1 1
1.00000000000000000e0 -2.09987841874721539e1 -2.09987831115722656e1 -2.09987831115722656e1 2.09808354156848509e-6 1.93913774637621827e-6 1 1
1.00000000000000000e0 -2.09987841875904451e1 -2.09987831115722656e1 -2.09987831115722656e1 1.39872236104565673e-6 3.81469732246841886e-7 1 1
1.00000000000000000e0 -2.09987841877087362e1 -2.09987831115722656e1 -2.09987831115722656e1 2.54313164305131068e-7 1.74840295130707091e-7 1 1
1.00000000000000000e0 -2.09987841878270238e1 -2.09987831115722656e1 -2.09987831115722656e1 1.39872236104565673e-6 3.17891448275986477e-7 1 1
1.00000000000000000e0 -2.09987841879453079e1 -2.09987831115722656e1 -2.09987831115722656e1 3.59217324330529664e-6 1.08083088434796082e-6 1 1
1.00000000000000000e0 -2.09987841880635848e1 -2.09987831115722656e1 -2.09987831115722656e1 3.56038412974157836e-6 1.14440922516223509e-6 1 1
1.00000000000000000e0 -2.09987841881818689e1 -2.09987831115722656e1 -2.09987831115722656e1 5.02268494528834708e-6 2.00271597350365482e-6 1 1
1.00000000000000000e0 -2.09987841883001458e1 -2.09987831115722656e1 -2.09987831115722656e1 3.81469732246841886e-7 1.55766804255108582e-6 1 1
1.00000000000000000e0 -2.09987841884184263e1 -2.09987831115722656e1 -2.09987831115722656e1 1.30335490666766418e-6 2.06629442800476681e-6 1 1
1.00000000000000000e0 -2.09987841885366926e1 -2.09987831115722656e1 -2.09987831115722656e1 2.06629442800476681e-6 8.90096032435394591e-7 1 1
1.00000000000000000e0 -2.09987841886549660e1 -2.09987831115722656e1 -2.09987831115722656e1 1.87555951924878173e-6 1.43051147460937500e-6 1 1
1.00000000000000000e0 -2.09987841887732287e1 -2.09987831115722656e1 -2.09987831115722656e1 3.87827549275243655e-6 1.78019206487078918e-6 1 1
1.00000000000000000e0 -2.09987841888914950e1 -2.09987831115722656e1 -2.09987831115722656e1 3.71932992493384518e-6 5.72204612581117544e-7 1 1
1.00000000000000000e0 -2.09987841890097577e1 -2.09987831115722656e1 -2.09987831115722656e1 8.90096032435394591e-7 3.65575147043273319e-7 1 1
1.00000000000000000e0 -2.09987841891280205e1 -2.09987831115722656e1 -2.09987831115722656e1 2.54313158620789181e-6 1.84377029199822573e-6 1 1
1.00000000000000000e0 -2.09987841892462761e1 -2.09987831115722656e1 -2.09987831115722656e1 2.03450531444104854e-6 1.62124638336536009e-6 1 1
1.00000000000000000e0 -2.09987841893645317e1 -2.09987831115722656e1 -2.09987831115722656e1 1.14440922516223509e-6 1.97092685993993655e-6 1 1
1.00000000000000000e0 -2.09987841894827838e1 -2.09987831115722656e1 -2.09987831115722656e1 4.06901062888209708e-6 7.31150294086546637e-7 1 1
1.00000000000000000e0 -2.09987841896010323e1 -2.09987831115722656e1 -2.09987831115722656e1 2.06629442800476681e-6 6.67572010115691228e-7 1 1
1.00000000000000000e0 -2.09987841897192808e1 -2.09987831115722656e1 -2.09987831115722656e1 2.22523999582335819e-6 3.65575147043273319e-7 1 1
1.00000000000000000e0 -2.09987841898375258e1 -2.09987831115722656e1 -2.09987831115722656e1 1.06493632756610168e-6 7.47044907711824635e-7 1 1
1.00000000000000000e0 -2.09987841899557672e1 -2.09987831115722656e1 -2.09987831115722656e1 1.62124638336536009e-6 6.67572010115691228e-7 1 1
1.00000000000000000e0 -2.09987841900740051e1 -2.09987831115722656e1 -2.09987831115722656e1 3.01996874441101681e-6 1.01725265722052427e-6 1 1
1.00000000000000000e0 -2.09987841901922430e1 -2.09987831115722656e1 -2.09987831115722656e1 1.16030378194409423e-6 2.03450531444104854e-6 1 1
1.00000000000000000e0 -2.09987841903104808e1 -2.09987831115722656e1 -2.09987831115722656e1 1.49408981542364927e-6 1.78019206487078918e-6 1 1
1.00000000000000000e0 -2.09987841904287116e1 -2.09987831115722656e1 -2.09987831115722656e1 6.03993748882203363e-6 9.85463429969968274e-7 1 1
1.00000000000000000e0 -2.09987841905469423e1 -2.09987831115722656e1 -2.09987831115722656e1 2.19345088225963991e-6 4.45048016217697295e-7 1 1
1.00000000000000000e0 -2.09987841906651695e1 -2.09987831115722656e1 -2.09987831115722656e1 5.02268494528834708e-6 3.97364289028701023e-7 1 1
1.00000000000000000e0 -2.09987841907833968e1 -2.09987831115722656e1 -2.09987831115722656e1 3.56038412974157836e-6 1.81198117843450746e-6 1 1
1.00000000000000000e0 -2.09987841909016169e1 -2.09987831115722656e1 -2.09987831115722656e1 2.40008034779748414e-6 6.19888282926694956e-7 1 1
1.00000000000000000e0 -2.09987841910198370e1 -2.09987831115722656e1 -2.09987831115722656e1 2.25702910938707646e-6 4.76837158203125000e-7 1 1
1.00000000000000000e0 -2.09987841911380535e1 -2.09987831115722656e1 -2.09987831115722656e1 3.33786010742187500e-6 4.29153431014128728e-7 1 1
1.00000000000000000e0 -2.09987841912562629e1 -2.09987831115722656e1 -2.09987831115722656e1 1.87555951924878173e-6 1.46230058817309327e-6 1 1
1.00000000000000000e0 -2.09987841913744795e1 -2.09987831115722656e1 -2.09987831115722656e1 1.95503230315807741e-6 9.21885145999112865e-7 1 1
1.00000000000000000e0 -2.09987841914926889e1 -2.09987831115722656e1 -2.09987831115722656e1 1.84377029199822573e-6 1.81198117843450746e-6 1 1
1.00000000000000000e0 -2.09987841916108984e1 -2.09987831115722656e1 -2.09987831115722656e1 1.39872236104565673e-6 2.25702910938707646e-6 1 1
1.00000000000000000e0 -2.09987841917290972e1 -2.09987831115722656e1 -2.09987831115722656e1 1.23977656585338991e-6 1.36693313379510073e-6 1 1
1.00000000000000000e0 -2.09987841918473030e1 -2.09987831115722656e1 -2.09987831115722656e1 1.25567123632208677e-6 1.52587892898736754e-6 1 1
1.00000000000000000e0 -2.09987841919655018e1 -2.09987831115722656e1 -2.09987831115722656e1 5.72204612581117544e-7 4.45048016217697295e-7 1 1
1.00000000000000000e0 -2.09987841920837006e1 -2.09987831115722656e1 -2.09987831115722656e1 6.99361180522828363e-7 2.06629437116134795e-7 1 1
1.00000000000000000e0 -2.09987841922018958e1 -2.09987831115722656e1 -2.09987831115722656e1 1.55766804255108582e-6 6.67572010115691228e-7 1 1
1.00000000000000000e0 -2.09987841923200875e1 -2.09987831115722656e1 -2.09987831115722656e1 6.10351571594947018e-6 1.78019206487078918e-6 1 1
1.00000000000000000e0 -2.09987841924382792e1 -2.09987831115722656e1 -2.09987831115722656e1 4.35511265095556155e-6 3.97364289028701023e-7 1 1
1.00000000000000000e0 -2.09987841925564638e1 -2.09987831115722656e1 -2.09987831115722656e1 1.27156579310394591e-6 6.19888282926694956e-7 1 1
1.00000000000000000e0 -2.09987841926746484e1 -2.09987831115722656e1 -2.09987831115722656e1 2.54313164305131068e-7 8.58306862028257456e-7 1 1
1.00000000000000000e0 -2.09987841927928258e1 -2.09987831115722656e1 -2.09987831115722656e1 1.06493632756610168e-6 2.28881845032447018e-6 1 1
1.00000000000000000e0 -2.09987841929110104e1 -2.09987831115722656e1 -2.09987831115722656e1 3.30607099385815673e-6 6.51677453333832091e-7 1 1
1.00000000000000000e0 -2.09987841930291879e1 -2.09987831115722656e1 -2.09987831115722656e1 1.41461691782751586e-6 7.31150294086546637e-7 1 1
1.00000000000000000e0 -2.09987841931473582e1 -2.09987831115722656e1 -2.09987831115722656e1 1.52587892898736754e-6 4.76837158203125000e-7 1 1
1.00000000000000000e0 -2.09987841932655357e1 -2.09987831115722656e1 -2.09987831115722656e1 2.27292389354261104e-6 3.97364289028701023e-7 1 1
1.00000000000000000e0 -2.09987841933837061e1 -2.09987831115722656e1 -2.09987831115722656e1 2.19345088225963991e-6 3.81469732246841886e-7 1 1
1.00000000000000000e0 -2.09987841935018764e1 -2.09987831115722656e1 -2.09987831115722656e1 2.63849892689904664e-6 1.14440922516223509e-6 1 1
1.00000000000000000e0 -2.09987841936200397e1 -2.09987831115722656e1 -2.09987831115722656e1 4.57763690064894035e-6 5.24520885392121272e-7 1 1
1.00000000000000000e0 -2.09987841937382029e1 -2.09987831115722656e1 -2.09987831115722656e1 1.20798745228967164e-6 1.49408981542364927e-6 1 1
1.00000000000000000e0 -2.09987841938563591e1 -2.09987831115722656e1 -2.09987831115722656e1 4.13258885600953363e-6 7.94728578057402046e-7 1 1
1.00000000000000000e0 -2.09987841939745152e1 -2.09987831115722656e1 -2.09987831115722656e1 4.92731714984984137e-7 3.49680590261414181e-7 1 1
1.00000000000000000e0 -2.09987841940926714e1 -2.09987831115722656e1 -2.09987831115722656e1 2.05039987122290768e-6 1.17619833872595336e-6 1 1
1.00000000000000000e0 -2.09987841942108240e1 -2.09987831115722656e1 -2.09987831115722656e1 9.53674316406250000e-7 2.00271597350365482e-6 1 1
1.00000000000000000e0 -2.09987841943289695e1 -2.09987831115722656e1 -2.09987831115722656e1 5.84920235269237310e-6 1.08083088434796082e-6 1 1
1.00000000000000000e0 -2.09987841944471185e1 -2.09987831115722656e1 -2.09987831115722656e1 1.68482461049279664e-6 1.52587892898736754e-6 1 1
1.00000000000000000e0 -2.09987841945652640e1 -2.09987831115722656e1 -2.09987831115722656e1 9.85463429969968274e-7 1.43051147460937500e-6 1 1
1.00000000000000000e0 -2.09987841946834060e1 -2.09987831115722656e1 -2.09987831115722656e1 1.30335490666766418e-6 7.94728578057402046e-7 1 1
1.00000000000000000e0 -2.09987841948015443e1 -2.09987831115722656e1 -2.09987831115722656e1 1.46230058817309327e-6 1.36693313379510073e-6 1 1
1.00000000000000000e0 -2.09987841949196863e1 -2.09987831115722656e1 -2.09987831115722656e1 3.78290815206128173e-6 1.81198117843450746e-6 1 1
1.00000000000000000e0 -2.09987841950378176e1 -2.09987831115722656e1 -2.09987831115722656e1 1.33514402023138246e-6 1.49408981542364927e-6 1 1
1.00000000000000000e0 -2.09987841951559524e1 -2.09987831115722656e1 -2.09987831115722656e1 1.11261999791167909e-6 6.67572010115691228e-7 1 1
1.00000000000000000e0 -2.09987841952740837e1 -2.09987831115722656e1 -2.09987831115722656e1 4.92731714984984137e-6 1.39872236104565673e-6 1 1
1.00000000000000000e0 -2.09987841953922114e1 -2.09987831115722656e1 -2.09987831115722656e1 2.30471300710632931e-6 1.90734863281250000e-6 1 1
1.00000000000000000e0 -2.09987841955103320e1 -2.09987831115722656e1 -2.09987831115722656e1 2.44776401814306155e-6 1.52587892898736754e-6 1 1
1.00000000000000000e0 -2.09987841956284598e1 -2.09987831115722656e1 -2.09987831115722656e1 1.14440922516223509e-6 2.03450531444104854e-6 1 1
1.00000000000000000e0 -2.09987841957465804e1 -2.09987831115722656e1 -2.09987831115722656e1 1.35103857701324159e-6 9.53674316406250000e-7 1 1
1.00000000000000000e0 -2.09987841958646904e1 -2.09987831115722656e1 -2.09987831115722656e1 9.69568873188109137e-7 1.81198117843450746e-6 1 1
1.00000000000000000e0 -2.09987841959828074e1 -2.09987831115722656e1 -2.09987831115722656e1 2.82923383565503173e-6 5.56309998955839546e-7 1 1
1.00000000000000000e0 -2.09987841961009174e1 -2.09987831115722656e1 -2.09987831115722656e1 3.05175785797473509e-6 1.90734863281250000e-6 1 1
1.00000000000000000e0 -2.09987841962190274e1 -2.09987831115722656e1 -2.09987831115722656e1 1.68482461049279664e-6 1.84377029199822573e-6 1 1
1.00000000000000000e0 -2.09987841963371373e1 -2.09987831115722656e1 -2.09987831115722656e1 2.86102294921875000e-6 4.92731714984984137e-7 1 1
1.00000000000000000e0 -2.09987841964552402e1 -2.09987831115722656e1 -2.09987831115722656e1 5.34057608092552982e-6 1.65303549692907836e-6 1 1
1.00000000000000000e0 -2.09987841965733395e1 -2.09987831115722656e1 -2.09987831115722656e1 5.49952210349147208e-6 1.55766804255108582e-6 1 1
1.00000000000000000e0 -2.09987841966914459e1 -2.09987831115722656e1 -2.09987831115722656e1 9.85463429969968274e-7 5.08626328610262135e-7 1 1
1.00000000000000000e0 -2.09987841968095452e1 -2.09987831115722656e1 -2.09987831115722656e1 3.40143833454931155e-6 3.65575147043273319e-7 1 1
1.00000000000000000e0 -2.09987841969276339e1 -2.09987831115722656e1 -2.09987831115722656e1 3.11533608510217164e-6 1.04904177078424254e-6 1 1
1.00000000000000000e0 -2.09987841970457261e1 -2.09987831115722656e1 -2.09987831115722656e1 3.68754058399645146e-6 1.39872236104565673e-6 1 1
1.00000000000000000e0 -2.09987841971638183e1 -2.09987831115722656e1 -2.09987831115722656e1 1.46230058817309327e-6 6.99361180522828363e-7 1 1
1.00000000000000000e0 -2.09987841972819069e1 -2.09987831115722656e1 -2.09987831115722656e1 1.52587892898736754e-6 1.46230058817309327e-6 1 1
1.00000000000000000e0 -2.09987841973999849e1 -2.09987831115722656e1 -2.09987831115722656e1 2.86102294921875000e-6 1.58945715611480409e-6 1 1
1.00000000000000000e0 -2.09987841975180700e1 -2.09987831115722656e1 -2.09987831115722656e1 2.70207715402648319e-6 8.90096032435394591e-7 1 1
1.00000000000000000e0 -2.09987841976361516e1 -2.09987831115722656e1 -2.09987831115722656e1 4.00543194700730965e-6 2.06629442800476681e-6 1 1
1.00000000000000000e0 -2.09987841977542260e1 -2.09987831115722656e1 -2.09987831115722656e1 3.87827549275243655e-6 3.81469732246841886e-7 1 1
1.00000000000000000e0 -2.09987841978723040e1 -2.09987831115722656e1 -2.09987831115722656e1 4.25974531026440673e-6 2.06629442800476681e-6 1 1
1.00000000000000000e0 -2.09987841979903713e1 -2.09987831115722656e1 -2.09987831115722656e1 1.43051147460937500e-6 6.99361180522828363e-7 1 1
1.00000000000000000e0 -2.09987841981084458e1 -2.09987831115722656e1 -2.09987831115722656e1 2.60670981333532836e-6 2.25702910938707646e-6 1 1
1.00000000000000000e0 -2.09987841982265131e1 -2.09987831115722656e1 -2.09987831115722656e1 1.09672544112981996e-6 1.81198117843450746e-6 1 1
1.00000000000000000e0 -2.09987841983445769e1 -2.09987831115722656e1 -2.09987831115722656e1 2.98817963084729854e-6 1.97092685993993655e-6 1 1
1.00000000000000000e0 -2.09987841984626407e1 -2.09987831115722656e1 -2.09987831115722656e1 1.84377029199822573e-6 8.90096032435394591e-7 1 1
1.00000000000000000e0 -2.09987841985806973e1 -2.09987831115722656e1 -2.09987831115722656e1 3.43322744811302982e-6 1.08083088434796082e-6 1 1
1.00000000000000000e0 -2.09987841986987576e1 -2.09987831115722656e1 -2.09987831115722656e1 2.16166176869592164e-6 6.67572010115691228e-7 1 1
1.00000000000000000e0 -2.09987841988168107e1 -2.09987831115722656e1 -2.09987831115722656e1 1.78019206487078918e-6 6.35782896551972954e-7 1 1
1.00000000000000000e0 -2.09987841989348603e1 -2.09987831115722656e1 -2.09987831115722656e1 8.74201475653535454e-7 6.35782896551972954e-7 1 1
1.00000000000000000e0 -2.09987841990529134e1 -2.09987831115722656e1 -2.09987831115722656e1 8.26517748464539181e-7 9.53674316406250000e-7 1 1
1.00000000000000000e0 -2.09987841991709665e1 -2.09987831115722656e1 -2.09987831115722656e1 4.32332353739184327e-6 6.99361180522828363e-7 1 1
1.00000000000000000e0 -2.09987841992890054e1 -2.09987831115722656e1 -2.09987831115722656e1 1.74840295130707091e-6 6.51677453333832091e-7 1 1
1.00000000000000000e0 -2.09987841994070479e1 -2.09987831115722656e1 -2.09987831115722656e1 1.97092685993993655e-6 1.01725265722052427e-6 1 1
1.00000000000000000e0 -2.09987841995250868e1 -2.09987831115722656e1 -2.09987831115722656e1 1.28746034988580504e-6 4.76837158203125000e-7 1 1
1.00000000000000000e0 -2.09987841996431257e1 -2.09987831115722656e1 -2.09987831115722656e1 8.90096032435394591e-7 1.14440922516223509e-6 1 1
1.00000000000000000e0 -2.09987841997611611e1 -2.09987831115722656e1 -2.09987831115722656e1 1.33514402023138246e-6 1.17619833872595336e-6 1 1
1.00000000000000000e0 -2.09987841998791893e1 -2.09987831115722656e1 -2.09987831115722656e1 3.59217324330529664e-6 1.17619833872595336e-6 1 1
1.00000000000000000e0 -2.09987841999972211e1 -2.09987831115722656e1 -2.09987831115722656e1 2.38418579101562500e-6 1.14440922516223509e-6 1 1
1.00000000000000000e0 -2.09987842001152494e1 -2.09987831115722656e1 -2.09987831115722656e1 1.09672544112981996e-6 4.76837158203125000e-7 1 1
1.00000000000000000e0 -2.09987842002332741e1 -2.09987831115722656e1 -2.09987831115722656e1 5.72204612581117544e-7 1.14440922516223509e-6 1 1
1.00000000000000000e0 -2.09987842003512988e1 -2.09987831115722656e1 -2.09987831115722656e1 2.38418579101562500e-6 4.76837158203125000e-7 1 1
1.00000000000000000e0 -2.09987842004693164e1 -2.09987831115722656e1 -2.09987831115722656e1 1.19209289550781250e-6 1.33514402023138246e-6 1 1
1.00000000000000000e0 -2.09987842005873340e1 -2.09987831115722656e1 -2.09987831115722656e1 1.90734866123420943e-7 6.67572010115691228e-7 1 1
1.00000000000000000e0 -2.09987842007053516e1 -2.09987831115722656e1 -2.09987831115722656e1 1.44640603139123414e-6 1.90734863281250000e-6 1 1
1.00000000000000000e0 -2.09987842008233621e1 -2.09987831115722656e1 -2.09987831115722656e1 1.81198117843450746e-6 1.04904177078424254e-6 1 1
1.00000000000000000e0 -2.09987842009413761e1 -2.09987831115722656e1 -2.09987831115722656e1 3.36964922098559327e-6 3.81469732246841886e-7 1 1
1.00000000000000000e0 -2.09987842010593795e1 -2.09987831115722656e1 -2.09987831115722656e1 9.53674316406250000e-7 1.36693313379510073e-6 1 1
1.00000000000000000e0 -2.09987842011773829e1 -2.09987831115722656e1 -2.09987831115722656e1 1.04904177078424254e-6 9.21885145999112865e-7 1 1
1.00000000000000000e0 -2.09987842012953898e1 -2.09987831115722656e1 -2.09987831115722656e1 9.53674316406250000e-7 5.72204612581117544e-7 1 1
1.00000000000000000e0 -2.09987842014133861e1 -2.09987831115722656e1 -2.09987831115722656e1 2.86102294921875000e-6 6.67572010115691228e-7 1 1
1.00000000000000000e0 -2.09987842015313824e1 -2.09987831115722656e1 -2.09987831115722656e1 1.97092685993993655e-6 2.09808354156848509e-6 1 1
1.00000000000000000e0 -2.09987842016493751e1 -2.09987831115722656e1 -2.09987831115722656e1 9.21885145999112865e-7 7.62939464493683772e-7 1 1
1.00000000000000000e0 -2.09987842017673714e1 -2.09987831115722656e1 -2.09987831115722656e1 1.97092685993993655e-6 1.43051147460937500e-6 1 1
1.00000000000000000e0 -2.09987842018853605e1 -2.09987831115722656e1 -2.09987831115722656e1 3.59217324330529664e-6 6.51677453333832091e-7 1 1
1.00000000000000000e0 -2.09987842020033426e1 -2.09987831115722656e1 -2.09987831115722656e1 1.87555951924878173e-6 6.03993726144835819e-7 1 1
1.00000000000000000e0 -2.09987842021213318e1 -2.09987831115722656e1 -2.09987831115722656e1 5.37236519448924810e-6 5.72204612581117544e-7 1 1
1.00000000000000000e0 -2.09987842022393103e1 -2.09987831115722656e1 -2.09987831115722656e1 4.80016069559496827e-6 7.94728578057402046e-7 1 1
1.00000000000000000e0 -2.09987842023572959e1 -2.09987831115722656e1 -2.09987831115722656e1 8.90096032435394591e-7 6.35782896551972954e-7 1 1
1.00000000000000000e0 -2.09987842024752709e1 -2.09987831115722656e1 -2.09987831115722656e1 4.51405821877415292e-6 1.62124638336536009e-6 1 1
1.00000000000000000e0 -2.09987842025932459e1 -2.09987831115722656e1 -2.09987831115722656e1 3.49680590261414181e-6 7.15255737304687500e-7 1 1
1.00000000000000000e0 -2.09987842027112208e1 -2.09987831115722656e1 -2.09987831115722656e1 2.79744472209131345e-6 1.97092685993993655e-6 1 1
1.00000000000000000e0 -2.09987842028291887e1 -2.09987831115722656e1 -2.09987831115722656e1 4.13258874232269591e-7 4.29153431014128728e-7 1 1
1.00000000000000000e0 -2.09987842029471530e1 -2.09987831115722656e1 -2.09987831115722656e1 2.51134247264417354e-6 1.52587892898736754e-6 1 1
1.00000000000000000e0 -2.09987842030651208e1 -2.09987831115722656e1 -2.09987831115722656e1 7.24792471373802982e-6 1.43051147460937500e-6 1 1
1.00000000000000000e0 -2.09987842031830780e1 -2.09987831115722656e1 -2.09987831115722656e1 4.38690176451927982e-6 1.20798745228967164e-6 1 1
1.00000000000000000e0 -2.09987842033010423e1 -2.09987831115722656e1 -2.09987831115722656e1 2.03450531444104854e-6 1.30335490666766418e-6 1 1
1.00000000000000000e0 -2.09987842034190031e1 -2.09987831115722656e1 -2.09987831115722656e1 2.20934543904149905e-6 1.20798745228967164e-6 1 1
1.00000000000000000e0 -2.09987842035369567e1 -2.09987831115722656e1 -2.09987831115722656e1 2.54313158620789181e-6 1.78019206487078918e-6 1 1
1.00000000000000000e0 -2.09987842036549033e1 -2.09987831115722656e1 -2.09987831115722656e1 2.38418579101562500e-6 7.94728578057402046e-7 1 1
1.00000000000000000e0 -2.09987842037728605e1 -2.09987831115722656e1 -2.09987831115722656e1 8.58306862028257456e-7 6.03993726144835819e-7 1 1
1.00000000000000000e0 -2.09987842038908035e1 -2.09987831115722656e1 -2.09987831115722656e1 1.08083088434796082e-6 1.27156579310394591e-6 1 1
1.00000000000000000e0 -2.09987842040087500e1 -2.09987831115722656e1 -2.09987831115722656e1 5.72204612581117544e-7 8.26517748464539181e-7 1 1
1.00000000000000000e0 -2.09987842041266930e1 -2.09987831115722656e1 -2.09987831115722656e1 2.95639028990990482e-6 2.54313164305131068e-7 1 1
1.00000000000000000e0 -2.09987842042446289e1 -2.09987831115722656e1 -2.09987831115722656e1 1.58945715611480409e-6 8.58306862028257456e-7 1 1
1.00000000000000000e0 -2.09987842043625719e1 -2.09987831115722656e1 -2.09987831115722656e1 2.89281206278246827e-6 7.31150294086546637e-7 1 1
1.00000000000000000e0 -2.09987842044805042e1 -2.09987831115722656e1 -2.09987831115722656e1 7.15255737304687500e-7 1.46230058817309327e-6 1 1
1.00000000000000000e0 -2.09987842045984330e1 -2.09987831115722656e1 -2.09987831115722656e1 3.49680590261414181e-6 6.99361180522828363e-7 1 1
1.00000000000000000e0 -2.09987842047163653e1 -2.09987831115722656e1 -2.09987831115722656e1 1.39872236104565673e-6 1.01725265722052427e-6 1 1
1.00000000000000000e0 -2.09987842048342941e1 -2.09987831115722656e1 -2.09987831115722656e1 2.52723702942603268e-6 1.90734863281250000e-6 1 1
1.00000000000000000e0 -2.09987842049522193e1 -2.09987831115722656e1 -2.09987831115722656e1 1.70071916727465577e-6 2.00271597350365482e-6 1 1
1.00000000000000000e0 -2.09987842050701410e1 -2.09987831115722656e1 -2.09987831115722656e1 1.08083088434796082e-6 1.68482461049279664e-6 1 1
1.00000000000000000e0 -2.09987842051880662e1 -2.09987831115722656e1 -2.09987831115722656e1 1.00135798675182741e-6 1.58945715611480409e-6 1 1
1.00000000000000000e0 -2.09987842053059808e1 -2.09987831115722656e1 -2.09987831115722656e1 5.65846767131006345e-6 6.03993726144835819e-7 1 1
1.00000000000000000e0 -2.09987842054238918e1 -2.09987831115722656e1 -2.09987831115722656e1 2.47955313170677982e-6 3.01996863072417909e-7 1 1
1.00000000000000000e0 -2.09987842055418028e1 -2.09987831115722656e1 -2.09987831115722656e1 1.04904177078424254e-6 1.90734863281250000e-6 1 1
1.00000000000000000e0 -2.09987842056597138e1 -2.09987831115722656e1 -2.09987831115722656e1 2.95639028990990482e-6 6.03993726144835819e-7 1 1
1.00000000000000000e0 -2.09987842057776248e1 -2.09987831115722656e1 -2.09987831115722656e1 2.79744472209131345e-6 6.03993726144835819e-7 1 1
1.00000000000000000e0 -2.09987842058955287e1 -2.09987831115722656e1 -2.09987831115722656e1 1.95503230315807741e-6 1.46230058817309327e-6 1 1
1.00000000000000000e0 -2.09987842060134327e1 -2.09987831115722656e1 -2.09987831115722656e1 2.60670981333532836e-6 6.67572010115691228e-7 1 1
1.00000000000000000e0 -2.09987842061313330e1 -2.09987831115722656e1 -2.09987831115722656e1 1.23977656585338991e-6 3.81469732246841886e-7 1 1
1.00000000000000000e0 -2.09987842062492263e1 -2.09987831115722656e1 -2.09987831115722656e1 1.28746034988580504e-6 3.81469732246841886e-7 1 1
1.00000000000000000e0 -2.09987842063671231e1 -2.09987831115722656e1 -2.09987831115722656e1 2.86102294921875000e-6 7.31150294086546637e-7 1 1
1.00000000000000000e0 -2.09987842064850163e1 -2.09987831115722656e1 -2.09987831115722656e1 4.89552803628612310e-6 1.23977656585338991e-6 1 1
1.00000000000000000e0 -2.09987842066029060e1 -2.09987831115722656e1 -2.09987831115722656e1 5.59488944418262690e-6 9.21885145999112865e-7 1 1
1.00000000000000000e0 -2.09987842067207957e1 -2.09987831115722656e1 -2.09987831115722656e1 6.00814837525831535e-6 6.03993726144835819e-7 1 1
1.00000000000000000e0 -2.09987842068386783e1 -2.09987831115722656e1 -2.09987831115722656e1 2.06629442800476681e-6 1.27156579310394591e-6 1 1
1.00000000000000000e0 -2.09987842069565609e1 -2.09987831115722656e1 -2.09987831115722656e1 7.47044907711824635e-7 1.78019206487078918e-6 1 1
1.00000000000000000e0 -2.09987842070744399e1 -2.09987831115722656e1 -2.09987831115722656e1 1.54177348576922668e-6 7.62939464493683772e-7 1 1
1.00000000000000000e0 -2.09987842071923225e1 -2.09987831115722656e1 -2.09987831115722656e1 3.40143833454931155e-6 1.01725265722052427e-6 1 1
1.00000000000000000e0 -2.09987842073101945e1 -2.09987831115722656e1 -2.09987831115722656e1 1.54177348576922668e-6 1.20798745228967164e-6 1 1
1.00000000000000000e0 -2.09987842074280664e1 -2.09987831115722656e1 -2.09987831115722656e1 2.92460117634618655e-6 1.14440922516223509e-6 1 1
1.00000000000000000e0 -2.09987842075459348e1 -2.09987831115722656e1 -2.09987831115722656e1 6.48498553346144035e-6 1.97092685993993655e-6 1 1
1.00000000000000000e0 -2.09987842076637996e1 -2.09987831115722656e1 -2.09987831115722656e1 2.74976105174573604e-6 6.99361180522828363e-7 1 1
1.00000000000000000e0 -2.09987842077816680e1 -2.09987831115722656e1 -2.09987831115722656e1 1.85966496246692259e-6 6.67572010115691228e-7 1 1
1.00000000000000000e0 -2.09987842078995328e1 -2.09987831115722656e1 -2.09987831115722656e1 2.92460117634618655e-6 1.62124638336536009e-6 1 1
1.00000000000000000e0 -2.09987842080173905e1 -2.09987831115722656e1 -2.09987831115722656e1 2.70207715402648319e-6 1.43051147460937500e-6 1 1
1.00000000000000000e0 -2.09987842081352483e1 -2.09987831115722656e1 -2.09987831115722656e1 1.09672544112981996e-6 3.33786005057845614e-7 1 1
1.00000000000000000e0 -2.09987842082531024e1 -2.09987831115722656e1 -2.09987831115722656e1 1.85966496246692259e-6 1.71661372405651491e-6 1 1
1.00000000000000000e0 -2.09987842083709566e1 -2.09987831115722656e1 -2.09987831115722656e1 3.33786010742187500e-6 3.17891448275986477e-7 1 1
1.00000000000000000e0 -2.09987842084888072e1 -2.09987831115722656e1 -2.09987831115722656e1 1.25567123632208677e-6 1.84377029199822573e-6 1 1
1.00000000000000000e0 -2.09987842086066543e1 -2.09987831115722656e1 -2.09987831115722656e1 7.31150294086546637e-7 5.40415442173980409e-7 1 1
1.00000000000000000e0 -2.09987842087244978e1 -2.09987831115722656e1 -2.09987831115722656e1 3.59217324330529664e-6 3.01996863072417909e-7 1 1
1.00000000000000000e0 -2.09987842088423413e1 -2.09987831115722656e1 -2.09987831115722656e1 1.62124638336536009e-6 2.25702910938707646e-6 1 1
1.00000000000000000e0 -2.09987842089601848e1 -2.09987831115722656e1 -2.09987831115722656e1 8.58306862028257456e-7 1.97092685993993655e-6 1 1
1.00000000000000000e0 -2.09987842090780212e1 -2.09987831115722656e1 -2.09987831115722656e1 8.10623191682680044e-7 6.67572010115691228e-7 1 1
1.00000000000000000e0 -2.09987842091958541e1 -2.09987831115722656e1 -2.09987831115722656e1 1.54177348576922668e-6 1.01725265722052427e-6 1 1
1.00000000000000000e0 -2.09987842093136869e1 -2.09987831115722656e1 -2.09987831115722656e1 1.84377029199822573e-6 8.90096032435394591e-7 1 1
1.00000000000000000e0 -2.09987842094315198e1 -2.09987831115722656e1 -2.09987831115722656e1 2.89281206278246827e-6 4.76837158203125000e-7 1 1
1.00000000000000000e0 -2.09987842095493455e1 -2.09987831115722656e1 -2.09987831115722656e1 3.91006460631615482e-6 2.12987265513220336e-6 1 1
1.00000000000000000e0 -2.09987842096671677e1 -2.09987831115722656e1 -2.09987831115722656e1 1.49408981542364927e-6 1.27156579310394591e-6 1 1
1.00000000000000000e0 -2.09987842097849899e1 -2.09987831115722656e1 -2.09987831115722656e1 2.16166176869592164e-6 1.62124638336536009e-6 1 1
1.00000000000000000e0 -2.09987842099028121e1 -2.09987831115722656e1 -2.09987831115722656e1 2.09808354156848509e-6 1.90734863281250000e-6 1 1
1.00000000000000000e0 -2.09987842100206308e1 -2.09987831115722656e1 -2.09987831115722656e1 2.57492069977161009e-6 7.47044907711824635e-7 1 1
1.00000000000000000e0 -2.09987842101384459e1 -2.09987831115722656e1 -2.09987831115722656e1 1.17619833872595336e-6 8.90096032435394591e-7 1 1
1.00000000000000000e0 -2.09987842102562574e1 -2.09987831115722656e1 -2.09987831115722656e1 1.17619833872595336e-6 2.12987265513220336e-6 1 1
1.00000000000000000e0 -2.09987842103740689e1 -2.09987831115722656e1 -2.09987831115722656e1 8.58306862028257456e-7 5.72204612581117544e-7 1 1
1.00000000000000000e0 -2.09987842104918769e1 -2.09987831115722656e1 -2.09987831115722656e1 5.56309998955839546e-7 6.99361180522828363e-7 1 1
1.00000000000000000e0 -2.09987842106096814e1 -2.09987831115722656e1 -2.09987831115722656e1 2.63849892689904664e-6 6.03993726144835819e-7 1 1
1.00000000000000000e0 -2.09987842107274822e1 -2.09987831115722656e1 -2.09987831115722656e1 1.01725265722052427e-6 1.23977656585338991e-6 1 1
1.00000000000000000e0 -2.09987842108452867e1 -2.09987831115722656e1 -2.09987831115722656e1 1.36693313379510073e-6 6.99361180522828363e-7 1 1
1.00000000000000000e0 -2.09987842109630840e1 -2.09987831115722656e1 -2.09987831115722656e1 1.58945715611480409e-6 5.24520885392121272e-7 1 1
1.00000000000000000e0 -2.09987842110808813e1 -2.09987831115722656e1 -2.09987831115722656e1 1.20798745228967164e-6 9.85463429969968274e-7 1 1
1.00000000000000000e0 -2.09987842111986716e1 -2.09987831115722656e1 -2.09987831115722656e1 1.97092685993993655e-6 4.45048016217697295e-7 1 1
1.00000000000000000e0 -2.09987842113164618e1 -2.09987831115722656e1 -2.09987831115722656e1 2.57492069977161009e-6 1.20798745228967164e-6 1 1
1.00000000000000000e0 -2.09987842114342484e1 -2.09987831115722656e1 -2.09987831115722656e1 5.02268494528834708e-6 1.04904177078424254e-6 1 1
1.00000000000000000e0 -2.09987842115520316e1 -2.09987831115722656e1 -2.09987831115722656e1 2.30471300710632931e-6 1.01725265722052427e-6 1 1
1.00000000000000000e0 -2.09987842116698147e1 -2.09987831115722656e1 -2.09987831115722656e1 1.85966496246692259e-6 4.45048016217697295e-7 1 1
1.00000000000000000e0 -2.09987842117875978e1 -2.09987831115722656e1 -2.09987831115722656e1 2.70207715402648319e-6 1.55766804255108582e-6 1 1
1.00000000000000000e0 -2.09987842119053738e1 -2.09987831115722656e1 -2.09987831115722656e1 1.39872236104565673e-6 1.58945715611480409e-6 1 1
1.00000000000000000e0 -2.09987842120231463e1 -2.09987831115722656e1 -2.09987831115722656e1 1.17619833872595336e-6 4.76837158203125000e-7 1 1
1.00000000000000000e0 -2.09987842121409223e1 -2.09987831115722656e1 -2.09987831115722656e1 1.01725265722052427e-6 5.72204612581117544e-7 1 1
1.00000000000000000e0 -2.09987842122586912e1 -2.09987831115722656e1 -2.09987831115722656e1 1.09672544112981996e-6 7.15255737304687500e-7 1 1
1.00000000000000000e0 -2.09987842123764601e1 -2.09987831115722656e1 -2.09987831115722656e1 2.00271597350365482e-6 1.68482461049279664e-6 1 1
1.00000000000000000e0 -2.09987842124942254e1 -2.09987831115722656e1 -2.09987831115722656e1 2.51134247264417354e-6 1.93913774637621827e-6 1 1
1.00000000000000000e0 -2.09987842126119872e1 -2.09987831115722656e1 -2.09987831115722656e1 2.47955313170677982e-6 1.58945715611480409e-6 1 1
1.00000000000000000e0 -2.09987842127297490e1 -2.09987831115722656e1 -2.09987831115722656e1 5.40415442173980409e-7 2.25702910938707646e-6 1 1
1.00000000000000000e0 -2.09987842128475037e1 -2.09987831115722656e1 -2.09987831115722656e1 2.38418579101562500e-6 2.22524008108848648e-7 1 1
1.00000000000000000e0 -2.09987842129652584e1 -2.09987831115722656e1 -2.09987831115722656e1 4.80016069559496827e-6 4.13258874232269591e-7 1 1
1.00000000000000000e0 -2.09987842130830131e1 -2.09987831115722656e1 -2.09987831115722656e1 1.43051147460937500e-6 5.40415442173980409e-7 1 1
1.00000000000000000e0 -2.09987842132007678e1 -2.09987831115722656e1 -2.09987831115722656e1 7.62939464493683772e-7 1.33514402023138246e-6 1 1
1.00000000000000000e0 -2.09987842133185190e1 -2.09987831115722656e1 -2.09987831115722656e1 1.27156579310394591e-6 1.93913774637621827e-6 1 1
1.00000000000000000e0 -2.09987842134362630e1 -2.09987831115722656e1 -2.09987831115722656e1 1.68482461049279664e-6 1.33514402023138246e-6 1 1
1.00000000000000000e0 -2.09987842135540035e1 -2.09987831115722656e1 -2.09987831115722656e1 6.35782896551972954e-7 2.03450531444104854e-6 1 1
1.00000000000000000e0 -2.09987842136717440e1 -2.09987831115722656e1 -2.09987831115722656e1 9.53674316406250000e-7 5.40415442173980409e-7 1 1
1.00000000000000000e0 -2.09987842137894809e1 -2.09987831115722656e1 -2.09987831115722656e1 2.70207715402648319e-6 6.99361180522828363e-7 1 1
1.00000000000000000e0 -2.09987842139072143e1 -2.09987831115722656e1 -2.09987831115722656e1 1.31924946344952332e-6 7.94728578057402046e-7 1 1
1.00000000000000000e0 -2.09987842140249477e1 -2.09987831115722656e1 -2.09987831115722656e1 3.27428188029443845e-6 2.03450531444104854e-6 1 1
1.00000000000000000e0 -2.09987842141426775e1 -2.09987831115722656e1 -2.09987831115722656e1 1.08083088434796082e-6 6.99361180522828363e-7 1 1
1.00000000000000000e0 -2.09987842142604073e1 -2.09987831115722656e1 -2.09987831115722656e1 2.95639028990990482e-6 6.35782896551972954e-7 1 1
1.00000000000000000e0 -2.09987842143781265e1 -2.09987831115722656e1 -2.09987831115722656e1 1.97092685993993655e-6 7.62939464493683772e-7 1 1
1.00000000000000000e0 -2.09987842144958492e1 -2.09987831115722656e1 -2.09987831115722656e1 1.73250839452521177e-6 1.78019206487078918e-6 1 1
1.00000000000000000e0 -2.09987842146135719e1 -2.09987831115722656e1 -2.09987831115722656e1 2.44776401814306155e-6 3.65575147043273319e-7 1 1
1.00000000000000000e0 -2.09987842147312982e1 -2.09987831115722656e1 -2.09987831115722656e1 4.45048016217697295e-7 1.90734863281250000e-6 1 1
1.00000000000000000e0 -2.09987842148490103e1 -2.09987831115722656e1 -2.09987831115722656e1 4.13258885600953363e-6 5.08626328610262135e-7 1 1
1.00000000000000000e0 -2.09987842149667223e1 -2.09987831115722656e1 -2.09987831115722656e1 7.62939464493683772e-7 1.36693313379510073e-6 1 1
1.00000000000000000e0 -2.09987842150844344e1 -2.09987831115722656e1 -2.09987831115722656e1 3.05175785797473509e-6 7.62939464493683772e-7 1 1
1.00000000000000000e0 -2.09987842152021393e1 -2.09987831115722656e1 -2.09987831115722656e1 6.03993748882203363e-6 6.67572010115691228e-7 1 1
1.00000000000000000e0 -2.09987842153198443e1 -2.09987831115722656e1 -2.09987831115722656e1 1.43051147460937500e-6 9.21885145999112865e-7 1 1
1.00000000000000000e0 -2.09987842154375492e1 -2.09987831115722656e1 -2.09987831115722656e1 2.47955313170677982e-6 1.68482461049279664e-6 1 1
1.00000000000000000e0 -2.09987842155552507e1 -2.09987831115722656e1 -2.09987831115722656e1 3.43322744811302982e-6 6.35782896551972954e-7 1 1
1.00000000000000000e0 -2.09987842156729485e1 -2.09987831115722656e1 -2.09987831115722656e1 8.42412305246398319e-7 1.55766804255108582e-6 1 1
1.00000000000000000e0 -2.09987842157906428e1 -2.09987831115722656e1 -2.09987831115722656e1 1.93913774637621827e-6 1.11261999791167909e-6 1 1
1.00000000000000000e0 -2.09987842159083371e1 -2.09987831115722656e1 -2.09987831115722656e1 1.74840295130707091e-6 6.99361180522828363e-7 1 1
1.00000000000000000e0 -2.09987842160260278e1 -2.09987831115722656e1 -2.09987831115722656e1 2.70207715402648319e-6 9.53674316406250000e-7 1 1
1.00000000000000000e0 -2.09987842161437115e1 -2.09987831115722656e1 -2.09987831115722656e1 2.44776401814306155e-6 6.35782896551972954e-7 1 1
1.00000000000000000e0 -2.09987842162614058e1 -2.09987831115722656e1 -2.09987831115722656e1 1.62124638336536009e-6 1.14440922516223509e-6 1 1
1.00000000000000000e0 -2.09987842163790859e1 -2.09987831115722656e1 -2.09987831115722656e1 3.94185371987987310e-6 9.21885145999112865e-7 1 1
1.00000000000000000e0 -2.09987842164967660e1 -2.09987831115722656e1 -2.09987831115722656e1 3.24249276673072018e-6 5.40415442173980409e-7 1 1
1.00000000000000000e0 -2.09987842166144425e1 -2.09987831115722656e1 -2.09987831115722656e1 1.78019206487078918e-6 9.21885145999112865e-7 1 1
1.00000000000000000e0 -2.09987842167321155e1 -2.09987831115722656e1 -2.09987831115722656e1 2.06629442800476681e-6 5.40415442173980409e-7 1 1
1.00000000000000000e0 -2.09987842168497956e1 -2.09987831115722656e1 -2.09987831115722656e1 3.11533608510217164e-6 6.35782896551972954e-7 1 1
1.00000000000000000e0 -2.09987842169674614e1 -2.09987831115722656e1 -2.09987831115722656e1 6.35782896551972954e-7 1.52587892898736754e-6 1 1
1.00000000000000000e0 -2.09987842170851309e1 -2.09987831115722656e1 -2.09987831115722656e1 1.43051147460937500e-6 1.90734863281250000e-6 1 1
1.00000000000000000e0 -2.09987842172027968e1 -2.09987831115722656e1 -2.09987831115722656e1 1.49408981542364927e-6 9.21885145999112865e-7 1 1
1.00000000000000000e0 -2.09987842173204591e1 -2.09987831115722656e1 -2.09987831115722656e1 3.97364289028701023e-7 1.04904177078424254e-6 1 1
1.00000000000000000e0 -2.09987842174381214e1 -2.09987831115722656e1 -2.09987831115722656e1 3.43322744811302982e-6 1.27156579310394591e-6 1 1
1.00000000000000000e0 -2.09987842175557766e1 -2.09987831115722656e1 -2.09987831115722656e1 3.97364283344359137e-6 6.67572010115691228e-7 1 1
-1.00000000000000000e0 -2.09987842176734283e1 -2.09987831115722656e1 -2.09987831115722656e1 1.36693313379510073e-6 3.17891448275986477e-7 1 1
-1.00000000000000000e0 -2.09987842177910871e1 -2.09987831115722656e1 -2.09987831115722656e1 3.65575147043273319e-6 5.88099169362976681e-7 1 1
-1.00000000000000000e0 -2.09987842179087352e1 -2.09987831115722656e1 -2.09987831115722656e1 4.80016069559496827e-6 1.93913774637621827e-6 1 1
-1.00000000000000000e0 -2.09987842180263868e1 -2.09987831115722656e1 -2.09987831115722656e1 1.14440922516223509e-6 7.94728578057402046e-7 1 1
-1.00000000000000000e0 -2.09987842181440314e1 -2.09987831115722656e1 -2.09987831115722656e1 5.02268494528834708e-6 1.17619833872595336e-6 1 1
-1.00000000000000000e0 -2.09987842182616760e1 -2.09987831115722656e1 -2.09987831115722656e1 1.62124638336536009e-6 2.22524008108848648e-7 1 1
-1.00000000000000000e0 -2.09987842183793170e1 -2.09987831115722656e1 -2.09987831115722656e1 3.01996874441101681e-6 1.08083088434796082e-6 1 1
-1.00000000000000000e0 -2.09987842184969544e1 -2.09987831115722656e1 -2.09987831115722656e1 1.39872236104565673e-6 1.90734863281250000e-6 1 1
-1.00000000000000000e0 -2.09987842186145883e1 -2.09987831115722656e1 -2.09987831115722656e1 7.94728578057402046e-7 1.39872236104565673e-6 1 1
-1.00000000000000000e0 -2.09987842187322222e1 -2.09987831115722656e1 -2.09987831115722656e1 2.57492069977161009e-6 1.68482461049279664e-6 1 1
-1.00000000000000000e0 -2.09987842188498561e1 -2.09987831115722656e1 -2.09987831115722656e1 1.04904177078424254e-6 2.25702910938707646e-6 1 1
-1.00000000000000000e0 -2.09987842189674865e1 -2.09987831115722656e1 -2.09987831115722656e1 3.36964922098559327e-6 2.00271597350365482e-6 1 1
-1.00000000000000000e0 -2.09987842190851062e1 -2.09987831115722656e1 -2.09987831115722656e1 2.41597490457934327e-6 2.09808354156848509e-6 1 1
-1.00000000000000000e0 -2.09987842192027330e1 -2.09987831115722656e1 -2.09987831115722656e1 2.19345088225963991e-6 1.11261999791167909e-6 1 1
-1.00000000000000000e0 -2.09987842193203527e1 -2.09987831115722656e1 -2.09987831115722656e1 1.84377029199822573e-6 1.01725265722052427e-6 1 1
-1.00000000000000000e0 -2.09987842194379688e1 -2.09987831115722656e1 -2.09987831115722656e1 1.49408981542364927e-6 1.58945715611480409e-6 1 1
-1.00000000000000000e0 -2.09987842195555885e1 -2.09987831115722656e1 -2.09987831115722656e1 9.21885145999112865e-7 7.31150294086546637e-7 1 1
-1.00000000000000000e0 -2.09987842196731975e1 -2.09987831115722656e1 -2.09987831115722656e1 3.94185371987987310e-6 1.11261999791167909e-6 1 1
-1.00000000000000000e0 -2.09987842197908101e1 -2.09987831115722656e1 -2.09987831115722656e1 4.86373892272240482e-6 1.84377029199822573e-6 1 1
-1.00000000000000000e0 -2.09987842199084191e1 -2.09987831115722656e1 -2.09987831115722656e1 9.21885145999112865e-7 1.58945715611480409e-6 1 1
-1.00000000000000000e0 -2.09987842200260246e1 -2.09987831115722656e1 -2.09987831115722656e1 1.01725265722052427e-6 1.20798745228967164e-6 1 1
-1.00000000000000000e0 -2.09987842201436266e1 -2.09987831115722656e1 -2.09987831115722656e1 2.17755632547778077e-6 1.36693313379510073e-6 1 1
-1.00000000000000000e0 -2.09987842202612320e1 -2.09987831115722656e1 -2.09987831115722656e1 4.83123585581779480e-7 1.78019206487078918e-6 8 8
-1.00000000000000000e0 -2.09987842203788269e1 -2.09987831115722656e1 -2.09987831115722656e1 4.19616708313697018e-6 3.36964922098559327e-6 6 6
-1.00000000000000000e0 -2.09987842204964288e1 -2.09987831115722656e1 -2.09987831115722656e1 4.25974531026440673e-6 6.93003357810084708e-6 1 1
-1.00000000000000000e0 -2.09987842206140130e1 -2.09987831115722656e1 -2.09987831115722656e1 1.62124638336536009e-6 1.30335490666766418e-6 2 2
-1.00000000000000000e0 -2.09987842207316042e1 -2.09987831115722656e1 -2.09987831115722656e1 9.63211095950100571e-6 7.56581630412256345e-6 1 1
-1.00000000000000000e0 -2.09987842208491955e1 -2.09987831115722656e1 -2.09987831115722656e1 1.90734863281250000e-6 7.02540091879200190e-6 1 1
-1.00000000000000000e0 -2.09987842209667832e1 -2.09987831115722656e1 -2.09987831115722656e1 9.91821252682711929e-6 3.71932992493384518e-6 1 1
-1.00000000000000000e0 -2.09987842210843674e1 -2.09987831115722656e1 -2.09987831115722656e1 2.51134247264417354e-6 5.34057608092552982e-6 1 1
-1.00000000000000000e0 -2.09987842212019444e1 -2.09987831115722656e1 -2.09987831115722656e1 6.26246128376806155e-6 4.92731714984984137e-6 1 1
-1.00000000000000000e0 -2.09987842213195250e1 -2.09987831115722656e1 -2.09987831115722656e1 4.99089537697727792e-6 2.76565560852759518e-6 1 1
-1.00000000000000000e0 -2.09987842214371021e1 -2.09987831115722656e1 -2.09987831115722656e1 9.40958670980762690e-6 3.05175785797473509e-6 1 1
-1.00000000000000000e0 -2.09987842215546756e1 -2.09987831115722656e1 -2.09987831115722656e1 1.71661372405651491e-6 5.75383501200121827e-6 1 1
-1.00000000000000000e0 -2.09987842216722456e1 -2.09987831115722656e1 -2.09987831115722656e1 1.58945715611480409e-6 2.03450531444104854e-6 1 1
-1.00000000000000000e0 -2.09987842217898120e1 -2.09987831115722656e1 -2.09987831115722656e1 7.75655098550487310e-6 4.32332353739184327e-6 1 1
-1.00000000000000000e0 -2.09987842219073819e1 -2.09987831115722656e1 -2.09987831115722656e1 2.03450531444104854e-6 1.97092685993993655e-6 1 1
-1.00000000000000000e0 -2.09987842220249448e1 -2.09987831115722656e1 -2.09987831115722656e1 1.11261999791167909e-6 3.11533608510217164e-6 1 1
-1.00000000000000000e0 -2.09987842221425076e1 -2.09987831115722656e1 -2.09987831115722656e1 7.24792471373802982e-6 4.89552803628612310e-6 1 1
-1.00000000000000000e0 -2.09987842222600705e1 -2.09987831115722656e1 -2.09987831115722656e1 1.11261999791167909e-6 3.11533608510217164e-6 1 1
-1.00000000000000000e0 -2.09987842223776227e1 -2.09987831115722656e1 -2.09987831115722656e1 3.59217324330529664e-6 4.06901062888209708e-6 1 1
-1.00000000000000000e0 -2.09987842224951748e1 -2.09987831115722656e1 -2.09987831115722656e1 4.45048016217697295e-7 4.00543194700730965e-6 1 1
-1.00000000000000000e0 -2.09987842226127270e1 -2.09987831115722656e1 -2.09987831115722656e1 4.35511265095556155e-6 3.87827549275243655e-6 1 1
-1.00000000000000000e0 -2.09987842227302757e1 -2.09987831115722656e1 -2.09987831115722656e1 6.38961773802293465e-6 1.43051147460937500e-6 1 1
-1.00000000000000000e0 -2.09987842228478208e1 -2.09987831115722656e1 -2.09987831115722656e1 1.24375026189227356e-6 3.65575147043273319e-6 1 1
-1.00000000000000000e0 -2.09987842229653658e1 -2.09987831115722656e1 -2.09987831115722656e1 4.48226910521043465e-6 1.17619833872595336e-6 1 1
-1.00000000000000000e0 -2.09987842230829074e1 -2.09987831115722656e1 -2.09987831115722656e1 2.67028804046276491e-6 9.53674316406250000e-7 1 1
-1.00000000000000000e0 -2.09987842232004454e1 -2.09987831115722656e1 -2.09987831115722656e1 3.97364283344359137e-6 1.93913774637621827e-6 1 1
-1.00000000000000000e0 -2.09987842233179798e1 -2.09987831115722656e1 -2.09987831115722656e1 3.94185371987987310e-6 4.54584778708522208e-6 1 1
-1.00000000000000000e0 -2.09987842234355178e1 -2.09987831115722656e1 -2.09987831115722656e1 6.80287666909862310e-6 3.68754058399645146e-6 1 1
-1.00000000000000000e0 -2.09987842235530486e1 -2.09987831115722656e1 -2.09987831115722656e1 2.63849892689904664e-6 1.49408981542364927e-6 1 1
-1.00000000000000000e0 -2.09987842236705724e1 -2.09987831115722656e1 -2.09987831115722656e1 3.43322744811302982e-6 2.12987265513220336e-6 1 1
-1.00000000000000000e0 -2.09987842237880997e1 -2.09987831115722656e1 -2.09987831115722656e1 3.81469732246841886e-7 3.68754058399645146e-6 1 1
-1.00000000000000000e0 -2.09987842239056270e1 -2.09987831115722656e1 -2.09987831115722656e1 4.99089537697727792e-6 2.54313164305131068e-7 1 1
-1.00000000000000000e0 -2.09987842240231473e1 -2.09987831115722656e1 -2.09987831115722656e1 2.19345088225963991e-6 3.87827549275243655e-6 1 1
-1.00000000000000000e0 -2.09987842241406639e1 -2.09987831115722656e1 -2.09987831115722656e1 1.62124638336536009e-6 4.76837158203125000e-7 1 1
-1.00000000000000000e0 -2.09987842242581841e1 -2.09987831115722656e1 -2.09987831115722656e1 5.49952210349147208e-6 2.82923383565503173e-6 1 1
-1.00000000000000000e0 -2.09987842243757008e1 -2.09987831115722656e1 -2.09987831115722656e1 3.01996874441101681e-6 9.53674316406250000e-7 1 1
-1.00000000000000000e0 -2.09987842244932068e1 -2.09987831115722656e1 -2.09987831115722656e1 8.26517748464539181e-7 4.22795619670068845e-6 1 1
-1.00000000000000000e0 -2.09987842246107164e1 -2.09987831115722656e1 -2.09987831115722656e1 6.16709394307690673e-6 1.14440922516223509e-6 1 1
-1.00000000000000000e0 -2.09987842247282224e1 -2.09987831115722656e1 -2.09987831115722656e1 2.00271597350365482e-6 6.03993726144835819e-7 1 1
-1.00000000000000000e0 -2.09987842248457284e1 -2.09987831115722656e1 -2.09987831115722656e1 2.44776401814306155e-6 1.68482461049279664e-6 1 1
-1.00000000000000000e0 -2.09987842249632308e1 -2.09987831115722656e1 -2.09987831115722656e1 4.64121512777637690e-6 1.84377029199822573e-6 1 1
-1.00000000000000000e0 -2.09987842250807297e1 -2.09987831115722656e1 -2.09987831115722656e1 1.04904177078424254e-6 3.27428188029443845e-6 1 1
-1.00000000000000000e0 -2.09987842251982215e1 -2.09987831115722656e1 -2.09987831115722656e1 7.31150294086546637e-7 3.43322744811302982e-6 1 1
-1.00000000000000000e0 -2.09987842253157204e1 -2.09987831115722656e1 -2.09987831115722656e1 4.48226910521043465e-6 3.84648637918871827e-6 1 1
-1.00000000000000000e0 -2.09987842254332122e1 -2.09987831115722656e1 -2.09987831115722656e1 1.20798745228967164e-6 1.14440922516223509e-6 1 1
-1.00000000000000000e0 -2.09987842255506969e1 -2.09987831115722656e1 -2.09987831115722656e1 2.35239667745190673e-6 1.81198117843450746e-6 1 1
-1.00000000000000000e0 -2.09987842256681816e1 -2.09987831115722656e1 -2.09987831115722656e1 7.62939464493683772e-7 2.92460117634618655e-6 1 1
-1.00000000000000000e0 -2.09987842257856698e1 -2.09987831115722656e1 -2.09987831115722656e1 5.27699785379809327e-6 4.45048016217697295e-7 1 1
-1.00000000000000000e0 -2.09987842259031439e1 -2.09987831115722656e1 -2.09987831115722656e1 1.97092685993993655e-6 2.12987265513220336e-6 1 1
-1.00000000000000000e0 -2.09987842260206286e1 -2.09987831115722656e1 -2.09987831115722656e1 1.23977656585338991e-6 3.49680590261414181e-7 1 1
-1.00000000000000000e0 -2.09987842261381026e1 -2.09987831115722656e1 -2.09987831115722656e1 4.45048016217697295e-7 1.55766804255108582e-6 1 1
-1.00000000000000000e0 -2.09987842262555802e1 -2.09987831115722656e1 -2.09987831115722656e1 3.01996874441101681e-6 2.32060756388818845e-6 1 1
-1.00000000000000000e0 -2.09987842263730542e1 -2.09987831115722656e1 -2.09987831115722656e1 2.95639028990990482e-6 6.67572010115691228e-7 1 1
-1.00000000000000000e0 -2.09987842264905211e1 -2.09987831115722656e1 -2.09987831115722656e1 3.01996874441101681e-6 4.13258874232269591e-7 1 1
-1.00000000000000000e0 -2.09987842266079845e1 -2.09987831115722656e1 -2.09987831115722656e1 2.70207715402648319e-6 4.13258874232269591e-7 1 1
-1.00000000000000000e0 -2.09987842267254514e1 -2.09987831115722656e1 -2.09987831115722656e1 3.68754058399645146e-6 2.16166176869592164e-6 1 1
-1.00000000000000000e0 -2.09987842268429112e1 -2.09987831115722656e1 -2.09987831115722656e1 3.08354697153845336e-6 2.12987265513220336e-6 1 1
-1.00000000000000000e0 -2.09987842269603711e1 -2.09987831115722656e1 -2.09987831115722656e1 6.35782862445921637e-6 1.58945724137993238e-7 1 1
-1.00000000000000000e0 -2.09987842270778273e1 -2.09987831115722656e1 -2.09987831115722656e1 1.15235650355316466e-6 7.31150294086546637e-7 1 1
-1.00000000000000000e0 -2.09987842271952836e1 -2.09987831115722656e1 -2.09987831115722656e1 4.48226910521043465e-6 2.57492069977161009e-6 1 1
-1.00000000000000000e0 -2.09987842273127363e1 -2.09987831115722656e1 -2.09987831115722656e1 2.73386626759020146e-6 3.36964922098559327e-6 1 1
-1.00000000000000000e0 -2.09987842274301819e1 -2.09987831115722656e1 -2.09987831115722656e1 3.81469732246841886e-7 2.32060756388818845e-6 1 1
-1.00000000000000000e0 -2.09987842275476311e1 -2.09987831115722656e1 -2.09987831115722656e1 3.40143833454931155e-6 2.60670981333532836e-6 1 1
-1.00000000000000000e0 -2.09987842276650731e1 -2.09987831115722656e1 -2.09987831115722656e1 3.68754058399645146e-6 4.76837158203125000e-7 1 1
-1.00000000000000000e0 -2.09987842277825187e1 -2.09987831115722656e1 -2.09987831115722656e1 1.87555951924878173e-6 1.36693313379510073e-6 1 1
-1.00000000000000000e0 -2.09987842278999537e1 -2.09987831115722656e1 -2.09987831115722656e1 4.73658246846753173e-6 2.32060756388818845e-6 1 1
-1.00000000000000000e0 -2.09987842280173922e1 -2.09987831115722656e1 -2.09987831115722656e1 1.62124638336536009e-6 3.57627868652343750e-7 1 1
-1.00000000000000000e0 -2.09987842281348271e1 -2.09987831115722656e1 -2.09987831115722656e1 3.08354697153845336e-6 1.71661372405651491e-6 1 1
-1.00000000000000000e0 -2.09987842282522621e1 -2.09987831115722656e1 -2.09987831115722656e1 4.99089537697727792e-6 2.92460117634618655e-6 1 1
-1.00000000000000000e0 -2.09987842283696864e1 -2.09987831115722656e1 -2.09987831115722656e1 3.21070342579332646e-6 1.52587892898736754e-6 1 1
-1.00000000000000000e0 -2.09987842284871142e1 -2.09987831115722656e1 -2.09987831115722656e1 1.23182928746246034e-6 2.44776401814306155e-6 1 1
-1.00000000000000000e0 -2.09987842286045385e1 -2.09987831115722656e1 -2.09987831115722656e1 2.44776401814306155e-6 2.94049584681488341e-7 1 1
-1.00000000000000000e0 -2.09987842287219628e1 -2.09987831115722656e1 -2.09987831115722656e1 8.58306862028257456e-7 2.79744472209131345e-6 1 1
-1.00000000000000000e0 -2.09987842288393765e1 -2.09987831115722656e1 -2.09987831115722656e1 1.13646194677130552e-6 2.35239667745190673e-6 1 1
-1.00000000000000000e0 -2.09987842289567936e1 -2.09987831115722656e1 -2.09987831115722656e1 1.14440922516223509e-6 5.72204612581117544e-7 1 1
-1.00000000000000000e0 -2.09987842290742108e1 -2.09987831115722656e1 -2.09987831115722656e1 4.06901062888209708e-6 4.76837158203125000e-7 1 1
-1.00000000000000000e0 -2.09987842291916245e1 -2.09987831115722656e1 -2.09987831115722656e1 7.94728578057402046e-7 2.63849892689904664e-6 1 1
-1.00000000000000000e0 -2.09987842293090345e1 -2.09987831115722656e1 -2.09987831115722656e1 5.56309998955839546e-7 2.54313164305131068e-7 1 1
-1.00000000000000000e0 -2.09987842294264411e1 -2.09987831115722656e1 -2.09987831115722656e1 3.59217324330529664e-6 7.62939464493683772e-7 1 1
-1.00000000000000000e0 -2.09987842295438440e1 -2.09987831115722656e1 -2.09987831115722656e1 3.46501678905042354e-6 3.49680590261414181e-7 1 1
-1.00000000000000000e0 -2.09987842296612470e1 -2.09987831115722656e1 -2.09987831115722656e1 3.14712519866588991e-6 2.51134247264417354e-6 1 1
-1.00000000000000000e0 -2.09987842297786464e1 -2.09987831115722656e1 -2.09987831115722656e1 4.16437796957325190e-6 1.46230058817309327e-6 1 1
-1.00000000000000000e0 -2.09987842298960459e1 -2.09987831115722656e1 -2.09987831115722656e1 9.85463429969968274e-7 6.83466566897550365e-7 1 1
-1.00000000000000000e0 -2.09987842300134382e1 -2.09987831115722656e1 -2.09987831115722656e1 4.89552803628612310e-6 2.51134247264417354e-6 1 1
-1.00000000000000000e0 -2.09987842301308341e1 -2.09987831115722656e1 -2.09987831115722656e1 4.57763690064894035e-6 2.28881845032447018e-6 1 1
-1.00000000000000000e0 -2.09987842302482193e1 -2.09987831115722656e1 -2.09987831115722656e1 9.21885145999112865e-7 7.31150294086546637e-7 1 1
-1.00000000000000000e0 -2.09987842303656080e1 -2.09987831115722656e1 -2.09987831115722656e1 2.57492069977161009e-6 1.84377029199822573e-6 1 1
-1.00000000000000000e0 -2.09987842304829897e1 -2.09987831115722656e1 -2.09987831115722656e1 2.00271597350365482e-6 4.13258874232269591e-7 1 1
-1.00000000000000000e0 -2.09987842306003749e1 -2.09987831115722656e1 -2.09987831115722656e1 1.81198117843450746e-6 6.03993726144835819e-7 1 1
-1.00000000000000000e0 -2.09987842307177530e1 -2.09987831115722656e1 -2.09987831115722656e1 1.36693313379510073e-6 1.20798745228967164e-6 1 1
-1.00000000000000000e0 -2.09987842308351347e1 -2.09987831115722656e1 -2.09987831115722656e1 5.40415442173980409e-7 2.09808354156848509e-6 1 1
-1.00000000000000000e0 -2.09987842309525057e1 -2.09987831115722656e1 -2.09987831115722656e1 4.67300424134009518e-6 1.65303549692907836e-6 1 1
-1.00000000000000000e0 -2.09987842310698767e1 -2.09987831115722656e1 -2.09987831115722656e1 1.11261999791167909e-6 1.08083088434796082e-6 1 1
-1.00000000000000000e0 -2.09987842311872477e1 -2.09987831115722656e1 -2.09987831115722656e1 4.29153431014128728e-7 2.73386626759020146e-6 1 1
-1.00000000000000000e0 -2.09987842313046151e1 -2.09987831115722656e1 -2.09987831115722656e1 1.58945715611480409e-6 8.26517748464539181e-7 1 1
-1.00000000000000000e0 -2.09987842314219790e1 -2.09987831115722656e1 -2.09987831115722656e1 1.11261999791167909e-6 2.25702910938707646e-6 1 1
-1.00000000000000000e0 -2.09987842315393394e1 -2.09987831115722656e1 -2.09987831115722656e1 2.60670981333532836e-6 9.21885145999112865e-7 1 1
-1.00000000000000000e0 -2.09987842316567033e1 -2.09987831115722656e1 -2.09987831115722656e1 3.59217324330529664e-6 9.53674316406250000e-7 1 1
-1.00000000000000000e0 -2.09987842317740601e1 -2.09987831115722656e1 -2.09987831115722656e1 8.26517748464539181e-7 9.85463429969968274e-7 1 1
-1.00000000000000000e0 -2.09987842318914133e1 -2.09987831115722656e1 -2.09987831115722656e1 1.20798745228967164e-6 4.13258874232269591e-7 1 1
-1.00000000000000000e0 -2.09987842320087665e1 -2.09987831115722656e1 -2.09987831115722656e1 6.86645489622605965e-6 2.28881845032447018e-6 1 1
-1.00000000000000000e0 -2.09987842321261162e1 -2.09987831115722656e1 -2.09987831115722656e1 3.87827549275243655e-6 1.36693313379510073e-6 1 1
-1.00000000000000000e0 -2.09987842322434624e1 -2.09987831115722656e1 -2.09987831115722656e1 7.50223807699512690e-6 5.08626328610262135e-7 1 1
-1.00000000000000000e0 -2.09987842323608085e1 -2.09987831115722656e1 -2.09987831115722656e1 2.41597490457934327e-6 1.65303549692907836e-6 1 1
-1.00000000000000000e0 -2.09987842324781511e1 -2.09987831115722656e1 -2.09987831115722656e1 2.12987265513220336e-6 2.67028804046276491e-6 1 1
-1.00000000000000000e0 -2.09987842325954901e1 -2.09987831115722656e1 -2.09987831115722656e1 4.41869087808299810e-6 3.17891448275986477e-7 1 1
-1.00000000000000000e0 -2.09987842327128327e1 -2.09987831115722656e1 -2.09987831115722656e1 1.39872236104565673e-6 2.79744472209131345e-6 1 1
-1.00000000000000000e0 -2.09987842328301610e1 -2.09987831115722656e1 -2.09987831115722656e1 2.20934543904149905e-6 1.84377029199822573e-6 1 1
-1.00000000000000000e0 -2.09987842329474930e1 -2.09987831115722656e1 -2.09987831115722656e1 3.30607099385815673e-6 2.38418579101562500e-6 1 1
-1.00000000000000000e0 -2.09987842330648249e1 -2.09987831115722656e1 -2.09987831115722656e1 1.08083088434796082e-6 1.17619833872595336e-6 1 1
-1.00000000000000000e0 -2.09987842331821533e1 -2.09987831115722656e1 -2.09987831115722656e1 2.71797171080834232e-6 9.53674316406250000e-7 1 1
-1.00000000000000000e0 -2.09987842332994781e1 -2.09987831115722656e1 -2.09987831115722656e1 2.70207715402648319e-6 4.29153431014128728e-7 1 1
-1.00000000000000000e0 -2.09987842334167993e1 -2.09987831115722656e1 -2.09987831115722656e1 9.21885145999112865e-7 1.17619833872595336e-6 1 1
-1.00000000000000000e0 -2.09987842335341170e1 -2.09987831115722656e1 -2.09987831115722656e1 8.26517748464539181e-7 2.57492069977161009e-6 1 1
-1.00000000000000000e0 -2.09987842336514383e1 -2.09987831115722656e1 -2.09987831115722656e1 8.90096032435394591e-7 1.01725265722052427e-6 1 1
-1.00000000000000000e0 -2.09987842337687525e1 -2.09987831115722656e1 -2.09987831115722656e1 2.98817963084729854e-6 1.46230058817309327e-6 1 1
-1.00000000000000000e0 -2.09987842338860666e1 -2.09987831115722656e1 -2.09987831115722656e1 2.09808354156848509e-6 1.62124638336536009e-6 1 1
-1.00000000000000000e0 -2.09987842340033808e1 -2.09987831115722656e1 -2.09987831115722656e1 3.08354697153845336e-6 2.06629437116134795e-7 1 1
-1.00000000000000000e0 -2.09987842341206843e1 -2.09987831115722656e1 -2.09987831115722656e1 3.91006460631615482e-6 5.24520885392121272e-7 1 1
-1.00000000000000000e0 -2.09987842342379878e1 -2.09987831115722656e1 -2.09987831115722656e1 1.23977656585338991e-6 1.04904177078424254e-6 1 1
-1.00000000000000000e0 -2.09987842343552913e1 -2.09987831115722656e1 -2.09987831115722656e1 3.14712519866588991e-6 1.49408981542364927e-6 1 1
-1.00000000000000000e0 -2.09987842344725912e1 -2.09987831115722656e1 -2.09987831115722656e1 3.49680590261414181e-6 1.08083088434796082e-6 1 1
-1.00000000000000000e0 -2.09987842345898876e1 -2.09987831115722656e1 -2.09987831115722656e1 6.03993748882203363e-6 4.13258874232269591e-7 1 1
-1.00000000000000000e0 -2.09987842347071840e1 -2.09987831115722656e1 -2.09987831115722656e1 3.84648637918871827e-6 1.27156579310394591e-6 1 1
-1.00000000000000000e0 -2.09987842348244804e1 -2.09987831115722656e1 -2.09987831115722656e1 4.57763690064894035e-6 1.90734863281250000e-6 1 1
-1.00000000000000000e0 -2.09987842349417662e1 -2.09987831115722656e1 -2.09987831115722656e1 1.84377029199822573e-6 1.93913774637621827e-6 1 1
-1.00000000000000000e0 -2.09987842350590554e1 -2.09987831115722656e1 -2.09987831115722656e1 3.87827549275243655e-6 2.41597490457934327e-6 1 1
-1.00000000000000000e0 -2.09987842351763376e1 -2.09987831115722656e1 -2.09987831115722656e1 1.55766804255108582e-6 1.97092685993993655e-6 1 1
-1.00000000000000000e0 -2.09987842352936234e1 -2.09987831115722656e1 -2.09987831115722656e1 3.94185371987987310e-6 6.03993726144835819e-7 1 1
-1.00000000000000000e0 -2.09987842354109056e1 -2.09987831115722656e1 -2.09987831115722656e1 9.05990589217253728e-7 1.49408981542364927e-6 1 1
-1.00000000000000000e0 -2.09987842355281806e1 -2.09987831115722656e1 -2.09987831115722656e1 3.71932992493384518e-6 2.12987265513220336e-6 1 1
-1.00000000000000000e0 -2.09987842356454557e1 -2.09987831115722656e1 -2.09987831115722656e1 1.54177348576922668e-6 3.49680590261414181e-7 1 1
-1.00000000000000000e0 -2.09987842357627308e1 -2.09987831115722656e1 -2.09987831115722656e1 4.99089537697727792e-6 8.26517748464539181e-7 1 1
-1.00000000000000000e0 -2.09987842358799988e1 -2.09987831115722656e1 -2.09987831115722656e1 1.39872236104565673e-6 6.99361180522828363e-7 1 1
-1.00000000000000000e0 -2.09987842359972738e1 -2.09987831115722656e1 -2.09987831115722656e1 2.86102294921875000e-6 4.60942572999556432e-7 1 1
-1.00000000000000000e0 -2.09987842361145347e1 -2.09987831115722656e1 -2.09987831115722656e1 1.31924946344952332e-6 1.58945715611480409e-6 1 1
-1.00000000000000000e0 -2.09987842362317991e1 -2.09987831115722656e1 -2.09987831115722656e1 1.92324318959435914e-6 2.44776401814306155e-6 1 1
-1.00000000000000000e0 -2.09987842363490529e1 -2.09987831115722656e1 -2.09987831115722656e1 2.35239667745190673e-6 1.78019206487078918e-6 1 1
-1.00000000000000000e0 -2.09987842364663173e1 -2.09987831115722656e1 -2.09987831115722656e1 1.71661372405651491e-6 7.31150294086546637e-7 1 1
-1.00000000000000000e0 -2.09987842365835711e1 -2.09987831115722656e1 -2.09987831115722656e1 1.41461691782751586e-6 1.74840295130707091e-6 1 1
-1.00000000000000000e0 -2.09987842367008248e1 -2.09987831115722656e1 -2.09987831115722656e1 1.71661372405651491e-6 1.39872236104565673e-6 1 1
-1.00000000000000000e0 -2.09987842368180750e1 -2.09987831115722656e1 -2.09987831115722656e1 8.58306862028257456e-7 4.13258874232269591e-7 1 1
-1.00000000000000000e0 -2.09987842369353217e1 -2.09987831115722656e1 -2.09987831115722656e1 1.54177348576922668e-6 1.81198117843450746e-6 1 1
-1.00000000000000000e0 -2.09987842370525684e1 -2.09987831115722656e1 -2.09987831115722656e1 9.85463429969968274e-7 5.24520885392121272e-7 1 1
-1.00000000000000000e0 -2.09987842371698150e1 -2.09987831115722656e1 -2.09987831115722656e1 1.14440922516223509e-6 1.87555951924878173e-6 1 1
-1.00000000000000000e0 -2.09987842372870510e1 -2.09987831115722656e1 -2.09987831115722656e1 4.41869087808299810e-6 1.20798745228967164e-6 1 1
-1.00000000000000000e0 -2.09987842374042906e1 -2.09987831115722656e1 -2.09987831115722656e1 6.67572010115691228e-7 4.13258874232269591e-7 1 1
-1.00000000000000000e0 -2.09987842375215266e1 -2.09987831115722656e1 -2.09987831115722656e1 1.78019206487078918e-6 1.87555951924878173e-6 1 1
-1.00000000000000000e0 -2.09987842376387555e1 -2.09987831115722656e1 -2.09987831115722656e1 1.46230058817309327e-6 1.62124638336536009e-6 1 1
-1.00000000000000000e0 -2.09987842377559915e1 -2.09987831115722656e1 -2.09987831115722656e1 7.94728578057402046e-7 1.74840295130707091e-6 1 1
-1.00000000000000000e0 -2.09987842378732168e1 -2.09987831115722656e1 -2.09987831115722656e1 1.01725265722052427e-6 5.40415442173980409e-7 1 1
-1.00000000000000000e0 -2.09987842379904421e1 -2.09987831115722656e1 -2.09987831115722656e1 2.95639028990990482e-6 6.35782896551972954e-7 1 1
-1.00000000000000000e0 -2.09987842381076675e1 -2.09987831115722656e1 -2.09987831115722656e1 9.21885145999112865e-7 3.81469732246841886e-7 1 1
-1.00000000000000000e0 -2.09987842382248893e1 -2.09987831115722656e1 -2.09987831115722656e1 4.45048016217697295e-7 7.31150294086546637e-7 1 1
-1.00000000000000000e0 -2.09987842383421039e1 -2.09987831115722656e1 -2.09987831115722656e1 1.65303549692907836e-6 1.90734863281250000e-6 1 1
-1.00000000000000000e0 -2.09987842384593222e1 -2.09987831115722656e1 -2.09987831115722656e1 1.04904177078424254e-6 6.19888282926694956e-7 1 1
-1.00000000000000000e0 -2.09987842385765333e1 -2.09987831115722656e1 -2.09987831115722656e1 3.43322744811302982e-6 1.62124638336536009e-6 1 1
-1.00000000000000000e0 -2.09987842386937444e1 -2.09987831115722656e1 -2.09987831115722656e1 3.62396235686901491e-6 3.49680590261414181e-7 1 1
-1.00000000000000000e0 -2.09987842388109556e1 -2.09987831115722656e1 -2.09987831115722656e1 1.63714094014721923e-6 2.38418579101562500e-6 1 1
-1.00000000000000000e0 -2.09987842389281596e1 -2.09987831115722656e1 -2.09987831115722656e1 4.54584778708522208e-6 1.17619833872595336e-6 1 1
-1.00000000000000000e0 -2.09987842390453636e1 -2.09987831115722656e1 -2.09987831115722656e1 3.11533608510217164e-6 1.62124638336536009e-6 1 1
-1.00000000000000000e0 -2.09987842391625676e1 -2.09987831115722656e1 -2.09987831115722656e1 2.54313158620789181e-6 5.72204612581117544e-7 1 1
-1.00000000000000000e0 -2.09987842392797646e1 -2.09987831115722656e1 -2.09987831115722656e1 1.49408981542364927e-6 1.58945715611480409e-6 1 1
-1.00000000000000000e0 -2.09987842393969615e1 -2.09987831115722656e1 -2.09987831115722656e1 2.17755632547778077e-6 1.36693313379510073e-6 1 1
-1.00000000000000000e0 -2.09987842395141548e1 -2.09987831115722656e1 -2.09987831115722656e1 1.36693313379510073e-6 6.99361180522828363e-7 1 1
-1.00000000000000000e0 -2.09987842396313447e1 -2.09987831115722656e1 -2.09987831115722656e1 1.44640603139123414e-6 1.23977656585338991e-6 1 1
-1.00000000000000000e0 -2.09987842397485309e1 -2.09987831115722656e1 -2.09987831115722656e1 1.55766804255108582e-6 8.58306862028257456e-7 1 1
-1.00000000000000000e0 -2.09987842398657172e1 -2.09987831115722656e1 -2.09987831115722656e1 2.51134247264417354e-6 1.49408981542364927e-6 1 1
-1.00000000000000000e0 -2.09987842399829034e1 -2.09987831115722656e1 -2.09987831115722656e1 2.38418579101562500e-6 1.39872236104565673e-6 1 1
-1.00000000000000000e0 -2.09987842401000826e1 -2.09987831115722656e1 -2.09987831115722656e1 2.25702910938707646e-6 1.87555951924878173e-6 1 1
-1.00000000000000000e0 -2.09987842402172618e1 -2.09987831115722656e1 -2.09987831115722656e1 9.05990589217253728e-7 1.90734863281250000e-6 1 1
-1.00000000000000000e0 -2.09987842403344374e1 -2.09987831115722656e1 -2.09987831115722656e1 1.55766804255108582e-6 1.52587892898736754e-6 1 1
-1.00000000000000000e0 -2.09987842404516130e1 -2.09987831115722656e1 -2.09987831115722656e1 2.09808354156848509e-6 6.99361180522828363e-7 1 1
-1.00000000000000000e0 -2.09987842405687850e1 -2.09987831115722656e1 -2.09987831115722656e1 1.00135798675182741e-6 4.76837158203125000e-7 1 1
-1.00000000000000000e0 -2.09987842406859500e1 -2.09987831115722656e1 -2.09987831115722656e1 1.19209289550781250e-6 7.31150294086546637e-7 1 1
-1.00000000000000000e0 -2.09987842408031185e1 -2.09987831115722656e1 -2.09987831115722656e1 2.28881845032447018e-6 2.19345088225963991e-6 1 1
-1.00000000000000000e0 -2.09987842409202798e1 -2.09987831115722656e1 -2.09987831115722656e1 3.56038412974157836e-6 3.81469732246841886e-7 1 1
-1.00000000000000000e0 -2.09987842410374412e1 -2.09987831115722656e1 -2.09987831115722656e1 4.51405821877415292e-6 1.58945715611480409e-6 1 1
-1.00000000000000000e0 -2.09987842411546062e1 -2.09987831115722656e1 -2.09987831115722656e1 3.11533608510217164e-6 6.35782896551972954e-7 1 1
-1.00000000000000000e0 -2.09987842412717605e1 -2.09987831115722656e1 -2.09987831115722656e1 1.95503230315807741e-6 6.03993726144835819e-7 1 1
-1.00000000000000000e0 -2.09987842413889112e1 -2.09987831115722656e1 -2.09987831115722656e1 1.71661372405651491e-6 6.35782896551972954e-7 1 1
-1.00000000000000000e0 -2.09987842415060619e1 -2.09987831115722656e1 -2.09987831115722656e1 1.90734863281250000e-6 8.58306862028257456e-7 1 1
-1.00000000000000000e0 -2.09987842416232127e1 -2.09987831115722656e1 -2.09987831115722656e1 2.03450531444104854e-6 2.09808354156848509e-6 1 1
-1.00000000000000000e0 -2.09987842417403563e1 -2.09987831115722656e1 -2.09987831115722656e1 1.93913774637621827e-6 7.62939464493683772e-7 1 1
-1.00000000000000000e0 -2.09987842418575035e1 -2.09987831115722656e1 -2.09987831115722656e1 1.70071916727465577e-6 5.88099169362976681e-7 1 1
-1.00000000000000000e0 -2.09987842419746471e1 -2.09987831115722656e1 -2.09987831115722656e1 3.97364283344359137e-6 1.01725265722052427e-6 1 1
-1.00000000000000000e0 -2.09987842420917836e1 -2.09987831115722656e1 -2.09987831115722656e1 2.86102294921875000e-6 1.87555951924878173e-6 1 1
-1.00000000000000000e0 -2.09987842422089166e1 -2.09987831115722656e1 -2.09987831115722656e1 3.84648637918871827e-6 1.65303549692907836e-6 1 1
-1.00000000000000000e0 -2.09987842423260531e1 -2.09987831115722656e1 -2.09987831115722656e1 1.68482461049279664e-6 1.17619833872595336e-6 1 1
-1.00000000000000000e0 -2.09987842424431825e1 -2.09987831115722656e1 -2.09987831115722656e1 1.38282780426379759e-6 5.08626328610262135e-7 1 1
-1.00000000000000000e0 -2.09987842425603155e1 -2.09987831115722656e1 -2.09987831115722656e1 4.48226910521043465e-6 4.13258874232269591e-7 1 1
-1.00000000000000000e0 -2.09987842426774378e1 -2.09987831115722656e1 -2.09987831115722656e1 2.98817963084729854e-6 6.03993726144835819e-7 1 1
-1.00000000000000000e0 -2.09987842427945637e1 -2.09987831115722656e1 -2.09987831115722656e1 1.36693313379510073e-6 1.90734863281250000e-6 1 1
-1.00000000000000000e0 -2.09987842429116860e1 -2.09987831115722656e1 -2.09987831115722656e1 1.90734863281250000e-6 2.38418579101562500e-6 1 1
-1.00000000000000000e0 -2.09987842430288048e1 -2.09987831115722656e1 -2.09987831115722656e1 3.08354697153845336e-6 1.30335490666766418e-6 1 1
-1.00000000000000000e0 -2.09987842431459200e1 -2.09987831115722656e1 -2.09987831115722656e1 3.46501678905042354e-6 1.90734863281250000e-6 1 1
-1.00000000000000000e0 -2.09987842432630316e1 -2.09987831115722656e1 -2.09987831115722656e1 4.64121512777637690e-6 2.16166176869592164e-6 1 1
-1.00000000000000000e0 -2.09987842433801468e1 -2.09987831115722656e1 -2.09987831115722656e1 5.21341962667065673e-6 6.51677453333832091e-7 1 1
-1.00000000000000000e0 -2.09987842434972549e1 -2.09987831115722656e1 -2.09987831115722656e1 2.25702910938707646e-6 7.15255737304687500e-7 1 1
-1.00000000000000000e0 -2.09987842436143630e1 -2.09987831115722656e1 -2.09987831115722656e1 1.49408981542364927e-6 1.65303549692907836e-6 1 1
-1.00000000000000000e0 -2.09987842437314676e1 -2.09987831115722656e1 -2.09987831115722656e1 1.84377029199822573e-6 2.28881845032447018e-6 1 1
-1.00000000000000000e0 -2.09987842438485686e1 -2.09987831115722656e1 -2.09987831115722656e1 3.65575147043273319e-6 1.90734866123420943e-7 1 1
-1.00000000000000000e0 -2.09987842439656696e1 -2.09987831115722656e1 -2.09987831115722656e1 2.92460117634618655e-6 2.19345088225963991e-6 1 1
-1.00000000000000000e0 -2.09987842440827706e1 -2.09987831115722656e1 -2.09987831115722656e1 4.06901062888209708e-6 5.40415442173980409e-7 1 1
-1.00000000000000000e0 -2.09987842441998609e1 -2.09987831115722656e1 -2.09987831115722656e1 1.01725265722052427e-6 1.97092685993993655e-6 1 1
-1.00000000000000000e0 -2.09987842443169512e1 -2.09987831115722656e1 -2.09987831115722656e1 2.41597490457934327e-6 1.30335490666766418e-6 1 1
-1.00000000000000000e0 -2.09987842444340416e1 -2.09987831115722656e1 -2.09987831115722656e1 2.70207715402648319e-6 1.01725265722052427e-6 1 1
-1.00000000000000000e0 -2.09987842445511284e1 -2.09987831115722656e1 -2.09987831115722656e1 1.00135798675182741e-6 1.90734863281250000e-6 1 1
-1.00000000000000000e0 -2.09987842446682151e1 -2.09987831115722656e1 -2.09987831115722656e1 6.45319641989772208e-6 5.88099169362976681e-7 1 1
-1.00000000000000000e0 -2.09987842447852948e1 -2.09987831115722656e1 -2.09987831115722656e1 9.37779759624390863e-7 2.86102306290558772e-7 1 1
-1.00000000000000000e0 -2.09987842449023745e1 -2.09987831115722656e1 -2.09987831115722656e1 7.94728578057402046e-7 7.15255737304687500e-7 1 1
-1.00000000000000000e0 -2.09987842450194506e1 -2.09987831115722656e1 -2.09987831115722656e1 7.31150294086546637e-7 2.06629437116134795e-7 1 1
-1.00000000000000000e0 -2.09987842451365267e1 -2.09987831115722656e1 -2.09987831115722656e1 1.93913774637621827e-6 6.67572010115691228e-7 1 1
-1.00000000000000000e0 -2.09987842452536029e1 -2.09987831115722656e1 -2.09987831115722656e1 2.63849892689904664e-6 1.27156582152565534e-7 1 1
-1.00000000000000000e0 -2.09987842453706648e1 -2.09987831115722656e1 -2.09987831115722656e1 4.38690176451927982e-6 6.67572010115691228e-7 1 1
-1.00000000000000000e0 -2.09987842454877338e1 -2.09987831115722656e1 -2.09987831115722656e1 3.11533608510217164e-6 3.65575147043273319e-7 1 1
-1.00000000000000000e0 -2.09987842456047993e1 -2.09987831115722656e1 -2.09987831115722656e1 8.74201475653535454e-7 9.21885145999112865e-7 1 1
-1.00000000000000000e0 -2.09987842457218647e1 -2.09987831115722656e1 -2.09987831115722656e1 6.35782896551972954e-7 1.74840295130707091e-6 1 1
-1.00000000000000000e0 -2.09987842458389196e1 -2.09987831115722656e1 -2.09987831115722656e1 1.43051147460937500e-6 5.56309998955839546e-7 1 1
-1.00000000000000000e0 -2.09987842459559779e1 -2.09987831115722656e1 -2.09987831115722656e1 3.27428188029443845e-6 1.01725265722052427e-6 1 1
-1.00000000000000000e0 -2.09987842460730327e1 -2.09987831115722656e1 -2.09987831115722656e1 3.30607099385815673e-6 1.27156579310394591e-6 1 1
-1.00000000000000000e0 -2.09987842461900840e1 -2.09987831115722656e1 -2.09987831115722656e1 2.09808354156848509e-6 7.47044907711824635e-7 1 1
-1.00000000000000000e0 -2.09987842463071352e1 -2.09987831115722656e1 -2.09987831115722656e1 1.71661372405651491e-6 6.99361180522828363e-7 1 1
-1.00000000000000000e0 -2.09987842464241830e1 -2.09987831115722656e1 -2.09987831115722656e1 6.32603951089549810e-6 7.62939464493683772e-7 1 1
-1.00000000000000000e0 -2.09987842465412271e1 -2.09987831115722656e1 -2.09987831115722656e1 1.60535171289666323e-6 1.62124638336536009e-6 1 1
-1.00000000000000000e0 -2.09987842466582677e1 -2.09987831115722656e1 -2.09987831115722656e1 3.97364283344359137e-6 1.90734866123420943e-7 1 1
-1.00000000000000000e0 -2.09987842467753083e1 -2.09987831115722656e1 -2.09987831115722656e1 1.55766804255108582e-6 1.30335490666766418e-6 1 1
-1.00000000000000000e0 -2.09987842468923489e1 -2.09987831115722656e1 -2.09987831115722656e1 3.71932992493384518e-6 1.74840295130707091e-6 1 1
-1.00000000000000000e0 -2.09987842470093824e1 -2.09987831115722656e1 -2.09987831115722656e1 6.13530482951318845e-6 5.40415442173980409e-7 1 1
-1.00000000000000000e0 -2.09987842471264123e1 -2.09987831115722656e1 -2.09987831115722656e1 2.00271597350365482e-6 1.39872236104565673e-6 1 1
-1.00000000000000000e0 -2.09987842472434458e1 -2.09987831115722656e1 -2.09987831115722656e1 1.20798745228967164e-6 1.08083088434796082e-6 1 1
-1.00000000000000000e0 -2.09987842473604758e1 -2.09987831115722656e1 -2.09987831115722656e1 3.81469726562500000e-6 2.00271597350365482e-6 1 1
-1.00000000000000000e0 -2.09987842474774986e1 -2.09987831115722656e1 -2.09987831115722656e1 3.75111903849756345e-6 9.53674316406250000e-7 1 1
-1.00000000000000000e0 -2.09987842475945214e1 -2.09987831115722656e1 -2.09987831115722656e1 6.99361180522828363e-7 1.30335490666766418e-6 1 1
-1.00000000000000000e0 -2.09987842477115336e1 -2.09987831115722656e1 -2.09987831115722656e1 1.90734863281250000e-6 1.30335490666766418e-6 1 1
-1.00000000000000000e0 -2.09987842478285565e1 -2.09987831115722656e1 -2.09987831115722656e1 8.90096032435394591e-7 3.65575147043273319e-7 1 1
-1.00000000000000000e0 -2.09987842479455757e1 -2.09987831115722656e1 -2.09987831115722656e1 2.25702910938707646e-6 9.85463429969968274e-7 1 1
-1.00000000000000000e0 -2.09987842480625844e1 -2.09987831115722656e1 -2.09987831115722656e1 2.38418579101562500e-6 1.71661372405651491e-6 1 1
-1.00000000000000000e0 -2.09987842481795930e1 -2.09987831115722656e1 -2.09987831115722656e1 2.25702910938707646e-6 1.90734863281250000e-6 1 1
-1.00000000000000000e0 -2.09987842482965981e1 -2.09987831115722656e1 -2.09987831115722656e1 2.78155016530945431e-6 2.22523999582335819e-6 1 1
-1.00000000000000000e0 -2.09987842484136067e1 -2.09987831115722656e1 -2.09987831115722656e1 3.40143833454931155e-6 2.00271597350365482e-6 1 1
-1.00000000000000000e0 -2.09987842485306118e1 -2.09987831115722656e1 -2.09987831115722656e1 2.86102306290558772e-7 1.27156579310394591e-6 1 1
-1.00000000000000000e0 -2.09987842486476097e1 -2.09987831115722656e1 -2.09987831115722656e1 2.03450531444104854e-6 7.62939464493683772e-7 1 1
-1.00000000000000000e0 -2.09987842487646077e1 -2.09987831115722656e1 -2.09987831115722656e1 3.68754058399645146e-6 4.76837158203125000e-7 1 1
-1.00000000000000000e0 -2.09987842488816057e1 -2.09987831115722656e1 -2.09987831115722656e1 1.65303549692907836e-6 4.45048016217697295e-7 1 1
-1.00000000000000000e0 -2.09987842489985894e1 -2.09987831115722656e1 -2.09987831115722656e1 4.16437796957325190e-6 1.30335490666766418e-6 1 1
-1.00000000000000000e0 -2.09987842491155838e1 -2.09987831115722656e1 -2.09987831115722656e1 1.60535171289666323e-6 1.87555951924878173e-6 1 1
-1.00000000000000000e0 -2.09987842492325711e1 -2.09987831115722656e1 -2.09987831115722656e1 5.56309998955839546e-7 1.23977656585338991e-6 1 1
-1.00000000000000000e0 -2.09987842493495549e1 -2.09987831115722656e1 -2.09987831115722656e1 1.39872236104565673e-6 1.04904177078424254e-6 1 1
-1.00000000000000000e0 -2.09987842494665422e1 -2.09987831115722656e1 -2.09987831115722656e1 2.89281206278246827e-6 1.55766804255108582e-6 1 1
-1.00000000000000000e0 -2.09987842495835224e1 -2.09987831115722656e1 -2.09987831115722656e1 3.00407418762915768e-6 1.33514402023138246e-6 1 1
-1.00000000000000000e0 -2.09987842497005026e1 -2.09987831115722656e1 -2.09987831115722656e1 4.13258885600953363e-6 3.49680590261414181e-7 1 1
-1.00000000000000000e0 -2.09987842498174295e1 -2.09987831115722656e1 -2.09987831115722656e1 2.22523999582335819e-6 9.53674330617104715e-8 1 1
-1.00000000000000000e0 -2.09987842059481267e1 -2.09987831115722656e1 -2.09987831115722656e1 3.00407418762915768e-6 6.99361180522828363e-7 1 1
-1.00000000000000000e0 2.04090819423058818e1 2.03764591217041016e1 2.04138488769531250e1 5.37236519448924810e-6 6.03993726144835819e-7 3 3
-1.00000000000000000e0 2.09995043811818043e1 2.09995040893554688e1 2.09995059967041016e1 5.11805228597950190e-6 4.76837158203125000e-7 3 3
-1.00000000000000000e0 2.09988366713418770e1 2.09988384246826172e1 2.09988365173339844e1 2.24113455260521732e-6 1.17619833872595336e-6 2 2
-1.00000000000000000e0 2.09987800940117957e1 2.09987812042236328e1 2.09987812042236328e1 4.64121512777637690e-6 1.43051147460937500e-6 2 2
-1.00000000000000000e0 2.09987837859326767e1 2.09987812042236328e1 2.09987812042236328e1 1.68482461049279664e-6 2.16166176869592164e-6 1 1
-1.00000000000000000e0 2.09987841307169454e1 2.09987812042236328e1 2.09987812042236328e1 2.28881845032447018e-6 1.84377029199822573e-6 1 1
-1.00000000000000000e0 2.09987841198547613e1 2.09987812042236328e1 2.09987812042236328e1 2.09808354156848509e-6 1.11261999791167909e-6 1 1
-1.00000000000000000e0 2.09987841181250232e1 2.09987812042236328e1 2.09987812042236328e1 1.87555951924878173e-6 2.19345088225963991e-6 1 1
-1.00000000000000000e0 2.09987841182618311e1 2.09987812042236328e1 2.09987812042236328e1 2.25702910938707646e-6 5.08626328610262135e-7 1 1
-1.00000000000000000e0 2.09987841183907129e1 2.09987812042236328e1 2.09987812042236328e1 3.97364283344359137e-6 2.25702910938707646e-6 1 1
-1.00000000000000000e0 2.09987841185105566e1 2.09987812042236328e1 2.09987812042236328e1 1.90734863281250000e-6 1.36693313379510073e-6 1 1
-1.00000000000000000e0 2.09987841186302688e1 2.09987812042236328e1 2.09987812042236328e1 3.17891431222960819e-6 1.97092685993993655e-6 1 1
-1.00000000000000000e0 2.09987841187500131e1 2.09987812042236328e1 2.09987812042236328e1 2.12987265513220336e-6 1.14440922516223509e-6 1 1
-1.00000000000000000e0 2.09987841188697573e1 2.09987812042236328e1 2.09987812042236328e1 2.35239667745190673e-6 3.65575147043273319e-7 1 1
-1.00000000000000000e0 2.09987841189895050e1 2.09987812042236328e1 2.09987812042236328e1 2.32060756388818845e-6 1.39872236104565673e-6 1 1
-1.00000000000000000e0 2.09987841191092457e1 2.09987812042236328e1 2.09987812042236328e1 4.60942601421265863e-6 4.45048016217697295e-7 1 1
-1.00000000000000000e0 2.09987841192289899e1 2.09987812042236328e1 2.09987812042236328e1 2.60670981333532836e-6 1.93913774637621827e-6 1 1
-1.00000000000000000e0 2.09987841193487199e1 2.09987812042236328e1 2.09987812042236328e1 1.79608662165264832e-6 1.17619833872595336e-6 1 1
-1.00000000000000000e0 2.09987841194684570e1 2.09987812042236328e1 2.09987812042236328e1 4.45048016217697295e-7 9.53674316406250000e-7 1 1
-1.00000000000000000e0 2.09987841195881906e1 2.09987812042236328e1 2.09987812042236328e1 1.84377029199822573e-6 3.49680590261414181e-7 1 1
-1.00000000000000000e0 2.09987841197079170e1 2.09987812042236328e1 2.09987812042236328e1 3.81469732246841886e-7 1.68482461049279664e-6 1 1
-1.00000000000000000e0 2.09987841198276435e1 2.09987812042236328e1 2.09987812042236328e1 3.33786010742187500e-6 4.76837158203125000e-7 1 1
-1.00000000000000000e0 2.09987841199473699e1 2.09987812042236328e1 2.09987812042236328e1 8.26517748464539181e-7 1.81198117843450746e-6 1 1
-1.00000000000000000e0 2.09987841200670893e1 2.09987812042236328e1 2.09987812042236328e1 2.12987265513220336e-6 7.31150294086546637e-7 1 1
-1.00000000000000000e0 2.09987841201868086e1 2.09987812042236328e1 2.09987812042236328e1 1.39872236104565673e-6 4.92731714984984137e-7 1 1
-1.00000000000000000e0 2.09987841203065244e1 2.09987812042236328e1 2.09987812042236328e1 2.46365857492492069e-6 1.01725265722052427e-6 1 1
-1.00000000000000000e0 2.09987841204262367e1 2.09987812042236328e1 2.09987812042236328e1 6.03993726144835819e-7 1.20798745228967164e-6 1 1
-1.00000000000000000e0 2.09987841205459524e1 2.09987812042236328e1 2.09987812042236328e1 2.11397809835034423e-6 2.00271597350365482e-6 1 1
-1.00000000000000000e0 2.09987841206656540e1 2.09987812042236328e1 2.09987812042236328e1 1.06493632756610168e-6 5.88099169362976681e-7 1 1
-1.00000000000000000e0 2.09987841207853627e1 2.09987812042236328e1 2.09987812042236328e1 3.30607099385815673e-6 7.31150294086546637e-7 1 1
-1.00000000000000000e0 2.09987841209050679e1 2.09987812042236328e1 2.09987812042236328e1 3.62396235686901491e-6 1.36693313379510073e-6 1 1
-1.00000000000000000e0 2.09987841210247730e1 2.09987812042236328e1 2.09987812042236328e1 4.06901062888209708e-6 7.15255737304687500e-7 1 1
-1.00000000000000000e0 2.09987841211444675e1 2.09987812042236328e1 2.09987812042236328e1 1.55766804255108582e-6 1.04904177078424254e-6 1 1
-1.00000000000000000e0 2.09987841212641655e1 2.09987812042236328e1 2.09987812042236328e1 1.14440922516223509e-6 1.08083088434796082e-6 1 1
-1.00000000000000000e0 2.09987841213838564e1 2.09987812042236328e1 2.09987812042236328e1 1.68482461049279664e-6 1.04904177078424254e-6 1 1
-1.00000000000000000e0 2.09987841215035473e1 2.09987812042236328e1 2.09987812042236328e1 2.17755632547778077e-6 5.24520885392121272e-7 1 1
-1.00000000000000000e0 2.09987841216232418e1 2.09987812042236328e1 2.09987812042236328e1 1.93913774637621827e-6 2.12987265513220336e-6 1 1
-1.00000000000000000e0 2.09987841217429185e1 2.09987812042236328e1 2.09987812042236328e1 5.53131121705519035e-6 1.27156579310394591e-6 1 1
-1.00000000000000000e0 2.09987841218626059e1 2.09987812042236328e1 2.09987812042236328e1 2.28881845032447018e-6 1.52587892898736754e-6 1 1
-1.00000000000000000e0 2.09987841219822826e1 2.09987812042236328e1 2.09987812042236328e1 3.94185371987987310e-6 6.83466566897550365e-7 1 1
-1.00000000000000000e0 2.09987841221019664e1 2.09987812042236328e1 2.09987812042236328e1 1.08083088434796082e-6 1.49408981542364927e-6 1 1
-1.00000000000000000e0 2.09987841222216431e1 2.09987812042236328e1 2.09987812042236328e1 3.97364283344359137e-6 1.33514402023138246e-6 1 1
-1.00000000000000000e0 2.09987841223413163e1 2.09987812042236328e1 2.09987812042236328e1 2.89281206278246827e-6 1.97092685993993655e-6 1 1
-1.00000000000000000e0 2.09987841224609859e1 2.09987812042236328e1 2.09987812042236328e1 1.30335490666766418e-6 7.62939464493683772e-7 1 1
-1.00000000000000000e0 2.09987841225806555e1 2.09987812042236328e1 2.09987812042236328e1 2.79744472209131345e-6 2.54313164305131068e-7 1 1
-1.00000000000000000e0 2.09987841227003145e1 2.09987812042236328e1 2.09987812042236328e1 3.43322744811302982e-6 8.90096032435394591e-7 1 1
-1.00000000000000000e0 2.09987841228199805e1 2.09987812042236328e1 2.09987812042236328e1 2.43186946136120241e-6 1.14440922516223509e-6 1 1
-1.00000000000000000e0 2.09987841229396430e1 2.09987812042236328e1 2.09987812042236328e1 2.38418579101562500e-6 6.67572010115691228e-7 1 1
-1.00000000000000000e0 2.09987841230593020e1 2.09987812042236328e1 2.09987812042236328e1 3.17891431222960819e-6 1.17619833872595336e-6 1 1
-1.00000000000000000e0 2.09987841231789609e1 2.09987812042236328e1 2.09987812042236328e1 4.95910626341355965e-6 1.49408981542364927e-6 1 1
-1.00000000000000000e0 2.09987841232986092e1 2.09987812042236328e1 2.09987812042236328e1 5.40415430805296637e-6 1.74840295130707091e-6 1 1
-1.00000000000000000e0 2.09987841234182611e1 2.09987812042236328e1 2.09987812042236328e1 5.56309998955839546e-7 1.27156579310394591e-6 1 1
-1.00000000000000000e0 2.09987841235379094e1 2.09987812042236328e1 2.09987812042236328e1 3.33786010742187500e-6 2.06629442800476681e-6 1 1
-1.00000000000000000e0 2.09987841236575541e1 2.09987812042236328e1 2.09987812042236328e1 9.21885145999112865e-7 9.21885145999112865e-7 1 1
-1.00000000000000000e0 2.09987841237771953e1 2.09987812042236328e1 2.09987812042236328e1 1.39872236104565673e-6 3.97364289028701023e-7 1 1
-1.00000000000000000e0 2.09987841238968400e1 2.09987812042236328e1 2.09987812042236328e1 2.36829123423376586e-6 1.58945715611480409e-6 1 1
-1.00000000000000000e0 2.09987841240164741e1 2.09987812042236328e1 2.09987812042236328e1 1.71661372405651491e-6 2.12987265513220336e-6 1 1
-1.00000000000000000e0 2.09987841241361117e1 2.09987812042236328e1 2.09987812042236328e1 3.43322744811302982e-6 1.87555951924878173e-6 1 1
-1.00000000000000000e0 2.09987841242557458e1 2.09987812042236328e1 2.09987812042236328e1 9.85463429969968274e-7 1.84377029199822573e-6 1 1
-1.00000000000000000e0 2.09987841243753763e1 2.09987812042236328e1 2.09987812042236328e1 1.43051147460937500e-6 8.58306862028257456e-7 1 1
-1.00000000000000000e0 2.09987841244950033e1 2.09987812042236328e1 2.09987812042236328e1 1.92324318959435914e-6 1.68482461049279664e-6 1 1
-1.00000000000000000e0 2.09987841246146267e1 2.09987812042236328e1 2.09987812042236328e1 9.53674316406250000e-7 4.29153431014128728e-7 1 1
-1.00000000000000000e0 2.09987841247342466e1 2.09987812042236328e1 2.09987812042236328e1 3.01996874441101681e-6 1.39872236104565673e-6 1 1
-1.00000000000000000e0 2.09987841248538700e1 2.09987812042236328e1 2.09987812042236328e1 1.17619833872595336e-6 2.86102306290558772e-7 1 1
-1.00000000000000000e0 2.09987841249734863e1 2.09987812042236328e1 2.09987812042236328e1 2.25702910938707646e-6 1.30335490666766418e-6 1 1
-1.00000000000000000e0 2.09987841250930991e1 2.09987812042236328e1 2.09987812042236328e1 2.06629442800476681e-6 5.24520885392121272e-7 1 1
-1.00000000000000000e0 2.09987841252127154e1 2.09987812042236328e1 2.09987812042236328e1 3.62396235686901491e-6 7.94728578057402046e-7 1 1
-1.00000000000000000e0 2.09987841253323246e1 2.09987812042236328e1 2.09987812042236328e1 2.03450531444104854e-6 1.78019206487078918e-6 1 1
-1.00000000000000000e0 2.09987841254519303e1 2.09987812042236328e1 2.09987812042236328e1 2.87691750600060914e-6 6.03993726144835819e-7 1 1
-1.00000000000000000e0 2.09987841255715360e1 2.09987812042236328e1 2.09987812042236328e1 3.59217324330529664e-6 2.25702910938707646e-6 1 1
-1.00000000000000000e0 2.09987841256911381e1 2.09987812042236328e1 2.09987812042236328e1 1.17619833872595336e-6 1.43051147460937500e-6 1 1
-1.00000000000000000e0 2.09987841258107366e1 2.09987812042236328e1 2.09987812042236328e1 3.81469726562500000e-6 2.22523999582335819e-6 1 1
-1.00000000000000000e0 2.09987841259303352e1 2.09987812042236328e1 2.09987812042236328e1 1.16030378194409423e-6 4.13258874232269591e-7 1 1
-1.00000000000000000e0 2.09987841260499266e1 2.09987812042236328e1 2.09987812042236328e1 1.57356259933294496e-6 6.99361180522828363e-7 1 1
-1.00000000000000000e0 2.09987841261695252e1 2.09987812042236328e1 2.09987812042236328e1 3.01996874441101681e-6 1.39872236104565673e-6 1 1
-1.00000000000000000e0 2.09987841262891131e1 2.09987812042236328e1 2.09987812042236328e1 1.03314721400238341e-6 1.27156579310394591e-6 1 1
-1.00000000000000000e0 2.09987841264087010e1 2.09987812042236328e1 2.09987812042236328e1 1.49408981542364927e-6 6.67572010115691228e-7 1 1
-1.00000000000000000e0 2.09987841265282853e1 2.09987812042236328e1 2.09987812042236328e1 2.47955313170677982e-6 5.72204612581117544e-7 1 1
-1.00000000000000000e0 2.09987841266478661e1 2.09987812042236328e1 2.09987812042236328e1 3.84648637918871827e-6 5.56309998955839546e-7 1 1
-1.00000000000000000e0 2.09987841267674469e1 2.09987812042236328e1 2.09987812042236328e1 4.06901062888209708e-6 1.71661372405651491e-6 1 1
-1.00000000000000000e0 2.09987841268870241e1 2.09987812042236328e1 2.09987812042236328e1 5.46773253518040292e-6 7.31150294086546637e-7 1 1
-1.00000000000000000e0 2.09987841270065978e1 2.09987812042236328e1 2.09987812042236328e1 2.08218898478662595e-6 1.58945715611480409e-6 1 1
-1.00000000000000000e0 2.09987841271261679e1 2.09987812042236328e1 2.09987812042236328e1 4.32332353739184327e-6 9.21885145999112865e-7 1 1
-1.00000000000000000e0 2.09987841272457416e1 2.09987812042236328e1 2.09987812042236328e1 1.38282780426379759e-6 2.03450531444104854e-6 1 1
-1.00000000000000000e0 2.09987841273653046e1 2.09987812042236328e1 2.09987812042236328e1 1.57356259933294496e-6 7.31150294086546637e-7 1 1
-1.00000000000000000e0 2.09987841274848748e1 2.09987812042236328e1 2.09987812042236328e1 2.63849892689904664e-6 1.39872236104565673e-6 1 1
-1.00000000000000000e0 2.09987841276044342e1 2.09987812042236328e1 2.09987812042236328e1 1.09672544112981996e-6 2.03450531444104854e-6 1 1
-1.00000000000000000e0 2.09987841277239937e1 2.09987812042236328e1 2.09987812042236328e1 2.35239667745190673e-6 6.35782896551972954e-7 1 1
-1.00000000000000000e0 2.09987841278435461e1 2.09987812042236328e1 2.09987812042236328e1 3.91006460631615482e-6 1.90734863281250000e-6 1 1
-1.00000000000000000e0 2.09987841279631020e1 2.09987812042236328e1 2.09987812042236328e1 3.17891431222960819e-6 7.31150294086546637e-7 1 1
-1.00000000000000000e0 2.09987841280826508e1 2.09987812042236328e1 2.09987812042236328e1 5.40415442173980409e-7 1.33514402023138246e-6 1 1
-1.00000000000000000e0 2.09987841282022032e1 2.09987812042236328e1 2.09987812042236328e1 2.70207715402648319e-6 3.97364289028701023e-7 1 1
-1.00000000000000000e0 2.09987841283217520e1 2.09987812042236328e1 2.09987812042236328e1 3.17891431222960819e-6 1.55766804255108582e-6 1 1
-1.00000000000000000e0 2.09987841284412937e1 2.09987812042236328e1 2.09987812042236328e1 1.27156579310394591e-6 4.13258874232269591e-7 1 1
-1.00000000000000000e0 2.09987841285608354e1 2.09987812042236328e1 2.09987812042236328e1 1.68482461049279664e-6 4.45048016217697295e-7 1 1
-1.00000000000000000e0 2.09987841286803700e1 2.09987812042236328e1 2.09987812042236328e1 1.33514402023138246e-6 1.46230058817309327e-6 1 1
-1.00000000000000000e0 2.09987841287999153e1 2.09987812042236328e1 2.09987812042236328e1 6.48498553346144035e-6 1.33514402023138246e-6 1 1
-1.00000000000000000e0 2.09987841289194463e1 2.09987812042236328e1 2.09987812042236328e1 2.09808354156848509e-6 1.08083088434796082e-6 1 1
-1.00000000000000000e0 2.09987841290389738e1 2.09987812042236328e1 2.09987812042236328e1 2.82923383565503173e-6 5.08626328610262135e-7 1 1
-1.00000000000000000e0 2.09987841291585084e1 2.09987812042236328e1 2.09987812042236328e1 3.05175785797473509e-6 1.78019206487078918e-6 1 1
-1.00000000000000000e0 2.09987841292780324e1 2.09987812042236328e1 2.09987812042236328e1 2.09808354156848509e-6 4.76837158203125000e-7 1 1
-1.00000000000000000e0 2.09987841293975563e1 2.09987812042236328e1 2.09987812042236328e1 3.68754058399645146e-6 1.84377029199822573e-6 1 1
-1.00000000000000000e0 2.09987841295170803e1 2.09987812042236328e1 2.09987812042236328e1 3.21070342579332646e-6 1.52587892898736754e-6 1 1
-1.00000000000000000e0 2.09987841296365971e1 2.09987812042236328e1 2.09987812042236328e1 5.11805228597950190e-6 8.90096032435394591e-7 1 1
-1.00000000000000000e0 2.09987841297561140e1 2.09987812042236328e1 2.09987812042236328e1 1.52587892898736754e-6 1.81198117843450746e-6 1 1
-1.00000000000000000e0 2.09987841298756273e1 2.09987812042236328e1 2.09987812042236328e1 4.92731714984984137e-7 6.03993726144835819e-7 1 1
-1.00000000000000000e0 2.09987841299951370e1 2.09987812042236328e1 2.09987812042236328e1 1.44640603139123414e-6 1.01725265722052427e-6 1 1
-1.00000000000000000e0 2.09987841301146467e1 2.09987812042236328e1 2.09987812042236328e1 3.71932992493384518e-6 3.49680590261414181e-7 1 1
0.00000000000000000e0 2.09987841302341565e1 2.09987812042236328e1 2.09987812042236328e1 5.18163051310693845e-6 1.33514402023138246e-6 1 1
0.00000000000000000e0 2.09987841303536591e1 2.09987812042236328e1 2.09987812042236328e1 1.20798745228967164e-6 1.71661372405651491e-6 1 1
0.00000000000000000e0 2.09987841304731582e1 2.09987812042236328e1 2.09987812042236328e1 2.25702910938707646e-6 5.56309998955839546e-7 1 1
0.00000000000000000e0 2.09987841305926572e1 2.09987812042236328e1 2.09987812042236328e1 2.76565560852759518e-6 1.90734863281250000e-6 1 1
0.00000000000000000e0 2.09987841307121528e1 2.09987812042236328e1 2.09987812042236328e1 2.32060756388818845e-6 1.81198117843450746e-6 1 1
0.00000000000000000e0 2.09987841308316447e1 2.09987812042236328e1 2.09987812042236328e1 2.22523999582335819e-6 2.00271597350365482e-6 1 1
0.00000000000000000e0 2.09987841309511403e1 2.09987812042236328e1 2.09987812042236328e1 3.06765241475659423e-6 7.31150294086546637e-7 1 1
0.00000000000000000e0 2.09987841310706251e1 2.09987812042236328e1 2.09987812042236328e1 3.52859501617786009e-6 1.90734863281250000e-6 1 1
0.00000000000000000e0 2.09987841311901136e1 2.09987812042236328e1 2.09987812042236328e1 1.33514402023138246e-6 6.67572010115691228e-7 1 1
0.00000000000000000e0 2.09987841313095984e1 2.09987812042236328e1 2.09987812042236328e1 2.03450531444104854e-6 6.67572010115691228e-7 1 1
0.00000000000000000e0 2.09987841314290833e1 2.09987812042236328e1 2.09987812042236328e1 6.83466566897550365e-7 7.94728578057402046e-7 1 1
0.00000000000000000e0 2.09987841315485575e1 2.09987812042236328e1 2.09987812042236328e1 2.90870661956432741e-6 6.03993726144835819e-7 1 1
0.00000000000000000e0 2.09987841316680317e1 2.09987812042236328e1 2.09987812042236328e1 1.95503230315807741e-6 4.76837158203125000e-7 1 1
0.00000000000000000e0 2.09987841317875024e1 2.09987812042236328e1 2.09987812042236328e1 2.28881845032447018e-6 2.25702910938707646e-6 1 1
0.00000000000000000e0 2.09987841319069730e1 2.09987812042236328e1 2.09987812042236328e1 1.46230058817309327e-6 5.08626328610262135e-7 1 1
0.00000000000000000e0 2.09987841320264437e1 2.09987812042236328e1 2.09987812042236328e1 1.65303549692907836e-6 1.90734866123420943e-7 1 1
0.00000000000000000e0 2.09987841321459108e1 2.09987812042236328e1 2.09987812042236328e1 3.52859501617786009e-6 1.81198117843450746e-6 1 1
0.00000000000000000e0 2.09987841322653743e1 2.09987812042236328e1 2.09987812042236328e1 5.65846767131006345e-6 1.08083088434796082e-6 1 1
0.00000000000000000e0 2.09987841323848343e1 2.09987812042236328e1 2.09987812042236328e1 2.67028804046276491e-6 1.93913774637621827e-6 1 1
0.00000000000000000e0 2.09987841325042943e1 2.09987812042236328e1 2.09987812042236328e1 2.79744472209131345e-6 2.06629442800476681e-6 1 1
0.00000000000000000e0 2.09987841326237472e1 2.09987812042236328e1 2.09987812042236328e1 2.12987265513220336e-6 7.94728578057402046e-7 1 1
0.00000000000000000e0 2.09987841327431966e1 2.09987812042236328e1 2.09987812042236328e1 1.22388200907153077e-6 1.81198117843450746e-6 1 1
0.00000000000000000e0 2.09987841328626530e1 2.09987812042236328e1 2.09987812042236328e1 2.47955313170677982e-6 1.36693313379510073e-6 1 1
0.00000000000000000e0 2.09987841329820988e1 2.09987812042236328e1 2.09987812042236328e1 2.60670981333532836e-6 1.68482461049279664e-6 1 1
0.00000000000000000e0 2.09987841331015446e1 2.09987812042236328e1 2.09987812042236328e1 1.82787573521636659e-6 3.97364289028701023e-7 1 1
0.00000000000000000e0 2.09987841332209904e1 2.09987812042236328e1 2.09987812042236328e1 5.21341962667065673e-6 1.11261999791167909e-6 1 1
0.00000000000000000e0 2.09987841333404290e1 2.09987812042236328e1 2.09987812042236328e1 3.33786010742187500e-6 1.93913774637621827e-6 1 1
0.00000000000000000e0 2.09987841334598677e1 2.09987812042236328e1 2.09987812042236328e1 2.44776401814306155e-6 2.54313164305131068e-7 1 1
0.00000000000000000e0 2.09987841335793028e1 2.09987812042236328e1 2.09987812042236328e1 2.06629442800476681e-6 8.26517748464539181e-7 1 1
0.00000000000000000e0 2.09987841336987309e1 2.09987812042236328e1 2.09987812042236328e1 3.11533608510217164e-6 1.62124638336536009e-6 1 1
0.00000000000000000e0 2.09987841338181660e1 2.09987812042236328e1 2.09987812042236328e1 2.03450531444104854e-6 6.03993726144835819e-7 1 1
0.00000000000000000e0 2.09987841339375940e1 2.09987812042236328e1 2.09987812042236328e1 1.60535171289666323e-6 1.17619833872595336e-6 1 1
0.00000000000000000e0 2.09987841340570220e1 2.09987812042236328e1 2.09987812042236328e1 1.68482461049279664e-6 1.78019206487078918e-6 1 1
0.00000000000000000e0 2.09987841341764394e1 2.09987812042236328e1 2.09987812042236328e1 3.52859501617786009e-6 7.94728578057402046e-7 1 1
0.00000000000000000e0 2.09987841342958639e1 2.09987812042236328e1 2.09987812042236328e1 3.56038412974157836e-6 1.62124638336536009e-6 1 1
0.00000000000000000e0 2.09987841344152812e1 2.09987812042236328e1 2.09987812042236328e1 3.70343536815198604e-6 1.43051147460937500e-6 1 1
0.00000000000000000e0 2.09987841345346986e1 2.09987812042236328e1 2.09987812042236328e1 2.51134247264417354e-6 4.76837158203125000e-7 1 1
0.00000000000000000e0 2.09987841346541089e1 2.09987812042236328e1 2.09987812042236328e1 3.71932992493384518e-6 7.15255737304687500e-7 1 1
0.00000000000000000e0 2.09987841347735191e1 2.09987812042236328e1 2.09987812042236328e1 3.08354697153845336e-6 6.03993726144835819e-7 1 1
0.00000000000000000e0 2.09987841348929258e1 2.09987812042236328e1 2.09987812042236328e1 3.08354697153845336e-6 1.84377029199822573e-6 1 1
0.00000000000000000e0 2.09987841350123290e1 2.09987812042236328e1 2.09987812042236328e1 1.93913774637621827e-6 6.51677453333832091e-7 1 1
0.00000000000000000e0 2.09987841351317321e1 2.09987812042236328e1 2.09987812042236328e1 3.81469726562500000e-6 2.03450531444104854e-6 1 1
0.00000000000000000e0 2.09987841352511353e1 2.09987812042236328e1 2.09987812042236328e1 2.17755632547778077e-6 1.78019206487078918e-6 1 1
0.00000000000000000e0 2.09987841353705313e1 2.09987812042236328e1 2.09987812042236328e1 1.68482461049279664e-6 2.09808354156848509e-6 1 1
0.00000000000000000e0 2.09987841354899238e1 2.09987812042236328e1 2.09987812042236328e1 1.30335490666766418e-6 1.58945724137993238e-7 1 1
0.00000000000000000e0 2.09987841356093163e1 2.09987812042236328e1 2.09987812042236328e1 3.05175785797473509e-6 7.94728578057402046e-7 1 1
0.00000000000000000e0 2.09987841357287053e1 2.09987812042236328e1 2.09987812042236328e1 1.68482461049279664e-6 1.04904177078424254e-6 1 1
0.00000000000000000e0 2.09987841358480942e1 2.09987812042236328e1 2.09987812042236328e1 5.65846767131006345e-6 8.58306862028257456e-7 1 1
0.00000000000000000e0 2.09987841359674796e1 2.09987812042236328e1 2.09987812042236328e1 2.05039987122290768e-6 1.11261999791167909e-6 1 1
0.00000000000000000e0 2.09987841360868579e1 2.09987812042236328e1 2.09987812042236328e1 1.23977656585338991e-6 9.85463429969968274e-7 1 1
0.00000000000000000e0 2.09987841362062433e1 2.09987812042236328e1 2.09987812042236328e1 2.55902614298975095e-6 1.65303549692907836e-6 1 1
0.00000000000000000e0 2.09987841363256180e1 2.09987812042236328e1 2.09987812042236328e1 1.78019206487078918e-6 8.26517748464539181e-7 1 1
0.00000000000000000e0 2.09987841364449963e1 2.09987812042236328e1 2.09987812042236328e1 1.87555951924878173e-6 7.47044907711824635e-7 1 1
0.00000000000000000e0 2.09987841365643675e1 2.09987812042236328e1 2.09987812042236328e1 2.49544768848863896e-6 5.72204612581117544e-7 1 1
0.00000000000000000e0 2.09987841366837387e1 2.09987812042236328e1 2.09987812042236328e1 1.58945715611480409e-6 6.83466566897550365e-7 1 1
0.00000000000000000e0 2.09987841368030992e1 2.09987812042236328e1 2.09987812042236328e1 2.84512839243689086e-6 6.99361180522828363e-7 1 1
0.00000000000000000e0 2.09987841369224668e1 2.09987812042236328e1 2.09987812042236328e1 2.19345088225963991e-6 1.97092685993993655e-6 1 1
0.00000000000000000e0 2.09987841370418309e1 2.09987812042236328e1 2.09987812042236328e1 3.94185371987987310e-6 1.81198117843450746e-6 1 1
0.00000000000000000e0 2.09987841371611879e1 2.09987812042236328e1 2.09987812042236328e1 5.88099146625609137e-6 1.39872236104565673e-6 1 1
0.00000000000000000e0 2.09987841372805448e1 2.09987812042236328e1 2.09987812042236328e1 1.78019206487078918e-6 6.67572010115691228e-7 1 1
0.00000000000000000e0 2.09987841373998982e1 2.09987812042236328e1 2.09987812042236328e1 2.25702910938707646e-6 6.99361180522828363e-7 1 1
0.00000000000000000e0 2.09987841375192552e1 2.09987812042236328e1 2.09987812042236328e1 1.65303549692907836e-6 1.55766804255108582e-6 1 1
0.00000000000000000e0 2.09987841376386015e1 2.09987812042236328e1 2.09987812042236328e1 3.59217324330529664e-6 6.03993726144835819e-7 1 1
0.00000000000000000e0 2.09987841377579478e1 2.09987812042236328e1 2.09987812042236328e1 2.95639028990990482e-6 3.49680590261414181e-7 1 1
0.00000000000000000e0 2.09987841378772941e1 2.09987812042236328e1 2.09987812042236328e1 1.44640603139123414e-6 3.81469732246841886e-7 1 1
0.00000000000000000e0 2.09987841379966369e1 2.09987812042236328e1 2.09987812042236328e1 4.13258885600953363e-6 1.58945724137993238e-7 1 1
0.00000000000000000e0 2.09987841381159761e1 2.09987812042236328e1 2.09987812042236328e1 2.22523999582335819e-6 5.40415442173980409e-7 1 1
0.00000000000000000e0 2.09987841382353118e1 2.09987812042236328e1 2.09987812042236328e1 3.08354697153845336e-6 1.46230058817309327e-6 1 1
0.00000000000000000e0 2.09987841383546474e1 2.09987812042236328e1 2.09987812042236328e1 7.31150294086546637e-7 1.49408981542364927e-6 1 1
0.00000000000000000e0 2.09987841384739760e1 2.09987812042236328e1 2.09987812042236328e1 3.56038412974157836e-6 1.62124638336536009e-6 1 1
0.00000000000000000e0 2.09987841385933081e1 2.09987812042236328e1 2.09987812042236328e1 3.22659820994886104e-6 1.90734866123420943e-7 1 1
0.00000000000000000e0 2.09987841387126295e1 2.09987812042236328e1 2.09987812042236328e1 3.33786010742187500e-6 4.29153431014128728e-7 1 1
0.00000000000000000e0 2.09987841388319580e1 2.09987812042236328e1 2.09987812042236328e1 2.03450531444104854e-6 6.83466566897550365e-7 1 1
0.00000000000000000e0 2.09987841389512795e1 2.09987812042236328e1 2.09987812042236328e1 2.65439348368090577e-6 8.58306862028257456e-7 1 1
0.00000000000000000e0 2.09987841390706009e1 2.09987812042236328e1 2.09987812042236328e1 1.87555951924878173e-6 1.39872236104565673e-6 1 1
0.00000000000000000e0 2.09987841391899153e1 2.09987812042236328e1 2.09987812042236328e1 1.17619833872595336e-6 1.04904177078424254e-6 1 1
0.00000000000000000e0 2.09987841393092332e1 2.09987812042236328e1 2.09987812042236328e1 2.51134247264417354e-6 1.93913774637621827e-6 1 1
0.00000000000000000e0 2.09987841394285404e1 2.09987812042236328e1 2.09987812042236328e1 4.54584778708522208e-6 1.27156579310394591e-6 1 1
0.00000000000000000e0 2.09987841395478512e1 2.09987812042236328e1 2.09987812042236328e1 5.56310033061890863e-6 1.97092685993993655e-6 1 1
0.00000000000000000e0 2.09987841396671584e1 2.09987812042236328e1 2.09987812042236328e1 3.81469726562500000e-6 9.21885145999112865e-7 1 1
0.00000000000000000e0 2.09987841397864621e1 2.09987812042236328e1 2.09987812042236328e1 1.27156579310394591e-6 1.52587892898736754e-6 1 1
0.00000000000000000e0 2.09987841399057658e1 2.09987812042236328e1 2.09987812042236328e1 2.09808354156848509e-6 2.86102306290558772e-7 1 1
0.00000000000000000e0 2.09987841400250659e1 2.09987812042236328e1 2.09987812042236328e1 1.00135798675182741e-6 1.17619833872595336e-6 1 1
0.00000000000000000e0 2.09987841401443625e1 2.09987812042236328e1 2.09987812042236328e1 2.87691750600060914e-6 9.53674316406250000e-7 1 1
0.00000000000000000e0 2.09987841402636519e1 2.09987812042236328e1 2.09987812042236328e1 2.03450531444104854e-6 1.87555951924878173e-6 1 1
0.00000000000000000e0 2.09987841403829449e1 2.09987812042236328e1 2.09987812042236328e1 1.65303549692907836e-6 8.58306862028257456e-7 1 1
0.00000000000000000e0 2.09987841405022380e1 2.09987812042236328e1 2.09987812042236328e1 1.20798745228967164e-6 3.81469732246841886e-7 1 1
0.00000000000000000e0 2.09987841406215203e1 2.09987812042236328e1 2.09987812042236328e1 3.14712519866588991e-6 1.33514402023138246e-6 1 1
0.00000000000000000e0 2.09987841407408027e1 2.09987812042236328e1 2.09987812042236328e1 3.17891431222960819e-6 1.93913774637621827e-6 1 1
0.00000000000000000e0 2.09987841408600886e1 2.09987812042236328e1 2.09987812042236328e1 3.97364283344359137e-6 6.35782896551972954e-7 1 1
0.00000000000000000e0 2.09987841409793639e1 2.09987812042236328e1 2.09987812042236328e1 1.46230058817309327e-6 5.24520885392121272e-7 1 1
0.00000000000000000e0 2.09987841410986391e1 2.09987812042236328e1 2.09987812042236328e1 1.46230058817309327e-6 4.76837158203125000e-7 1 1
0.00000000000000000e0 2.09987841412179144e1 2.09987812042236328e1 2.09987812042236328e1 1.70071916727465577e-6 1.74840295130707091e-6 1 1
0.00000000000000000e0 2.09987841413371861e1 2.09987812042236328e1 2.09987812042236328e1 1.43051147460937500e-6 1.65303549692907836e-6 1 1
0.00000000000000000e0 2.09987841414564507e1 2.09987812042236328e1 2.09987812042236328e1 3.94185371987987310e-6 1.01725265722052427e-6 1 1
0.00000000000000000e0 2.09987841415757188e1 2.09987812042236328e1 2.09987812042236328e1 8.90096032435394591e-7 1.08083088434796082e-6 1 1
0.00000000000000000e0 2.09987841416949834e1 2.09987812042236328e1 2.09987812042236328e1 3.14712519866588991e-6 9.53674316406250000e-7 1 1
0.00000000000000000e0 2.09987841418142445e1 2.09987812042236328e1 2.09987812042236328e1 2.25702910938707646e-6 1.49408981542364927e-6 1 1
0.00000000000000000e0 2.09987841419335055e1 2.09987812042236328e1 2.09987812042236328e1 1.68482461049279664e-6 3.17891448275986477e-7 1 1
0.00000000000000000e0 2.09987841420527594e1 2.09987812042236328e1 2.09987812042236328e1 1.23977656585338991e-6 1.33514402023138246e-6 1 1
0.00000000000000000e0 2.09987841421720169e1 2.09987812042236328e1 2.09987812042236328e1 2.01861053028551396e-6 6.03993726144835819e-7 1 1
0.00000000000000000e0 2.09987841422912673e1 2.09987812042236328e1 2.09987812042236328e1 2.22523999582335819e-6 3.49680590261414181e-7 1 1
0.00000000000000000e0 2.09987841424105142e1 2.09987812042236328e1 2.09987812042236328e1 9.85463429969968274e-7 1.14440922516223509e-6 1 1
0.00000000000000000e0 2.09987841425297574e1 2.09987812042236328e1 2.09987812042236328e1 2.19345088225963991e-6 9.21885145999112865e-7 1 1
0.00000000000000000e0 2.09987841426490043e1 2.09987812042236328e1 2.09987812042236328e1 2.25702910938707646e-6 1.62124638336536009e-6 1 1
0.00000000000000000e0 2.09987841427682476e1 2.09987812042236328e1 2.09987812042236328e1 2.41597490457934327e-6 8.26517748464539181e-7 1 1
0.00000000000000000e0 2.09987841428874837e1 2.09987812042236328e1 2.09987812042236328e1 2.00271597350365482e-6 5.40415442173980409e-7 1 1
0.00000000000000000e0 2.09987841430067235e1 2.09987812042236328e1 2.09987812042236328e1 2.09808354156848509e-6 9.53674316406250000e-7 1 1
0.00000000000000000e0 2.09987841431259561e1 2.09987812042236328e1 2.09987812042236328e1 1.97092685993993655e-6 1.14440922516223509e-6 1 1
0.00000000000000000e0 2.09987841432451816e1 2.09987812042236328e1 2.09987812042236328e1 3.08354697153845336e-6 1.62124638336536009e-6 1 1
0.00000000000000000e0 2.09987841433644107e1 2.09987812042236328e1 2.09987812042236328e1 9.69568873188109137e-7 4.76837158203125000e-7 1 1
0.00000000000000000e0 2.09987841434836362e1 2.09987812042236328e1 2.09987812042236328e1 1.93913774637621827e-6 8.58306862028257456e-7 1 1
0.00000000000000000e0 2.09987841436028582e1 2.09987812042236328e1 2.09987812042236328e1 5.56309998955839546e-7 9.53674316406250000e-7 1 1
0.00000000000000000e0 2.09987841437220801e1 2.09987812042236328e1 2.09987812042236328e1 7.15255737304687500e-7 7.47044907711824635e-7 14 13
0.00000000000000000e0 2.09987841438412985e1 2.09987812042236328e1 2.09987812042236328e1 2.47955313170677982e-6 2.25702910938707646e-6 6 6
0.00000000000000000e0 2.09987841439605170e1 2.09987812042236328e1 2.09987812042236328e1 1.23977656585338991e-6 4.16437796957325190e-6 4 4
0.00000000000000000e0 2.09987841440797283e1 2.09987812042236328e1 2.09987812042236328e1 1.97092685993993655e-6 1.74840295130707091e-6 2 2
0.00000000000000000e0 2.09987841441989360e1 2.09987812042236328e1 2.09987812042236328e1 2.86102306290558772e-7 4.13258874232269591e-7 2 2
0.00000000000000000e0 2.09987841443181473e1 2.09987812042236328e1 2.09987812042236328e1 2.03450531444104854e-6 3.68754058399645146e-6 1 1
0.00000000000000000e0 2.09987841444373515e1 2.09987812042236328e1 2.09987812042236328e1 5.62667855774634518e-6 3.56038412974157836e-6 1 1
0.00000000000000000e0 2.09987841445565593e1 2.09987812042236328e1 2.09987812042236328e1 1.71661372405651491e-6 1.20798745228967164e-6 1 1
0.00000000000000000e0 2.09987841446757564e1 2.09987812042236328e1 2.09987812042236328e1 1.14440922516223509e-6 1.58945715611480409e-6 1 1
0.00000000000000000e0 2.09987841447949535e1 2.09987812042236328e1 2.09987812042236328e1 4.10079974244581535e-6 2.54313158620789181e-6 1 1
0.00000000000000000e0 2.09987841449141541e1 2.09987812042236328e1 2.09987812042236328e1 1.38282780426379759e-6 2.92460117634618655e-6 1 1
0.00000000000000000e0 2.09987841450333441e1 2.09987812042236328e1 2.09987812042236328e1 6.59624731724761659e-7 4.16437796957325190e-6 1 1
0.00000000000000000e0 2.09987841451525306e1 2.09987812042236328e1 2.09987812042236328e1 3.68754058399645146e-6 1.52587892898736754e-6 1 1
0.00000000000000000e0 2.09987841452717205e1 2.09987812042236328e1 2.09987812042236328e1 1.68482461049279664e-6 1.87555951924878173e-6 11 11
0.00000000000000000e0 2.09987841453909070e1 2.09987812042236328e1 2.09987812042236328e1 3.33786005057845614e-7 3.17891448275986477e-7 8 8
0.00000000000000000e0 2.09987841455100863e1 2.09987812042236328e1 2.09987812042236328e1 1.93913774637621827e-6 5.88099169362976681e-7 2 2
0.00000000000000000e0 2.09987841456292692e1 2.09987812042236328e1 2.09987812042236328e1 7.47044907711824635e-7 4.13258874232269591e-7 2 2
0.00000000000000000e0 2.09987841457484485e1 2.09987812042236328e1 2.09987812042236328e1 4.13258874232269591e-7 4.60942572999556432e-7 2 2
0.00000000000000000e0 2.09987841458676243e1 2.09987812042236328e1 2.09987812042236328e1 1.16030378194409423e-6 8.10623191682680044e-7 6 6
0.00000000000000000e0 2.09987841459867965e1 2.09987812042236328e1 2.09987812042236328e1 6.51677453333832091e-7 5.40415442173980409e-7 4 4
0.00000000000000000e0 2.09987841461059652e1 2.09987812042236328e1 2.09987812042236328e1 5.08626317241578363e-6 5.00679016113281250e-6 2 2
0.00000000000000000e0 2.09987841462251339e1 2.09987812042236328e1 2.09987812042236328e1 6.27835618161043385e-7 2.86102306290558772e-7 2 2
0.00000000000000000e0 2.09987841463442990e1 2.09987812042236328e1 2.09987812042236328e1 1.03314721400238341e-6 2.38418579101562500e-7 2 2
0.00000000000000000e0 2.09987841464634570e1 2.09987812042236328e1 2.09987812042236328e1 9.69568873188109137e-7 2.86102306290558772e-7 2 2
0.00000000000000000e0 2.09987841465826222e1 2.09987812042236328e1 2.09987812042236328e1 6.83466566897550365e-7 9.53674316406250000e-7 2 2
0.00000000000000000e0 2.09987841467017802e1 2.09987812042236328e1 2.09987812042236328e1 1.50998437220550841e-6 9.85463429969968274e-7 2 2
0.00000000000000000e0 2.09987841468209346e1 2.09987812042236328e1 2.09987812042236328e1 6.11941004535765387e-7 9.69568873188109137e-7 2 2
0.00000000000000000e0 2.09987841469400891e1 2.09987812042236328e1 2.09987812042236328e1 8.90096032435394591e-7 4.60942572999556432e-7 2 2
0.00000000000000000e0 2.09987841470592365e1 2.09987812042236328e1 2.09987812042236328e1 1.52587892898736754e-6 8.90096032435394591e-7 2 2
0.00000000000000000e0 2.09987841471783838e1 2.09987812042236328e1 2.09987812042236328e1 1.01725265722052427e-6 2.70207721086990205e-7 2 2
0.00000000000000000e0 2.09987841472975312e1 2.09987812042236328e1 2.09987812042236328e1 6.99361180522828363e-7 1.17619833872595336e-6 2 2
0.00000000000000000e0 2.09987841474166714e1 2.09987812042236328e1 2.09987812042236328e1 1.28746034988580504e-6 6.03993726144835819e-7 2 2
0.00000000000000000e0 2.09987841475358117e1 2.09987812042236328e1 2.09987812042236328e1 1.33514402023138246e-6 6.83466566897550365e-7 2 2
0.00000000000000000e0 2.09987841476549519e1 2.09987812042236328e1 2.09987812042236328e1 1.58945724137993238e-7 3.01996863072417909e-7 2 2
0.00000000000000000e0 2.09987841477740851e1 2.09987812042236328e1 2.09987812042236328e1 5.08626328610262135e-7 4.92731714984984137e-7 2 2
0.00000000000000000e0 2.09987841478932182e1 2.09987812042236328e1 2.09987812042236328e1 5.24520885392121272e-7 7.94728578057402046e-7 2 2
0.00000000000000000e0 2.09987841480123478e1 2.09987812042236328e1 2.09987812042236328e1 6.99361180522828363e-7 1.82787573521636659e-7 2 2
0.00000000000000000e0 2.09987841481314703e1 2.09987812042236328e1 2.09987812042236328e1 7.23203015695617069e-7 4.13258874232269591e-7 2 2
0.00000000000000000e0 2.09987841482505999e1 2.09987812042236328e1 2.09987812042236328e1 8.18570470073609613e-7 8.10623191682680044e-7 2 2
0.00000000000000000e0 2.09987841483697188e1 2.09987812042236328e1 2.09987812042236328e1 2.86102306290558772e-7 2.46365857492492069e-7 2 2
0.00000000000000000e0 2.09987841484888413e1 2.09987812042236328e1 2.09987812042236328e1 8.41100700199604034e-7 8.41100700199604034e-7 1 1
0.00000000000000000e0 2.09987841486079603e1 2.09987812042236328e1 2.09987812042236328e1 1.90734863281250000e-6 7.30506144464015961e-7 1 1
0.00000000000000000e0 2.09987841487270757e1 2.09987812042236328e1 2.09987812042236328e1 1.58945715611480409e-6 6.18456397205591202e-7 1 1
0.00000000000000000e0 2.09987841488461875e1 2.09987812042236328e1 2.09987812042236328e1 5.25324139744043350e-7 5.50062395632266998e-7 1 1
0.00000000000000000e0 2.09987841489652993e1 2.09987812042236328e1 2.09987812042236328e1 4.96705354180448921e-7 5.00678993375913706e-7 1 1
0.00000000000000000e0 2.09987841490844040e1 2.09987812042236328e1 2.09987812042236328e1 4.16184775531291962e-7 3.92901711165904999e-7 1 1
0.00000000000000000e0 2.09987841492035123e1 2.09987812042236328e1 2.09987812042236328e1 5.72204612581117544e-7 4.37100737826767727e-7 1 1
0.00000000000000000e0 2.09987841493226099e1 2.09987812042236328e1 2.09987812042236328e1 3.09955794364213943e-7 3.33786005057845614e-7 1 1
0.00000000000000000e0 2.09987841494417111e1 2.09987812042236328e1 2.09987812042236328e1 7.78834021275542909e-7 4.29153431014128728e-7 1 1
0.00000000000000000e0 2.09987841495608087e1 2.09987812042236328e1 2.09987812042236328e1 3.17891448275986477e-7 2.46365857492492069e-7 1 1
0.00000000000000000e0 2.09987841496799028e1 2.09987812042236328e1 2.09987812042236328e1 2.09547579288482666e-7 2.32830643653869629e-7 1 1
0.00000000000000000e0 2.09987841497989933e1 2.09987812042236328e1 2.09987812042236328e1 7.23203015695617069e-7 5.32468163783050841e-7 1 1
0.00000000000000000e0 2.09987841499180838e1 2.09987812042236328e1 2.09987812042236328e1 6.75519288506620796e-7 2.86102306290558772e-7 1 1
0.00000000000000000e0 2.09987841500371744e1 2.09987812042236328e1 2.09987812042236328e1 1.10467271952074952e-6 1.58945724137993238e-7 1 1
0.00000000000000000e0 2.09987841501562578e1 2.09987812042236328e1 2.09987812042236328e1 6.27835618161043385e-7 5.40415442173980409e-7 1 1
0.00000000000000000e0 2.09987841502753412e1 2.09987812042236328e1 2.09987812042236328e1 9.93410708360897843e-7 4.92731714984984137e-7 1 1
0.00000000000000000e0 2.09987841503944210e1 2.09987812042236328e1 2.09987812042236328e1 8.58306862028257456e-7 2.86102306290558772e-7 1 1
0.00000000000000000e0 2.09987841505134938e1 2.09987812042236328e1 2.09987812042236328e1 5.60283638151304331e-7 3.41733283448775182e-7 1 1
0.00000000000000000e0 2.09987841506325701e1 2.09987812042236328e1 2.09987812042236328e1 6.11941004535765387e-7 4.29153431014128728e-7 1 1
0.00000000000000000e0 2.09987841507516464e1 2.09987812042236328e1 2.09987812042236328e1 5.72204612581117544e-7 1.90734866123420943e-7 1 1
0.00000000000000000e0 2.09987841508707156e1 2.09987812042236328e1 2.09987812042236328e1 7.23203015695617069e-7 1.58945724137993238e-7 1 1
0.00000000000000000e0 2.09987841509897777e1 2.09987812042236328e1 2.09987812042236328e1 1.16825106033502379e-6 3.49680590261414181e-7 1 1
0.00000000000000000e0 2.09987841511088398e1 2.09987812042236328e1 2.09987812042236328e1 3.45706951065949397e-7 3.33786005057845614e-7 1 1
0.00000000000000000e0 2.09987841512279054e1 2.09987812042236328e1 2.09987812042236328e1 2.42392218297027284e-7 3.81469732246841886e-7 1 1
0.00000000000000000e0 2.09987841513469640e1 2.09987812042236328e1 2.09987812042236328e1 1.49408981542364927e-6 4.52995294608626864e-7 1 1
0.00000000000000000e0 2.09987841514660225e1 2.09987812042236328e1 2.09987812042236328e1 6.47703814138367306e-7 3.01996863072417909e-7 1 1
0.00000000000000000e0 2.09987841515850739e1 2.09987812042236328e1 2.09987812042236328e1 1.50998437220550841e-6 1.58945724137993238e-7 1 1
0.00000000000000000e0 2.09987841517041218e1 2.09987812042236328e1 2.09987812042236328e1 6.67572010115691228e-7 1.58945724137993238e-7 1 1
0.00000000000000000e0 2.09987841518231804e1 2.09987812042236328e1 2.09987812042236328e1 5.88099169362976681e-7 1.58945724137993238e-7 1 1
0.00000000000000000e0 2.09987841519422176e1 2.09987812042236328e1 2.09987812042236328e1 7.47044907711824635e-7 4.52995294608626864e-7 1 1
0.00000000000000000e0 2.09987841520612690e1 2.09987812042236328e1 2.09987812042236328e1 6.03993726144835819e-7 1.58945724137993238e-7 1 1
0.00000000000000000e0 2.09987841521803098e1 2.09987812042236328e1 2.09987812042236328e1 1.60932543735725631e-7 2.70207721086990205e-7 1 1
0.00000000000000000e0 2.09987841522993470e1 2.09987812042236328e1 2.09987812042236328e1 5.08626328610262135e-7 4.21206152623199159e-7 1 1
0.00000000000000000e0 2.09987841524183843e1 2.09987812042236328e1 2.09987812042236328e1 1.58945724137993238e-7 3.41733283448775182e-7 1 1
0.00000000000000000e0 2.09987841525374179e1 2.09987812042236328e1 2.09987812042236328e1 1.92721685721153335e-7 5.80151890972047113e-7 1 1
0.00000000000000000e0 2.09987841526564516e1 2.09987812042236328e1 2.09987812042236328e1 2.94049584681488341e-7 1.58945724137993238e-7 1 1
0.00000000000000000e0 2.09987841527754817e1 2.09987812042236328e1 2.09987812042236328e1 7.07308458913757931e-7 2.06629437116134795e-7 1 1
0.00000000000000000e0 2.09987841528945047e1 2.09987812042236328e1 2.09987812042236328e1 6.27835618161043385e-7 1.58945724137993238e-7 1 1
0.00000000000000000e0 2.09987841530135313e1 2.09987812042236328e1 2.09987812042236328e1 1.31924946344952332e-6 1.66893002528922807e-7 1 1
0.00000000000000000e0 2.09987841531325543e1 2.09987812042236328e1 2.09987812042236328e1 3.09944141463347478e-7 1.98682144514350512e-7 1 1
0.00000000000000000e0 2.09987841532515738e1 2.09987812042236328e1 2.09987812042236328e1 4.03324776243607630e-7 2.06629437116134795e-7 1 1
0.00000000000000000e0 2.09987841533705897e1 2.09987812042236328e1 2.09987812042236328e1 2.50339496687956853e-7 1.82787573521636659e-7 1 1
0.00000000000000000e0 2.09987841534896020e1 2.09987812042236328e1 2.09987812042236328e1 5.64257277346769115e-7 1.58945724137993238e-7 1 1
0.00000000000000000e0 2.09987841536086144e1 2.09987812042236328e1 2.09987812042236328e1 4.29153431014128728e-7 2.78154999477919773e-7 1 1
0.00000000000000000e0 2.09987841537276196e1 2.09987812042236328e1 2.09987812042236328e1 1.46230058817309327e-6 1.58945724137993238e-7 1 1
0.00000000000000000e0 2.09987841538466284e1 2.09987812042236328e1 2.09987812042236328e1 1.86761226927956159e-7 1.74840295130707091e-7 1 1
0.00000000000000000e0 2.09987841539656337e1 2.09987812042236328e1 2.09987812042236328e1 8.74201475653535454e-7 1.58945724137993238e-7 1 1
0.00000000000000000e0 2.09987841540846354e1 2.09987812042236328e1 2.09987812042236328e1 1.60932543735725631e-7 7.07308458913757931e-7 1 1
0.00000000000000000e0 2.09987841542036300e1 2.09987812042236328e1 2.09987812042236328e1 5.32468163783050841e-7 3.25838726666916045e-7 1 1
0.00000000000000000e0 2.09987841543226317e1 2.09987812042236328e1 2.09987812042236328e1 1.58945724137993238e-7 5.80151890972047113e-7 1 1
0.00000000000000000e0 2.09987841544416227e1 2.09987812042236328e1 2.09987812042236328e1 1.57356259933294496e-6 4.05311595841340022e-7 1 1
0.00000000000000000e0 2.09987841545606173e1 2.09987812042236328e1 2.09987812042236328e1 9.45727038015320431e-7 1.58945724137993238e-7 1 1
0.00000000000000000e0 2.09987841546796048e1 2.09987812042236328e1 2.09987812042236328e1 3.57627868652343750e-7 5.08626328610262135e-7 1 1
0.00000000000000000e0 2.09987841547985923e1 2.09987812042236328e1 2.09987812042236328e1 1.13646194677130552e-6 4.84784436594054569e-7 1 1
0.00000000000000000e0 2.09987841549175762e1 2.09987812042236328e1 2.09987812042236328e1 5.96046447753906250e-7 2.70207721086990205e-7 1 1
0.00000000000000000e0 2.09987841550365530e1 2.09987812042236328e1 2.09987812042236328e1 8.34465026855468750e-7 1.66893002528922807e-7 1 1
0.00000000000000000e0 2.09987841551555334e1 2.09987812042236328e1 2.09987812042236328e1 4.68889879812195431e-7 1.58945724137993238e-7 1 1
0.00000000000000000e0 2.09987841552745103e1 2.09987812042236328e1 2.09987812042236328e1 1.99675554313216708e-7 3.89417010637771455e-7 1 1
0.00000000000000000e0 2.09987841553934835e1 2.09987812042236328e1 2.09987812042236328e1 2.46365857492492069e-7 1.58945724137993238e-7 1 1
0.00000000000000000e0 2.09987841555124568e1 2.09987812042236328e1 2.09987812042236328e1 1.50203709381457884e-6 1.58945724137993238e-7 1 1
0.00000000000000000e0 2.09987841556314230e1 2.09987812042236328e1 2.09987812042236328e1 3.55392700157608488e-7 4.29153431014128728e-7 1 1
0.00000000000000000e0 2.09987841557503927e1 2.09987812042236328e1 2.09987812042236328e1 1.58945724137993238e-7 4.13258874232269591e-7 1 1
0.00000000000000000e0 2.09987841558693518e1 2.09987812042236328e1 2.09987812042236328e1 1.69252359683014220e-7 4.52995294608626864e-7 1 1
0.00000000000000000e0 2.09987841559883144e1 2.09987812042236328e1 2.09987812042236328e1 4.45048016217697295e-7 1.58945724137993238e-7 1 1
0.00000000000000000e0 2.09987841561072770e1 2.09987812042236328e1 2.09987812042236328e1 4.13258874232269591e-7 3.97364289028701023e-7 1 1
0.00000000000000000e0 2.09987841562262290e1 2.09987812042236328e1 2.09987812042236328e1 2.62260442696060636e-7 2.30471286499778216e-7 1 1
0.00000000000000000e0 2.09987841563451845e1 2.09987812042236328e1 2.09987812042236328e1 5.72204612581117544e-7 6.11941004535765387e-7 1 1
0.00000000000000000e0 2.09987841564641400e1 2.09987812042236328e1 2.09987812042236328e1 3.71783983155182796e-7 5.40415442173980409e-7 1 1
0.00000000000000000e0 2.09987841565830848e1 2.09987812042236328e1 2.09987812042236328e1 1.58945724137993238e-7 5.48362720564909978e-7 1 1
0.00000000000000000e0 2.09987841567020297e1 2.09987812042236328e1 2.09987812042236328e1 1.03314721400238341e-6 1.58945724137993238e-7 1 1
0.00000000000000000e0 2.09987841568209745e1 2.09987812042236328e1 2.09987812042236328e1 3.41733283448775182e-7 1.74840295130707091e-7 1 1
0.00000000000000000e0 2.09987841569399158e1 2.09987812042236328e1 2.09987812042236328e1 4.13258874232269591e-7 2.30471286499778216e-7 1 1
0.00000000000000000e0 2.09987841570588536e1 2.09987812042236328e1 2.09987812042236328e1 2.78154999477919773e-7 1.58945724137993238e-7 1 1
0.00000000000000000e0 2.09987841571777878e1 2.09987812042236328e1 2.09987812042236328e1 5.56309998955839546e-7 1.82787573521636659e-7 1 1
0.00000000000000000e0 2.09987841572967255e1 2.09987812042236328e1 2.09987812042236328e1 7.47044907711824635e-7 4.92731714984984137e-7 1 1
0.00000000000000000e0 2.09987841574156526e1 2.09987812042236328e1 2.09987812042236328e1 7.23203015695617069e-7 1.58945724137993238e-7 1 1
0.00000000000000000e0 2.09987841575345833e1 2.09987812042236328e1 2.09987812042236328e1 7.07308458913757931e-7 2.14576715507064364e-7 1 1
0.00000000000000000e0 2.09987841576535104e1 2.09987812042236328e1 2.09987812042236328e1 5.16573607001191704e-7 5.56309998955839546e-7 1 1
0.00000000000000000e0 2.09987841577724339e1 2.09987812042236328e1 2.09987812042236328e1 5.16573607001191704e-7 4.68889879812195431e-7 1 1
0.00000000000000000e0 2.09987841578913503e1 2.09987812042236328e1 2.09987812042236328e1 4.84784436594054569e-7 5.24520885392121272e-7 1 1
0.00000000000000000e0 2.09987841580102703e1 2.09987812042236328e1 2.09987812042236328e1 6.59624731724761659e-7 1.58945724137993238e-7 1 1
0.00000000000000000e0 2.09987841581291903e1 2.09987812042236328e1 2.09987812042236328e1 2.54313164305131068e-7 5.56309998955839546e-7 1 1
0.00000000000000000e0 2.09987841582480996e1 2.09987812042236328e1 2.09987812042236328e1 4.13258874232269591e-7 4.21206152623199159e-7 1 1
0.00000000000000000e0 2.09987841583670090e1 2.09987812042236328e1 2.09987812042236328e1 6.43730174942902522e-7 1.58945724137993238e-7 1 1
0.00000000000000000e0 2.09987841584859183e1 2.09987812042236328e1 2.09987812042236328e1 5.32468163783050841e-7 5.48362720564909978e-7 1 1
0.00000000000000000e0 2.09987841586048276e1 2.09987812042236328e1 2.09987812042236328e1 7.78834021275542909e-7 4.92731714984984137e-7 1 1
0.00000000000000000e0 2.09987841587237263e1 2.09987812042236328e1 2.09987812042236328e1 6.27835618161043385e-7 2.22524008108848648e-7 1 1
0.00000000000000000e0 2.09987841588426249e1 2.09987812042236328e1 2.09987812042236328e1 2.06629437116134795e-7 4.84784436594054569e-7 1 1
0.00000000000000000e0 2.09987841589615307e1 2.09987812042236328e1 2.09987812042236328e1 1.58945724137993238e-7 1.58945724137993238e-7 1 1
0.00000000000000000e0 2.09987841590804223e1 2.09987812042236328e1 2.09987812042236328e1 8.02675856448331615e-7 4.21206152623199159e-7 1 1
0.00000000000000000e0 2.09987841591993174e1 2.09987812042236328e1 2.09987812042236328e1 8.10623191682680044e-7 1.82787573521636659e-7 1 1
0.00000000000000000e0 2.09987841593182090e1 2.09987812042236328e1 2.09987812042236328e1 8.34465026855468750e-7 2.78154999477919773e-7 1 1
0.00000000000000000e0 2.09987841594370934e1 2.09987812042236328e1 2.09987812042236328e1 8.10623191682680044e-7 1.58945724137993238e-7 1 1
0.00000000000000000e0 2.09987841595559779e1 2.09987812042236328e1 2.09987812042236328e1 3.17891448275986477e-7 1.90734866123420943e-7 1 1
0.00000000000000000e0 2.09987841596748623e1 2.09987812042236328e1 2.09987812042236328e1 5.48362720564909978e-7 3.17891448275986477e-7 1 1
0.00000000000000000e0 2.09987841597937468e1 2.09987812042236328e1 2.09987812042236328e1 8.90096032435394591e-7 2.06629437116134795e-7 1 1
0.00000000000000000e0 2.09987841599126241e1 2.09987812042236328e1 2.09987812042236328e1 1.60932543735725631e-7 3.25838726666916045e-7 1 1
0.00000000000000000e0 2.09987841600314979e1 2.09987812042236328e1 2.09987812042236328e1 3.73522453855912318e-7 2.22524008108848648e-7 1 1
0.00000000000000000e0 2.09987841601503717e1 2.09987812042236328e1 2.09987812042236328e1 4.31140250611861120e-7 2.06629437116134795e-7 1 1
0.00000000000000000e0 2.09987841602692420e1 2.09987812042236328e1 2.09987812042236328e1 3.09944141463347478e-7 3.65575147043273319e-7 1 1
0.00000000000000000e0 2.09987841603881087e1 2.09987812042236328e1 2.09987812042236328e1 7.94728578057402046e-7 1.58945724137993238e-7 1 1
0.00000000000000000e0 2.09987841605069754e1 2.09987812042236328e1 2.09987812042236328e1 1.08083088434796082e-6 2.38418579101562500e-7 1 1
0.00000000000000000e0 2.09987841606258385e1 2.09987812042236328e1 2.09987812042236328e1 3.97364289028701023e-7 2.78154999477919773e-7 1 1
0.00000000000000000e0 2.09987841607446981e1 2.09987812042236328e1 2.09987812042236328e1 2.62260442696060636e-7 1.58945724137993238e-7 1 1
0.00000000000000000e0 2.09987841608635577e1 2.09987812042236328e1 2.09987812042236328e1 1.36693313379510073e-6 1.58945724137993238e-7 1 1
0.00000000000000000e0 2.09987841609824102e1 2.09987812042236328e1 2.09987812042236328e1 1.15235650355316466e-6 4.37100737826767727e-7 1 1
0.00000000000000000e0 2.09987841611012662e1 2.09987812042236328e1 2.09987812042236328e1 1.35103857701324159e-6 1.58945724137993238e-7 1 1
0.00000000000000000e0 2.09987841612201152e1 2.09987812042236328e1 2.09987812042236328e1 7.78834021275542909e-7 3.41733283448775182e-7 1 1
0.00000000000000000e0 2.09987841613389605e1 2.09987812042236328e1 2.09987812042236328e1 8.34465026855468750e-7 3.17891448275986477e-7 1 1
0.00000000000000000e0 2.09987841614578095e1 2.09987812042236328e1 2.09987812042236328e1 8.66254197262605885e-7 1.58945724137993238e-7 1 1
0.00000000000000000e0 2.09987841615766548e1 2.09987812042236328e1 2.09987812042236328e1 6.11941004535765387e-7 1.58945724137993238e-7 1 1
0.00000000000000000e0 2.09987841616954931e1 2.09987812042236328e1 2.09987812042236328e1 2.94049584681488341e-7 1.58945724137993238e-7 1 1
0.00000000000000000e0 2.09987841618143314e1 2.09987812042236328e1 2.09987812042236328e1 1.00930526514275698e-6 6.19888282926694956e-7 1 1
0.00000000000000000e0 2.09987841619331626e1 2.09987812042236328e1 2.09987812042236328e1 1.11261999791167909e-6 1.66893002528922807e-7 1 1
0.00000000000000000e0 2.09987841620519973e1 2.09987812042236328e1 2.09987812042236328e1 4.37100737826767727e-7 5.24520885392121272e-7 1 1
0.00000000000000000e0 2.09987841621708249e1 2.09987812042236328e1 2.09987812042236328e1 2.82128638673384557e-7 1.66893002528922807e-7 1 1
0.00000000000000000e0 2.09987841622896561e1 2.09987812042236328e1 2.09987812042236328e1 4.84784436594054569e-7 3.81469732246841886e-7 1 1
0.00000000000000000e0 2.09987841624084872e1 2.09987812042236328e1 2.09987812042236328e1 2.90075945486023556e-7 2.46365857492492069e-7 1 1
0.00000000000000000e0 2.09987841625273042e1 2.09987812042236328e1 2.09987812042236328e1 3.49680590261414181e-7 2.86102306290558772e-7 1 1
0.00000000000000000e0 2.09987841626461247e1 2.09987812042236328e1 2.09987812042236328e1 1.16030378194409423e-6 2.62260442696060636e-7 1 1
0.00000000000000000e0 2.09987841627649381e1 2.09987812042236328e1 2.09987812042236328e1 1.58945724137993238e-7 1.58945724137993238e-7 1 1
0.00000000000000000e0 2.09987841628837586e1 2.09987812042236328e1 2.09987812042236328e1 1.58945724137993238e-7 2.14576715507064364e-7 1 1
0.00000000000000000e0 2.09987841630025756e1 2.09987812042236328e1 2.09987812042236328e1 1.00930526514275698e-6 3.17891448275986477e-7 1 1
0.00000000000000000e0 2.09987841631213819e1 2.09987812042236328e1 2.09987812042236328e1 3.01996863072417909e-7 3.57627868652343750e-7 1 1
0.00000000000000000e0 2.09987841632401881e1 2.09987812042236328e1 2.09987812042236328e1 7.15255737304687500e-7 2.94049584681488341e-7 1 1
0.00000000000000000e0 2.09987841633589944e1 2.09987812042236328e1 2.09987812042236328e1 1.58945724137993238e-7 4.45048016217697295e-7 1 1
0.00000000000000000e0 2.09987841634777972e1 2.09987812042236328e1 2.09987812042236328e1 7.94728578057402046e-7 1.58945724137993238e-7 1 1
0.00000000000000000e0 2.09987841635965964e1 2.09987812042236328e1 2.09987812042236328e1 2.62260442696060636e-7 1.58945724137993238e-7 1 1
0.00000000000000000e0 2.09987841637153956e1 2.09987812042236328e1 2.09987812042236328e1 1.62919363333458023e-7 4.92731714984984137e-7 1 1
0.00000000000000000e0 2.09987841638341877e1 2.09987812042236328e1 2.09987812042236328e1 3.01996863072417909e-7 4.05311595841340022e-7 1 1
0.00000000000000000e0 2.09987841639529869e1 2.09987812042236328e1 2.09987812042236328e1 1.01725265722052427e-6 1.82787573521636659e-7 1 1
0.00000000000000000e0 2.09987841640717718e1 2.09987812042236328e1 2.09987812042236328e1 1.31130218505859375e-6 1.58945724137993238e-7 1 1
0.00000000000000000e0 2.09987841641905604e1 2.09987812042236328e1 2.09987812042236328e1 4.60942572999556432e-7 4.76837158203125000e-7 1 1
0.00000000000000000e0 2.09987841643093454e1 2.09987812042236328e1 2.09987812042236328e1 1.58945724137993238e-7 1.58945724137993238e-7 1 1
0.00000000000000000e0 2.09987841644281232e1 2.09987812042236328e1 2.09987812042236328e1 3.73522453855912318e-7 1.74840295130707091e-7 1 1
0.00000000000000000e0 2.09987841645469082e1 2.09987812042236328e1 2.09987812042236328e1 4.80810797398589784e-7 1.58945724137993238e-7 1 1
0.00000000000000000e0 2.09987841646656861e1 2.09987812042236328e1 2.09987812042236328e1 2.74181360282454989e-7 2.94049584681488341e-7 1 1
0.00000000000000000e0 2.09987841647844604e1 2.09987812042236328e1 2.09987812042236328e1 6.51677453333832091e-7 5.16573607001191704e-7 1 1
0.00000000000000000e0 2.09987841649032347e1 2.09987812042236328e1 2.09987812042236328e1 4.60942572999556432e-7 3.89417010637771455e-7 1 1
0.00000000000000000e0 2.09987841650220020e1 2.09987812042236328e1 2.09987812042236328e1 2.54313164305131068e-7 4.21206152623199159e-7 1 1
0.00000000000000000e0 2.09987841651407692e1 2.09987812042236328e1 2.09987812042236328e1 3.93390649833236239e-7 3.89417010637771455e-7 1 1
0.00000000000000000e0 2.09987841652595364e1 2.09987812042236328e1 2.09987812042236328e1 1.58945724137993238e-7 1.98682144514350512e-7 1 1
0.00000000000000000e0 2.09987841653782965e1 2.09987812042236328e1 2.09987812042236328e1 3.41733283448775182e-7 4.68889879812195431e-7 1 1
0.00000000000000000e0 2.09987841654970566e1 2.09987812042236328e1 2.09987812042236328e1 2.86102306290558772e-7 3.97364289028701023e-7 1 1
0.00000000000000000e0 2.09987841656158132e1 2.09987812042236328e1 2.09987812042236328e1 4.68889879812195431e-7 4.21206152623199159e-7 1 1
0.00000000000000000e0 2.09987841657345697e1 2.09987812042236328e1 2.09987812042236328e1 6.95387541327363579e-7 1.58945724137993238e-7 1 1
0.00000000000000000e0 2.09987841658533227e1 2.09987812042236328e1 2.09987812042236328e1 4.13258874232269591e-7 2.30471286499778216e-7 1 1
0.00000000000000000e0 2.09987841659720722e1 2.09987812042236328e1 2.09987812042236328e1 7.23203015695617069e-7 5.56309998955839546e-7 1 1
0.00000000000000000e0 2.09987841660908181e1 2.09987812042236328e1 2.09987812042236328e1 3.41733283448775182e-7 1.82787573521636659e-7 1 1
0.00000000000000000e0 2.09987841662095640e1 2.09987812042236328e1 2.09987812042236328e1 1.58945724137993238e-7 3.81469732246841886e-7 1 1
0.00000000000000000e0 2.09987841663283028e1 2.09987812042236328e1 2.09987812042236328e1 1.58945724137993238e-7 2.30471286499778216e-7 1 1
0.00000000000000000e0 2.09987841664470452e1 2.09987812042236328e1 2.09987812042236328e1 2.50339496687956853e-7 5.24520885392121272e-7 1 1
0.00000000000000000e0 2.09987841665657804e1 2.09987812042236328e1 2.09987812042236328e1 4.60942572999556432e-7 1.58945724137993238e-7 1 1
0.00000000000000000e0 2.09987841666845156e1 2.09987812042236328e1 2.09987812042236328e1 4.45048016217697295e-7 5.16573607001191704e-7 1 1
0.00000000000000000e0 2.09987841668032473e1 2.09987812042236328e1 2.09987812042236328e1 5.08626328610262135e-7 3.17891448275986477e-7 1 1
0.00000000000000000e0 2.09987841669219790e1 2.09987812042236328e1 2.09987812042236328e1 5.72204612581117544e-7 4.68889879812195431e-7 1 1
0.00000000000000000e0 2.09987841670407072e1 2.09987812042236328e1 2.09987812042236328e1 3.81469732246841886e-7 2.06629437116134795e-7 1 1
0.00000000000000000e0 2.09987841671594317e1 2.09987812042236328e1 2.09987812042236328e1 9.45727038015320431e-7 3.41733283448775182e-7 1 1
0.00000000000000000e0 2.09987841672781563e1 2.09987812042236328e1 2.09987812042236328e1 7.23203015695617069e-7 1.58945724137993238e-7 1 1
0.00000000000000000e0 2.09987841673968738e1 2.09987812042236328e1 2.09987812042236328e1 4.92731714984984137e-7 1.74840295130707091e-7 1 1
0.00000000000000000e0 2.09987841675155913e1 2.09987812042236328e1 2.09987812042236328e1 3.45706951065949397e-7 1.98682144514350512e-7 1 1
0.00000000000000000e0 2.09987841676343052e1 2.09987812042236328e1 2.09987812042236328e1 1.12851455469353823e-6 1.58945724137993238e-7 1 1
0.00000000000000000e0 2.09987841677530156e1 2.09987812042236328e1 2.09987812042236328e1 2.42392218297027284e-7 4.05311595841340022e-7 1 1
0.00000000000000000e0 2.09987841678717260e1 2.09987812042236328e1 2.09987812042236328e1 1.10467271952074952e-6 1.58945724137993238e-7 1 1
0.00000000000000000e0 2.09987841679904363e1 2.09987812042236328e1 2.09987812042236328e1 5.56309998955839546e-7 3.65575147043273319e-7 1 1
0.00000000000000000e0 2.09987841681091396e1 2.09987812042236328e1 2.09987812042236328e1 1.22388200907153077e-6 2.62260442696060636e-7 1 1
0.00000000000000000e0 2.09987841682278429e1 2.09987812042236328e1 2.09987812042236328e1 1.58945724137993238e-7 5.24520885392121272e-7 1 1
0.00000000000000000e0 2.09987841683465426e1 2.09987812042236328e1 2.09987812042236328e1 5.88099169362976681e-7 5.16573607001191704e-7 1 1
0.00000000000000000e0 2.09987841684652352e1 2.09987812042236328e1 2.09987812042236328e1 9.13937867608183296e-7 2.46365857492492069e-7 1 1
0.00000000000000000e0 2.09987841685839349e1 2.09987812042236328e1 2.09987812042236328e1 2.14576715507064364e-7 3.57627868652343750e-7 1 1
0.00000000000000000e0 2.09987841687026240e1 2.09987812042236328e1 2.09987812042236328e1 7.54992186102754204e-7 2.86102306290558772e-7 1 1
0.00000000000000000e0 2.09987841688213130e1 2.09987812042236328e1 2.09987812042236328e1 5.72204612581117544e-7 1.62919363333458023e-7 1 1
0.00000000000000000e0 2.09987841689400021e1 2.09987812042236328e1 2.09987812042236328e1 3.81469732246841886e-7 4.68889879812195431e-7 1 1
0.00000000000000000e0 2.09987841690586912e1 2.09987812042236328e1 2.09987812042236328e1 4.68889879812195431e-7 3.49680590261414181e-7 1 1
0.00000000000000000e0 2.09987841691773696e1 2.09987812042236328e1 2.09987812042236328e1 4.21206152623199159e-7 2.06629437116134795e-7 1 1
0.00000000000000000e0 2.09987841692960480e1 2.09987812042236328e1 2.09987812042236328e1 1.58945715611480409e-6 1.58945724137993238e-7 1 1
0.00000000000000000e0 2.09987841694147228e1 2.09987812042236328e1 2.09987812042236328e1 8.34465026855468750e-7 4.84784436594054569e-7 1 1
0.00000000000000000e0 2.09987841695333977e1 2.09987812042236328e1 2.09987812042236328e1 5.20547246196656488e-7 3.41733283448775182e-7 1 1
0.00000000000000000e0 2.09987841696520725e1 2.09987812042236328e1 2.09987812042236328e1 2.78154999477919773e-7 1.58945724137993238e-7 1 1
0.00000000000000000e0 2.09987841697707438e1 2.09987812042236328e1 2.09987812042236328e1 8.98043310826324159e-7 1.58945724137993238e-7 1 1
0.00000000000000000e0 2.09987841698894080e1 2.09987812042236328e1 2.09987812042236328e1 3.73522453855912318e-7 1.66893002528922807e-7 1 1
0.00000000000000000e0 2.09987841700080757e1 2.09987812042236328e1 2.09987812042236328e1 1.11261999791167909e-6 1.58945724137993238e-7 1 1
0.00000000000000000e0 2.09987841701267328e1 2.09987812042236328e1 2.09987812042236328e1 2.86102306290558772e-7 3.17891448275986477e-7 1 1
0.00000000000000000e0 2.09987841702453935e1 2.09987812042236328e1 2.09987812042236328e1 5.80151890972047113e-7 1.90734866123420943e-7 1 1
0.00000000000000000e0 2.09987841703640505e1 2.09987812042236328e1 2.09987812042236328e1 4.49021655413162080e-7 5.32468163783050841e-7 1 1
0.00000000000000000e0 2.09987841704827041e1 2.09987812042236328e1 2.09987812042236328e1 4.64916240616730647e-7 3.41733283448775182e-7 1 1
0.00000000000000000e0 2.09987841706013576e1 2.09987812042236328e1 2.09987812042236328e1 8.98043310826324159e-7 6.03993726144835819e-7 1 1
0.00000000000000000e0 2.09987841707200076e1 2.09987812042236328e1 2.09987812042236328e1 8.14596830878144829e-7 1.82787573521636659e-7 1 1
0.00000000000000000e0 2.09987841708386540e1 2.09987812042236328e1 2.09987812042236328e1 2.66234081891525420e-7 2.94049584681488341e-7 1 1
0.00000000000000000e0 2.09987841709572969e1 2.09987812042236328e1 2.09987812042236328e1 7.78834021275542909e-7 1.58945724137993238e-7 1 1
0.00000000000000000e0 2.09987841710759433e1 2.09987812042236328e1 2.09987812042236328e1 1.74840295130707091e-7 3.49680590261414181e-7 1 1
0.00000000000000000e0 2.09987841711945755e1 2.09987812042236328e1 2.09987812042236328e1 1.58945724137993238e-7 1.58945724137993238e-7 1 1
0.00000000000000000e0 2.09987841713104544e1 2.09987812042236328e1 2.09987812042236328e1 4.37100737826767727e-7 1.98682144514350512e-7 1 1
0.00000000000000000e0 2.09927549036468122e1 2.09939022064208984e1 2.09927425384521484e1 5.48362720564909978e-7 2.62260442696060636e-7 2 2
0.00000000000000000e0 -2.08965821529937905e1 -2.08817386627197266e1 -2.08967285156250000e1 3.33786005057845614e-7 3.57627868652343750e-7 5 5
0.00000000000000000e0 -2.09995274167180384e1 -2.09995307922363281e1 -2.09995288848876953e1 8.58306862028257456e-7 2.22524008108848648e-7 2 2
0.00000000000000000e0 -2.09988245620611771e1 -2.09988250732421875e1 -2.09988231658935547e1 1.15235650355316466e-6 5.40415442173980409e-7 2 2
0.00000000000000000e0 -2.09987796719414241e1 -2.09987812042236328e1 -2.09987812042236328e1 7.31150294086546637e-7 5.32468163783050841e-7 2 2
0.00000000000000000e0 -2.09987839151003790e1 -2.09987812042236328e1 -2.09987812042236328e1 1.74045567291614134e-6 4.68889879812195431e-7 1 1
0.00000000000000000e0 -2.09987842125549591e1 -2.09987812042236328e1 -2.09987812042236328e1 4.21206152623199159e-7 2.06629437116134795e-7 1 1
0.00000000000000000e0 -2.09987841981742527e1 -2.09987812042236328e1 -2.09987812042236328e1 2.78154999477919773e-7 3.97364289028701023e-7 1 1
0.00000000000000000e0 -2.09987841966011182e1 -2.09987812042236328e1 -2.09987812042236328e1 4.84784436594054569e-7 3.41733283448775182e-7 1 1
0.00000000000000000e0 -2.09987841967560200e1 -2.09987812042236328e1 -2.09987812042236328e1 6.67572010115691228e-7 3.65575147043273319e-7 1 1
0.00000000000000000e0 -2.09987841968828590e1 -2.09987812042236328e1 -2.09987812042236328e1 5.96046447753906250e-7 1.98682144514350512e-7 1 1
0.00000000000000000e0 -2.09987841970009441e1 -2.09987812042236328e1 -2.09987812042236328e1 1.04109449239331298e-6 2.30471286499778216e-7 1 1
0.00000000000000000e0 -2.09987841971189901e1 -2.09987812042236328e1 -2.09987812042236328e1 1.16825106033502379e-6 1.58945724137993238e-7 1 1
0.00000000000000000e0 -2.09987841972370788e1 -2.09987812042236328e1 -2.09987812042236328e1 7.15255737304687500e-7 2.54313164305131068e-7 1 1
0.00000000000000000e0 -2.09987841973551639e1 -2.09987812042236328e1 -2.09987812042236328e1 8.34465026855468750e-7 3.01996863072417909e-7 1 1
0.00000000000000000e0 -2.09987841974732454e1 -2.09987812042236328e1 -2.09987812042236328e1 5.72204612581117544e-7 5.88099169362976681e-7 1 1
0.00000000000000000e0 -2.09987841975913270e1 -2.09987812042236328e1 -2.09987812042236328e1 4.84784436594054569e-7 5.16573607001191704e-7 1 1
0.00000000000000000e0 -2.09987841977094050e1 -2.09987812042236328e1 -2.09987812042236328e1 2.70207721086990205e-7 2.62260442696060636e-7 1 1
0.00000000000000000e0 -2.09987841978274794e1 -2.09987812042236328e1 -2.09987812042236328e1 1.82787573521636659e-7 1.82787573521636659e-7 1 1
0.00000000000000000e0 -2.09987841979455538e1 -2.09987812042236328e1 -2.09987812042236328e1 1.58945724137993238e-7 3.41733283448775182e-7 1 1
0.00000000000000000e0 -2.09987841980636247e1 -2.09987812042236328e1 -2.09987812042236328e1 7.07308458913757931e-7 3.17891448275986477e-7 1 1
0.00000000000000000e0 -2.09987841981816885e1 -2.09987812042236328e1 -2.09987812042236328e1 2.70207721086990205e-7 2.30471286499778216e-7 1 1
0.00000000000000000e0 -2.09987841982997594e1 -2.09987812042236328e1 -2.09987812042236328e1 1.02519993561145384e-6 1.58945724137993238e-7 1 1
0.00000000000000000e0 -2.09987841984178232e1 -2.09987812042236328e1 -2.09987812042236328e1 6.03993726144835819e-7 3.57627868652343750e-7 1 1
0.00000000000000000e0 -2.09987841985358834e1 -2.09987812042236328e1 -2.09987812042236328e1 5.48362720564909978e-7 2.94049584681488341e-7 1 1
0.00000000000000000e0 -2.09987841986539436e1 -2.09987812042236328e1 -2.09987812042236328e1 5.32468163783050841e-7 2.94049584681488341e-7 1 1
0.00000000000000000e0 -2.09987841987719968e1 -2.09987812042236328e1 -2.09987812042236328e1 3.89417010637771455e-7 4.68889879812195431e-7 1 1
0.00000000000000000e0 -2.09987841988900499e1 -2.09987812042236328e1 -2.09987812042236328e1 1.04904177078424254e-6 2.54313164305131068e-7 1 1
0.00000000000000000e0 -2.09987841990080994e1 -2.09987812042236328e1 -2.09987812042236328e1 1.16825106033502379e-6 4.05311595841340022e-7 1 1
0.00000000000000000e0 -2.09987841991261526e1 -2.09987812042236328e1 -2.09987812042236328e1 5.72204612581117544e-7 4.37100737826767727e-7 1 1
0.00000000000000000e0 -2.09987841992441950e1 -2.09987812042236328e1 -2.09987812042236328e1 5.56309998955839546e-7 1.58945724137993238e-7 1 1
0.00000000000000000e0 -2.09987841993622411e1 -2.09987812042236328e1 -2.09987812042236328e1 4.76837158203125000e-7 2.86102306290558772e-7 1 1
0.00000000000000000e0 -2.09987841994802800e1 -2.09987812042236328e1 -2.09987812042236328e1 9.45727038015320431e-7 2.86102306290558772e-7 1 1
0.00000000000000000e0 -2.09987841995983189e1 -2.09987812042236328e1 -2.09987812042236328e1 7.70886742884613341e-7 4.05311595841340022e-7 1 1
0.00000000000000000e0 -2.09987841997163507e1 -2.09987812042236328e1 -2.09987812042236328e1 4.52995294608626864e-7 3.81469732246841886e-7 1 1
0.00000000000000000e0 -2.09987841998343860e1 -2.09987812042236328e1 -2.09987812042236328e1 4.29153431014128728e-7 1.90734866123420943e-7 1 1
0.00000000000000000e0 -2.09987841999524179e1 -2.09987812042236328e1 -2.09987812042236328e1 8.42412305246398319e-7 3.65575147043273319e-7 1 1
0.00000000000000000e0 -2.09987842000704426e1 -2.09987812042236328e1 -2.09987812042236328e1 6.03993726144835819e-7 2.78154999477919773e-7 1 1
0.00000000000000000e0 -2.09987842001884708e1 -2.09987812042236328e1 -2.09987812042236328e1 5.24520885392121272e-7 4.52995294608626864e-7 1 1
0.00000000000000000e0 -2.09987842003064920e1 -2.09987812042236328e1 -2.09987812042236328e1 7.47044907711824635e-7 3.09944141463347478e-7 1 1
0.00000000000000000e0 -2.09987842004245167e1 -2.09987812042236328e1 -2.09987812042236328e1 1.20004017389874207e-6 4.52995294608626864e-7 1 1
0.00000000000000000e0 -2.09987842005425343e1 -2.09987812042236328e1 -2.09987812042236328e1 8.42412305246398319e-7 3.65575147043273319e-7 1 1
0.00000000000000000e0 -2.09987842006605483e1 -2.09987812042236328e1 -2.09987812042236328e1 7.86781299666472478e-7 4.21206152623199159e-7 1 1
0.00000000000000000e0 -2.09987842007785623e1 -2.09987812042236328e1 -2.09987812042236328e1 2.94049584681488341e-7 4.84784436594054569e-7 1 1
0.00000000000000000e0 -2.09987842008965728e1 -2.09987812042236328e1 -2.09987812042236328e1 1.98682144514350512e-7 1.74840295130707091e-7 1 1
0.00000000000000000e0 -2.09987842010145798e1 -2.09987812042236328e1 -2.09987812042236328e1 5.80151890972047113e-7 3.01996863072417909e-7 1 1
0.00000000000000000e0 -2.09987842011325867e1 -2.09987812042236328e1 -2.09987812042236328e1 5.48362720564909978e-7 2.62260442696060636e-7 1 1
0.00000000000000000e0 -2.09987842012505901e1 -2.09987812042236328e1 -2.09987812042236328e1 1.02519993561145384e-6 4.60942572999556432e-7 1 1
0.00000000000000000e0 -2.09987842013685935e1 -2.09987812042236328e1 -2.09987812042236328e1 1.74840295130707091e-7 4.13258874232269591e-7 1 1
0.00000000000000000e0 -2.09987842014865898e1 -2.09987812042236328e1 -2.09987812042236328e1 6.59624731724761659e-7 3.97364289028701023e-7 1 1
0.00000000000000000e0 -2.09987842016045860e1 -2.09987812042236328e1 -2.09987812042236328e1 4.29153431014128728e-7 3.17891448275986477e-7 1 1
0.00000000000000000e0 -2.09987842017225788e1 -2.09987812042236328e1 -2.09987812042236328e1 8.98043310826324159e-7 1.58945724137993238e-7 1 1
0.00000000000000000e0 -2.09987842018405715e1 -2.09987812042236328e1 -2.09987812042236328e1 4.29153431014128728e-7 3.17891448275986477e-7 1 1
0.00000000000000000e0 -2.09987842019585571e1 -2.09987812042236328e1 -2.09987812042236328e1 9.37779759624390863e-7 3.33786005057845614e-7 1 1
0.00000000000000000e0 -2.09987842020765427e1 -2.09987812042236328e1 -2.09987812042236328e1 9.29832481233461294e-7 3.01996863072417909e-7 1 1
0.00000000000000000e0 -2.09987842021945248e1 -2.09987812042236328e1 -2.09987812042236328e1 3.57627868652343750e-7 3.81469732246841886e-7 1 1
0.00000000000000000e0 -2.09987842023125069e1 -2.09987812042236328e1 -2.09987812042236328e1 1.31924946344952332e-6 4.29153431014128728e-7 1 1
0.00000000000000000e0 -2.09987842024304889e1 -2.09987812042236328e1 -2.09987812042236328e1 6.75519288506620796e-7 3.25838726666916045e-7 1 1
0.00000000000000000e0 -2.09987842025484603e1 -2.09987812042236328e1 -2.09987812042236328e1 8.34465026855468750e-7 4.60942572999556432e-7 1 1
0.00000000000000000e0 -2.09987842026664353e1 -2.09987812042236328e1 -2.09987812042236328e1 1.32719674184045289e-6 3.57627868652343750e-7 1 1
0.00000000000000000e0 -2.09987842027844067e1 -2.09987812042236328e1 -2.09987812042236328e1 9.37779759624390863e-7 4.52995294608626864e-7 1 1
0.00000000000000000e0 -2.09987842029023746e1 -2.09987812042236328e1 -2.09987812042236328e1 6.75519288506620796e-7 2.62260442696060636e-7 1 1
0.00000000000000000e0 -2.09987842030203389e1 -2.09987812042236328e1 -2.09987812042236328e1 4.29153431014128728e-7 4.68889879812195431e-7 1 1
0.00000000000000000e0 -2.09987842031383032e1 -2.09987812042236328e1 -2.09987812042236328e1 4.52995294608626864e-7 3.65575147043273319e-7 1 1
0.00000000000000000e0 -2.09987842032562639e1 -2.09987812042236328e1 -2.09987812042236328e1 5.80151890972047113e-7 2.46365857492492069e-7 1 1
0.00000000000000000e0 -2.09987842033742247e1 -2.09987812042236328e1 -2.09987812042236328e1 1.07288360595703125e-6 2.78154999477919773e-7 1 1
0.00000000000000000e0 -2.09987842034921783e1 -2.09987812042236328e1 -2.09987812042236328e1 1.13646194677130552e-6 2.78154999477919773e-7 1 1
0.00000000000000000e0 -2.09987842036101320e1 -2.09987812042236328e1 -2.09987812042236328e1 6.43730174942902522e-7 1.82787573521636659e-7 1 1
0.00000000000000000e0 -2.09987842037280785e1 -2.09987812042236328e1 -2.09987812042236328e1 8.34465026855468750e-7 4.84784436594054569e-7 1 1
0.00000000000000000e0 -2.09987842038460322e1 -2.09987812042236328e1 -2.09987812042236328e1 5.56309998955839546e-7 3.25838726666916045e-7 1 1
0.00000000000000000e0 -2.09987842039639787e1 -2.09987812042236328e1 -2.09987812042236328e1 3.25838726666916045e-7 2.70207721086990205e-7 1 1
0.00000000000000000e0 -2.09987842040819146e1 -2.09987812042236328e1 -2.09987812042236328e1 1.54177348576922668e-6 4.45048016217697295e-7 1 1
0.00000000000000000e0 -2.09987842041998611e1 -2.09987812042236328e1 -2.09987812042236328e1 4.45048016217697295e-7 2.46365857492492069e-7 1 1
0.00000000000000000e0 -2.09987842043178006e1 -2.09987812042236328e1 -2.09987812042236328e1 7.62939464493683772e-7 3.09944141463347478e-7 1 1
0.00000000000000000e0 -2.09987842044357365e1 -2.09987812042236328e1 -2.09987812042236328e1 1.22388200907153077e-6 2.46365857492492069e-7 1 1
0.00000000000000000e0 -2.09987842045536688e1 -2.09987812042236328e1 -2.09987812042236328e1 1.41461691782751586e-6 1.66893002528922807e-7 1 1
0.00000000000000000e0 -2.09987842046715976e1 -2.09987812042236328e1 -2.09987812042236328e1 1.37488052587286802e-6 2.86102306290558772e-7 1 1
0.00000000000000000e0 -2.09987842047895263e1 -2.09987812042236328e1 -2.09987812042236328e1 3.41733283448775182e-7 4.92731714984984137e-7 1 1
0.00000000000000000e0 -2.09987842049074551e1 -2.09987812042236328e1 -2.09987812042236328e1 4.13258874232269591e-7 3.25838726666916045e-7 1 1
0.00000000000000000e0 -2.09987842050253768e1 -2.09987812042236328e1 -2.09987812042236328e1 5.64257277346769115e-7 5.00678993375913706e-7 1 1
0.00000000000000000e0 -2.09987842051432949e1 -2.09987812042236328e1 -2.09987812042236328e1 3.33786005057845614e-7 2.86102306290558772e-7 1 1
0.00000000000000000e0 -2.09987842052612166e1 -2.09987812042236328e1 -2.09987812042236328e1 3.01996863072417909e-7 2.38418579101562500e-7 1 1
0.00000000000000000e0 -2.09987842053791312e1 -2.09987812042236328e1 -2.09987812042236328e1 5.56309998955839546e-7 3.65575147043273319e-7 1 1
0.00000000000000000e0 -2.09987842054970457e1 -2.09987812042236328e1 -2.09987812042236328e1 7.70886742884613341e-7 5.56309998955839546e-7 1 1
0.00000000000000000e0 -2.09987842056149567e1 -2.09987812042236328e1 -2.09987812042236328e1 3.41733283448775182e-7 1.98682144514350512e-7 1 1
0.00000000000000000e0 -2.09987842057328642e1 -2.09987812042236328e1 -2.09987812042236328e1 5.48362720564909978e-7 2.62260442696060636e-7 1 1
0.00000000000000000e0 -2.09987842058507752e1 -2.09987812042236328e1 -2.09987812042236328e1 1.04904177078424254e-6 3.57627868652343750e-7 1 1
0.00000000000000000e0 -2.09987842059686756e1 -2.09987812042236328e1 -2.09987812042236328e1 6.59624731724761659e-7 1.82787573521636659e-7 1 1
0.00000000000000000e0 -2.09987842060865759e1 -2.09987812042236328e1 -2.09987812042236328e1 1.33514402023138246e-6 4.05311595841340022e-7 1 1
0.00000000000000000e0 -2.09987842062044727e1 -2.09987812042236328e1 -2.09987812042236328e1 7.62939464493683772e-7 3.09944141463347478e-7 1 1
0.00000000000000000e0 -2.09987842063223695e1 -2.09987812042236328e1 -2.09987812042236328e1 6.03993726144835819e-7 5.32468163783050841e-7 1 1
0.00000000000000000e0 -2.09987842064402663e1 -2.09987812042236328e1 -2.09987812042236328e1 8.50359583637327887e-7 4.29153431014128728e-7 1 1
0.00000000000000000e0 -2.09987842065581525e1 -2.09987812042236328e1 -2.09987812042236328e1 5.80151890972047113e-7 4.84784436594054569e-7 1 1
0.00000000000000000e0 -2.09987842066760422e1 -2.09987812042236328e1 -2.09987812042236328e1 1.58945724137993238e-7 3.57627868652343750e-7 1 1
0.00000000000000000e0 -2.09987842067939283e1 -2.09987812042236328e1 -2.09987812042236328e1 1.22388200907153077e-6 3.25838726666916045e-7 1 1
0.00000000000000000e0 -2.09987842069118109e1 -2.09987812042236328e1 -2.09987812042236328e1 9.77516151579038706e-7 2.54313164305131068e-7 1 1
0.00000000000000000e0 -2.09987842070296935e1 -2.09987812042236328e1 -2.09987812042236328e1 2.78154999477919773e-7 3.73522453855912318e-7 1 1
0.00000000000000000e0 -2.09987842071475725e1 -2.09987812042236328e1 -2.09987812042236328e1 3.17891448275986477e-7 3.49680590261414181e-7 1 1
0.00000000000000000e0 -2.09987842072654480e1 -2.09987812042236328e1 -2.09987812042236328e1 4.45048016217697295e-7 1.58945724137993238e-7 1 1
0.00000000000000000e0 -2.09987842073833200e1 -2.09987812042236328e1 -2.09987812042236328e1 5.64257277346769115e-7 2.54313164305131068e-7 1 1
0.00000000000000000e0 -2.09987842075011919e1 -2.09987812042236328e1 -2.09987812042236328e1 3.49680590261414181e-7 3.25838726666916045e-7 1 1
0.00000000000000000e0 -2.09987842076190603e1 -2.09987812042236328e1 -2.09987812042236328e1 5.40415442173980409e-7 4.84784436594054569e-7 1 1
0.00000000000000000e0 -2.09987842077369251e1 -2.09987812042236328e1 -2.09987812042236328e1 6.75519288506620796e-7 3.49680590261414181e-7 1 1
0.00000000000000000e0 -2.09987842078547899e1 -2.09987812042236328e1 -2.09987812042236328e1 1.44640603139123414e-6 5.72204612581117544e-7 1 1
0.00000000000000000e0 -2.09987842079726512e1 -2.09987812042236328e1 -2.09987812042236328e1 7.94728578057402046e-7 2.54313164305131068e-7 1 1
0.00000000000000000e0 -2.09987842080905089e1 -2.09987812042236328e1 -2.09987812042236328e1 6.99361180522828363e-7 5.48362720564909978e-7 1 1
0.00000000000000000e0 -2.09987842082083631e1 -2.09987812042236328e1 -2.09987812042236328e1 5.00678993375913706e-7 3.65575147043273319e-7 1 1
0.00000000000000000e0 -2.09987842083262173e1 -2.09987812042236328e1 -2.09987812042236328e1 3.65575147043273319e-7 5.80151890972047113e-7 1 1
0.00000000000000000e0 -2.09987842084440679e1 -2.09987812042236328e1 -2.09987812042236328e1 4.13258874232269591e-7 3.57627868652343750e-7 1 1
0.00000000000000000e0 -2.09987842085619185e1 -2.09987812042236328e1 -2.09987812042236328e1 4.60942572999556432e-7 3.41733283448775182e-7 1 1
0.00000000000000000e0 -2.09987842086797656e1 -2.09987812042236328e1 -2.09987812042236328e1 1.58945724137993238e-7 2.22524008108848648e-7 1 1
0.00000000000000000e0 -2.09987842087976091e1 -2.09987812042236328e1 -2.09987812042236328e1 2.62260442696060636e-7 2.30471286499778216e-7 1 1
0.00000000000000000e0 -2.09987842089154491e1 -2.09987812042236328e1 -2.09987812042236328e1 3.25838726666916045e-7 3.25838726666916045e-7 1 1
0.00000000000000000e0 -2.09987842090332855e1 -2.09987812042236328e1 -2.09987812042236328e1 5.64257277346769115e-7 1.98682144514350512e-7 1 1
0.00000000000000000e0 -2.09987842091511254e1 -2.09987812042236328e1 -2.09987812042236328e1 7.31150294086546637e-7 1.82787573521636659e-7 1 1
0.00000000000000000e0 -2.09987842092689547e1 -2.09987812042236328e1 -2.09987812042236328e1 5.80151890972047113e-7 5.96046447753906250e-7 1 1
0.00000000000000000e0 -2.09987842093867911e1 -2.09987812042236328e1 -2.09987812042236328e1 2.94049584681488341e-7 3.57627868652343750e-7 1 1
0.00000000000000000e0 -2.09987842095046169e1 -2.09987812042236328e1 -2.09987812042236328e1 3.81469732246841886e-7 2.78154999477919773e-7 1 1
0.00000000000000000e0 -2.09987842096224426e1 -2.09987812042236328e1 -2.09987812042236328e1 2.46365857492492069e-7 2.54313164305131068e-7 1 1
0.00000000000000000e0 -2.09987842097402684e1 -2.09987812042236328e1 -2.09987812042236328e1 5.56309998955839546e-7 2.06629437116134795e-7 1 1
0.00000000000000000e0 -2.09987842098580870e1 -2.09987812042236328e1 -2.09987812042236328e1 7.15255737304687500e-7 3.81469732246841886e-7 1 1
0.00000000000000000e0 -2.09987842099759021e1 -2.09987812042236328e1 -2.09987812042236328e1 7.15255737304687500e-7 2.14576715507064364e-7 1 1
0.00000000000000000e0 -2.09987842100937243e1 -2.09987812042236328e1 -2.09987812042236328e1 7.07308458913757931e-7 5.96046447753906250e-7 1 1
0.00000000000000000e0 -2.09987842102115323e1 -2.09987812042236328e1 -2.09987812042236328e1 8.26517748464539181e-7 3.65575147043273319e-7 1 1
0.00000000000000000e0 -2.09987842103293474e1 -2.09987812042236328e1 -2.09987812042236328e1 7.23203015695617069e-7 1.58945724137993238e-7 1 1
0.00000000000000000e0 -2.09987842104471554e1 -2.09987812042236328e1 -2.09987812042236328e1 7.62939464493683772e-7 2.94049584681488341e-7 1 1
0.00000000000000000e0 -2.09987842105649598e1 -2.09987812042236328e1 -2.09987812042236328e1 8.18570470073609613e-7 2.78154999477919773e-7 1 1
0.00000000000000000e0 -2.09987842106827642e1 -2.09987812042236328e1 -2.09987812042236328e1 2.86102306290558772e-7 2.22524008108848648e-7 1 1
0.00000000000000000e0 -2.09987842108005687e1 -2.09987812042236328e1 -2.09987812042236328e1 7.54992186102754204e-7 3.25838726666916045e-7 1 1
0.00000000000000000e0 -2.09987842109183660e1 -2.09987812042236328e1 -2.09987812042236328e1 6.03993726144835819e-7 3.57627868652343750e-7 1 1
0.00000000000000000e0 -2.09987842110361633e1 -2.09987812042236328e1 -2.09987812042236328e1 1.82787573521636659e-7 5.80151890972047113e-7 1 1
0.00000000000000000e0 -2.09987842111539571e1 -2.09987812042236328e1 -2.09987812042236328e1 8.82148754044465022e-7 5.80151890972047113e-7 1 1
0.00000000000000000e0 -2.09987842112717473e1 -2.09987812042236328e1 -2.09987812042236328e1 6.11941004535765387e-7 3.25838726666916045e-7 1 1
0.00000000000000000e0 -2.09987842113895411e1 -2.09987812042236328e1 -2.09987812042236328e1 6.91413902131898794e-7 2.06629437116134795e-7 1 1
0.00000000000000000e0 -2.09987842115073207e1 -2.09987812042236328e1 -2.09987812042236328e1 2.06629437116134795e-7 2.46365857492492069e-7 1 1
0.00000000000000000e0 -2.09987842116251109e1 -2.09987812042236328e1 -2.09987812042236328e1 3.41733283448775182e-7 2.78154999477919773e-7 1 1
0.00000000000000000e0 -2.09987842117428869e1 -2.09987812042236328e1 -2.09987812042236328e1 7.47044907711824635e-7 1.58945724137993238e-7 1 1
0.00000000000000000e0 -2.09987842118606665e1 -2.09987812042236328e1 -2.09987812042236328e1 4.68889879812195431e-7 1.58945724137993238e-7 1 1
0.00000000000000000e0 -2.09987842119784389e1 -2.09987812042236328e1 -2.09987812042236328e1 1.08083088434796082e-6 2.94049584681488341e-7 1 1
0.00000000000000000e0 -2.09987842120962185e1 -2.09987812042236328e1 -2.09987812042236328e1 4.37100737826767727e-7 1.58945724137993238e-7 1 1
0.00000000000000000e0 -2.09987842122139838e1 -2.09987812042236328e1 -2.09987812042236328e1 7.15255737304687500e-7 1.58945724137993238e-7 1 1
0.00000000000000000e0 -2.09987842123317563e1 -2.09987812042236328e1 -2.09987812042236328e1 3.73522453855912318e-7 2.62260442696060636e-7 1 1
0.00000000000000000e0 -2.09987842124495216e1 -2.09987812042236328e1 -2.09987812042236328e1 3.89417010637771455e-7 2.54313164305131068e-7 1 1
0.00000000000000000e0 -2.09987842125672834e1 -2.09987812042236328e1 -2.09987812042236328e1 1.74840295130707091e-7 1.90734866123420943e-7 1 1
0.00000000000000000e0 -2.09987842126850452e1 -2.09987812042236328e1 -2.09987812042236328e1 1.58945724137993238e-7 3.89417010637771455e-7 1 1
0.00000000000000000e0 -2.09987842128028035e1 -2.09987812042236328e1 -2.09987812042236328e1 6.59624731724761659e-7 2.46365857492492069e-7 1 1
0.00000000000000000e0 -2.09987842129205582e1 -2.09987812042236328e1 -2.09987812042236328e1 3.57627868652343750e-7 2.22524008108848648e-7 1 1
0.00000000000000000e0 -2.09987842130383164e1 -2.09987812042236328e1 -2.09987812042236328e1 8.34465026855468750e-7 3.49680590261414181e-7 1 1
0.00000000000000000e0 -2.09987842131560676e1 -2.09987812042236328e1 -2.09987812042236328e1 7.15255737304687500e-7 4.05311595841340022e-7 1 1
0.00000000000000000e0 -2.09987842132738116e1 -2.09987812042236328e1 -2.09987812042236328e1 3.41733283448775182e-7 3.41733283448775182e-7 1 1
0.00000000000000000e0 -2.09987842133915628e1 -2.09987812042236328e1 -2.09987812042236328e1 6.35782896551972954e-7 2.70207721086990205e-7 1 1
0.00000000000000000e0 -2.09987842135093068e1 -2.09987812042236328e1 -2.09987812042236328e1 3.57627868652343750e-7 2.06629437116134795e-7 1 1
0.00000000000000000e0 -2.09987842136270437e1 -2.09987812042236328e1 -2.09987812042236328e1 5.96046447753906250e-7 3.57627868652343750e-7 1 1
0.00000000000000000e0 -2.09987842137447842e1 -2.09987812042236328e1 -2.09987812042236328e1 4.45048016217697295e-7 5.64257277346769115e-7 1 1
0.00000000000000000e0 -2.09987842138625211e1 -2.09987812042236328e1 -2.09987812042236328e1 1.58945724137993238e-7 3.89417010637771455e-7 1 1
0.00000000000000000e0 -2.09987842139802581e1 -2.09987812042236328e1 -2.09987812042236328e1 3.57627868652343750e-7 3.41733283448775182e-7 1 1
0.00000000000000000e0 -2.09987842140979879e1 -2.09987812042236328e1 -2.09987812042236328e1 8.66254197262605885e-7 1.58945724137993238e-7 1 1
0.00000000000000000e0 -2.09987842142157177e1 -2.09987812042236328e1 -2.09987812042236328e1 1.58945724137993238e-7 3.65575147043273319e-7 1 1
0.00000000000000000e0 -2.09987842143334369e1 -2.09987812042236328e1 -2.09987812042236328e1 7.94728578057402046e-7 3.49680590261414181e-7 1 1
0.00000000000000000e0 -2.09987842144511667e1 -2.09987812042236328e1 -2.09987812042236328e1 6.03993726144835819e-7 2.94049584681488341e-7 1 1
0.00000000000000000e0 -2.09987842145688894e1 -2.09987812042236328e1 -2.09987812042236328e1 4.52995294608626864e-7 3.09944141463347478e-7 1 1
0.00000000000000000e0 -2.09987842146866086e1 -2.09987812042236328e1 -2.09987812042236328e1 3.33786005057845614e-7 1.82787573521636659e-7 1 1
0.00000000000000000e0 -2.09987842148043242e1 -2.09987812042236328e1 -2.09987812042236328e1 2.46365857492492069e-7 1.58945724137993238e-7 1 1
0.00000000000000000e0 -2.09987842149220363e1 -2.09987812042236328e1 -2.09987812042236328e1 2.22524008108848648e-7 1.66893002528922807e-7 1 1
0.00000000000000000e0 -2.09987842150397483e1 -2.09987812042236328e1 -2.09987812042236328e1 5.80151890972047113e-7 1.58945724137993238e-7 1 1
0.00000000000000000e0 -2.09987842151574569e1 -2.09987812042236328e1 -2.09987812042236328e1 4.92731714984984137e-7 1.58945724137993238e-7 1 1
0.00000000000000000e0 -2.09987842152751618e1 -2.09987812042236328e1 -2.09987812042236328e1 5.56309998955839546e-7 2.70207721086990205e-7 1 1
0.00000000000000000e0 -2.09987842153928668e1 -2.09987812042236328e1 -2.09987812042236328e1 5.64257277346769115e-7 3.25838726666916045e-7 1 1
0.00000000000000000e0 -2.09987842155105717e1 -2.09987812042236328e1 -2.09987812042236328e1 6.75519288506620796e-7 1.58945724137993238e-7 1 1
0.00000000000000000e0 -2.09987842156282696e1 -2.09987812042236328e1 -2.09987812042236328e1 7.23203015695617069e-7 5.56309998955839546e-7 1 1
0.00000000000000000e0 -2.09987842157459603e1 -2.09987812042236328e1 -2.09987812042236328e1 3.01996863072417909e-7 3.33786005057845614e-7 1 1
0.00000000000000000e0 -2.09987842158636582e1 -2.09987812042236328e1 -2.09987812042236328e1 3.49680590261414181e-7 3.73522453855912318e-7 1 1
0.00000000000000000e0 -2.09987842159813560e1 -2.09987812042236328e1 -2.09987812042236328e1 6.19888282926694956e-7 1.58945724137993238e-7 1 1
0.00000000000000000e0 -2.09987842160990397e1 -2.09987812042236328e1 -2.09987812042236328e1 4.84784436594054569e-7 3.01996863072417909e-7 1 1
0.00000000000000000e0 -2.09987842162167269e1 -2.09987812042236328e1 -2.09987812042236328e1 3.41733283448775182e-7 2.46365857492492069e-7 1 1
0.00000000000000000e0 -2.09987842163344069e1 -2.09987812042236328e1 -2.09987812042236328e1 1.58945724137993238e-7 4.76837158203125000e-7 1 1
0.00000000000000000e0 -2.09987842164520906e1 -2.09987812042236328e1 -2.09987812042236328e1 4.60942572999556432e-7 4.92731714984984137e-7 1 1
0.00000000000000000e0 -2.09987842165697707e1 -2.09987812042236328e1 -2.09987812042236328e1 8.50359583637327887e-7 1.66893002528922807e-7 1 1
0.00000000000000000e0 -2.09987842166874472e1 -2.09987812042236328e1 -2.09987812042236328e1 3.73522453855912318e-7 3.49680590261414181e-7 1 1
0.00000000000000000e0 -2.09987842168051237e1 -2.09987812042236328e1 -2.09987812042236328e1 4.21206152623199159e-7 2.30471286499778216e-7 1 1
0.00000000000000000e0 -2.09987842169227896e1 -2.09987812042236328e1 -2.09987812042236328e1 2.46365857492492069e-7 4.52995294608626864e-7 1 1
0.00000000000000000e0 -2.09987842170404662e1 -2.09987812042236328e1 -2.09987812042236328e1 8.42412305246398319e-7 2.06629437116134795e-7 1 1
0.00000000000000000e0 -2.09987842171581285e1 -2.09987812042236328e1 -2.09987812042236328e1 5.72204612581117544e-7 4.37100737826767727e-7 1 1
0.00000000000000000e0 -2.09987842172757908e1 -2.09987812042236328e1 -2.09987812042236328e1 4.60942572999556432e-7 2.94049584681488341e-7 1 1
0.00000000000000000e0 -2.09987842173934496e1 -2.09987812042236328e1 -2.09987812042236328e1 7.54992186102754204e-7 3.49680590261414181e-7 1 1
0.00000000000000000e0 -2.09987842175111155e1 -2.09987812042236328e1 -2.09987812042236328e1 4.68889879812195431e-7 2.62260442696060636e-7 1 1
0.00000000000000000e0 -2.09987842176287707e1 -2.09987812042236328e1 -2.09987812042236328e1 4.68889879812195431e-7 2.94049584681488341e-7 1 1
0.00000000000000000e0 -2.09987842177464294e1 -2.09987812042236328e1 -2.09987812042236328e1 3.41733283448775182e-7 1.82787573521636659e-7 1 1
0.00000000000000000e0 -2.09987842178640776e1 -2.09987812042236328e1 -2.09987812042236328e1 6.27835618161043385e-7 2.94049584681488341e-7 1 1
0.00000000000000000e0 -2.09987842179817257e1 -2.09987812042236328e1 -2.09987812042236328e1 4.68889879812195431e-7 5.80151890972047113e-7 1 1
0.00000000000000000e0 -2.09987842180993702e1 -2.09987812042236328e1 -2.09987812042236328e1 3.89417010637771455e-7 3.41733283448775182e-7 1 1
0.00000000000000000e0 -2.09987842182170183e1 -2.09987812042236328e1 -2.09987812042236328e1 4.21206152623199159e-7 3.01996863072417909e-7 1 1
0.00000000000000000e0 -2.09987842183346629e1 -2.09987812042236328e1 -2.09987812042236328e1 1.26361851471301634e-6 1.58945724137993238e-7 1 1
0.00000000000000000e0 -2.09987842184522968e1 -2.09987812042236328e1 -2.09987812042236328e1 5.32468163783050841e-7 1.58945724137993238e-7 1 1
0.00000000000000000e0 -2.09987842185699343e1 -2.09987812042236328e1 -2.09987812042236328e1 9.69568873188109137e-7 1.74840295130707091e-7 1 1
0.00000000000000000e0 -2.09987842186875682e1 -2.09987812042236328e1 -2.09987812042236328e1 9.61621594797179569e-7 4.45048016217697295e-7 1 1
0.00000000000000000e0 -2.09987842188052021e1 -2.09987812042236328e1 -2.09987812042236328e1 7.86781299666472478e-7 3.09944141463347478e-7 1 1
0.00000000000000000e0 -2.09987842189228289e1 -2.09987812042236328e1 -2.09987812042236328e1 4.21206152623199159e-7 3.17891448275986477e-7 1 1
0.00000000000000000e0 -2.09987842190404557e1 -2.09987812042236328e1 -2.09987812042236328e1 5.64257277346769115e-7 2.38418579101562500e-7 1 1
0.00000000000000000e0 -2.09987842191580789e1 -2.09987812042236328e1 -2.09987812042236328e1 8.82148754044465022e-7 2.30471286499778216e-7 1 1
0.00000000000000000e0 -2.09987842192757022e1 -2.09987812042236328e1 -2.09987812042236328e1 7.15255737304687500e-7 4.60942572999556432e-7 1 1
0.00000000000000000e0 -2.09987842193933218e1 -2.09987812042236328e1 -2.09987812042236328e1 3.73522453855912318e-7 2.06629437116134795e-7 1 1
0.00000000000000000e0 -2.09987842195109380e1 -2.09987812042236328e1 -2.09987812042236328e1 5.72204612581117544e-7 2.94049584681488341e-7 1 1
0.00000000000000000e0 -2.09987842196285577e1 -2.09987812042236328e1 -2.09987812042236328e1 4.45048016217697295e-7 4.29153431014128728e-7 1 1
0.00000000000000000e0 -2.09987842197461632e1 -2.09987812042236328e1 -2.09987812042236328e1 4.37100737826767727e-7 3.97364289028701023e-7 1 1
0.00000000000000000e0 -2.09987842198637686e1 -2.09987812042236328e1 -2.09987812042236328e1 6.91413902131898794e-7 6.27835618161043385e-7 1 1
0.00000000000000000e0 -2.09987842199813812e1 -2.09987812042236328e1 -2.09987812042236328e1 3.25838726666916045e-7 6.03993726144835819e-7 1 1
0.00000000000000000e0 -2.09987842200989867e1 -2.09987812042236328e1 -2.09987812042236328e1 5.32468163783050841e-7 4.52995294608626864e-7 1 1
0.00000000000000000e0 -2.09987842202165886e1 -2.09987812042236328e1 -2.09987812042236328e1 7.62939464493683772e-7 2.30471286499778216e-7 1 1
0.00000000000000000e0 -2.09987842203341870e1 -2.09987812042236328e1 -2.09987812042236328e1 3.65575147043273319e-7 2.14576715507064364e-7 1 1
0.00000000000000000e0 -2.09987842204517854e1 -2.09987812042236328e1 -2.09987812042236328e1 7.86781299666472478e-7 5.16573607001191704e-7 1 1
0.00000000000000000e0 -2.09987842205693802e1 -2.09987812042236328e1 -2.09987812042236328e1 5.24520885392121272e-7 1.58945724137993238e-7 1 1
0.00000000000000000e0 -2.09987842206869715e1 -2.09987812042236328e1 -2.09987812042236328e1 2.70207721086990205e-7 2.22524008108848648e-7 1 1
0.00000000000000000e0 -2.09987842208045592e1 -2.09987812042236328e1 -2.09987812042236328e1 2.22524008108848648e-7 3.25838726666916045e-7 1 1
0.00000000000000000e0 -2.09987842209221469e1 -2.09987812042236328e1 -2.09987812042236328e1 3.73522453855912318e-7 1.98682144514350512e-7 1 1
0.00000000000000000e0 -2.09987842210397346e1 -2.09987812042236328e1 -2.09987812042236328e1 5.24520885392121272e-7 5.32468163783050841e-7 1 1
0.00000000000000000e0 -2.09987842211573152e1 -2.09987812042236328e1 -2.09987812042236328e1 1.58945724137993238e-7 2.62260442696060636e-7 1 1
0.00000000000000000e0 -2.09987842212748923e1 -2.09987812042236328e1 -2.09987812042236328e1 2.70207721086990205e-7 3.17891448275986477e-7 1 1
0.00000000000000000e0 -2.09987842213924694e1 -2.09987812042236328e1 -2.09987812042236328e1 5.80151890972047113e-7 1.58945724137993238e-7 1 1
0.00000000000000000e0 -2.09987842215100429e1 -2.09987812042236328e1 -2.09987812042236328e1 5.64257277346769115e-7 2.38418579101562500e-7 1 1
0.00000000000000000e0 -2.09987842216276164e1 -2.09987812042236328e1 -2.09987812042236328e1 5.40415442173980409e-7 3.33786005057845614e-7 1 1
0.00000000000000000e0 -2.09987842217451863e1 -2.09987812042236328e1 -2.09987812042236328e1 9.77516151579038706e-7 2.22524008108848648e-7 1 1
0.00000000000000000e0 -2.09987842218627527e1 -2.09987812042236328e1 -2.09987812042236328e1 4.60942572999556432e-7 5.16573607001191704e-7 1 1
0.00000000000000000e0 -2.09987842219803191e1 -2.09987812042236328e1 -2.09987812042236328e1 9.05990589217253728e-7 1.58945724137993238e-7 1 1
0.00000000000000000e0 -2.09987842220978784e1 -2.09987812042236328e1 -2.09987812042236328e1 2.14576715507064364e-7 4.76837158203125000e-7 1 1
0.00000000000000000e0 -2.09987842222154377e1 -2.09987812042236328e1 -2.09987812042236328e1 4.52995294608626864e-7 3.49680590261414181e-7 1 1
0.00000000000000000e0 -2.09987842223329970e1 -2.09987812042236328e1 -2.09987812042236328e1 5.32468163783050841e-7 4.60942572999556432e-7 1 1
0.00000000000000000e0 -2.09987842224505492e1 -2.09987812042236328e1 -2.09987812042236328e1 9.45727038015320431e-7 5.96046447753906250e-7 1 1
0.00000000000000000e0 -2.09987842225681014e1 -2.09987812042236328e1 -2.09987812042236328e1 9.05990589217253728e-7 2.94049584681488341e-7 1 1
0.00000000000000000e0 -2.09987842226856536e1 -2.09987812042236328e1 -2.09987812042236328e1 3.33786005057845614e-7 2.14576715507064364e-7 1 1
0.00000000000000000e0 -2.09987842228031987e1 -2.09987812042236328e1 -2.09987812042236328e1 3.73522453855912318e-7 4.52995294608626864e-7 1 1
0.00000000000000000e0 -2.09987842229207438e1 -2.09987812042236328e1 -2.09987812042236328e1 3.65575147043273319e-7 4.37100737826767727e-7 1 1
0.00000000000000000e0 -2.09987842230382853e1 -2.09987812042236328e1 -2.09987812042236328e1 3.57627868652343750e-7 1.58945724137993238e-7 1 1
0.00000000000000000e0 -2.09987842231558268e1 -2.09987812042236328e1 -2.09987812042236328e1 2.94049584681488341e-7 1.58945724137993238e-7 1 1
0.00000000000000000e0 -2.09987842232733648e1 -2.09987812042236328e1 -2.09987812042236328e1 7.70886742884613341e-7 3.41733283448775182e-7 1 1
0.00000000000000000e0 -2.09987842233908992e1 -2.09987812042236328e1 -2.09987812042236328e1 5.64257277346769115e-7 2.06629437116134795e-7 1 1
0.00000000000000000e0 -2.09987842235084301e1 -2.09987812042236328e1 -2.09987812042236328e1 5.72204612581117544e-7 2.30471286499778216e-7 1 1
0.00000000000000000e0 -2.09987842236259610e1 -2.09987812042236328e1 -2.09987812042236328e1 3.73522453855912318e-7 3.41733283448775182e-7 1 1
0.00000000000000000e0 -2.09987842237434883e1 -2.09987812042236328e1 -2.09987812042236328e1 8.42412305246398319e-7 2.54313164305131068e-7 1 1
0.00000000000000000e0 -2.09987842238610121e1 -2.09987812042236328e1 -2.09987812042236328e1 2.30471286499778216e-7 3.33786005057845614e-7 1 1
0.00000000000000000e0 -2.09987842239785358e1 -2.09987812042236328e1 -2.09987812042236328e1 1.13646194677130552e-6 1.74840295130707091e-7 1 1
0.00000000000000000e0 -2.09987842240960561e1 -2.09987812042236328e1 -2.09987812042236328e1 4.13258874232269591e-7 2.62260442696060636e-7 1 1
0.00000000000000000e0 -2.09987842242135692e1 -2.09987812042236328e1 -2.09987812042236328e1 3.81469732246841886e-7 4.76837158203125000e-7 1 1
0.00000000000000000e0 -2.09987842243310823e1 -2.09987812042236328e1 -2.09987812042236328e1 4.76837158203125000e-7 4.37100737826767727e-7 1 1
0.00000000000000000e0 -2.09987842244484852e1 -2.09987812042236328e1 -2.09987812042236328e1 8.18570470073609613e-7 2.38418579101562500e-7 1 1
0.00000000000000000e0 -2.09987842238931464e1 -2.09987812042236328e1 -2.09987812042236328e1 9.45727038015320431e-7 2.38418579101562500e-7 1 1
0.00000000000000000e0 -2.07989782266448522e1 -2.07501239776611328e1 -2.07997951507568359e1 2.78154999477919773e-7 4.05311595841340022e-7 5 5
0.00000000000000000e0 -1.55107218302164700e1 -1.54907207489013672e1 -1.55111246109008789e1 7.62939464493683772e-7 3.41733283448775182e-7 6 6
0.00000000000000000e0 -1.62618438208870408e1 -1.62702636718750000e1 -1.62616939544677734e1 5.88099169362976681e-7 3.17891448275986477e-7 4 4
0.00000000000000000e0 -1.65708375845072950e1 -1.65722732543945312e1 -1.65708103179931641e1 8.74201475653535454e-7 1.90734866123420943e-7 4 4
0.00000000000000000e0 -1.65358627102401989e1 -1.65354290008544922e1 -1.65358715057373047e1 8.82148754044465022e-7 2.38418579101562500e-7 3 3
0.00000000000000000e0 -1.64694517912415819e1 -1.64689998626708984e1 -1.64694614410400391e1 1.17619833872595336e-6 3.89417010637771455e-7 3 3
0.00000000000000000e0 -1.64102712332828879e1 -1.64098815917968750e1 -1.64102821350097656e1 8.02675856448331615e-7 5.40415442173980409e-7 3 3
0.00000000000000000e0 -1.63530666274626384e1 -1.63526840209960938e1 -1.63530769348144531e1 1.02519993561145384e-6 4.52995294608626864e-7 3 3
0.00000000000000000e0 -1.62958405315563191e1 -1.62954559326171875e1 -1.62958507537841797e1 4.45048016217697295e-7 4.76837158203125000e-7 3 3
0.00000000000000000e0 -1.62385031249780774e1 -1.62381172180175781e1 -1.62385139465332031e1 7.86781299666472478e-7 4.52995294608626864e-7 3 3
0.00000000000000000e0 -1.61811102795350195e1 -1.61807250976562500e1 -1.61811218261718750e1 5.96046447753906250e-7 3.97364289028701023e-7 3 3
0.00000000000000000e0 -1.61236735189078750e1 -1.61232891082763672e1 -1.61236839294433594e1 7.39097572477476206e-7 3.97364289028701023e-7 3 3
0.00000000000000000e0 -1.60661935838227876e1 -1.60658111572265625e1 -1.60662059783935547e1 7.39097572477476206e-7 3.97364289028701023e-7 3 3
0.00000000000000000e0 -1.60086712516382192e1 -1.60082874298095703e1 -1.60086803436279297e1 6.03993726144835819e-7 2.38418579101562500e-7 3 3
0.00000000000000000e0 -1.59511076569439787e1 -1.59507226943969727e1 -1.59511194229125977e1 3.89417010637771455e-7 3.49680590261414181e-7 3 3
0.00000000000000000e0 -1.58935039736306027e1 -1.58931207656860352e1 -1.58935127258300781e1 4.68889879812195431e-7 4.92731714984984137e-7 3 3
0.00000000000000000e0 -1.58358613619995232e1 -1.58354797363281250e1 -1.58358716964721680e1 6.91413902131898794e-7 3.25838726666916045e-7 3 3
0.00000000000000000e0 -1.57781809723233071e1 -1.57777948379516602e1 -1.57781915664672852e1 7.86781299666472478e-7 3.49680590261414181e-7 3 3
0.00000000000000000e0 -1.57204639471280387e1 -1.57200727462768555e1 -1.57204751968383789e1 3.97364289028701023e-7 5.24520885392121272e-7 3 3
0.00000000000000000e0 -1.56627114214033796e1 -1.56623239517211914e1 -1.56627244949340820e1 3.49680590261414181e-7 3.97364289028701023e-7 3 3
0.00000000000000000e0 -1.56049245225537714e1 -1.56045360565185547e1 -1.56049365997314453e1 3.73522453855912318e-7 3.01996863072417909e-7 3 3
0.00000000000000000e0 -1.55471043704532761e1 -1.55467157363891602e1 -1.55471153259277344e1 3.57627868652343750e-7 3.89417010637771455e-7 3 3
0.00000000000000000e0 -1.54892520774500699e1 -1.54888658523559570e1 -1.54892625808715820e1 5.88099169362976681e-7 1.50998431536208955e-7 3 3
0.00000000000000000e0 -1.54313687484215158e1 -1.54309844970703125e1 -1.54313812255859375e1 6.75519288506620796e-7 1.90734866123420943e-7 3 3
0.00000000000000000e0 -1.53734554807876460e1 -1.53730754852294922e1 -1.53734693527221680e1 4.60942572999556432e-7 2.46365857492492069e-7 3 3
0.00000000000000000e0 -1.53155133645538850e1 -1.53151350021362305e1 -1.53155269622802734e1 8.90096032435394591e-7 1.74840295130707091e-7 3 3
0.00000000000000000e0 -1.52575434823461435e1 -1.52571678161621094e1 -1.52575559616088867e1 8.90096032435394591e-7 2.06629437116134795e-7 3 3
0.00000000000000000e0 -1.51995469094364690e1 -1.51991672515869141e1 -1.51995630264282227e1 5.96046447753906250e-7 2.22524008108848648e-7 3 3
0.00000000000000000e0 -1.51415247137906768e1 -1.51411476135253906e1 -1.51415395736694336e1 5.64257277346769115e-7 5.00678993375913706e-7 3 3
0.00000000000000000e0 -1.50834779560767096e1 -1.50831003189086914e1 -1.50834922790527344e1 8.34465026855468750e-7 4.21206152623199159e-7 3 3
0.00000000000000000e0 -1.50254076897305620e1 -1.50250253677368164e1 -1.50254230499267578e1 3.89417010637771455e-7 5.24520885392121272e-7 3 3
0.00000000000000000e0 -1.49673149609660712e1 -1.49669332504272461e1 -1.49673309326171875e1 3.25838726666916045e-7 4.92731714984984137e-7 3 3
0.00000000000000000e0 -1.49092008088228400e1 -1.49088172912597656e1 -1.49092140197753906e1 5.56309998955839546e-7 2.22524008108848648e-7 3 3
0.00000000000000000e0 -1.48510662651972520e1 -1.48506860733032227e1 -1.48510789871215820e1 5.00678993375913706e-7 3.01996863072417909e-7 3 3
0.00000000000000000e0 -1.47929123548723371e1 -1.47925310134887695e1 -1.47929267883300781e1 4.76837158203125000e-7 4.92731714984984137e-7 3 3
0.00000000000000000e0 -1.47347400955615662e1 -1.47343597412109375e1 -1.47347536087036133e1 5.48362720564909978e-7 3.09944141463347478e-7 3 3
0.00000000000000000e0 -1.46765504979316983e1 -1.46761713027954102e1 -1.46765670776367188e1 1.34309129862231202e-6 3.17891448275986477e-7 3 3
0.00000000000000000e0 -1.46183445656504230e1 -1.46179647445678711e1 -1.46183633804321289e1 5.56309998955839546e-7 2.38418579101562500e-7 3 3
0.00000000000000000e0 -1.45601232954088733e1 -1.45597429275512695e1 -1.45601406097412109e1 6.51677453333832091e-7 2.54313164305131068e-7 3 3
0.00000000000000000e0 -1.45018876769697336e1 -1.45015087127685547e1 -1.45019054412841797e1 3.97364289028701023e-7 3.49680590261414181e-7 3 3
0.00000000000000000e0 -1.44436386931997287e1 -1.44432601928710938e1 -1.44436550140380859e1 6.99361180522828363e-7 3.97364289028701023e-7 3 3
0.00000000000000000e0 -1.43853773200858406e1 -1.43849973678588867e1 -1.43853940963745117e1 3.89417010637771455e-7 1.35103860543495102e-7 3 3
0.00000000000000000e0 -1.43271045267899879e1 -1.43267250061035156e1 -1.43271217346191406e1 9.05990589217253728e-7 4.29153431014128728e-7 3 3
0.00000000000000000e0 -1.42688212756831820e1 -1.42684412002563477e1 -1.42688360214233398e1 6.75519288506620796e-7 3.73522453855912318e-7 3 3
0.00000000000000000e0 -1.42105285223722557e1 -1.42101478576660156e1 -1.42105436325073242e1 1.03314721400238341e-6 3.09944141463347478e-7 3 3
0.00000000000000000e0 -1.41522272157445457e1 -1.41518468856811523e1 -1.41522417068481445e1 4.37100737826767727e-7 5.16573607001191704e-7 3 3
0.00000000000000000e0 -1.40939182979884468e1 -1.40935602188110352e1 -1.40939512252807617e1 7.82807637733640149e-6 8.38438700156984851e-6 2 2
0.00000000000000000e0 -1.40356027046435710e1 -1.40352230072021484e1 -1.40356121063232422e1 7.98702239990234375e-6 8.02675913291750476e-6 2 2
0.00000000000000000e0 -1.39772813646233462e1 -1.39769020080566406e1 -1.39772911071777344e1 7.51018524169921875e-6 7.31150294086546637e-6 2 2
0.00000000000000000e0 -1.39189552002518351e1 -1.39185781478881836e1 -1.39189672470092773e1 6.83466578266234137e-6 6.87440251567750238e-6 2 2
0.00000000000000000e0 -1.38606251273089107e1 -1.38602504730224609e1 -1.38606367111206055e1 6.39756535747437738e-6 6.31809234619140625e-6 2 2
0.00000000000000000e0 -1.38022920550569683e1 -1.38019199371337891e1 -1.38023033142089844e1 6.31809234619140625e-6 6.23861933490843512e-6 2 2
0.00000000000000000e0 -1.37439568862737680e1 -1.37435808181762695e1 -1.37439689636230469e1 5.32468175151734613e-6 5.72204589843750000e-6 2 2
0.00000000000000000e0 -1.36856205172837697e1 -1.36852455139160156e1 -1.36856336593627930e1 5.64257288715452887e-6 5.28494501850218512e-6 2 2
0.00000000000000000e0 -1.36272838380052210e1 -1.36269063949584961e1 -1.36272974014282227e1 4.96705388286500238e-6 4.72863530376343988e-6 2 2
0.00000000000000000e0 -1.35689477319744718e1 -1.35685749053955078e1 -1.35689620971679688e1 4.72863530376343988e-6 4.52995300292968750e-6 2 2
0.00000000000000000e0 -1.35106130763838284e1 -1.35102386474609375e1 -1.35106287002563477e1 4.01337956645875238e-6 4.25179814556031488e-6 2 2
0.00000000000000000e0 -1.34522807421158159e1 -1.34519090652465820e1 -1.34522943496704102e1 4.41074371337890625e-6 4.09285212299437262e-6 2 2
0.00000000000000000e0 -1.33939515937726590e1 -1.33935728073120117e1 -1.33939676284790039e1 4.05311584472656250e-6 3.93390655517578125e-6 2 2
0.00000000000000000e0 -1.33356264897194006e1 -1.33352556228637695e1 -1.33356399536132812e1 3.49680590261414181e-6 3.33786010742187500e-6 2 2
0.00000000000000000e0 -1.32773062821033712e1 -1.32769355773925781e1 -1.32773208618164062e1 3.41733289133117069e-6 3.41733289133117069e-6 2 2
0.00000000000000000e0 -1.32189918169004557e1 -1.32186203002929688e1 -1.32190027236938477e1 2.90075945486023556e-6 2.86102294921875000e-6 2 2
0.00000000000000000e0 -1.31606839339514217e1 -1.31603155136108398e1 -1.31606969833374023e1 2.90075945486023556e-6 2.98023223876953125e-6 2 2
0.00000000000000000e0 -1.31023834669832002e1 -1.31020135879516602e1 -1.31023969650268555e1 2.86102294921875000e-6 2.58286786447570194e-6 2 2
0.00000000000000000e0 -1.30440912436501133e1 -1.30437154769897461e1 -1.30441064834594727e1 2.62260437011718750e-6 2.34444928537413944e-6 2 2
0.00000000000000000e0 -1.29858080855667151e1 -1.29854316711425781e1 -1.29858236312866211e1 2.06629442800476681e-6 2.18550371755554806e-6 2 2
0.00000000000000000e0 -1.29275348083380006e1 -1.29271612167358398e1 -1.29275531768798828e1 2.10603070627257694e-6 2.30471300710632931e-6 2 2
0.00000000000000000e0 -1.28692722215935884e1 -1.28688974380493164e1 -1.28692884445190430e1 2.10603070627257694e-6 1.94708513845398556e-6 2 2
0.00000000000000000e0 -1.28110211290220484e1 -1.28106460571289062e1 -1.28110380172729492e1 1.70866644566558534e-6 2.14576721191406250e-6 2 2
0.00000000000000000e0 -1.27527823284042032e1 -1.27524070739746094e1 -1.27527980804443359e1 1.90734863281250000e-6 1.70866644566558534e-6 2 2
0.00000000000000000e0 -1.26945566116472808e1 -1.26941776275634766e1 -1.26945734024047852e1 1.66893005371093750e-6 1.58945715611480409e-6 2 2
0.00000000000000000e0 -1.26363447648125433e1 -1.26359701156616211e1 -1.26363582611083984e1 1.27156579310394591e-6 1.50998437220550841e-6 2 2
0.00000000000000000e0 -1.25781475681554120e1 -1.25777769088745117e1 -1.25781660079956055e1 1.43051147460937500e-6 1.58945715611480409e-6 2 2
0.00000000000000000e0 -1.25199657961424720e1 -1.25195884704589844e1 -1.25199995040893555e1 1.47024786656402284e-6 8.42412282509030774e-6 2 1
0.00000000000000000e0 -1.24618002175063669e1 -1.24614391326904297e1 -1.24618120193481445e1 7.66913126426516101e-6 7.74860382080078125e-6 1 1
0.00000000000000000e0 -1.24036515952579460e1 -1.24032716751098633e1 -1.24036664962768555e1 7.35123967388062738e-6 6.95387507221312262e-6 1 1
0.00000000000000000e0 -1.23455206867356022e1 -1.23451414108276367e1 -1.23455381393432617e1 5.80151890972047113e-6 6.55651092529296875e-6 1 1
0.00000000000000000e0 -1.22874082436131911e1 -1.22870378494262695e1 -1.22874231338500977e1 5.80151890972047113e-6 6.15914677837281488e-6 1 1
0.00000000000000000e0 -1.22293150119627807e1 -1.22289419174194336e1 -1.22293291091918945e1 5.52336359760374762e-6 5.68230962016968988e-6 1 1
0.00000000000000000e0 -1.21712417322652868e1 -1.21708621978759766e1 -1.21712570190429688e1 4.96705388286500238e-6 4.96705388286500238e-6 1 1
0.00000000000000000e0 -1.21131891394406530e1 -1.21128110885620117e1 -1.21132068634033203e1 4.49021672466187738e-6 4.68889857074827887e-6 1 1
0.00000000000000000e0 -1.20551579628928778e1 -1.20547838211059570e1 -1.20551738739013672e1 4.92731714984984137e-6 4.33127070209593512e-6 1 1
0.00000000000000000e0 -1.19971489264973652e1 -1.19967756271362305e1 -1.19971628189086914e1 3.77496075998351444e-6 3.97364283344359137e-6 1 1
0.00000000000000000e0 -1.19391627481589566e1 -1.19387893676757812e1 -1.19391765594482422e1 4.09285212299437262e-6 3.53654218088195194e-6 1 1
0.00000000000000000e0 -1.18812001422622444e1 -1.18808250427246094e1 -1.18812131881713867e1 3.89417027690797113e-6 3.21865081787109375e-6 1 1
0.00000000000000000e0 -1.18232618155323621e1 -1.18228893280029297e1 -1.18232755661010742e1 3.33786010742187500e-6 2.98023223876953125e-6 1 1
0.00000000000000000e0 -1.17653484702846161e1 -1.17649755477905273e1 -1.17653589248657227e1 3.29812360178038944e-6 2.70207715402648319e-6 1 1
0.00000000000000000e0 -1.17074608034663967e1 -1.17070837020874023e1 -1.17074728012084961e1 2.70207715402648319e-6 2.46365857492492069e-6 1 1
0.00000000000000000e0 -1.16495995066905067e1 -1.16492204666137695e1 -1.16496133804321289e1 2.38418579101562500e-6 2.42392229665711056e-6 1 1
0.00000000000000000e0 -1.15917652662821329e1 -1.15913896560668945e1 -1.15917778015136719e1 2.50339508056640625e-6 2.06629442800476681e-6 1 1
0.00000000000000000e0 -1.15339587633288385e1 -1.15335826873779297e1 -1.15339698791503906e1 2.62260437011718750e-6 1.94708513845398556e-6 1 1
0.00000000000000000e0 -1.14761806736948646e1 -1.14758052825927734e1 -1.14761924743652344e1 2.14576721191406250e-6 2.06629442800476681e-6 1 1
0.00000000000000000e0 -1.14184316680582310e1 -1.14180593490600586e1 -1.14184417724609375e1 1.78813934326171875e-6 1.82787573521636659e-6 1 1
0.00000000000000000e0 -1.13607124119376515e1 -1.13603410720825195e1 -1.13607254028320312e1 1.54972076416015625e-6 1.70866644566558534e-6 1 1
0.00000000000000000e0 -1.13030235657327207e1 -1.13026485443115234e1 -1.13030366897583008e1 1.50998437220550841e-6 1.47024786656402284e-6 1 1
0.00000000000000000e0 -1.12453657847348776e1 -1.12449903488159180e1 -1.12453794479370117e1 7.54992186102754204e-7 1.23182928746246034e-6 1 1
0.00000000000000000e0 -1.11877397191732939e1 -1.11873722076416016e1 -1.11877536773681641e1 1.50998437220550841e-6 1.23182928746246034e-6 1 1
0.00000000000000000e0 -1.11301460142330146e1 -1.11297740936279297e1 -1.11301565170288086e1 1.39077508265472716e-6 1.07288360595703125e-6 1 1
0.00000000000000000e0 -1.10725853100940128e1 -1.10722112655639648e1 -1.10725946426391602e1 1.53382620737829711e-6 8.74201475653535454e-7 1 1
0.00000000000000000e0 -1.10150582419484699e1 -1.10146837234497070e1 -1.10150690078735352e1 7.94728578057402046e-7 9.13937867608183296e-7 1 1
0.00000000000000000e0 -1.09575654400386462e1 -1.09571952819824219e1 -1.09575767517089844e1 1.20798745228967164e-6 7.54992186102754204e-7 1 1
0.00000000000000000e0 -1.09001075296792056e1 -1.08997335433959961e1 -1.09001207351684570e1 6.75519288506620796e-7 7.54992186102754204e-7 1 1
0.00000000000000000e0 -1.08426851312941217e1 -1.08423128128051758e1 -1.08426961898803711e1 5.56309998955839546e-7 9.13937867608183296e-7 1 1
0.00000000000000000e0 -1.07852988604402693e1 -1.07849302291870117e1 -1.07853097915649414e1 1.11261999791167909e-6 7.94728578057402046e-7 1 1
0.00000000000000000e0 -1.07279493278279698e1 -1.07275772094726562e1 -1.07279577255249023e1 3.17891448275986477e-7 4.37100737826767727e-7 1 1
0.00000000000000000e0 -1.06706371393604265e1 -1.06702699661254883e1 -1.06706466674804688e1 6.75519288506620796e-7 4.92731714984984137e-7 1 1
0.00000000000000000e0 -1.06133628961545039e1 -1.06129932403564453e1 -1.06133728027343750e1 3.81469732246841886e-7 3.57627868652343750e-7 1 1
0.00000000000000000e0 -1.05561271945755237e1 -1.05557584762573242e1 -1.05561389923095703e1 9.13937867608183296e-7 4.37100737826767727e-7 1 1
0.00000000000000000e0 -1.04989306262568700e1 -1.04985589981079102e1 -1.04989395141601562e1 8.34465026855468750e-7 4.76837158203125000e-7 1 1
0.00000000000000000e0 -1.04417737781337205e1 -1.04414033889770508e1 -1.04417848587036133e1 9.93410708360897843e-7 4.29153431014128728e-7 1 1
0.00000000000000000e0 -1.03846572324673350e1 -1.03842849731445312e1 -1.03846693038940430e1 8.66254197262605885e-7 5.56309998955839546e-7 1 1
0.00000000000000000e0 -1.03275815668731159e1 -1.03272075653076172e1 -1.03275918960571289e1 1.02519993561145384e-6 1.98682144514350512e-7 1 1
0.00000000000000000e0 -1.02705473543428987e1 -1.02701721191406250e1 -1.02705602645874023e1 6.35782896551972954e-7 4.37100737826767727e-7 1 1
0.00000000000000000e0 -1.02135551632800698e1 -1.02131805419921875e1 -1.02135648727416992e1 7.94728578057402046e-7 4.37100737826767727e-7 1 1
0.00000000000000000e0 -1.01566055575188514e1 -1.01562318801879883e1 -1.01566162109375000e1 5.72204612581117544e-7 2.78154999477919773e-7 1 1
0.00000000000000000e0 -1.00996990963571260e1 -1.00993309020996094e1 -1.00997104644775391e1 6.75519288506620796e-7 3.09944141463347478e-7 1 1
0.00000000000000000e0 -1.00428363345857168e1 -1.00424642562866211e1 -1.00428476333618164e1 9.93410708360897843e-7 3.57627868652343750e-7 1 1
0.00000000000000000e0 -9.98601782249783376e0 -9.98564720153808594e0 -9.98602771759033203e0 5.56309998955839546e-7 4.29153431014128728e-7 1 1
0.00000000000000000e0 -9.92924410593472118e0 -9.92887783050537109e0 -9.92925643920898438e0 1.18414561711688293e-6 3.73522453855912318e-7 1 1
0.00000000000000000e0 -9.87251572630374774e0 -9.87214374542236328e0 -9.87252616882324219e0 3.57627868652343750e-7 4.84784436594054569e-7 1 1
0.00000000000000000e0 -9.81583322059964303e0 -9.81546306610107422e0 -9.81584548950195312e0 6.19888282926694956e-7 2.22524008108848648e-7 1 1
0.00000000000000000e0 -9.75919712143808304e0 -9.75882720947265625e0 -9.75920677185058594e0 4.05311595841340022e-7 3.01996863072417909e-7 1 1
0.00000000000000000e0 -9.70260795707611301e0 -9.70223903656005859e0 -9.70261859893798828e0 7.94728578057402046e-7 2.30471286499778216e-7 1 1
0.00000000000000000e0 -9.64606625143648522e0 -9.64569377899169922e0 -9.64607620239257812e0 7.78834021275542909e-7 1.35103860543495102e-7 1 1
0.00000000000000000e0 -9.58957252414758976e0 -9.58919620513916016e0 -9.58958339691162109e0 6.27835618161043385e-7 5.16573607001191704e-7 1 1
0.00000000000000000e0 -9.53312729054844965e0 -9.53275203704833984e0 -9.53313827514648438e0 5.56309998955839546e-7 3.41733283448775182e-7 1 1
0.00000000000000000e0 -9.47673106172511304e0 -9.47635269165039062e0 -9.47674369812011719e0 4.52995294608626864e-7 4.21206152623199159e-7 1 1
0.00000000000000000e0 -9.42038434452937601e0 -9.42000675201416016e0 -9.42039489746093750e0 5.64257277346769115e-7 3.25838726666916045e-7 1 1
0.00000000000000000e0 -9.36408764161133966e0 -9.36370849609375000e0 -9.36409950256347656e0 1.35103860543495102e-7 3.65575147043273319e-7 1 1
0.00000000000000000e0 -9.30784145144193964e0 -9.30746746063232422e0 -9.30785274505615234e0 7.39097572477476206e-7 3.17891448275986477e-7 1 1
0.00000000000000000e0 -9.25164626833129766e0 -9.25126838684082031e0 -9.25165748596191406e0 7.07308458913757931e-7 4.37100737826767727e-7 1 1
0.00000000000000000e0 -9.19550258245929975e0 -9.19512557983398438e0 -9.19551277160644531e0 7.70886742884613341e-7 3.41733283448775182e-7 1 1
0.00000000000000000e0 -9.13941087989707235e0 -9.13903617858886719e0 -9.13942050933837891e0 5.96046447753906250e-7 1.98682144514350512e-7 1 1
0.00000000000000000e0 -9.08337164263789276e0 -9.08299827575683594e0 -9.08338356018066406e0 2.94049584681488341e-7 3.01996863072417909e-7 1 1
0.00000000000000000e0 -9.02738534860801956e0 -9.02701282501220703e0 -9.02739620208740234e0 7.23203015695617069e-7 4.29153431014128728e-7 1 1
0.00000000000000000e0 -8.97145247170055171e0 -8.97107791900634766e0 -8.97146511077880859e0 8.34465026855468750e-7 2.86102306290558772e-7 1 1
0.00000000000000000e0 -8.91557348180058007e0 -8.91520118713378906e0 -8.91558456420898438e0 7.39097572477476206e-7 2.06629437116134795e-7 1 1
0.00000000000000000e0 -8.85974884480425473e0 -8.85937690734863281e0 -8.85975837707519531e0 1.23182928746246034e-6 3.89417010637771455e-7 1 1
0.00000000000000000e0 -8.80397902264187948e0 -8.80360698699951172e0 -8.80398845672607422e0 3.33786005057845614e-7 2.22524008108848648e-7 1 1
0.00000000000000000e0 -8.74826447330188728e0 -8.74789905548095703e0 -8.74827480316162109e0 5.24520885392121272e-7 4.52995294608626864e-7 1 1
0.00000000000000000e0 -8.69260565085146553e0 -8.69223785400390625e0 -8.69261455535888672e0 1.08083088434796082e-6 2.30471286499778216e-7 1 1
0.00000000000000000e0 -8.63700300546862465e0 -8.63663482666015625e0 -8.63701438903808594e0 4.60942572999556432e-7 2.54313164305131068e-7 1 1
0.00000000000000000e0 -8.58145698345559893e0 -8.58108615875244141e0 -8.58146572113037109e0 8.66254197262605885e-7 3.25838726666916045e-7 1 1
0.00000000000000000e0 -8.52596802727432213e0 -8.52559471130371094e0 -8.52597713470458984e0 8.74201475653535454e-7 2.46365857492492069e-7 1 1
0.00000000000000000e0 -8.47053657554869233e0 -8.47016620635986328e0 -8.47054672241210938e0 5.24520885392121272e-7 4.13258874232269591e-7 1 1
0.00000000000000000e0 -8.41516306311166851e0 -8.41479301452636719e0 -8.41517353057861328e0 6.27835618161043385e-7 4.13258874232269591e-7 1 1
0.00000000000000000e0 -8.35984792100130036e0 -8.35948181152343750e0 -8.35985660552978516e0 5.00678993375913706e-7 1.66893002528922807e-7 1 1
0.00000000000000000e0 -8.30459157650328450e0 -8.30422306060791016e0 -8.30459976196289062e0 4.84784436594054569e-7 2.38418579101562500e-7 1 1
0.00000000000000000e0 -8.24939445317813558e0 -8.24902534484863281e0 -8.24940109252929688e0 6.51677453333832091e-7 5.48362720564909978e-7 1 1
0.00000000000000000e0 -8.19425697085376648e0 -8.19388389587402344e0 -8.19426250457763672e0 4.68889879812195431e-7 1.19209289550781250e-7 1 1
0.00000000000000000e0 -8.13917954567621393e0 -8.13880729675292969e0 -8.13918495178222656e0 6.51677453333832091e-7 2.06629437116134795e-7 1 1
0.00000000000000000e0 -8.08416259012145844e0 -8.08378887176513672e0 -8.08416843414306641e0 7.70886742884613341e-7 1.58945724137993238e-7 1 1
0.00000000000000000e0 -8.02920651301289467e0 -8.02883148193359375e0 -8.02921199798583984e0 8.58306862028257456e-7 4.13258874232269591e-7 1 1
0.00000000000000000e0 -7.97431171955238316e0 -7.97393703460693359e0 -7.97431516647338867e0 5.00678993375913706e-7 4.84784436594054569e-7 1 1
0.00000000000000000e0 -7.91947861133060993e0 -7.91910123825073242e0 -7.91948270797729492e0 1.03314721400238341e-6 1.19209289550781250e-7 1 1
0.00000000000000000e0 -7.86470758636046963e0 -7.86433267593383789e0 -7.86471271514892578e0 6.27835618161043385e-7 4.29153431014128728e-7 1 1
0.00000000000000000e0 -7.80999903908909143e0 -7.80962181091308594e0 -7.81000280380249023e0 5.16573607001191704e-7 2.06629437116134795e-7 1 1
0.00000000000000000e0 -7.75535336042222667e0 -7.75497436523437500e0 -7.75535678863525391e0 9.13937867608183296e-7 2.62260442696060636e-7 1 1
0.00000000000000000e0 -7.70077093774669574e0 -7.70039272308349609e0 -7.70077466964721680e0 7.86781299666472478e-7 1.98682144514350512e-7 1 1
0.00000000000000000e0 -7.64625215495043431e0 -7.64587450027465820e0 -7.64625597000122070e0 6.59624731724761659e-7 2.62260442696060636e-7 1 1
0.00000000000000000e0 -7.59179739244008900e0 -7.59142303466796875e0 -7.59179878234863281e0 4.17232513427734375e-7 2.38418579101562500e-7 1 1
0.00000000000000000e0 -7.53740702716683231e0 -7.53703403472900391e0 -7.53741073608398438e0 5.40415442173980409e-7 5.24520885392121272e-7 1 1
0.00000000000000000e0 -7.48308143264793024e0 -7.48270606994628906e0 -7.48308372497558594e0 5.48362720564909978e-7 4.52995294608626864e-7 1 1
0.00000000000000000e0 -7.42882097897872207e0 -7.42844581604003906e0 -7.42882204055786133e0 4.05311595841340022e-7 3.65575147043273319e-7 1 1
0.00000000000000000e0 -7.37462603286206342e0 -7.37425661087036133e0 -7.37462663650512695e0 4.68889879812195431e-7 2.78154999477919773e-7 1 1
0.00000000000000000e0 -7.32049695762308605e0 -7.32012319564819336e0 -7.32049942016601562e0 4.45048016217697295e-7 3.33786005057845614e-7 1 1
0.00000000000000000e0 -7.26643411322830879e0 -7.26605749130249023e0 -7.26643371582031250e0 3.89417010637771455e-7 1.90734866123420943e-7 1 1
0.00000000000000000e0 -7.21243785631692091e0 -7.21206140518188477e0 -7.21243810653686523e0 3.89417010637771455e-7 3.01996863072417909e-7 1 1
0.00000000000000000e0 -7.15850854020777660e0 -7.15812730789184570e0 -7.15850830078125000e0 6.51677453333832091e-7 3.97364289028701023e-7 1 1
0.00000000000000000e0 -7.10464651492095367e0 -7.10427045822143555e0 -7.10464572906494141e0 1.20004017389874207e-6 4.76837158203125000e-7 1 1
0.00000000000000000e0 -7.05085212720552423e0 -7.05047464370727539e0 -7.05085134506225586e0 2.94049584681488341e-7 1.98682144514350512e-7 1 1
0.00000000000000000e0 -6.99712572055474791e0 -6.99674940109252930e0 -6.99712562561035156e0 5.96046447753906250e-7 4.92731714984984137e-7 1 1
0.00000000000000000e0 -6.94346763522119304e0 -6.94309091567993164e0 -6.94346761703491211e0 5.96046447753906250e-7 2.78154999477919773e-7 1 1
0.00000000000000000e0 -6.88987820823549768e0 -6.88950252532958984e0 -6.88987922668457031e0 6.59624731724761659e-7 2.06629437116134795e-7 1 1
0.00000000000000000e0 -6.83635777343662632e0 -6.83598041534423828e0 -6.83636093139648438e0 4.96705354180448921e-7 3.01996863072417909e-7 1 1
0.00000000000000000e0 -6.78290666148330690e0 -6.78252792358398438e0 -6.78290939331054688e0 2.78154999477919773e-7 3.09944141463347478e-7 1 1
