# input reference p6 p7 residual6 residual7 iterations6 iterations7
0.00000000000000000e0 0.00000000000000000e0 0.00000000000000000e0 0.00000000000000000e0 0.00000000000000000e0 0.00000000000000000e0 0 0
0.00000000000000000e0 0.00000000000000000e0 0.00000000000000000e0 0.00000000000000000e0 0.00000000000000000e0 0.00000000000000000e0 0 0
0.00000000000000000e0 0.00000000000000000e0 0.00000000000000000e0 0.00000000000000000e0 0.00000000000000000e0 0.00000000000000000e0 0 0
0.00000000000000000e0 0.00000000000000000e0 0.00000000000000000e0 0.00000000000000000e0 0.00000000000000000e0 0.00000000000000000e0 0 0
0.00000000000000000e0 0.00000000000000000e0 0.00000000000000000e0 0.00000000000000000e0 0.00000000000000000e0 0.00000000000000000e0 0 0
0.00000000000000000e0 0.00000000000000000e0 0.00000000000000000e0 0.00000000000000000e0 0.00000000000000000e0 0.00000000000000000e0 0 0
0.00000000000000000e0 0.00000000000000000e0 0.00000000000000000e0 0.00000000000000000e0 0.00000000000000000e0 0.00000000000000000e0 0 0
0.00000000000000000e0 0.00000000000000000e0 0.00000000000000000e0 0.00000000000000000e0 0.00000000000000000e0 0.00000000000000000e0 0 0
0.00000000000000000e0 0.00000000000000000e0 0.00000000000000000e0 0.00000000000000000e0 0.00000000000000000e0 0.00000000000000000e0 0 0
0.00000000000000000e0 0.00000000000000000e0 0.00000000000000000e0 0.00000000000000000e0 0.00000000000000000e0 0.00000000000000000e0 0 0
0.00000000000000000e0 0.00000000000000000e0 0.00000000000000000e0 0.00000000000000000e0 0.00000000000000000e0 0.00000000000000000e0 0 0
0.00000000000000000e0 0.00000000000000000e0 0.00000000000000000e0 0.00000000000000000e0 0.00000000000000000e0 0.00000000000000000e0 0 0
0.00000000000000000e0 0.00000000000000000e0 0.00000000000000000e0 0.00000000000000000e0 0.00000000000000000e0 0.00000000000000000e0 0 0
0.00000000000000000e0 0.00000000000000000e0 0.00000000000000000e0 0.00000000000000000e0 0.00000000000000000e0 0.00000000000000000e0 0 0
0.00000000000000000e0 0.00000000000000000e0 0.00000000000000000e0 0.00000000000000000e0 0.00000000000000000e0 0.00000000000000000e0 0 0
0.00000000000000000e0 0.00000000000000000e0 0.00000000000000000e0 0.00000000000000000e0 0.00000000000000000e0 0.00000000000000000e0 0 0
0.00000000000000000e0 0.00000000000000000e0 0.00000000000000000e0 0.00000000000000000e0 0.00000000000000000e0 0.00000000000000000e0 0 0
0.00000000000000000e0 0.00000000000000000e0 0.00000000000000000e0 0.00000000000000000e0 0.00000000000000000e0 0.00000000000000000e0 0 0
0.00000000000000000e0 0.00000000000000000e0 0.00000000000000000e0 0.00000000000000000e0 0.00000000000000000e0 0.00000000000000000e0 0 0
0.00000000000000000e0 0.00000000000000000e0 0.00000000000000000e0 0.00000000000000000e0 0.00000000000000000e0 0.00000000000000000e0 0 0
0.00000000000000000e0 0.00000000000000000e0 0.00000000000000000e0 0.00000000000000000e0 0.00000000000000000e0 0.00000000000000000e0 0 0
0.00000000000000000e0 0.00000000000000000e0 0.00000000000000000e0 0.00000000000000000e0 0.00000000000000000e0 0.00000000000000000e0 0 0
0.00000000000000000e0 0.00000000000000000e0 0.00000000000000000e0 0.00000000000000000e0 0.00000000000000000e0 0.00000000000000000e0 0 0
0.00000000000000000e0 0.00000000000000000e0 0.00000000000000000e0 0.00000000000000000e0 0.00000000000000000e0 0.00000000000000000e0 0 0
0.00000000000000000e0 0.00000000000000000e0 0.00000000000000000e0 0.00000000000000000e0 0.00000000000000000e0 0.00000000000000000e0 0 0
0.00000000000000000e0 0.00000000000000000e0 0.00000000000000000e0 0.00000000000000000e0 0.00000000000000000e0 0.00000000000000000e0 0 0
0.00000000000000000e0 0.00000000000000000e0 0.00000000000000000e0 0.00000000000000000e0 0.00000000000000000e0 0.00000000000000000e0 0 0
0.00000000000000000e0 0.00000000000000000e0 0.00000000000000000e0 0.00000000000000000e0 0.00000000000000000e0 0.00000000000000000e0 0 0
0.00000000000000000e0 0.00000000000000000e0 0.00000000000000000e0 0.00000000000000000e0 0.00000000000000000e0 0.00000000000000000e0 0 0
0.00000000000000000e0 0.00000000000000000e0 0.00000000000000000e0 0.00000000000000000e0 0.00000000000000000e0 0.00000000000000000e0 0 0
0.00000000000000000e0 0.00000000000000000e0 0.00000000000000000e0 0.00000000000000000e0 0.00000000000000000e0 0.00000000000000000e0 0 0
0.00000000000000000e0 0.00000000000000000e0 0.00000000000000000e0 0.00000000000000000e0 0.00000000000000000e0 0.00000000000000000e0 0 0
0.00000000000000000e0 0.00000000000000000e0 0.00000000000000000e0 0.00000000000000000e0 0.00000000000000000e0 0.00000000000000000e0 0 0
0.00000000000000000e0 0.00000000000000000e0 0.00000000000000000e0 0.00000000000000000e0 0.00000000000000000e0 0.00000000000000000e0 0 0
0.00000000000000000e0 0.00000000000000000e0 0.00000000000000000e0 0.00000000000000000e0 0.00000000000000000e0 0.00000000000000000e0 0 0
0.00000000000000000e0 0.00000000000000000e0 0.00000000000000000e0 0.00000000000000000e0 0.00000000000000000e0 0.00000000000000000e0 0 0
0.00000000000000000e0 0.00000000000000000e0 0.00000000000000000e0 0.00000000000000000e0 0.00000000000000000e0 0.00000000000000000e0 0 0
0.00000000000000000e0 0.00000000000000000e0 0.00000000000000000e0 0.00000000000000000e0 0.00000000000000000e0 0.00000000000000000e0 0 0
0.00000000000000000e0 0.00000000000000000e0 0.00000000000000000e0 0.00000000000000000e0 0.00000000000000000e0 0.00000000000000000e0 0 0
0.00000000000000000e0 0.00000000000000000e0 0.00000000000000000e0 0.00000000000000000e0 0.00000000000000000e0 0.00000000000000000e0 0 0
0.00000000000000000e0 0.00000000000000000e0 0.00000000000000000e0 0.00000000000000000e0 0.00000000000000000e0 0.00000000000000000e0 0 0
0.00000000000000000e0 0.00000000000000000e0 0.00000000000000000e0 0.00000000000000000e0 0.00000000000000000e0 0.00000000000000000e0 0 0
0.00000000000000000e0 0.00000000000000000e0 0.00000000000000000e0 0.00000000000000000e0 0.00000000000000000e0 0.00000000000000000e0 0 0
0.00000000000000000e0 0.00000000000000000e0 0.00000000000000000e0 0.00000000000000000e0 0.00000000000000000e0 0.00000000000000000e0 0 0
0.00000000000000000e0 0.00000000000000000e0 0.00000000000000000e0 0.00000000000000000e0 0.00000000000000000e0 0.00000000000000000e0 0 0
0.00000000000000000e0 0.00000000000000000e0 0.00000000000000000e0 0.00000000000000000e0 0.00000000000000000e0 0.00000000000000000e0 0 0
0.00000000000000000e0 0.00000000000000000e0 0.00000000000000000e0 0.00000000000000000e0 0.00000000000000000e0 0.00000000000000000e0 0 0
0.00000000000000000e0 0.00000000000000000e0 0.00000000000000000e0 0.00000000000000000e0 0.00000000000000000e0 0.00000000000000000e0 0 0
0.00000000000000000e0 0.00000000000000000e0 0.00000000000000000e0 0.00000000000000000e0 0.00000000000000000e0 0.00000000000000000e0 0 0
0.00000000000000000e0 0.00000000000000000e0 0.00000000000000000e0 0.00000000000000000e0 0.00000000000000000e0 0.00000000000000000e0 0 0
0.00000000000000000e0 0.00000000000000000e0 0.00000000000000000e0 0.00000000000000000e0 0.00000000000000000e0 0.00000000000000000e0 0 0
0.00000000000000000e0 0.00000000000000000e0 0.00000000000000000e0 0.00000000000000000e0 0.00000000000000000e0 0.00000000000000000e0 0 0
0.00000000000000000e0 0.00000000000000000e0 0.00000000000000000e0 0.00000000000000000e0 0.00000000000000000e0 0.00000000000000000e0 0 0
0.00000000000000000e0 0.00000000000000000e0 0.00000000000000000e0 0.00000000000000000e0 0.00000000000000000e0 0.00000000000000000e0 0 0
0.00000000000000000e0 0.00000000000000000e0 0.00000000000000000e0 0.00000000000000000e0 0.00000000000000000e0 0.00000000000000000e0 0 0
0.00000000000000000e0 0.00000000000000000e0 0.00000000000000000e0 0.00000000000000000e0 0.00000000000000000e0 0.00000000000000000e0 0 0
0.00000000000000000e0 0.00000000000000000e0 0.00000000000000000e0 0.00000000000000000e0 0.00000000000000000e0 0.00000000000000000e0 0 0
0.00000000000000000e0 0.00000000000000000e0 0.00000000000000000e0 0.00000000000000000e0 0.00000000000000000e0 0.00000000000000000e0 0 0
0.00000000000000000e0 0.00000000000000000e0 0.00000000000000000e0 0.00000000000000000e0 0.00000000000000000e0 0.00000000000000000e0 0 0
0.00000000000000000e0 0.00000000000000000e0 0.00000000000000000e0 0.00000000000000000e0 0.00000000000000000e0 0.00000000000000000e0 0 0
0.00000000000000000e0 0.00000000000000000e0 0.00000000000000000e0 0.00000000000000000e0 0.00000000000000000e0 0.00000000000000000e0 0 0
0.00000000000000000e0 0.00000000000000000e0 0.00000000000000000e0 0.00000000000000000e0 0.00000000000000000e0 0.00000000000000000e0 0 0
0.00000000000000000e0 0.00000000000000000e0 0.00000000000000000e0 0.00000000000000000e0 0.00000000000000000e0 0.00000000000000000e0 0 0
0.00000000000000000e0 0.00000000000000000e0 0.00000000000000000e0 0.00000000000000000e0 0.00000000000000000e0 0.00000000000000000e0 0 0
0.00000000000000000e0 0.00000000000000000e0 0.00000000000000000e0 0.00000000000000000e0 0.00000000000000000e0 0.00000000000000000e0 0 0
0.00000000000000000e0 0.00000000000000000e0 0.00000000000000000e0 0.00000000000000000e0 0.00000000000000000e0 0.00000000000000000e0 0 0
0.00000000000000000e0 0.00000000000000000e0 0.00000000000000000e0 0.00000000000000000e0 0.00000000000000000e0 0.00000000000000000e0 0 0
0.00000000000000000e0 0.00000000000000000e0 0.00000000000000000e0 0.00000000000000000e0 0.00000000000000000e0 0.00000000000000000e0 0 0
0.00000000000000000e0 0.00000000000000000e0 0.00000000000000000e0 0.00000000000000000e0 0.00000000000000000e0 0.00000000000000000e0 0 0
0.00000000000000000e0 0.00000000000000000e0 0.00000000000000000e0 0.00000000000000000e0 0.00000000000000000e0 0.00000000000000000e0 0 0
0.00000000000000000e0 0.00000000000000000e0 0.00000000000000000e0 0.00000000000000000e0 0.00000000000000000e0 0.00000000000000000e0 0 0
0.00000000000000000e0 0.00000000000000000e0 0.00000000000000000e0 0.00000000000000000e0 0.00000000000000000e0 0.00000000000000000e0 0 0
0.00000000000000000e0 0.00000000000000000e0 0.00000000000000000e0 0.00000000000000000e0 0.00000000000000000e0 0.00000000000000000e0 0 0
0.00000000000000000e0 0.00000000000000000e0 0.00000000000000000e0 0.00000000000000000e0 0.00000000000000000e0 0.00000000000000000e0 0 0
0.00000000000000000e0 0.00000000000000000e0 0.00000000000000000e0 0.00000000000000000e0 0.00000000000000000e0 0.00000000000000000e0 0 0
0.00000000000000000e0 0.00000000000000000e0 0.00000000000000000e0 0.00000000000000000e0 0.00000000000000000e0 0.00000000000000000e0 0 0
0.00000000000000000e0 0.00000000000000000e0 0.00000000000000000e0 0.00000000000000000e0 0.00000000000000000e0 0.00000000000000000e0 0 0
0.00000000000000000e0 0.00000000000000000e0 0.00000000000000000e0 0.00000000000000000e0 0.00000000000000000e0 0.00000000000000000e0 0 0
0.00000000000000000e0 0.00000000000000000e0 0.00000000000000000e0 0.00000000000000000e0 0.00000000000000000e0 0.00000000000000000e0 0 0
0.00000000000000000e0 0.00000000000000000e0 0.00000000000000000e0 0.00000000000000000e0 0.00000000000000000e0 0.00000000000000000e0 0 0
0.00000000000000000e0 0.00000000000000000e0 0.00000000000000000e0 0.00000000000000000e0 0.00000000000000000e0 0.00000000000000000e0 0 0
0.00000000000000000e0 0.00000000000000000e0 0.00000000000000000e0 0.00000000000000000e0 0.00000000000000000e0 0.00000000000000000e0 0 0
0.00000000000000000e0 0.00000000000000000e0 0.00000000000000000e0 0.00000000000000000e0 0.00000000000000000e0 0.00000000000000000e0 0 0
0.00000000000000000e0 0.00000000000000000e0 0.00000000000000000e0 0.00000000000000000e0 0.00000000000000000e0 0.00000000000000000e0 0 0
0.00000000000000000e0 0.00000000000000000e0 0.00000000000000000e0 0.00000000000000000e0 0.00000000000000000e0 0.00000000000000000e0 0 0
0.00000000000000000e0 0.00000000000000000e0 0.00000000000000000e0 0.00000000000000000e0 0.00000000000000000e0 0.00000000000000000e0 0 0
0.00000000000000000e0 0.00000000000000000e0 0.00000000000000000e0 0.00000000000000000e0 0.00000000000000000e0 0.00000000000000000e0 0 0
0.00000000000000000e0 0.00000000000000000e0 0.00000000000000000e0 0.00000000000000000e0 0.00000000000000000e0 0.00000000000000000e0 0 0
0.00000000000000000e0 0.00000000000000000e0 0.00000000000000000e0 0.00000000000000000e0 0.00000000000000000e0 0.00000000000000000e0 0 0
0.00000000000000000e0 0.00000000000000000e0 0.00000000000000000e0 0.00000000000000000e0 0.00000000000000000e0 0.00000000000000000e0 0 0
0.00000000000000000e0 0.00000000000000000e0 0.00000000000000000e0 0.00000000000000000e0 0.00000000000000000e0 0.00000000000000000e0 0 0
0.00000000000000000e0 0.00000000000000000e0 0.00000000000000000e0 0.00000000000000000e0 0.00000000000000000e0 0.00000000000000000e0 0 0
0.00000000000000000e0 0.00000000000000000e0 0.00000000000000000e0 0.00000000000000000e0 0.00000000000000000e0 0.00000000000000000e0 0 0
0.00000000000000000e0 0.00000000000000000e0 0.00000000000000000e0 0.00000000000000000e0 0.00000000000000000e0 0.00000000000000000e0 0 0
0.00000000000000000e0 0.00000000000000000e0 0.00000000000000000e0 0.00000000000000000e0 0.00000000000000000e0 0.00000000000000000e0 0 0
0.00000000000000000e0 0.00000000000000000e0 0.00000000000000000e0 0.00000000000000000e0 0.00000000000000000e0 0.00000000000000000e0 0 0
2.50000000000000000e-1 -1.12283051331340236e1 -1.12283077239990234e1 -1.12283077239990234e1 1.31130218505859375e-6 1.11261999791167909e-6 8 8
2.50000000000000000e-1 -2.09981274229252151e1 -2.09981269836425781e1 -2.09981269836425781e1 2.28881845032447018e-6 2.47955313170677982e-6 6 6
2.50000000000000000e-1 -2.09990296951107354e1 -2.09990310668945312e1 -2.09990310668945312e1 3.11533608510217164e-6 3.17891431222960819e-6 7 7
2.50000000000000000e-1 -2.09987918799995512e1 -2.09987926483154297e1 -2.09987926483154297e1 6.00814837525831535e-6 5.97635926169459708e-6 4 4
2.50000000000000000e-1 -2.09987830353119911e1 -2.09987926483154297e1 -2.09987926483154297e1 2.62260437011718750e-6 2.32060756388818845e-6 8 8
2.50000000000000000e-1 -2.09987841256175933e1 -2.09987926483154297e1 -2.09987926483154297e1 1.87555951924878173e-6 9.37779759624390863e-7 7 7
2.50000000000000000e-1 -2.09987841886906068e1 -2.09987926483154297e1 -2.09987926483154297e1 7.94728578057402046e-7 4.45048016217697295e-7 9 9
2.50000000000000000e-1 -2.09987841848207637e1 -2.09987926483154297e1 -2.09987926483154297e1 1.62124638336536009e-6 5.08626328610262135e-7 5 5
2.50000000000000000e-1 -2.09987841845635224e1 -2.09987926483154297e1 -2.09987926483154297e1 7.78834021275542909e-7 3.17891448275986477e-7 3 3
2.50000000000000000e-1 -2.09987841846937080e1 -2.09987926483154297e1 -2.09987926483154297e1 1.06493632756610168e-6 3.17891448275986477e-7 2 2
2.50000000000000000e-1 -2.09987841848140668e1 -2.09987926483154297e1 -2.09987926483154297e1 2.22523999582335819e-6 3.17891448275986477e-7 2 2
2.50000000000000000e-1 -2.09987841849323971e1 -2.09987926483154297e1 -2.09987926483154297e1 7.51018546907289419e-7 7.15255737304687500e-7 2 2
2.50000000000000000e-1 -2.09987841850507309e1 -2.09987926483154297e1 -2.09987926483154297e1 4.29153431014128728e-7 3.17891448275986477e-7 2 2
2.50000000000000000e-1 -2.09987841851690753e1 -2.09987926483154297e1 -2.09987926483154297e1 4.45048016217697295e-7 5.08626328610262135e-7 2 2
2.50000000000000000e-1 -2.09987841852874162e1 -2.09987926483154297e1 -2.09987926483154297e1 4.92731714984984137e-7 3.17891448275986477e-7 2 2
2.50000000000000000e-1 -2.09987841853377368e1 -2.09987926483154297e1 -2.09987926483154297e1 1.14440922516223509e-6 6.83466566897550365e-7 2 2
2.50000000000000000e-1 -1.52731509311445830e1 -1.52730731964111328e1 -1.52730731964111328e1 1.58945724137993238e-7 7.94728620689966192e-8 6 6
2.50000000000000000e-1 -7.64419881372177468e0 -7.64421653747558594e0 -7.64421415328979492e0 1.57356259933294496e-6 9.21885145999112865e-7 2 2
2.50000000000000000e-1 -8.99090942255744352e0 -8.99091339111328125e0 -8.99091529846191406e0 1.22388200907153077e-6 3.33786005057845614e-7 2 2
2.50000000000000000e-1 -9.31602580586430307e0 -9.31602191925048828e0 -9.31602764129638672e0 1.38282780426379759e-6 9.69568873188109137e-7 2 2
2.50000000000000000e-1 -9.26991665549807919e0 -9.26991271972656250e0 -9.26991558074951172e0 9.93410722571752558e-8 9.05990589217253728e-7 2 2
2.50000000000000000e-1 -9.25229374079992084e0 -9.25228977203369141e0 -9.25229263305664062e0 2.74181360282454989e-7 1.04904177078424254e-6 2 2
2.50000000000000000e-1 -9.28369467646784585e0 -9.28368949890136719e0 -9.28369140625000000e0 1.11262004054424324e-7 8.42412305246398319e-7 2 2
2.50000000000000000e-1 -9.34531750196014421e0 -9.34531307220458984e0 -9.34531593322753906e0 9.37779759624390863e-7 2.38418579101562500e-7 2 2
2.50000000000000000e-1 -9.42735156896833537e0 -9.42734813690185547e0 -9.42735004425048828e0 9.37779759624390863e-7 7.94728578057402046e-7 2 2
2.50000000000000000e-1 -9.52384859255077210e0 -9.52384471893310547e0 -9.52384662628173828e0 9.21885145999112865e-7 5.88099169362976681e-7 2 2
2.50000000000000000e-1 -9.63019870552111357e0 -9.63019943237304688e0 -9.63019561767578125e0 8.90096032435394591e-7 7.62939464493683772e-7 2 2
2.50000000000000000e-1 -9.74274886763401504e0 -9.74274635314941406e0 -9.74274635314941406e0 6.99361180522828363e-7 8.74201475653535454e-7 2 2
2.50000000000000000e-1 -9.85865747142276305e0 -9.85866260528564453e0 -9.85865592956542969e0 5.18048182129859924e-7 2.54313164305131068e-7 2 2
2.50000000000000000e-1 -9.97574308201029680e0 -9.97575759887695312e0 -9.97574138641357422e0 7.31150294086546637e-7 7.62939464493683772e-7 2 2
2.50000000000000000e-1 -1.00923519118779517e1 -1.00923614501953125e1 -1.00923509597778320e1 6.75519288506620796e-7 2.78154999477919773e-7 2 2
2.50000000000000000e-1 -1.02072501729835068e1 -1.02072582244873047e1 -1.02072591781616211e1 6.85395207256078720e-7 6.82484824210405350e-7 1 1
2.50000000000000000e-1 -1.03195372078719920e1 -1.03195524215698242e1 -1.03195552825927734e1 1.08083088434796082e-6 7.47044907711824635e-7 1 1
2.50000000000000000e-1 -1.04285753114978910e1 -1.04285926818847656e1 -1.04285974502563477e1 1.36693313379510073e-6 9.53674316406250000e-7 1 1
2.50000000000000000e-1 -1.05339331033233989e1 -1.05339536666870117e1 -1.05339546203613281e1 6.35782896551972954e-7 6.19888282926694956e-7 1 1
2.50000000000000000e-1 -1.06353399329420224e1 -1.06353549957275391e1 -1.06353588104248047e1 4.01632860302925110e-7 5.56309998955839546e-7 1 1
2.50000000000000000e-1 -1.07326492621191729e1 -1.07326593399047852e1 -1.07326641082763672e1 9.13937867608183296e-7 4.37100737826767727e-7 1 1
2.50000000000000000e-1 -1.08258093406681279e1 -1.08258142471313477e1 -1.08258209228515625e1 2.14576721191406250e-6 6.75519288506620796e-7 1 1
2.50000000000000000e-1 -1.09148398016472257e1 -1.09148473739624023e1 -1.09148492813110352e1 7.94728578057402046e-7 8.34465026855468750e-7 1 1
2.50000000000000000e-1 -1.09998130538263243e1 -1.09998159408569336e1 -1.09998207092285156e1 9.13937867608183296e-7 8.74201475653535454e-7 1 1
2.50000000000000000e-1 -1.10808395559671506e1 -1.10808401107788086e1 -1.10808439254760742e1 1.11261999791167909e-6 1.15235650355316466e-6 1 1
2.50000000000000000e-1 -1.11580562265902934e1 -1.11580543518066406e1 -1.11580572128295898e1 1.39077508265472716e-6 1.31130218505859375e-6 1 1
2.50000000000000000e-1 -1.12316173812602003e1 -1.12316160202026367e1 -1.12316160202026367e1 1.54972076416015625e-6 1.39077508265472716e-6 1 1
2.50000000000000000e-1 -1.13016877025020754e1 -1.13016862869262695e1 -1.13016834259033203e1 1.66893005371093750e-6 1.50998437220550841e-6 1 1
2.50000000000000000e-1 -1.13684368400188998e1 -1.13684358596801758e1 -1.13684320449829102e1 2.06629442800476681e-6 1.47024786656402284e-6 1 1
2.50000000000000000e-1 -1.14320353143871607e1 -1.14320363998413086e1 -1.14320335388183594e1 1.94708513845398556e-6 1.86761224085785216e-6 1 1
2.50000000000000000e-1 -1.14926514592138158e1 -1.14926548004150391e1 -1.14926490783691406e1 1.90734863281250000e-6 1.86761224085785216e-6 1 1
2.50000000000000000e-1 -1.15504491870698356e1 -1.15504550933837891e1 -1.15504484176635742e1 1.94708513845398556e-6 2.02655792236328125e-6 1 1
2.50000000000000000e-1 -1.16055864056373821e1 -1.16055917739868164e1 -1.16055870056152344e1 2.26497650146484375e-6 2.50339508056640625e-6 1 1
2.50000000000000000e-1 -1.16582139439618047e1 -1.16582212448120117e1 -1.16582164764404297e1 2.50339508056640625e-6 2.54313158620789181e-6 1 1
2.50000000000000000e-1 -1.17084748760562114e1 -1.17084846496582031e1 -1.17084770202636719e1 2.62260437011718750e-6 2.82128644357726444e-6 1 1
2.50000000000000000e-1 -1.17565041512555357e1 -1.17565107345581055e1 -1.17565059661865234e1 3.09944152832031250e-6 2.66234087575867306e-6 1 1
2.50000000000000000e-1 -1.18024284587309385e1 -1.18024339675903320e1 -1.18024311065673828e1 2.90075945486023556e-6 3.01996874441101681e-6 1 1
2.50000000000000000e-1 -1.18463662682838411e1 -1.18463697433471680e1 -1.18463706970214844e1 3.53654218088195194e-6 3.13917803396179806e-6 1 1
2.50000000000000000e-1 -1.18884280013745656e1 -1.18884296417236328e1 -1.18884325027465820e1 3.73522448171570431e-6 3.25838732351257931e-6 1 1
2.50000000000000000e-1 -1.19287162959269448e1 -1.19287185668945312e1 -1.19287185668945312e1 3.73522448171570431e-6 3.49680590261414181e-6 1 1
2.50000000000000000e-1 -1.19673263362527393e1 -1.19673299789428711e1 -1.19673280715942383e1 4.64916229248046875e-6 3.73522448171570431e-6 1 1
2.50000000000000000e-1 -1.20043462256334443e1 -1.20043478012084961e1 -1.20043506622314453e1 4.37100743511109613e-6 4.21206141254515387e-6 1 1
2.50000000000000000e-1 -1.20398573840899470e1 -1.20398654937744141e1 -1.20398616790771484e1 4.64916229248046875e-6 4.17232513427734375e-6 1 1
2.50000000000000000e-1 -1.20739349595560732e1 -1.20739459991455078e1 -1.20739412307739258e1 4.96705388286500238e-6 4.64916229248046875e-6 1 1
2.50000000000000000e-1 -1.21066482373024513e1 -1.21066589355468750e1 -1.21066532135009766e1 4.25179814556031488e-6 4.80810786029906012e-6 1 1
2.50000000000000000e-1 -1.21380610478122630e1 -1.21380758285522461e1 -1.21380643844604492e1 5.40415430805296637e-6 4.88758087158203125e-6 1 1
2.50000000000000000e-1 -1.21682321610615229e1 -1.21682424545288086e1 -1.21682367324829102e1 5.36441802978515625e-6 5.24520874023437500e-6 1 1
2.50000000000000000e-1 -1.21972156662196056e1 -1.21972217559814453e1 -1.21972179412841797e1 6.35782862445921637e-6 5.36441802978515625e-6 1 1
2.50000000000000000e-1 -1.22250613336559759e1 -1.22250614166259766e1 -1.22250604629516602e1 5.80151890972047113e-6 5.36441802978515625e-6 1 1
2.50000000000000000e-1 -1.22518149575138757e1 -1.22518138885498047e1 -1.22518119812011719e1 5.72204589843750000e-6 5.80151890972047113e-6 1 1
2.50000000000000000e-1 -1.22775186779627479e1 -1.22775135040283203e1 -1.22775144577026367e1 6.79492950439453125e-6 6.07967376708984375e-6 1 1
2.50000000000000000e-1 -1.23022112828584120e1 -1.23022041320800781e1 -1.23022098541259766e1 6.59624720356077887e-6 6.11941004535765387e-6 1 1
2.50000000000000000e-1 -1.23259284888999918e1 -1.23259229660034180e1 -1.23259286880493164e1 6.15914677837281488e-6 6.35782862445921637e-6 1 1
2.50000000000000000e-1 -1.23487032027340025e1 -1.23487005233764648e1 -1.23487043380737305e1 6.91413879394531250e-6 6.39756535747437738e-6 1 1
2.50000000000000000e-1 -1.23705657626771064e1 -1.23705615997314453e1 -1.23705663681030273e1 6.55651092529296875e-6 6.95387507221312262e-6 1 1
2.50000000000000000e-1 -1.23915441618834077e1 -1.23915414810180664e1 -1.23915443420410156e1 6.91413879394531250e-6 6.91413879394531250e-6 1 1
2.50000000000000000e-1 -1.24116642539073165e1 -1.24116630554199219e1 -1.24116668701171875e1 6.75519322612672113e-6 7.23203038432984613e-6 1 1
2.50000000000000000e-1 -1.24309499416421456e1 -1.24309530258178711e1 -1.24309520721435547e1 7.31150294086546637e-6 7.31150294086546637e-6 1 1
2.50000000000000000e-1 -1.24494233506928182e1 -1.24494237899780273e1 -1.24494256973266602e1 7.47044896343140863e-6 7.74860382080078125e-6 1 1
2.50000000000000000e-1 -1.24671049881664739e1 -1.24671030044555664e1 -1.24671068191528320e1 8.06649495643796399e-6 7.66913126426516101e-6 1 1
2.50000000000000000e-1 -1.24840138879518285e1 -1.24840106964111328e1 -1.24840183258056641e1 8.26517771201906726e-6 7.94728566688718274e-6 1 1
2.50000000000000000e-1 -1.25001677434355845e1 -1.25001678466796875e1 -1.25001745223999023e1 7.58965825298218988e-6 8.22544097900390625e-6 1 1
2.50000000000000000e-1 -1.25155830286060894e1 -1.25155858993530273e1 -1.25155906677246094e1 8.10623168945312500e-6 8.30491353553952649e-6 1 1
2.50000000000000000e-1 -1.25302751084687358e1 -1.25302534103393555e1 -1.25302629470825195e1 4.29153431014128728e-7 3.17891448275986477e-7 2 2
2.50000000000000000e-1 -1.25442583396513747e1 -1.25442762374877930e1 -1.25442695617675781e1 8.38438700156984851e-6 2.14576715507064364e-7 1 2
2.50000000000000000e-1 -1.25575461619171964e1 -1.25575170516967773e1 -1.25575532913208008e1 4.92731714984984137e-7 2.78154999477919773e-7 2 2
2.50000000000000000e-1 -1.25701511814277485e1 -1.25701503753662109e1 -1.25701580047607422e1 1.27951307149487548e-6 4.21206152623199159e-7 2 2
2.50000000000000000e-1 -1.25820852464242989e1 -1.25820856094360352e1 -1.25820932388305664e1 1.74840295130707091e-7 2.38418579101562500e-7 2 2
2.50000000000000000e-1 -1.25933595159791327e1 -1.25933609008789062e1 -1.25933647155761719e1 4.56968933804091648e-7 3.41733283448775182e-7 2 2
2.50000000000000000e-1 -1.26039845224165639e1 -1.26039829254150391e1 -1.26039924621582031e1 6.59624731724761659e-7 1.98682144514350512e-7 2 2
2.50000000000000000e-1 -1.26139702279480090e1 -1.26139678955078125e1 -1.26139755249023438e1 1.06493632756610168e-6 1.35103860543495102e-7 2 2
2.50000000000000000e-1 -1.26233260760878192e1 -1.26233243942260742e1 -1.26233339309692383e1 8.50359583637327887e-7 2.78154999477919773e-7 2 2
2.50000000000000000e-1 -1.26320610382564951e1 -1.26320571899414062e1 -1.26320695877075195e1 6.75519288506620796e-7 1.19209289550781250e-7 2 2
2.50000000000000000e-1 -1.26401836560358394e1 -1.26401805877685547e1 -1.26401939392089844e1 3.97364289028701023e-7 1.66893002528922807e-7 2 2
2.50000000000000000e-1 -1.26477020794657253e1 -1.26476993560791016e1 -1.26477117538452148e1 6.07967365340300603e-7 5.00678993375913706e-7 2 2
2.50000000000000000e-1 -1.26546241017579462e1 -1.26546211242675781e1 -1.26546335220336914e1 4.29153431014128728e-7 3.73522453855912318e-7 2 2
2.50000000000000000e-1 -1.26609571907252789e1 -1.26609601974487305e1 -1.26609678268432617e1 7.07308458913757931e-7 1.58945724137993238e-7 2 2
2.50000000000000000e-1 -1.26667085172734701e1 -1.26667127609252930e1 -1.26667165756225586e1 2.14576715507064364e-7 2.06629437116134795e-7 2 2
2.50000000000000000e-1 -1.26718849811750864e1 -1.26718902587890625e1 -1.26718950271606445e1 1.03314721400238341e-6 8.74201475653535454e-8 2 2
2.50000000000000000e-1 -1.26764932344430505e1 -1.26764984130859375e1 -1.26765022277832031e1 3.57627868652343750e-7 1.98682144514350512e-7 2 2
2.50000000000000000e-1 -1.26805397024624078e1 -1.26805410385131836e1 -1.26805477142333984e1 5.20547246196656488e-7 3.25838726666916045e-7 2 2
2.50000000000000000e-1 -1.26840306031396093e1 -1.26840314865112305e1 -1.26840381622314453e1 4.45048016217697295e-7 4.52995294608626864e-7 2 2
2.50000000000000000e-1 -1.26869719642327148e1 -1.26869773864746094e1 -1.26869812011718750e1 1.03314721400238341e-6 5.40415442173980409e-7 2 2
2.50000000000000000e-1 -1.26893696390338011e1 -1.26893720626831055e1 -1.26893787384033203e1 1.66893002528922807e-7 4.60942572999556432e-7 2 2
2.50000000000000000e-1 -1.26912293205825097e1 -1.26912307739257812e1 -1.26912364959716797e1 4.60942572999556432e-7 7.94728620689966192e-8 2 2
2.50000000000000000e-1 -1.26925565545154129e1 -1.26925563812255859e1 -1.26925630569458008e1 6.67572010115691228e-7 1.43051153145279386e-7 2 2
2.50000000000000000e-1 -1.26933567507022413e1 -1.26933526992797852e1 -1.26933622360229492e1 4.25179791818663944e-7 2.38418579101562500e-7 2 2
2.50000000000000000e-1 -1.26936351937921437e1 -1.26936311721801758e1 -1.26936435699462891e1 5.16573607001191704e-7 1.82787573521636659e-7 2 2
2.50000000000000000e-1 -1.26933970527456044e1 -1.26933937072753906e1 -1.26934032440185547e1 2.54313164305131068e-7 1.43051153145279386e-7 2 2
2.50000000000000000e-1 -1.26926473894737324e1 -1.26926450729370117e1 -1.26926527023315430e1 1.31130218505859375e-6 4.21206152623199159e-7 2 2
2.50000000000000000e-1 -1.26913911666526680e1 -1.26913909912109375e1 -1.26913948059082031e1 2.78154999477919773e-7 3.81469732246841886e-7 2 2
2.50000000000000000e-1 -1.26896332548140336e1 -1.26896352767944336e1 -1.26896381378173828e1 4.92731714984984137e-7 1.58945724137993238e-7 2 2
2.50000000000000000e-1 -1.26873784387573547e1 -1.26873769760131836e1 -1.26873846054077148e1 7.15255737304687500e-7 1.58945724137993238e-7 2 2
2.50000000000000000e-1 -1.26846314233679571e1 -1.26846313476562500e1 -1.26846351623535156e1 5.80151890972047113e-7 2.78154999477919773e-7 2 2
2.50000000000000000e-1 -1.26813968388735105e1 -1.26814022064208984e1 -1.26814022064208984e1 1.36693313379510073e-6 1.11262004054424324e-7 2 2
2.50000000000000000e-1 -1.26776792456285925e1 -1.26776838302612305e1 -1.26776876449584961e1 1.20004017389874207e-6 2.70207721086990205e-7 2 2
2.50000000000000000e-1 -1.26734831384415578e1 -1.26734905242919922e1 -1.26734933853149414e1 2.22524008108848648e-7 4.13258874232269591e-7 2 2
2.50000000000000000e-1 -1.26688129504853002e1 -1.26688146591186523e1 -1.26688222885131836e1 2.34444939906097716e-7 3.17891448275986477e-7 2 2
2.50000000000000000e-1 -1.26636730568728062e1 -1.26636734008789062e1 -1.26636800765991211e1 4.72863519007660216e-7 3.65575147043273319e-7 2 2
2.50000000000000000e-1 -1.26580677778817705e1 -1.26580657958984375e1 -1.26580724716186523e1 3.81469732246841886e-7 2.14576715507064364e-7 2 2
2.50000000000000000e-1 -1.26520013818892316e1 -1.26519994735717773e1 -1.26520051956176758e1 6.07967365340300603e-7 9.93410722571752558e-8 2 2
2.50000000000000000e-1 -1.26454780880274704e1 -1.26454725265502930e1 -1.26454811096191406e1 3.33786005057845614e-7 3.09944141463347478e-7 2 2
2.50000000000000000e-1 -1.26385020686224614e1 -1.26384983062744141e1 -1.26385059356689453e1 5.16573607001191704e-7 1.62919363333458023e-7 2 2
2.50000000000000000e-1 -1.26310774513728958e1 -1.26310777664184570e1 -1.26310825347900391e1 1.10467271952074952e-6 1.11262004054424324e-7 2 2
2.50000000000000000e-1 -1.26232083213647268e1 -1.26232109069824219e1 -1.26232128143310547e1 2.58286803500595852e-7 1.74840295130707091e-7 2 2
2.50000000000000000e-1 -1.26148987228954894e1 -1.26148977279663086e1 -1.26149072647094727e1 5.16573607001191704e-7 6.03993726144835819e-7 2 2
2.50000000000000000e-1 -1.26061526611283075e1 -1.26061515808105469e1 -1.26061620712280273e1 7.39097572477476206e-7 2.06629437116134795e-7 2 2
2.50000000000000000e-1 -1.25969741036023670e1 -1.25969800949096680e1 -1.25969848632812500e1 1.27951307149487548e-6 1.98682144514350512e-7 2 2
2.50000000000000000e-1 -1.25873669816252320e1 -1.25873727798461914e1 -1.25873756408691406e1 9.13937867608183296e-7 3.49680590261414181e-7 2 2
2.50000000000000000e-1 -1.25773351915208824e1 -1.25773448944091797e1 -1.25773410797119141e1 2.42392218297027284e-7 1.23182928746246034e-7 2 2
2.50000000000000000e-1 -1.25668825957782815e1 -1.25669183731079102e1 -1.25668878555297852e1 7.94728566688718274e-6 3.97364289028701023e-7 1 2
2.50000000000000000e-1 -1.25560130241279193e1 -1.25560016632080078e1 -1.25560159683227539e1 4.41074377022232511e-7 3.81469732246841886e-7 2 2
2.50000000000000000e-1 -1.25447302744860423e1 -1.25447397232055664e1 -1.25447301864624023e1 3.69548786238738103e-7 1.98682144514350512e-7 2 2
2.50000000000000000e-1 -1.25330381138502709e1 -1.25330591201782227e1 -1.25330562591552734e1 8.10623168945312500e-6 8.34465026855468750e-6 1 1
2.50000000000000000e-1 -1.25209402790990296e1 -1.25209169387817383e1 -1.25209350585937500e1 5.56309998955839546e-7 8.22544097900390625e-6 2 1
2.50000000000000000e-1 -1.25084404777539984e1 -1.25084629058837891e1 -1.25084390640258789e1 8.30491353553952649e-6 8.26517771201906726e-6 1 1
2.50000000000000000e-1 -1.24955423886600823e1 -1.24955396652221680e1 -1.24955425262451172e1 8.38438700156984851e-6 8.02675913291750476e-6 1 1
2.50000000000000000e-1 -1.24822496626275452e1 -1.24822511672973633e1 -1.24822492599487305e1 8.42412282509030774e-6 7.90754984336672351e-6 1 1
2.50000000000000000e-1 -1.24685659229985060e1 -1.24685697555541992e1 -1.24685668945312500e1 8.26517771201906726e-6 7.94728566688718274e-6 1 1
2.50000000000000000e-1 -1.24544947662107219e1 -1.24544954299926758e1 -1.24544944763183594e1 7.58965825298218988e-6 7.43071223041624762e-6 1 1
2.50000000000000000e-1 -1.24400397622925230e1 -1.24400415420532227e1 -1.24400386810302734e1 6.91413879394531250e-6 7.43071223041624762e-6 1 1
2.50000000000000000e-1 -1.24252044553202179e1 -1.24252042770385742e1 -1.24252014160156250e1 6.87440251567750238e-6 7.23203038432984613e-6 1 1
2.50000000000000000e-1 -1.24099923638613667e1 -1.24099874496459961e1 -1.24099912643432617e1 7.43071223041624762e-6 7.35123967388062738e-6 1 1
2.50000000000000000e-1 -1.23944069813779265e1 -1.23944053649902344e1 -1.23944063186645508e1 7.31150294086546637e-6 6.91413879394531250e-6 1 1
2.50000000000000000e-1 -1.23784517765934030e1 -1.23784475326538086e1 -1.23784523010253906e1 7.19229365131468512e-6 6.75519322612672113e-6 1 1
2.50000000000000000e-1 -1.23621301938620594e1 -1.23621273040771484e1 -1.23621320724487305e1 7.23203038432984613e-6 6.79492950439453125e-6 1 1
2.50000000000000000e-1 -1.23454456534781301e1 -1.23454437255859375e1 -1.23454465866088867e1 7.27176666259765625e-6 6.59624720356077887e-6 1 1
2.50000000000000000e-1 -1.23284015520154018e1 -1.23284015655517578e1 -1.23284034729003906e1 6.75519322612672113e-6 6.51677464702515863e-6 1 1
2.50000000000000000e-1 -1.23110012626026677e1 -1.23110074996948242e1 -1.23110017776489258e1 6.31809234619140625e-6 6.19888305664062500e-6 1 1
2.50000000000000000e-1 -1.22932481351904030e1 -1.22932577133178711e1 -1.22932462692260742e1 6.27835606792359613e-6 5.96046447753906250e-6 1 1
2.50000000000000000e-1 -1.22751454968397038e1 -1.22751502990722656e1 -1.22751436233520508e1 6.23861933490843512e-6 5.80151890972047113e-6 1 1
2.50000000000000000e-1 -1.22566966519468750e1 -1.22566986083984375e1 -1.22566928863525391e1 5.92072819927125238e-6 5.72204589843750000e-6 1 1
2.50000000000000000e-1 -1.22379048824955081e1 -1.22379055023193359e1 -1.22379026412963867e1 5.68230962016968988e-6 5.72204589843750000e-6 1 1
2.50000000000000000e-1 -1.22187734482709036e1 -1.22187747955322266e1 -1.22187709808349609e1 5.24520874023437500e-6 5.28494501850218512e-6 1 1
2.50000000000000000e-1 -1.21993055870785945e1 -1.21993131637573242e1 -1.21993064880371094e1 5.72204589843750000e-6 5.36441802978515625e-6 1 1
2.50000000000000000e-1 -1.21795045149561840e1 -1.21795091629028320e1 -1.21795063018798828e1 5.08626317241578363e-6 5.04652643940062262e-6 1 1
2.50000000000000000e-1 -1.21593734263642190e1 -1.21593809127807617e1 -1.21593770980834961e1 5.36441802978515625e-6 4.88758087158203125e-6 1 1
2.50000000000000000e-1 -1.21389154943660103e1 -1.21389198303222656e1 -1.21389169692993164e1 5.40415430805296637e-6 4.96705388286500238e-6 1 1
2.50000000000000000e-1 -1.21181338708338178e1 -1.21181335449218750e1 -1.21181325912475586e1 4.60942601421265863e-6 4.84784459331422113e-6 1 1
2.50000000000000000e-1 -1.20970316866109613e1 -1.20970296859741211e1 -1.20970277786254883e1 5.08626317241578363e-6 4.52995300292968750e-6 1 1
2.50000000000000000e-1 -1.20756120516750975e1 -1.20756101608276367e1 -1.20756082534790039e1 4.21206141254515387e-6 4.29153442382812500e-6 1 1
2.50000000000000000e-1 -1.20538780553229845e1 -1.20538797378540039e1 -1.20538759231567383e1 5.00679016113281250e-6 4.41074371337890625e-6 1 1
2.50000000000000000e-1 -1.20318327663093978e1 -1.20318336486816406e1 -1.20318326950073242e1 4.41074371337890625e-6 4.25179814556031488e-6 1 1
2.50000000000000000e-1 -1.20094792330180198e1 -1.20094804763793945e1 -1.20094795227050781e1 3.93390655517578125e-6 4.17232513427734375e-6 1 1
2.50000000000000000e-1 -1.19868204834584198e1 -1.19868211746215820e1 -1.19868202209472656e1 3.97364283344359137e-6 3.73522448171570431e-6 1 1
2.50000000000000000e-1 -1.19638595259444873e1 -1.19638595581054688e1 -1.19638595581054688e1 4.17232513427734375e-6 3.69548797607421875e-6 1 1
2.50000000000000000e-1 -1.19405993486596813e1 -1.19405956268310547e1 -1.19406003952026367e1 3.73522448171570431e-6 3.85443354389281012e-6 1 1
2.50000000000000000e-1 -1.19170429198286847e1 -1.19170398712158203e1 -1.19170417785644531e1 3.57627868652343750e-6 3.37759661306336056e-6 1 1
2.50000000000000000e-1 -1.18931931881782518e1 -1.18931941986083984e1 -1.18931932449340820e1 3.93390655517578125e-6 3.33786010742187500e-6 1 1
2.50000000000000000e-1 -1.18690530829031857e1 -1.18690509796142578e1 -1.18690509796142578e1 3.65575147043273319e-6 3.41733289133117069e-6 1 1
2.50000000000000000e-1 -1.18446255138107333e1 -1.18446254730224609e1 -1.18446235656738281e1 3.09944152832031250e-6 3.33786010742187500e-6 1 1
2.50000000000000000e-1 -1.18199133714541720e1 -1.18199138641357422e1 -1.18199129104614258e1 3.49680590261414181e-6 2.94049573312804569e-6 1 1
2.50000000000000000e-1 -1.17949195272626035e1 -1.17949247360229492e1 -1.17949218750000000e1 3.21865081787109375e-6 2.94049573312804569e-6 1 1
2.50000000000000000e-1 -1.17696468336580331e1 -1.17696552276611328e1 -1.17696523666381836e1 2.82128644357726444e-6 3.01996874441101681e-6 1 1
2.50000000000000000e-1 -1.17440981242013542e1 -1.17441082000732422e1 -1.17441024780273438e1 3.13917803396179806e-6 2.66234087575867306e-6 1 1
2.50000000000000000e-1 -1.17182762136949687e1 -1.17182865142822266e1 -1.17182798385620117e1 2.22523999582335819e-6 2.58286786447570194e-6 1 1
2.50000000000000000e-1 -1.16921838983058670e1 -1.16921977996826172e1 -1.16921863555908203e1 3.01996874441101681e-6 2.42392229665711056e-6 1 1
2.50000000000000000e-1 -1.16658239556929910e1 -1.16658325195312500e1 -1.16658267974853516e1 2.98023223876953125e-6 2.42392229665711056e-6 1 1
2.50000000000000000e-1 -1.16391991451320713e1 -1.16392097473144531e1 -1.16392059326171875e1 2.78155016530945431e-6 2.18550371755554806e-6 1 1
2.50000000000000000e-1 -1.16123122076070562e1 -1.16123199462890625e1 -1.16123228073120117e1 2.98023223876953125e-6 2.42392229665711056e-6 1 1
2.50000000000000000e-1 -1.15851658659454877e1 -1.15851716995239258e1 -1.15851755142211914e1 2.38418579101562500e-6 2.14576721191406250e-6 1 1
2.50000000000000000e-1 -1.15577628249264404e1 -1.15577707290649414e1 -1.15577697753906250e1 2.42392229665711056e-6 1.98682141672179569e-6 1 1
2.50000000000000000e-1 -1.15301057713982278e1 -1.15301113128662109e1 -1.15301103591918945e1 1.70866644566558534e-6 1.98682141672179569e-6 1 1
2.50000000000000000e-1 -1.15021973743819039e1 -1.15022020339965820e1 -1.15022001266479492e1 2.26497650146484375e-6 1.82787573521636659e-6 1 1
2.50000000000000000e-1 -1.14740402851825358e1 -1.14740438461303711e1 -1.14740428924560547e1 2.26497650146484375e-6 1.94708513845398556e-6 1 1
2.50000000000000000e-1 -1.14456371375081503e1 -1.14456434249877930e1 -1.14456405639648438e1 1.70866644566558534e-6 1.70866644566558534e-6 1 1
2.50000000000000000e-1 -1.14169905475662716e1 -1.14170007705688477e1 -1.14169979095458984e1 1.62919366175628966e-6 1.78813934326171875e-6 1 1
2.50000000000000000e-1 -1.13881031141782696e1 -1.13881158828735352e1 -1.13881101608276367e1 1.86761224085785216e-6 1.78813934326171875e-6 1 1
2.50000000000000000e-1 -1.13589774188873900e1 -1.13589878082275391e1 -1.13589830398559570e1 1.39077508265472716e-6 1.70866644566558534e-6 1 1
2.50000000000000000e-1 -1.13296160260606520e1 -1.13296298980712891e1 -1.13296203613281250e1 1.54972076416015625e-6 1.70866644566558534e-6 1 1
2.50000000000000000e-1 -1.13000214829915606e1 -1.13000345230102539e1 -1.13000230789184570e1 1.98682141672179569e-6 1.23182928746246034e-6 1 1
2.50000000000000000e-1 -1.12701963200042492e1 -1.12702064514160156e1 -1.12701978683471680e1 1.66893005371093750e-6 1.15235650355316466e-6 1 1
2.50000000000000000e-1 -1.12401430505629811e1 -1.12401552200317383e1 -1.12401447296142578e1 1.43051147460937500e-6 1.47024786656402284e-6 1 1
2.50000000000000000e-1 -1.12098641713804543e1 -1.12098751068115234e1 -1.12098646163940430e1 1.35103857701324159e-6 1.43051147460937500e-6 1 1
2.50000000000000000e-1 -1.11793621624972843e1 -1.11793718338012695e1 -1.11793622970581055e1 1.27156579310394591e-6 1.11261999791167909e-6 1 1
2.50000000000000000e-1 -1.11486394873996613e1 -1.11486473083496094e1 -1.11486415863037109e1 1.00135798675182741e-6 1.19209289550781250e-6 1 1
2.50000000000000000e-1 -1.11176985931152466e1 -1.11177082061767578e1 -1.11177005767822266e1 1.19209289550781250e-6 9.13937867608183296e-7 1 1
2.50000000000000000e-1 -1.10865419103134517e1 -1.10865526199340820e1 -1.10865459442138672e1 1.43051147460937500e-6 8.74201475653535454e-7 1 1
2.50000000000000000e-1 -1.10551718534042749e1 -1.10551805496215820e1 -1.10551757812500000e1 1.03314721400238341e-6 9.13937867608183296e-7 1 1
2.50000000000000000e-1 -1.10235908206323963e1 -1.10235996246337891e1 -1.10235958099365234e1 1.12056727630260866e-6 1.03314721400238341e-6 1 1
2.50000000000000000e-1 -1.09918011941820737e1 -1.09918069839477539e1 -1.09918060302734375e1 1.70071916727465577e-6 8.74201475653535454e-7 1 1
2.50000000000000000e-1 -1.09598053402642783e1 -1.09598112106323242e1 -1.09598083496093750e1 9.37779759624390863e-7 7.54992186102754204e-7 1 1
2.50000000000000000e-1 -1.09276056092196185e1 -1.09276142120361328e1 -1.09276084899902344e1 7.94728578057402046e-7 5.96046447753906250e-7 1 1
2.50000000000000000e-1 -1.08952043356121333e1 -1.08952140808105469e1 -1.08952093124389648e1 1.23182928746246034e-6 9.53674316406250000e-7 1 1
2.50000000000000000e-1 -1.08626038383342483e1 -1.08626098632812500e1 -1.08626098632812500e1 7.94728578057402046e-7 8.74201475653535454e-7 1 1
2.50000000000000000e-1 -1.08298064206754709e1 -1.08298187255859375e1 -1.08298139572143555e1 6.35782896551972954e-7 6.35782896551972954e-7 1 1
2.50000000000000000e-1 -1.07968143704373869e1 -1.07968263626098633e1 -1.07968263626098633e1 3.97364289028701023e-7 6.35782896551972954e-7 1 1
2.50000000000000000e-1 -1.07636299600197969e1 -1.07636404037475586e1 -1.07636432647705078e1 5.96046447753906250e-7 7.54992186102754204e-7 1 1
2.50000000000000000e-1 -1.07302554465148337e1 -1.07302637100219727e1 -1.07302675247192383e1 4.76837158203125000e-7 6.35782896551972954e-7 1 1
2.50000000000000000e-1 -1.06966930717983342e1 -1.06967029571533203e1 -1.06967020034790039e1 7.15255737304687500e-7 5.56309998955839546e-7 1 1
2.50000000000000000e-1 -1.06629450626200093e1 -1.06629552841186523e1 -1.06629524230957031e1 1.20004017389874207e-6 5.16573607001191704e-7 1 1
2.50000000000000000e-1 -1.06290136306948071e1 -1.06290216445922852e1 -1.06290197372436523e1 7.94728578057402046e-7 4.37100737826767727e-7 1 1
2.50000000000000000e-1 -1.05949009727876522e1 -1.05949125289916992e1 -1.05949068069458008e1 1.35898585540417116e-6 3.97364289028701023e-7 1 1
2.50000000000000000e-1 -1.05606092708111898e1 -1.05606212615966797e1 -1.05606164932250977e1 4.41074377022232511e-7 5.16573607001191704e-7 1 1
2.50000000000000000e-1 -1.05261406919095997e1 -1.05261516571044922e1 -1.05261487960815430e1 8.74201475653535454e-7 6.19888282926694956e-7 1 1
2.50000000000000000e-1 -1.04914973885531602e1 -1.04915065765380859e1 -1.04915065765380859e1 1.58150987772387452e-6 4.76837158203125000e-7 1 1
2.50000000000000000e-1 -1.04566814986181758e1 -1.04566926956176758e1 -1.04566869735717773e1 1.17619833872595336e-6 3.97364289028701023e-7 1 1
2.50000000000000000e-1 -1.04216951454758746e1 -1.04217014312744141e1 -1.04216995239257812e1 6.35782896551972954e-7 4.37100737826767727e-7 1 1
2.50000000000000000e-1 -1.03865404380867599e1 -1.03865442276000977e1 -1.03865461349487305e1 1.34309129862231202e-6 5.16573607001191704e-7 1 1
2.50000000000000000e-1 -1.03512194710746090e1 -1.03512229919433594e1 -1.03512248992919922e1 9.13937867608183296e-7 5.16573607001191704e-7 1 1
2.50000000000000000e-1 -1.03157343248200490e1 -1.03157377243041992e1 -1.03157396316528320e1 5.08626328610262135e-7 4.76837158203125000e-7 1 1
2.50000000000000000e-1 -1.02800870655458567e1 -1.02800912857055664e1 -1.02800912857055664e1 3.97364289028701023e-7 2.78154999477919773e-7 1 1
2.50000000000000000e-1 -1.02442797454024372e1 -1.02442817687988281e1 -1.02442836761474609e1 1.36693313379510073e-6 3.97364289028701023e-7 1 1
2.50000000000000000e-1 -1.02083144025449641e1 -1.02083129882812500e1 -1.02083177566528320e1 5.96046447753906250e-7 4.21206152623199159e-7 1 1
2.50000000000000000e-1 -1.01721930612211668e1 -1.01721916198730469e1 -1.01721992492675781e1 5.64257277346769115e-7 4.68889879812195431e-7 1 1
2.50000000000000000e-1 -1.01359177318539047e1 -1.01359167098999023e1 -1.01359243392944336e1 8.10623191682680044e-7 4.13258874232269591e-7 1 1
2.50000000000000000e-1 -1.00994904111246857e1 -1.00994863510131836e1 -1.00994977951049805e1 2.70207721086990205e-7 2.78154999477919773e-7 1 1
2.50000000000000000e-1 -1.00629130820600121e1 -1.00629072189331055e1 -1.00629205703735352e1 1.04109449239331298e-6 3.49680590261414181e-7 1 1
2.50000000000000000e-1 -1.00261877141051485e1 -1.00261783599853516e1 -1.00261964797973633e1 1.07288360595703125e-6 5.64257277346769115e-7 1 1
2.50000000000000000e-1 -9.98931626320882948e0 -9.98930454254150391e0 -9.98932361602783203e0 3.97364289028701023e-7 3.65575147043273319e-7 1 1
2.50000000000000000e-1 -9.95230067190217937e0 -9.95228862762451172e0 -9.95230865478515625e0 2.38418579101562500e-7 3.01996863072417909e-7 1 1
2.50000000000000000e-1 -9.91514286938256184e0 -9.91513442993164062e0 -9.91515064239501953e0 2.38418579101562500e-7 4.60942572999556432e-7 1 1
2.50000000000000000e-1 -9.87784477158831109e0 -9.87784099578857422e0 -9.87785243988037109e0 5.56309998955839546e-7 3.57627868652343750e-7 1 1
2.50000000000000000e-1 -9.84040828128224021e0 -9.84040164947509766e0 -9.84041786193847656e0 5.96046447753906250e-7 2.46365857492492069e-7 1 1
2.50000000000000000e-1 -9.80283528812425153e0 -9.80282878875732422e0 -9.80284404754638672e0 6.99361180522828363e-7 7.94728620689966192e-8 1 1
2.50000000000000000e-1 -9.76512766875936222e0 -9.76511955261230469e0 -9.76513862609863281e0 1.29540762827673461e-6 4.84784436594054569e-7 1 1
2.50000000000000000e-1 -9.72728728688835176e0 -9.72727584838867188e0 -9.72729778289794922e0 2.98023223876953125e-7 2.38418579101562500e-7 1 1
2.50000000000000000e-1 -9.68931599334336902e0 -9.68930530548095703e0 -9.68932628631591797e0 1.98682144514350512e-7 4.45048016217697295e-7 1 1
2.50000000000000000e-1 -9.65121562617077622e0 -9.65120792388916016e0 -9.65122795104980469e0 7.78834021275542909e-7 1.62919363333458023e-7 1 1
2.50000000000000000e-1 -9.61298801070451248e0 -9.61298465728759766e0 -9.61299800872802734e0 4.88758075789519353e-7 4.37100737826767727e-7 1 1
2.50000000000000000e-1 -9.57463495963993161e0 -9.57463359832763672e0 -9.57464694976806641e0 1.20798745228967164e-6 2.22524008108848648e-7 1 1
2.50000000000000000e-1 -9.53615827311467257e0 -9.53615570068359375e0 -9.53617000579833984e0 5.36441802978515625e-7 3.49680590261414181e-7 1 1
2.50000000000000000e-1 -9.49755973877384463e0 -9.49755287170410156e0 -9.49756908416748047e0 5.64257277346769115e-7 2.54313164305131068e-7 1 1
2.50000000000000000e-1 -9.45884113185205067e0 -9.45883464813232422e0 -9.45885086059570312e0 4.76837165308552358e-8 1.43051153145279386e-7 1 1
2.50000000000000000e-1 -9.42000421524880593e0 -9.41999816894531250e0 -9.42001533508300781e0 3.17891448275986477e-7 1.35103860543495102e-7 1 1
2.50000000000000000e-1 -9.38105073960381475e0 -9.38104629516601562e0 -9.38106346130371094e0 5.32468163783050841e-7 5.32468163783050841e-7 1 1
2.50000000000000000e-1 -9.34198244335523498e0 -9.34197521209716797e0 -9.34199428558349609e0 5.88099169362976681e-7 3.57627868652343750e-7 1 1
2.50000000000000000e-1 -9.30280105283196512e0 -9.30279445648193359e0 -9.30281257629394531e0 4.37100737826767727e-7 2.38418579101562500e-7 1 1
2.50000000000000000e-1 -9.26350828231274726e0 -9.26350116729736328e0 -9.26351928710937500e0 1.47024786656402284e-6 2.54313164305131068e-7 1 1
2.50000000000000000e-1 -9.22410583410218976e0 -9.22409915924072266e0 -9.22411632537841797e0 3.25838726666916045e-7 7.94728620689966192e-8 1 1
2.50000000000000000e-1 -9.18459539860318941e0 -9.18458747863769531e0 -9.18460559844970703e0 4.76837158203125000e-7 1.90734866123420943e-7 1 1
2.50000000000000000e-1 -9.14497865438770674e0 -9.14497184753417969e0 -9.14498901367187500e0 3.49680590261414181e-7 1.58945724137993238e-7 1 1
2.50000000000000000e-1 -9.10525726826100446e0 -9.10525321960449219e0 -9.10526657104492188e0 1.19209289550781250e-6 3.09944141463347478e-7 1 1
2.50000000000000000e-1 -9.06543289534475605e0 -9.06542778015136719e0 -9.06543827056884766e0 7.23203015695617069e-7 1.66893002528922807e-7 1 1
2.50000000000000000e-1 -9.02550717913417522e0 -9.02550029754638672e0 -9.02550888061523438e0 3.65575147043273319e-7 1.66893002528922807e-7 1 1
2.50000000000000000e-1 -8.98548175157786133e0 -8.98547363281250000e0 -8.98548316955566406e0 7.07308458913757931e-7 1.58945724137993238e-7 1 1
2.50000000000000000e-1 -8.94535823313747969e0 -8.94535446166992188e0 -8.94536113739013672e0 2.78154999477919773e-7 4.45048016217697295e-7 1 1
2.50000000000000000e-1 -8.90513823285849071e0 -8.90513801574707031e0 -8.90514183044433594e0 5.04652632571378490e-7 1.50998431536208955e-7 1 1
2.50000000000000000e-1 -8.86482334844149378e0 -8.86482620239257812e0 -8.86482620239257812e0 3.49680590261414181e-7 4.21206152623199159e-7 1 1
2.50000000000000000e-1 -8.82441516630816558e0 -8.82441520690917969e0 -8.82442092895507812e0 3.97364289028701023e-7 2.86102306290558772e-7 1 1
2.50000000000000000e-1 -8.78391526166908676e0 -8.78391456604003906e0 -8.78392124176025391e0 4.25179791818663944e-7 2.70207721086990205e-7 1 1
2.50000000000000000e-1 -8.74332519859107293e0 -8.74332332611083984e0 -8.74333095550537109e0 7.31150294086546637e-7 1.19209289550781250e-7 1 1
2.50000000000000000e-1 -8.70264653005915001e0 -8.70264434814453125e0 -8.70265293121337891e0 1.19209289550781250e-6 3.57627868652343750e-7 1 1
2.50000000000000000e-1 -8.66188079804770261e0 -8.66187858581542969e0 -8.66188621520996094e0 8.10623191682680044e-7 1.98682144514350512e-7 1 1
2.50000000000000000e-1 -8.62102953358460944e0 -8.62102031707763672e0 -8.62103271484375000e0 2.78154999477919773e-7 4.29153431014128728e-7 1 1
2.50000000000000000e-1 -8.58009425681673754e0 -8.58008289337158203e0 -8.58009529113769531e0 6.91413902131898794e-7 1.19209289550781250e-7 1 1
2.50000000000000000e-1 -8.53907647707334760e0 -8.53907108306884766e0 -8.53907775878906250e0 3.89417010637771455e-7 6.19888282926694956e-7 1 1
2.50000000000000000e-1 -8.49797769293126315e0 -8.49797439575195312e0 -8.49797534942626953e0 9.85463429969968274e-7 1.98682144514350512e-7 1 1
2.50000000000000000e-1 -8.45679939227981059e0 -8.45680046081542969e0 -8.45679855346679688e0 3.81469732246841886e-7 4.60942572999556432e-7 1 1
2.50000000000000000e-1 -8.41554305238350153e0 -8.41554737091064453e0 -8.41554164886474609e0 2.38418579101562500e-7 1.50998431536208955e-7 1 1
2.50000000000000000e-1 -8.37421013994583952e0 -8.37421703338623047e0 -8.37420749664306641e0 5.40415442173980409e-7 1.58945724137993238e-7 1 1
2.50000000000000000e-1 -8.33280211117653558e0 -8.33280754089355469e0 -8.33279895782470703e0 1.16825106033502379e-6 3.81469732246841886e-7 1 1
2.50000000000000000e-1 -8.29132041184445434e0 -8.29132461547851562e0 -8.29131507873535156e0 6.19888282926694956e-7 1.78813934326171875e-7 1 1
2.50000000000000000e-1 -8.24976647734617607e0 -8.24977684020996094e0 -8.24976348876953125e0 6.43730174942902522e-7 1.98682144514350512e-7 1 1
2.50000000000000000e-1 -8.20814173276663794e0 -8.20814704895019531e0 -8.20813941955566406e0 4.05311595841340022e-7 3.41733283448775182e-7 1 1
2.50000000000000000e-1 -8.16644759294092815e0 -8.16645336151123047e0 -8.16644668579101562e0 5.92072808558441466e-7 4.05311595841340022e-7 1 1
2.50000000000000000e-1 -8.12468546251420065e0 -8.12468814849853516e0 -8.12468624114990234e0 4.76837158203125000e-7 1.98682144514350512e-7 1 1
2.50000000000000000e-1 -8.08285673600610188e0 -8.08285713195800781e0 -8.08285903930664062e0 1.57356259933294496e-6 1.50998431536208955e-7 1 1
2.50000000000000000e-1 -8.04096279786800316e0 -8.04096126556396484e0 -8.04096317291259766e0 6.03993726144835819e-7 4.92731714984984137e-7 1 1
2.50000000000000000e-1 -7.99900502254298473e0 -7.99900484085083008e0 -7.99900722503662109e0 3.93390649833236239e-7 4.60942572999556432e-7 1 1
2.50000000000000000e-1 -7.95698477452491026e0 -7.95698547363281250e0 -7.95698690414428711e0 5.56309998955839546e-7 8.74201475653535454e-8 1 1
2.50000000000000000e-1 -7.91490340841484574e0 -7.91490411758422852e0 -7.91490745544433594e0 3.01996863072417909e-7 1.27156582152565534e-7 1 1
2.50000000000000000e-1 -7.87276226898875375e0 -7.87276363372802734e0 -7.87276697158813477e0 2.78154999477919773e-7 1.11262004054424324e-7 1 1
2.50000000000000000e-1 -7.83056269125004611e0 -7.83056497573852539e0 -7.83056449890136719e0 5.72204612581117544e-7 4.52995294608626864e-7 1 1
2.50000000000000000e-1 -7.78830600048875521e0 -7.78830814361572266e0 -7.78830671310424805e0 6.83466566897550365e-7 1.54972070731673739e-7 1 1
2.50000000000000000e-1 -7.74599351234131017e0 -7.74600076675415039e0 -7.74599313735961914e0 6.67572010115691228e-7 4.21206152623199159e-7 1 1
2.50000000000000000e-1 -7.70362653284139753e0 -7.70363616943359375e0 -7.70362520217895508e0 7.47044907711824635e-7 2.94049584681488341e-7 1 1
2.50000000000000000e-1 -7.66120635848293574e0 -7.66122055053710938e0 -7.66120767593383789e0 4.45048016217697295e-7 6.35782910762827669e-8 1 1
2.50000000000000000e-1 -7.61873427628064892e0 -7.61874866485595703e0 -7.61873817443847656e0 1.70866641724387591e-7 1.90734866123420943e-7 1 1
2.50000000000000000e-1 -7.57621156381559313e0 -7.57622814178466797e0 -7.57621717453002930e0 3.25838726666916045e-7 1.47024792340744170e-7 1 1
2.50000000000000000e-1 -7.53363948930295901e0 -7.53366041183471680e0 -7.53364324569702148e0 5.72204612581117544e-7 2.78154999477919773e-7 1 1
2.50000000000000000e-1 -7.49101931163544332e0 -7.49104022979736328e0 -7.49102258682250977e0 3.65575147043273319e-7 4.21206152623199159e-7 1 1
-2.50000000000000000e-1 1.49498161558053138e1 1.49497957229614258e1 1.49498138427734375e1 4.60942572999556432e-7 7.78834021275542909e-7 11 11
-2.50000000000000000e-1 2.09988673010920444e1 2.09988670349121094e1 2.09988670349121094e1 4.19616708313697018e-6 4.06901062888209708e-6 13 13
-2.50000000000000000e-1 2.09989545933076833e1 2.09989566802978516e1 2.09989566802978516e1 2.32060756388818845e-6 4.76837158203125000e-7 10 10
-2.50000000000000000e-1 2.09987872307054175e1 2.09987888336181641e1 2.09987888336181641e1 2.09808354156848509e-6 1.29221007227897644e-6 5 5
-2.50000000000000000e-1 2.09987833541731241e1 2.09987888336181641e1 2.09987888336181641e1 1.04904177078424254e-6 1.68482461049279664e-6 13 13
-2.50000000000000000e-1 2.09987841355328371e1 2.09987888336181641e1 2.09987888336181641e1 2.36905179917812347e-6 2.36323103308677673e-6 10 10
-2.50000000000000000e-1 2.09987841689899675e1 2.09987888336181641e1 2.09987888336181641e1 8.90096032435394591e-7 1.43051147460937500e-6 13 13
-2.50000000000000000e-1 2.09987841660260024e1 2.09987888336181641e1 2.09987888336181641e1 5.08626317241578363e-6 1.36693313379510073e-6 11 11
-2.50000000000000000e-1 2.09987841659273613e1 2.09987888336181641e1 2.09987888336181641e1 1.97092685993993655e-6 2.22523999582335819e-6 12 12
-2.50000000000000000e-1 2.09987841660566410e1 2.09987888336181641e1 2.09987888336181641e1 2.35239667745190673e-6 1.81198117843450746e-6 11 11
-2.50000000000000000e-1 2.09987841661766197e1 2.09987888336181641e1 2.09987888336181641e1 6.35782896551972954e-7 1.20798745228967164e-6 13 13
-2.50000000000000000e-1 2.09987841662953372e1 2.09987888336181641e1 2.09987888336181641e1 2.73386626759020146e-6 1.58945724137993238e-7 13 13
-2.50000000000000000e-1 2.09987841664140724e1 2.09987888336181641e1 2.09987888336181641e1 5.43594342161668465e-6 5.56310033061890863e-6 7 7
-2.50000000000000000e-1 2.09987841665328077e1 2.09987888336181641e1 2.09987888336181641e1 2.63849892689904664e-6 2.86102294921875000e-6 5 5
-2.50000000000000000e-1 2.09987841666515429e1 2.09987888336181641e1 2.09987888336181641e1 1.30335490666766418e-6 1.43051147460937500e-6 3 3
-2.50000000000000000e-1 2.09987841667702781e1 2.09987888336181641e1 2.09987888336181641e1 1.46230058817309327e-6 8.26517748464539181e-7 2 2
-2.50000000000000000e-1 2.09987841668890098e1 2.09987888336181641e1 2.09987888336181641e1 5.72204612581117544e-7 3.49680590261414181e-7 2 2
-2.50000000000000000e-1 2.09987841670077344e1 2.09987888336181641e1 2.09987888336181641e1 4.76837158203125000e-7 8.90096032435394591e-7 2 2
-2.50000000000000000e-1 2.09987841671264590e1 2.09987888336181641e1 2.09987888336181641e1 2.05039987122290768e-6 3.81469732246841886e-7 2 2
-2.50000000000000000e-1 2.09987841672451836e1 2.09987888336181641e1 2.09987888336181641e1 1.46230058817309327e-6 1.58945724137993238e-7 2 2
-2.50000000000000000e-1 2.09987841673639046e1 2.09987888336181641e1 2.09987888336181641e1 1.00135798675182741e-6 8.90096032435394591e-7 2 2
-2.50000000000000000e-1 2.09987841674728628e1 2.09987888336181641e1 2.09987888336181641e1 6.19888282926694956e-7 6.51677453333832091e-7 2 2
-2.50000000000000000e-1 2.00280558470708669e1 2.00276317596435547e1 2.00282573699951172e1 1.97092685993993655e-6 7.94728620689966192e-8 4 4
-2.50000000000000000e-1 1.05507886877449621e1 1.05506935119628906e1 1.05508308410644531e1 1.27156579310394591e-6 1.17619833872595336e-6 2 2
-2.50000000000000000e-1 1.21207112536005930e1 1.21207227706909180e1 1.21207132339477539e1 5.20547246196656488e-6 4.64916229248046875e-6 2 2
-2.50000000000000000e-1 1.28765979173054017e1 1.28765754699707031e1 1.28765792846679688e1 7.31150294086546637e-7 1.11261999791167909e-6 5 5
-2.50000000000000000e-1 1.31545607979740637e1 1.31545515060424805e1 1.31545591354370117e1 5.72204612581117544e-7 2.86102306290558772e-7 4 4
-2.50000000000000000e-1 1.34071524698623445e1 1.34071426391601562e1 1.34071493148803711e1 7.15255737304687500e-7 4.45048016217697295e-7 4 4
-2.50000000000000000e-1 1.36776950195456006e1 1.36776838302612305e1 1.36776933670043945e1 7.78834021275542909e-7 2.06629437116134795e-7 4 4
-2.50000000000000000e-1 1.39532289010877921e1 1.39532155990600586e1 1.39532270431518555e1 3.17891448275986477e-7 4.92731714984984137e-7 4 4
-2.50000000000000000e-1 1.42277503694363716e1 1.42277288436889648e1 1.42277469635009766e1 1.33514402023138246e-6 1.58945724137993238e-7 4 4
-2.50000000000000000e-1 1.44987487618702140e1 1.44987249374389648e1 1.44987449645996094e1 3.03983682670150301e-7 8.26517748464539181e-7 4 4
-2.50000000000000000e-1 1.47638545098247533e1 1.47638339996337891e1 1.47638502120971680e1 5.72204612581117544e-7 4.29153431014128728e-7 4 4
-2.50000000000000000e-1 1.50212728736263603e1 1.50212631225585938e1 1.50212802886962891e1 1.06520019471645355e-6 1.08848325908184052e-6 3 3
-2.50000000000000000e-1 1.52711635432700437e1 1.52711648941040039e1 1.52711820602416992e1 1.17619833872595336e-6 9.51695255935192108e-7 3 3
-2.50000000000000000e-1 1.55131560567012130e1 1.55131587982177734e1 1.55131750106811523e1 1.19209289550781250e-6 1.03314721400238341e-6 3 3
-2.50000000000000000e-1 1.57469617280823417e1 1.57469568252563477e1 1.57469806671142578e1 1.85966496246692259e-6 1.54972076416015625e-6 3 3
-2.50000000000000000e-1 1.59724841366004728e1 1.59724760055541992e1 1.59725017547607422e1 2.50339508056640625e-6 2.42392229665711056e-6 3 3
-2.50000000000000000e-1 1.61897725791741358e1 1.61897583007812500e1 1.61897888183593750e1 3.41733289133117069e-6 3.09944152832031250e-6 3 3
-2.50000000000000000e-1 1.63989797660384689e1 1.63989658355712891e1 1.63989963531494141e1 4.76837158203125000e-6 3.97364283344359137e-6 3 3
-2.50000000000000000e-1 1.66003320649806554e1 1.66003131866455078e1 1.66003475189208984e1 5.40415430805296637e-6 5.40415430805296637e-6 3 3
-2.50000000000000000e-1 1.67941067772693557e1 1.67940883636474609e1 1.67941207885742188e1 6.99361180522828363e-6 6.59624720356077887e-6 3 3
-2.50000000000000000e-1 1.69806143702423000e1 1.69805736541748047e1 1.69806060791015625e1 3.94356902688741684e-7 3.65253072232007980e-7 4 4
-2.50000000000000000e-1 1.71601846992805740e1 1.71601657867431641e1 1.71601943969726562e1 1.25567123632208677e-6 7.78834021275542909e-7 4 4
-2.50000000000000000e-1 1.73331564489947887e1 1.73331336975097656e1 1.73331661224365234e1 9.05990589217253728e-7 2.77941580861806870e-7 4 4
-2.50000000000000000e-1 1.74998691471062067e1 1.74998416900634766e1 1.74998741149902344e1 9.85463429969968274e-7 7.31150294086546637e-7 4 4
-2.50000000000000000e-1 1.76606572236587134e1 1.76606292724609375e1 1.76606616973876953e1 5.16573607001191704e-7 3.17891448275986477e-7 4 4
-2.50000000000000000e-1 1.78158456891424564e1 1.78158168792724609e1 1.78158493041992188e1 2.30471300710632931e-6 2.38418579101562500e-7 4 4
-2.50000000000000000e-1 1.79657470872253313e1 1.79657211303710938e1 1.79657459259033203e1 6.35782896551972954e-7 6.67572010115691228e-7 4 4
-2.50000000000000000e-1 1.81106594444696896e1 1.81106262207031250e1 1.81106586456298828e1 5.56309998955839546e-7 5.08626328610262135e-7 4 4
-2.50000000000000000e-1 1.82508649936118346e1 1.82508354187011719e1 1.82508640289306641e1 4.29153431014128728e-7 5.40415442173980409e-7 4 4
-2.50000000000000000e-1 1.83866294853817038e1 1.83866043090820312e1 1.83866310119628906e1 5.56309998955839546e-7 4.60942572999556432e-7 4 4
-2.50000000000000000e-1 1.85182019841099859e1 1.85181732177734375e1 1.85182018280029297e1 2.33650212067004759e-6 6.51677453333832091e-7 4 4
-2.50000000000000000e-1 1.86458149163465805e1 1.86457843780517578e1 1.86458129882812500e1 4.25179791818663944e-7 5.88099169362976681e-7 4 4
-2.50000000000000000e-1 1.87696844733299777e1 1.87696533203125000e1 1.87696838378906250e1 3.81469732246841886e-7 1.58945724137993238e-7 4 4
-2.50000000000000000e-1 1.88900111003736697e1 1.88899784088134766e1 1.88900108337402344e1 7.31150294086546637e-7 5.56309998955839546e-7 4 4
-2.50000000000000000e-1 1.90069801322117264e1 1.90069446563720703e1 1.90069789886474609e1 1.38282780426379759e-6 5.40415442173980409e-7 4 4
-2.50000000000000000e-1 1.91207624879912572e1 1.91207332611083984e1 1.91207618713378906e1 5.56309998955839546e-7 2.38418579101562500e-7 4 4
-2.50000000000000000e-1 1.92315153920096833e1 1.92314853668212891e1 1.92315139770507812e1 7.94728578057402046e-7 4.76837158203125000e-7 4 4
-2.50000000000000000e-1 1.93393830883715694e1 1.93393554687500000e1 1.93393783569335938e1 6.67572010115691228e-7 4.60942572999556432e-7 4 4
-2.50000000000000000e-1 1.94444975206764248e1 1.94444675445556641e1 1.94444904327392578e1 1.73250839452521177e-6 3.65575147043273319e-7 4 4
-2.50000000000000000e-1 1.95469789487296097e1 1.95469512939453125e1 1.95469722747802734e1 6.19888282926694956e-7 3.01996863072417909e-7 4 4
-2.50000000000000000e-1 1.96469364722469599e1 1.96469078063964844e1 1.96469306945800781e1 1.23977656585338991e-6 7.94728578057402046e-7 4 4
-2.50000000000000000e-1 1.97444684252341744e1 1.97444400787353516e1 1.97444591522216797e1 8.90096032435394591e-7 6.19888282926694956e-7 4 4
-2.50000000000000000e-1 1.98396625924541503e1 1.98396377563476562e1 1.98396568298339844e1 9.17911506803648081e-7 6.51677453333832091e-7 4 4
-2.50000000000000000e-1 1.99325961777616705e1 1.99325733184814453e1 1.99325904846191406e1 5.88099169362976681e-7 4.13258874232269591e-7 4 4
-2.50000000000000000e-1 2.00233354170681999e1 2.00233135223388672e1 2.00233325958251953e1 5.12599967805726919e-7 6.35782896551972954e-7 4 4
-2.50000000000000000e-1 2.01119346651033020e1 2.01119194030761719e1 2.01119327545166016e1 1.16030378194409423e-6 5.88099169362976681e-7 4 4
-2.50000000000000000e-1 2.01984346744909580e1 2.01984176635742188e1 2.01984310150146484e1 5.52336359760374762e-7 4.60942572999556432e-7 4 4
-2.50000000000000000e-1 2.02828595882031593e1 2.02828426361083984e1 2.02828578948974609e1 7.47044907711824635e-7 1.70866641724387591e-7 4 4
-2.50000000000000000e-1 2.03652118039618450e1 2.03651905059814453e1 2.03652133941650391e1 7.62939464493683772e-7 2.38418579101562500e-7 4 4
-2.50000000000000000e-1 2.04454631823303288e1 2.04454402923583984e1 2.04454631805419922e1 3.93390649833236239e-7 4.76837158203125000e-7 4 4
-2.50000000000000000e-1 2.05235397262656498e1 2.05235195159912109e1 2.05235366821289062e1 8.26517748464539181e-7 1.43051153145279386e-7 4 4
-2.50000000000000000e-1 2.05992941521970572e1 2.05992717742919922e1 2.05992927551269531e1 1.74840295130707091e-6 7.94728578057402046e-7 4 4
-2.50000000000000000e-1 2.06724552162385002e1 2.06724338531494141e1 2.06724510192871094e1 6.35782896551972954e-7 1.16030378194409423e-6 4 4
-2.50000000000000000e-1 2.07425314010204254e1 2.07425136566162109e1 2.07425289154052734e1 1.39872236104565673e-6 9.85463429969968274e-7 4 4
-2.50000000000000000e-1 2.08086260952816176e1 2.08086109161376953e1 2.08086223602294922e1 1.25567123632208677e-6 2.06629437116134795e-7 4 4
-2.50000000000000000e-1 2.08691006091586218e1 2.08690853118896484e1 2.08690986633300781e1 1.70071916727465577e-6 8.26517748464539181e-7 4 4
-2.50000000000000000e-1 2.09211000966568932e1 2.09210891723632812e1 2.09211006164550781e1 3.49680590261414181e-7 3.49680590261414181e-7 3 3
-2.50000000000000000e-1 2.09605465420225059e1 2.09605350494384766e1 2.09605426788330078e1 1.12851455469353823e-6 6.67572010115691228e-7 3 3
-2.50000000000000000e-1 2.09844165848816040e1 2.09844112396240234e1 2.09844131469726562e1 1.08083088434796082e-6 7.78834021275542909e-7 3 3
-2.50000000000000000e-1 2.09948207464090260e1 2.09948234558105469e1 2.09948272705078125e1 1.27156579310394591e-6 6.83466566897550365e-7 2 2
-2.50000000000000000e-1 2.09979622422212344e1 2.09979629516601562e1 2.09979629516601562e1 3.65575147043273319e-7 4.76837158203125000e-7 2 2
-2.50000000000000000e-1 2.09986469621604073e1 2.09986476898193359e1 2.09986476898193359e1 3.89417010637771455e-7 1.27156582152565534e-7 2 2
-2.50000000000000000e-1 2.09987642114728459e1 2.09987659454345703e1 2.09987659454345703e1 1.01725265722052427e-6 3.65575147043273319e-7 2 2
-2.50000000000000000e-1 2.09987814610770442e1 2.09987659454345703e1 2.09987659454345703e1 8.58306862028257456e-7 7.15255737304687500e-7 1 1
-2.50000000000000000e-1 2.09987838110815055e1 2.09987659454345703e1 2.09987659454345703e1 8.26517748464539181e-7 7.94728578057402046e-7 1 1
-2.50000000000000000e-1 2.09987841246276545e1 2.09987659454345703e1 2.09987659454345703e1 9.05990589217253728e-7 8.90096032435394591e-7 1 1
-2.50000000000000000e-1 2.09987841672799576e1 2.09987659454345703e1 2.09987659454345703e1 7.94728578057402046e-7 1.09672544112981996e-6 1 1
-2.50000000000000000e-1 2.09987841734195904e1 2.09987659454345703e1 2.09987659454345703e1 7.94728578057402046e-7 8.58306862028257456e-7 1 1
-2.50000000000000000e-1 2.09987841744409351e1 2.09987659454345703e1 2.09987659454345703e1 7.94728578057402046e-7 7.94728578057402046e-7 1 1
-2.50000000000000000e-1 2.09987841747040989e1 2.09987659454345703e1 2.09987659454345703e1 1.65303549692907836e-6 1.00135798675182741e-6 1 1
-2.50000000000000000e-1 2.09987841748475041e1 2.09987659454345703e1 2.09987659454345703e1 7.94728578057402046e-7 8.90096032435394591e-7 1 1
-2.50000000000000000e-1 2.09987841749706448e1 2.09987659454345703e1 2.09987659454345703e1 7.94728578057402046e-7 1.11261999791167909e-6 1 1
-2.50000000000000000e-1 2.09987841750901083e1 2.09987659454345703e1 2.09987659454345703e1 7.94728578057402046e-7 7.94728578057402046e-7 1 1
-2.50000000000000000e-1 2.09987841752088542e1 2.09987659454345703e1 2.09987659454345703e1 1.12851455469353823e-6 7.94728578057402046e-7 1 1
-2.50000000000000000e-1 2.09987841753274509e1 2.09987659454345703e1 2.09987659454345703e1 1.00135798675182741e-6 8.58306862028257456e-7 1 1
-2.50000000000000000e-1 2.09987841754460156e1 2.09987659454345703e1 2.09987659454345703e1 7.94728578057402046e-7 7.94728578057402046e-7 1 1
-2.50000000000000000e-1 2.09987841755645590e1 2.09987659454345703e1 2.09987659454345703e1 7.94728578057402046e-7 7.94728578057402046e-7 1 1
-2.50000000000000000e-1 2.09987841756831024e1 2.09987659454345703e1 2.09987659454345703e1 7.94728578057402046e-7 7.94728578057402046e-7 1 1
-2.50000000000000000e-1 2.09987841758016494e1 2.09987659454345703e1 2.09987659454345703e1 1.87555951924878173e-6 1.01725265722052427e-6 1 1
-2.50000000000000000e-1 2.09987841759201821e1 2.09987659454345703e1 2.09987659454345703e1 1.00135798675182741e-6 7.94728578057402046e-7 1 1
-2.50000000000000000e-1 2.09987841760387219e1 2.09987659454345703e1 2.09987659454345703e1 8.42412305246398319e-7 7.94728578057402046e-7 1 1
-2.50000000000000000e-1 2.09987841761572547e1 2.09987659454345703e1 2.09987659454345703e1 1.73250839452521177e-6 7.94728578057402046e-7 1 1
-2.50000000000000000e-1 2.09987841762757874e1 2.09987659454345703e1 2.09987659454345703e1 7.94728578057402046e-7 7.94728578057402046e-7 1 1
-2.50000000000000000e-1 2.09987841763943166e1 2.09987659454345703e1 2.09987659454345703e1 1.20798745228967164e-6 7.94728578057402046e-7 1 1
-2.50000000000000000e-1 2.09987841765128458e1 2.09987659454345703e1 2.09987659454345703e1 7.94728578057402046e-7 7.94728578057402046e-7 1 1
-2.50000000000000000e-1 2.09987841766313714e1 2.09987659454345703e1 2.09987659454345703e1 1.04904177078424254e-6 8.42412305246398319e-7 1 1
-2.50000000000000000e-1 2.09987841767498900e1 2.09987659454345703e1 2.09987659454345703e1 7.94728578057402046e-7 7.94728578057402046e-7 1 1
-2.50000000000000000e-1 2.09987841768684120e1 2.09987659454345703e1 2.09987659454345703e1 7.94728578057402046e-7 7.94728578057402046e-7 1 1
-2.50000000000000000e-1 2.09987841769869270e1 2.09987659454345703e1 2.09987659454345703e1 1.01725265722052427e-6 7.94728578057402046e-7 1 1
-2.50000000000000000e-1 2.09987841771054420e1 2.09987659454345703e1 2.09987659454345703e1 7.94728578057402046e-7 7.94728578057402046e-7 1 1
-2.50000000000000000e-1 2.09987841772239534e1 2.09987659454345703e1 2.09987659454345703e1 7.94728578057402046e-7 7.94728578057402046e-7 1 1
-2.50000000000000000e-1 2.09987841773424613e1 2.09987659454345703e1 2.09987659454345703e1 7.94728578057402046e-7 1.03314721400238341e-6 1 1
-2.50000000000000000e-1 2.09987841774609691e1 2.09987659454345703e1 2.09987659454345703e1 7.94728578057402046e-7 7.94728578057402046e-7 1 1
-2.50000000000000000e-1 2.09987841775794735e1 2.09987659454345703e1 2.09987659454345703e1 7.94728578057402046e-7 7.94728578057402046e-7 1 1
-2.50000000000000000e-1 2.09987841776979742e1 2.09987659454345703e1 2.09987659454345703e1 7.94728578057402046e-7 7.94728578057402046e-7 1 1
-2.50000000000000000e-1 2.09987841778164750e1 2.09987659454345703e1 2.09987659454345703e1 1.62124638336536009e-6 9.37779759624390863e-7 1 1
-2.50000000000000000e-1 2.09987841779349722e1 2.09987659454345703e1 2.09987659454345703e1 1.63714094014721923e-6 7.94728578057402046e-7 1 1
-2.50000000000000000e-1 2.09987841780534694e1 2.09987659454345703e1 2.09987659454345703e1 7.94728578057402046e-7 7.94728578057402046e-7 1 1
-2.50000000000000000e-1 2.09987841781719560e1 2.09987659454345703e1 2.09987659454345703e1 1.20798745228967164e-6 7.94728578057402046e-7 1 1
-2.50000000000000000e-1 2.09987841782904425e1 2.09987659454345703e1 2.09987659454345703e1 7.94728578057402046e-7 7.94728578057402046e-7 1 1
-2.50000000000000000e-1 2.09987841784089326e1 2.09987659454345703e1 2.09987659454345703e1 1.66893005371093750e-6 7.94728578057402046e-7 1 1
-2.50000000000000000e-1 2.09987841785274192e1 2.09987659454345703e1 2.09987659454345703e1 1.92324318959435914e-6 8.74201475653535454e-7 1 1
-2.50000000000000000e-1 2.09987841786459022e1 2.09987659454345703e1 2.09987659454345703e1 7.94728578057402046e-7 7.94728578057402046e-7 1 1
-2.50000000000000000e-1 2.09987841787643781e1 2.09987659454345703e1 2.09987659454345703e1 7.94728578057402046e-7 7.94728578057402046e-7 1 1
-2.50000000000000000e-1 2.09987841788828540e1 2.09987659454345703e1 2.09987659454345703e1 7.94728578057402046e-7 7.94728578057402046e-7 1 1
-2.50000000000000000e-1 2.09987841790013299e1 2.09987659454345703e1 2.09987659454345703e1 1.63714094014721923e-6 7.94728578057402046e-7 1 1
-2.50000000000000000e-1 2.09987841791197987e1 2.09987659454345703e1 2.09987659454345703e1 7.94728578057402046e-7 7.94728578057402046e-7 1 1
-2.50000000000000000e-1 2.09987841792382675e1 2.09987659454345703e1 2.09987659454345703e1 7.94728578057402046e-7 7.94728578057402046e-7 1 1
-2.50000000000000000e-1 2.09987841793567362e1 2.09987659454345703e1 2.09987659454345703e1 1.85966496246692259e-6 7.94728578057402046e-7 1 1
-2.50000000000000000e-1 2.09987841794751979e1 2.09987659454345703e1 2.09987659454345703e1 7.94728578057402046e-7 7.94728578057402046e-7 1 1
-2.50000000000000000e-1 2.09987841795936596e1 2.09987659454345703e1 2.09987659454345703e1 7.94728578057402046e-7 8.74201475653535454e-7 1 1
-2.50000000000000000e-1 2.09987841797121249e1 2.09987659454345703e1 2.09987659454345703e1 7.94728578057402046e-7 7.94728578057402046e-7 1 1
-2.50000000000000000e-1 2.09987841798305794e1 2.09987659454345703e1 2.09987659454345703e1 7.94728578057402046e-7 7.94728578057402046e-7 1 1
-2.50000000000000000e-1 2.09987841799490305e1 2.09987659454345703e1 2.09987659454345703e1 7.94728578057402046e-7 7.94728578057402046e-7 1 1
-2.50000000000000000e-1 2.09987841800674815e1 2.09987659454345703e1 2.09987659454345703e1 7.94728578057402046e-7 7.94728578057402046e-7 1 1
-2.50000000000000000e-1 2.09987841801859325e1 2.09987659454345703e1 2.09987659454345703e1 7.94728578057402046e-7 9.21885145999112865e-7 1 1
-2.50000000000000000e-1 2.09987841803043800e1 2.09987659454345703e1 2.09987659454345703e1 7.94728578057402046e-7 7.94728578057402046e-7 1 1
-2.50000000000000000e-1 2.09987841804228239e1 2.09987659454345703e1 2.09987659454345703e1 7.94728578057402046e-7 7.94728578057402046e-7 1 1
-2.50000000000000000e-1 2.09987841805412643e1 2.09987659454345703e1 2.09987659454345703e1 2.30471300710632931e-6 7.94728578057402046e-7 1 1
-2.50000000000000000e-1 2.09987841806597011e1 2.09987659454345703e1 2.09987659454345703e1 7.94728578057402046e-7 7.94728578057402046e-7 1 1
-2.50000000000000000e-1 2.09987841807781415e1 2.09987659454345703e1 2.09987659454345703e1 1.39872236104565673e-6 8.42412305246398319e-7 1 1
-2.50000000000000000e-1 2.09987841808965747e1 2.09987659454345703e1 2.09987659454345703e1 7.94728578057402046e-7 9.05990589217253728e-7 1 1
-2.50000000000000000e-1 2.09987841810150044e1 2.09987659454345703e1 2.09987659454345703e1 7.94728578057402046e-7 7.94728578057402046e-7 1 1
-2.50000000000000000e-1 2.09987841811334341e1 2.09987659454345703e1 2.09987659454345703e1 7.94728578057402046e-7 7.94728578057402046e-7 1 1
-2.50000000000000000e-1 2.09987841812518603e1 2.09987659454345703e1 2.09987659454345703e1 7.94728578057402046e-7 7.94728578057402046e-7 1 1
-2.50000000000000000e-1 2.09987841813702829e1 2.09987659454345703e1 2.09987659454345703e1 8.74201475653535454e-7 7.94728578057402046e-7 1 1
-2.50000000000000000e-1 2.09987841814887091e1 2.09987659454345703e1 2.09987659454345703e1 7.94728578057402046e-7 7.94728578057402046e-7 1 1
-2.50000000000000000e-1 2.09987841816071246e1 2.09987659454345703e1 2.09987659454345703e1 1.62124638336536009e-6 1.04904177078424254e-6 1 1
-2.50000000000000000e-1 2.09987841817255401e1 2.09987659454345703e1 2.09987659454345703e1 1.84377029199822573e-6 7.94728578057402046e-7 1 1
-2.50000000000000000e-1 2.09987841818439556e1 2.09987659454345703e1 2.09987659454345703e1 7.94728578057402046e-7 7.94728578057402046e-7 1 1
-2.50000000000000000e-1 2.09987841819623675e1 2.09987659454345703e1 2.09987659454345703e1 7.94728578057402046e-7 7.94728578057402046e-7 1 1
-2.50000000000000000e-1 2.09987841820807759e1 2.09987659454345703e1 2.09987659454345703e1 7.94728578057402046e-7 9.53674316406250000e-7 1 1
-2.50000000000000000e-1 2.09987841821991807e1 2.09987659454345703e1 2.09987659454345703e1 7.94728578057402046e-7 7.94728578057402046e-7 1 1
-2.50000000000000000e-1 2.09987841823175891e1 2.09987659454345703e1 2.09987659454345703e1 7.94728578057402046e-7 8.10623191682680044e-7 1 1
-2.50000000000000000e-1 2.09987841824359833e1 2.09987659454345703e1 2.09987659454345703e1 1.35103857701324159e-6 7.94728578057402046e-7 1 1
-2.50000000000000000e-1 2.09987841825543846e1 2.09987659454345703e1 2.09987659454345703e1 1.16030378194409423e-6 1.04904177078424254e-6 1 1
-2.50000000000000000e-1 2.09987841826727824e1 2.09987659454345703e1 2.09987659454345703e1 7.94728578057402046e-7 7.94728578057402046e-7 1 1
-2.50000000000000000e-1 2.09987841827911801e1 2.09987659454345703e1 2.09987659454345703e1 7.94728578057402046e-7 7.94728578057402046e-7 1 1
-2.50000000000000000e-1 2.09987841829095636e1 2.09987659454345703e1 2.09987659454345703e1 1.03314721400238341e-6 7.94728578057402046e-7 1 1
-2.50000000000000000e-1 2.09987841830279578e1 2.09987659454345703e1 2.09987659454345703e1 1.52587892898736754e-6 8.10623191682680044e-7 1 1
-2.50000000000000000e-1 2.09987841831463449e1 2.09987659454345703e1 2.09987659454345703e1 8.26517748464539181e-7 7.94728578057402046e-7 1 1
-2.50000000000000000e-1 2.09987841832647284e1 2.09987659454345703e1 2.09987659454345703e1 8.02675856448331615e-7 7.94728578057402046e-7 1 1
-2.50000000000000000e-1 2.09987841833831084e1 2.09987659454345703e1 2.09987659454345703e1 7.94728578057402046e-7 7.94728578057402046e-7 1 1
-2.50000000000000000e-1 2.09987841835014883e1 2.09987659454345703e1 2.09987659454345703e1 1.41461691782751586e-6 7.94728578057402046e-7 1 1
-2.50000000000000000e-1 2.09987841836198612e1 2.09987659454345703e1 2.09987659454345703e1 8.26517748464539181e-7 7.94728578057402046e-7 1 1
-2.50000000000000000e-1 2.09987841837382376e1 2.09987659454345703e1 2.09987659454345703e1 1.76429750808893004e-6 7.94728578057402046e-7 1 1
-2.50000000000000000e-1 2.09987841838566069e1 2.09987659454345703e1 2.09987659454345703e1 7.94728578057402046e-7 7.94728578057402046e-7 1 1
-2.50000000000000000e-1 2.09987841839749727e1 2.09987659454345703e1 2.09987659454345703e1 7.94728578057402046e-7 7.94728578057402046e-7 1 1
-2.50000000000000000e-1 2.09987841840933456e1 2.09987659454345703e1 2.09987659454345703e1 1.49408981542364927e-6 7.94728578057402046e-7 1 1
-2.50000000000000000e-1 2.09987841842117078e1 2.09987659454345703e1 2.09987659454345703e1 7.94728578057402046e-7 7.94728578057402046e-7 1 1
-2.50000000000000000e-1 2.09987841843300700e1 2.09987659454345703e1 2.09987659454345703e1 7.94728578057402046e-7 7.94728578057402046e-7 1 1
-2.50000000000000000e-1 2.09987841844484286e1 2.09987659454345703e1 2.09987659454345703e1 1.08083088434796082e-6 7.94728578057402046e-7 1 1
-2.50000000000000000e-1 2.09987841845667838e1 2.09987659454345703e1 2.09987659454345703e1 1.54177348576922668e-6 7.94728578057402046e-7 1 1
-2.50000000000000000e-1 2.09987841846851353e1 2.09987659454345703e1 2.09987659454345703e1 7.94728578057402046e-7 7.94728578057402046e-7 1 1
-2.50000000000000000e-1 2.09987841848034904e1 2.09987659454345703e1 2.09987659454345703e1 7.94728578057402046e-7 7.94728578057402046e-7 1 1
-2.50000000000000000e-1 2.09987841849218420e1 2.09987659454345703e1 2.09987659454345703e1 2.43186946136120241e-6 7.94728578057402046e-7 1 1
-2.50000000000000000e-1 2.09987841850401900e1 2.09987659454345703e1 2.09987659454345703e1 1.19209289550781250e-6 7.94728578057402046e-7 1 1
-2.50000000000000000e-1 2.09987841851585273e1 2.09987659454345703e1 2.09987659454345703e1 7.94728578057402046e-7 7.94728578057402046e-7 1 1
-2.50000000000000000e-1 2.09987841852768717e1 2.09987659454345703e1 2.09987659454345703e1 1.03314721400238341e-6 1.04904177078424254e-6 1 1
-2.50000000000000000e-1 2.09987841853952055e1 2.09987659454345703e1 2.09987659454345703e1 7.94728578057402046e-7 8.90096032435394591e-7 1 1
-2.50000000000000000e-1 2.09987841855135464e1 2.09987659454345703e1 2.09987659454345703e1 1.46230058817309327e-6 9.69568873188109137e-7 1 1
-2.50000000000000000e-1 2.09987841856318802e1 2.09987659454345703e1 2.09987659454345703e1 7.94728578057402046e-7 7.94728578057402046e-7 1 1
-2.50000000000000000e-1 2.09987841857502104e1 2.09987659454345703e1 2.09987659454345703e1 1.31924946344952332e-6 7.94728578057402046e-7 1 1
-2.50000000000000000e-1 2.09987841858685407e1 2.09987659454345703e1 2.09987659454345703e1 7.94728578057402046e-7 1.08083088434796082e-6 1 1
-2.50000000000000000e-1 2.09987841859868674e1 2.09987659454345703e1 2.09987659454345703e1 8.58306862028257456e-7 7.94728578057402046e-7 1 1
-2.50000000000000000e-1 2.09987841861051940e1 2.09987659454345703e1 2.09987659454345703e1 1.20798745228967164e-6 1.00135798675182741e-6 1 1
-2.50000000000000000e-1 2.09987841862235065e1 2.09987659454345703e1 2.09987659454345703e1 8.42412305246398319e-7 7.94728578057402046e-7 1 1
-2.50000000000000000e-1 2.09987841863418296e1 2.09987659454345703e1 2.09987659454345703e1 7.94728578057402046e-7 7.94728578057402046e-7 1 1
-2.50000000000000000e-1 2.09987841864601457e1 2.09987659454345703e1 2.09987659454345703e1 8.26517748464539181e-7 7.94728578057402046e-7 1 1
-2.50000000000000000e-1 2.09987841865784652e1 2.09987659454345703e1 2.09987659454345703e1 1.92324318959435914e-6 7.94728578057402046e-7 1 1
-2.50000000000000000e-1 2.09987841866967671e1 2.09987659454345703e1 2.09987659454345703e1 1.09672544112981996e-6 1.00135798675182741e-6 1 1
-2.50000000000000000e-1 2.09987841868150795e1 2.09987659454345703e1 2.09987659454345703e1 7.94728578057402046e-7 1.01725265722052427e-6 1 1
-2.50000000000000000e-1 2.09987841869333884e1 2.09987659454345703e1 2.09987659454345703e1 7.94728578057402046e-7 9.37779759624390863e-7 1 1
-2.50000000000000000e-1 2.09987841870516903e1 2.09987659454345703e1 2.09987659454345703e1 7.94728578057402046e-7 7.94728578057402046e-7 1 1
-2.50000000000000000e-1 2.09987841871699921e1 2.09987659454345703e1 2.09987659454345703e1 7.94728578057402046e-7 8.26517748464539181e-7 1 1
-2.50000000000000000e-1 2.09987841872882903e1 2.09987659454345703e1 2.09987659454345703e1 7.94728578057402046e-7 7.94728578057402046e-7 1 1
-2.50000000000000000e-1 2.09987841874065850e1 2.09987659454345703e1 2.09987659454345703e1 1.09672544112981996e-6 7.94728578057402046e-7 1 1
-2.50000000000000000e-1 2.09987841875248797e1 2.09987659454345703e1 2.09987659454345703e1 7.94728578057402046e-7 8.10623191682680044e-7 1 1
-2.50000000000000000e-1 2.09987841876431709e1 2.09987659454345703e1 2.09987659454345703e1 7.94728578057402046e-7 8.90096032435394591e-7 1 1
-2.50000000000000000e-1 2.09987841877614549e1 2.09987659454345703e1 2.09987659454345703e1 7.94728578057402046e-7 7.94728578057402046e-7 1 1
-2.50000000000000000e-1 2.09987841878797461e1 2.09987659454345703e1 2.09987659454345703e1 7.94728578057402046e-7 7.94728578057402046e-7 1 1
-2.50000000000000000e-1 2.09987841879980301e1 2.09987659454345703e1 2.09987659454345703e1 7.94728578057402046e-7 8.42412305246398319e-7 1 1
-2.50000000000000000e-1 2.09987841881163106e1 2.09987659454345703e1 2.09987659454345703e1 7.94728578057402046e-7 7.94728578057402046e-7 1 1
-2.50000000000000000e-1 2.09987841882345947e1 2.09987659454345703e1 2.09987659454345703e1 1.35103857701324159e-6 7.94728578057402046e-7 1 1
-2.50000000000000000e-1 2.09987841883528681e1 2.09987659454345703e1 2.09987659454345703e1 7.94728578057402046e-7 7.94728578057402046e-7 1 1
-2.50000000000000000e-1 2.09987841884711379e1 2.09987659454345703e1 2.09987659454345703e1 7.94728578057402046e-7 7.94728578057402046e-7 1 1
-2.50000000000000000e-1 2.09987841885894113e1 2.09987659454345703e1 2.09987659454345703e1 7.94728578057402046e-7 7.94728578057402046e-7 1 1
-2.50000000000000000e-1 2.09987841887076776e1 2.09987659454345703e1 2.09987659454345703e1 7.94728578057402046e-7 1.03314721400238341e-6 1 1
-2.50000000000000000e-1 2.09987841888259439e1 2.09987659454345703e1 2.09987659454345703e1 1.70071916727465577e-6 1.03314721400238341e-6 1 1
-2.50000000000000000e-1 2.09987841889442102e1 2.09987659454345703e1 2.09987659454345703e1 1.46230058817309327e-6 7.94728578057402046e-7 1 1
-2.50000000000000000e-1 2.09987841890624729e1 2.09987659454345703e1 2.09987659454345703e1 7.94728578057402046e-7 7.94728578057402046e-7 1 1
-2.50000000000000000e-1 2.09987841891807250e1 2.09987659454345703e1 2.09987659454345703e1 7.94728578057402046e-7 7.94728578057402046e-7 1 1
-2.50000000000000000e-1 2.09987841892989806e1 2.09987659454345703e1 2.09987659454345703e1 7.94728578057402046e-7 7.94728578057402046e-7 1 1
-2.50000000000000000e-1 2.09987841894172362e1 2.09987659454345703e1 2.09987659454345703e1 7.94728578057402046e-7 8.26517748464539181e-7 1 1
-2.50000000000000000e-1 2.09987841895354883e1 2.09987659454345703e1 2.09987659454345703e1 1.17619833872595336e-6 7.94728578057402046e-7 1 1
-2.50000000000000000e-1 2.09987841896537404e1 2.09987659454345703e1 2.09987659454345703e1 9.85463429969968274e-7 7.94728578057402046e-7 1 1
-2.50000000000000000e-1 2.09987841897719854e1 2.09987659454345703e1 2.09987659454345703e1 7.94728578057402046e-7 7.94728578057402046e-7 1 1
-2.50000000000000000e-1 2.09987841898902339e1 2.09987659454345703e1 2.09987659454345703e1 9.69568873188109137e-7 7.94728578057402046e-7 1 1
-2.50000000000000000e-1 2.09987841900084717e1 2.09987659454345703e1 2.09987659454345703e1 7.94728578057402046e-7 7.94728578057402046e-7 1 1
-2.50000000000000000e-1 2.09987841901267096e1 2.09987659454345703e1 2.09987659454345703e1 7.94728578057402046e-7 7.94728578057402046e-7 1 1
-2.50000000000000000e-1 2.09987841902449510e1 2.09987659454345703e1 2.09987659454345703e1 1.41461691782751586e-6 7.94728578057402046e-7 1 1
-2.50000000000000000e-1 2.09987841903631782e1 2.09987659454345703e1 2.09987659454345703e1 1.00135798675182741e-6 8.90096032435394591e-7 1 1
-2.50000000000000000e-1 2.09987841904814161e1 2.09987659454345703e1 2.09987659454345703e1 7.94728578057402046e-7 7.94728578057402046e-7 1 1
-2.50000000000000000e-1 2.09987841905996397e1 2.09987659454345703e1 2.09987659454345703e1 7.94728578057402046e-7 7.94728578057402046e-7 1 1
-2.50000000000000000e-1 2.09987841907178669e1 2.09987659454345703e1 2.09987659454345703e1 7.94728578057402046e-7 7.94728578057402046e-7 1 1
-2.50000000000000000e-1 2.09987841908360870e1 2.09987659454345703e1 2.09987659454345703e1 1.62124638336536009e-6 7.94728578057402046e-7 1 1
-2.50000000000000000e-1 2.09987841909543107e1 2.09987659454345703e1 2.09987659454345703e1 7.94728578057402046e-7 7.94728578057402046e-7 1 1
-2.50000000000000000e-1 2.09987841910725308e1 2.09987659454345703e1 2.09987659454345703e1 1.18414561711688293e-6 7.94728578057402046e-7 1 1
-2.50000000000000000e-1 2.09987841911907438e1 2.09987659454345703e1 2.09987659454345703e1 7.94728578057402046e-7 7.94728578057402046e-7 1 1
-2.50000000000000000e-1 2.09987841913089568e1 2.09987659454345703e1 2.09987659454345703e1 7.94728578057402046e-7 7.94728578057402046e-7 1 1
-2.50000000000000000e-1 2.09987841914271662e1 2.09987659454345703e1 2.09987659454345703e1 7.94728578057402046e-7 7.94728578057402046e-7 1 1
-2.50000000000000000e-1 2.09987841915453792e1 2.09987659454345703e1 2.09987659454345703e1 7.94728578057402046e-7 7.94728578057402046e-7 1 1
-2.50000000000000000e-1 2.09987841916635887e1 2.09987659454345703e1 2.09987659454345703e1 1.28746034988580504e-6 1.03314721400238341e-6 1 1
-2.50000000000000000e-1 2.09987841917817875e1 2.09987659454345703e1 2.09987659454345703e1 7.94728578057402046e-7 7.94728578057402046e-7 1 1
-2.50000000000000000e-1 2.09987841918999933e1 2.09987659454345703e1 2.09987659454345703e1 7.94728578057402046e-7 7.94728578057402046e-7 1 1
-2.50000000000000000e-1 2.09987841920181921e1 2.09987659454345703e1 2.09987659454345703e1 7.94728578057402046e-7 7.94728578057402046e-7 1 1
-2.50000000000000000e-1 2.09987841921363838e1 2.09987659454345703e1 2.09987659454345703e1 7.94728578057402046e-7 7.94728578057402046e-7 1 1
-2.50000000000000000e-1 2.09987841922545790e1 2.09987659454345703e1 2.09987659454345703e1 8.10623191682680044e-7 7.94728578057402046e-7 1 1
-2.50000000000000000e-1 2.09987841923727672e1 2.09987659454345703e1 2.09987659454345703e1 7.94728578057402046e-7 8.74201475653535454e-7 1 1
-2.50000000000000000e-1 2.09987841924909588e1 2.09987659454345703e1 2.09987659454345703e1 7.94728578057402046e-7 1.04904177078424254e-6 1 1
-2.50000000000000000e-1 2.09987841926091434e1 2.09987659454345703e1 2.09987659454345703e1 7.94728578057402046e-7 7.94728578057402046e-7 1 1
-2.50000000000000000e-1 2.09987841927273280e1 2.09987659454345703e1 2.09987659454345703e1 7.94728578057402046e-7 7.94728578057402046e-7 1 1
-2.50000000000000000e-1 2.09987841928455090e1 2.09987659454345703e1 2.09987659454345703e1 7.94728578057402046e-7 7.94728578057402046e-7 1 1
-2.50000000000000000e-1 2.09987841929636865e1 2.09987659454345703e1 2.09987659454345703e1 1.02519993561145384e-6 7.94728578057402046e-7 1 1
-2.50000000000000000e-1 2.09987841930818675e1 2.09987659454345703e1 2.09987659454345703e1 7.94728578057402046e-7 8.42412305246398319e-7 1 1
-2.50000000000000000e-1 2.09987841932000379e1 2.09987659454345703e1 2.09987659454345703e1 7.94728578057402046e-7 7.94728578057402046e-7 1 1
-2.50000000000000000e-1 2.09987841933182082e1 2.09987659454345703e1 2.09987659454345703e1 1.41461691782751586e-6 7.94728578057402046e-7 1 1
-2.50000000000000000e-1 2.09987841934363786e1 2.09987659454345703e1 2.09987659454345703e1 1.39872236104565673e-6 9.69568873188109137e-7 1 1
-2.50000000000000000e-1 2.09987841935545418e1 2.09987659454345703e1 2.09987659454345703e1 7.94728578057402046e-7 7.94728578057402046e-7 1 1
-2.50000000000000000e-1 2.09987841936727051e1 2.09987659454345703e1 2.09987659454345703e1 7.94728578057402046e-7 7.94728578057402046e-7 1 1
-2.50000000000000000e-1 2.09987841937908684e1 2.09987659454345703e1 2.09987659454345703e1 7.94728578057402046e-7 7.94728578057402046e-7 1 1
-2.50000000000000000e-1 2.09987841939090245e1 2.09987659454345703e1 2.09987659454345703e1 7.94728578057402046e-7 7.94728578057402046e-7 1 1
-2.50000000000000000e-1 2.09987841940271842e1 2.09987659454345703e1 2.09987659454345703e1 1.39872236104565673e-6 7.94728578057402046e-7 1 1
-2.50000000000000000e-1 2.09987841941453333e1 2.09987659454345703e1 2.09987659454345703e1 7.94728578057402046e-7 7.94728578057402046e-7 1 1
-2.50000000000000000e-1 2.09987841942634894e1 2.09987659454345703e1 2.09987659454345703e1 9.05990589217253728e-7 7.94728578057402046e-7 1 1
-2.50000000000000000e-1 2.09987841943816349e1 2.09987659454345703e1 2.09987659454345703e1 1.71661372405651491e-6 7.94728578057402046e-7 1 1
-2.50000000000000000e-1 2.09987841944997875e1 2.09987659454345703e1 2.09987659454345703e1 7.94728578057402046e-7 7.94728578057402046e-7 1 1
-2.50000000000000000e-1 2.09987841946179259e1 2.09987659454345703e1 2.09987659454345703e1 1.39872236104565673e-6 7.94728578057402046e-7 1 1
-2.50000000000000000e-1 2.09987841947360678e1 2.09987659454345703e1 2.09987659454345703e1 7.94728578057402046e-7 7.94728578057402046e-7 1 1
-2.50000000000000000e-1 2.09987841948542062e1 2.09987659454345703e1 2.09987659454345703e1 7.94728578057402046e-7 7.94728578057402046e-7 1 1
-2.50000000000000000e-1 2.09987841949723411e1 2.09987659454345703e1 2.09987659454345703e1 7.94728578057402046e-7 7.94728578057402046e-7 1 1
-2.50000000000000000e-1 2.09987841950904759e1 2.09987659454345703e1 2.09987659454345703e1 1.57356259933294496e-6 7.94728578057402046e-7 1 1
-2.50000000000000000e-1 2.09987841952086036e1 2.09987659454345703e1 2.09987659454345703e1 7.94728578057402046e-7 7.94728578057402046e-7 1 1
-2.50000000000000000e-1 2.09987841953267313e1 2.09987659454345703e1 2.09987659454345703e1 1.89145407603064086e-6 7.94728578057402046e-7 1 1
-2.50000000000000000e-1 2.09987841954448626e1 2.09987659454345703e1 2.09987659454345703e1 8.26517748464539181e-7 9.21885145999112865e-7 1 1
-2.50000000000000000e-1 2.09987841955629833e1 2.09987659454345703e1 2.09987659454345703e1 7.94728578057402046e-7 9.37779759624390863e-7 1 1
-2.50000000000000000e-1 2.09987841956811039e1 2.09987659454345703e1 2.09987659454345703e1 8.34465026855468750e-7 7.94728578057402046e-7 1 1
-2.50000000000000000e-1 2.09987841957992245e1 2.09987659454345703e1 2.09987659454345703e1 1.19209289550781250e-6 7.94728578057402046e-7 1 1
-2.50000000000000000e-1 2.09987841959173416e1 2.09987659454345703e1 2.09987659454345703e1 1.03314721400238341e-6 1.00135798675182741e-6 1 1
-2.50000000000000000e-1 2.09987841960354586e1 2.09987659454345703e1 2.09987659454345703e1 7.94728578057402046e-7 1.01725265722052427e-6 1 1
-2.50000000000000000e-1 2.09987841961535651e1 2.09987659454345703e1 2.09987659454345703e1 7.94728578057402046e-7 7.94728578057402046e-7 1 1
-2.50000000000000000e-1 2.09987841962716750e1 2.09987659454345703e1 2.09987659454345703e1 7.94728578057402046e-7 7.94728578057402046e-7 1 1
-2.50000000000000000e-1 2.09987841963897814e1 2.09987659454345703e1 2.09987659454345703e1 2.03450531444104854e-6 7.94728578057402046e-7 1 1
-2.50000000000000000e-1 2.09987841965078879e1 2.09987659454345703e1 2.09987659454345703e1 1.66893005371093750e-6 7.94728578057402046e-7 1 1
-2.50000000000000000e-1 2.09987841966259836e1 2.09987659454345703e1 2.09987659454345703e1 9.05990589217253728e-7 7.94728578057402046e-7 1 1
-2.50000000000000000e-1 2.09987841967440829e1 2.09987659454345703e1 2.09987659454345703e1 9.13937867608183296e-7 7.94728578057402046e-7 1 1
-2.50000000000000000e-1 2.09987841968621822e1 2.09987659454345703e1 2.09987659454345703e1 7.94728578057402046e-7 7.94728578057402046e-7 1 1
-2.50000000000000000e-1 2.09987841969802780e1 2.09987659454345703e1 2.09987659454345703e1 7.94728578057402046e-7 7.94728578057402046e-7 1 1
-2.50000000000000000e-1 2.09987841970983666e1 2.09987659454345703e1 2.09987659454345703e1 9.85463429969968274e-7 7.94728578057402046e-7 1 1
-2.50000000000000000e-1 2.09987841972164553e1 2.09987659454345703e1 2.09987659454345703e1 7.94728578057402046e-7 7.94728578057402046e-7 1 1
-2.50000000000000000e-1 2.09987841973345404e1 2.09987659454345703e1 2.09987659454345703e1 7.94728578057402046e-7 7.94728578057402046e-7 1 1
-2.50000000000000000e-1 2.09987841974526219e1 2.09987659454345703e1 2.09987659454345703e1 7.94728578057402046e-7 7.94728578057402046e-7 1 1
-2.50000000000000000e-1 2.09987841975707035e1 2.09987659454345703e1 2.09987659454345703e1 1.31924946344952332e-6 7.94728578057402046e-7 1 1
-2.50000000000000000e-1 2.09987841976887850e1 2.09987659454345703e1 2.09987659454345703e1 7.94728578057402046e-7 7.94728578057402046e-7 1 1
-2.50000000000000000e-1 2.09987841978068559e1 2.09987659454345703e1 2.09987659454345703e1 7.94728578057402046e-7 7.94728578057402046e-7 1 1
-2.50000000000000000e-1 2.09987841979249339e1 2.09987659454345703e1 2.09987659454345703e1 7.94728578057402046e-7 7.94728578057402046e-7 1 1
-2.50000000000000000e-1 2.09987841980430048e1 2.09987659454345703e1 2.09987659454345703e1 7.94728578057402046e-7 7.94728578057402046e-7 1 1
-2.50000000000000000e-1 2.09987841981610686e1 2.09987659454345703e1 2.09987659454345703e1 7.94728578057402046e-7 7.94728578057402046e-7 1 1
-2.50000000000000000e-1 2.09987841982791394e1 2.09987659454345703e1 2.09987659454345703e1 7.94728578057402046e-7 7.94728578057402046e-7 1 1
-2.50000000000000000e-1 2.09987841983971997e1 2.09987659454345703e1 2.09987659454345703e1 7.94728578057402046e-7 7.94728578057402046e-7 1 1
-2.50000000000000000e-1 2.09987841985152599e1 2.09987659454345703e1 2.09987659454345703e1 7.94728578057402046e-7 7.94728578057402046e-7 1 1
-2.50000000000000000e-1 2.09987841986333237e1 2.09987659454345703e1 2.09987659454345703e1 9.77516151579038706e-7 7.94728578057402046e-7 1 1
-2.50000000000000000e-1 2.09987841987513804e1 2.09987659454345703e1 2.09987659454345703e1 1.04109449239331298e-6 7.94728578057402046e-7 1 1
-2.50000000000000000e-1 2.09987841988694335e1 2.09987659454345703e1 2.09987659454345703e1 7.94728578057402046e-7 7.94728578057402046e-7 1 1
-2.50000000000000000e-1 2.09987841989874831e1 2.09987659454345703e1 2.09987659454345703e1 1.32719674184045289e-6 7.94728578057402046e-7 1 1
-2.50000000000000000e-1 2.09987841991055326e1 2.09987659454345703e1 2.09987659454345703e1 9.21885145999112865e-7 7.94728578057402046e-7 1 1
-2.50000000000000000e-1 2.09987841992235786e1 2.09987659454345703e1 2.09987659454345703e1 7.94728578057402046e-7 7.94728578057402046e-7 1 1
-2.50000000000000000e-1 2.09987841993416211e1 2.09987659454345703e1 2.09987659454345703e1 1.02519993561145384e-6 7.94728578057402046e-7 1 1
-2.50000000000000000e-1 2.09987841994596636e1 2.09987659454345703e1 2.09987659454345703e1 7.94728578057402046e-7 7.94728578057402046e-7 1 1
-2.50000000000000000e-1 2.09987841995777060e1 2.09987659454345703e1 2.09987659454345703e1 1.06493632756610168e-6 7.94728578057402046e-7 1 1
-2.50000000000000000e-1 2.09987841996957378e1 2.09987659454345703e1 2.09987659454345703e1 7.94728578057402046e-7 7.94728578057402046e-7 1 1
-2.50000000000000000e-1 2.09987841998137590e1 2.09987659454345703e1 2.09987659454345703e1 8.02675856448331615e-7 7.94728578057402046e-7 1 1
-2.50000000000000000e-1 2.09987841999292186e1 2.09987659454345703e1 2.09987659454345703e1 1.04904177078424254e-6 7.94728578057402046e-7 1 1
-2.50000000000000000e-1 2.09987841850690451e1 2.09987659454345703e1 2.09987659454345703e1 7.94728578057402046e-7 7.94728578057402046e-7 1 1
-2.50000000000000000e-1 2.05432236010597364e1 2.05457115173339844e1 2.05454845428466797e1 6.83466566897550365e-7 3.57627868652343750e-7 5 5
-2.50000000000000000e-1 1.64747924549275524e1 1.64749507904052734e1 1.64749183654785156e1 9.37779759624390863e-7 2.22524008108848648e-7 6 6
-2.50000000000000000e-1 1.71084567494113600e1 1.71081905364990234e1 1.71082038879394531e1 5.56309998955839546e-7 3.97364289028701023e-7 4 4
-2.50000000000000000e-1 1.73262852110084395e1 1.73262500762939453e1 1.73262424468994141e1 1.41461691782751586e-6 2.38418579101562500e-7 4 4
-2.50000000000000000e-1 1.72823147421510122e1 1.72823276519775391e1 1.72823143005371094e1 5.00678993375913706e-7 2.06629437116134795e-7 3 3
-2.50000000000000000e-1 1.72163459883719447e1 1.72163562774658203e1 1.72163410186767578e1 5.40415442173980409e-7 4.76837158203125000e-7 3 3
-2.50000000000000000e-1 1.71561987680372638e1 1.71562080383300781e1 1.71561927795410156e1 3.17891448275986477e-7 3.73522453855912318e-7 3 3
-2.50000000000000000e-1 1.70974967555033821e1 1.70975074768066406e1 1.70974903106689453e1 6.43730174942902522e-7 3.17891448275986477e-7 3 3
-2.50000000000000000e-1 1.70386885636479199e1 1.70387039184570312e1 1.70386829376220703e1 3.49680590261414181e-7 1.11262004054424324e-7 3 3
-2.50000000000000000e-1 1.69797142553564377e1 1.69797325134277344e1 1.69797077178955078e1 2.86102306290558772e-7 3.17891448275986477e-7 3 3
-2.50000000000000000e-1 1.69206203264823110e1 1.69206409454345703e1 1.69206142425537109e1 3.17891448275986477e-7 3.97364289028701023e-7 3 3
-2.50000000000000000e-1 1.68614167836785427e1 1.68614444732666016e1 1.68614120483398438e1 2.38418579101562500e-7 2.86102306290558772e-7 3 3
-2.50000000000000000e-1 1.68021050440600881e1 1.68021297454833984e1 1.68021030426025391e1 2.38418579101562500e-7 3.41733283448775182e-7 3 3
-2.50000000000000000e-1 1.67426865920159926e1 1.67427139282226562e1 1.67426853179931641e1 8.10623191682680044e-7 3.41733283448775182e-7 3 3
-2.50000000000000000e-1 1.66831632022407277e1 1.66831912994384766e1 1.66831626892089844e1 4.68889879812195431e-7 2.86102306290558772e-7 3 3
-2.50000000000000000e-1 1.66235366760633134e1 1.66235675811767578e1 1.66235351562500000e1 6.67572010115691228e-7 3.17891448275986477e-7 3 3
-2.50000000000000000e-1 1.65638087983486813e1 1.65638427734375000e1 1.65638084411621094e1 6.99361180522828363e-7 3.41733283448775182e-7 3 3
-2.50000000000000000e-1 1.65039813406702081e1 1.65040073394775391e1 1.65039806365966797e1 9.21885145999112865e-7 3.73522453855912318e-7 3 3
-2.50000000000000000e-1 1.64440560632172037e1 1.64440879821777344e1 1.64440593719482422e1 1.74840295130707091e-7 3.17891448275986477e-7 3 3
-2.50000000000000000e-1 1.63840347149965808e1 1.63840599060058594e1 1.63840370178222656e1 1.38282780426379759e-6 1.58945724137993238e-7 3 3
-2.50000000000000000e-1 1.63239190338477620e1 1.63239364624023438e1 1.63239173889160156e1 4.60942572999556432e-7 2.62260442696060636e-7 3 3
-2.50000000000000000e-1 1.62637107464829427e1 1.62637233734130859e1 1.62637100219726562e1 7.07308458913757931e-7 2.06629437116134795e-7 3 3
-2.50000000000000000e-1 1.62034115685292370e1 1.62034225463867188e1 1.62034091949462891e1 1.45435330978216371e-6 3.73522453855912318e-7 3 3
-2.50000000000000000e-1 1.61430232045972915e1 1.61430397033691406e1 1.61430225372314453e1 8.26517748464539181e-7 3.97364289028701023e-7 3 3
-2.50000000000000000e-1 1.60825473483309977e1 1.60825595855712891e1 1.60825481414794922e1 2.94049584681488341e-7 4.76837158203125000e-7 3 3
-2.50000000000000000e-1 1.60219856824524953e1 1.60219974517822266e1 1.60219841003417969e1 8.82148754044465022e-7 1.90734866123420943e-7 3 3
-2.50000000000000000e-1 1.59613398788253029e1 1.59613542556762695e1 1.59613399505615234e1 1.02519993561145384e-6 1.43051153145279386e-7 3 3
-2.50000000000000000e-1 1.59006115985244332e1 1.59006271362304688e1 1.59006099700927734e1 4.76837158203125000e-7 2.94049584681488341e-7 3 3
-2.50000000000000000e-1 1.58398024918715645e1 1.58398218154907227e1 1.58398027420043945e1 1.00930526514275698e-6 3.73522453855912318e-7 3 3
-2.50000000000000000e-1 1.57789141984914014e1 1.57789363861083984e1 1.57789115905761719e1 1.07288360595703125e-6 1.90734866123420943e-7 3 3
-2.50000000000000000e-1 1.57179483473854571e1 1.57179679870605469e1 1.57179450988769531e1 5.96046447753906250e-7 3.17891448275986477e-7 3 3
-2.50000000000000000e-1 1.56569065569772921e1 1.56569252014160156e1 1.56569023132324219e1 1.31924946344952332e-6 4.45048016217697295e-7 3 3
-2.50000000000000000e-1 1.55957904351769532e1 1.55958127975463867e1 1.55957851409912109e1 7.62939464493683772e-7 1.82787573521636659e-7 3 3
-2.50000000000000000e-1 1.55346015794222829e1 1.55346212387084961e1 1.55346002578735352e1 8.58306862028257456e-7 1.19209289550781250e-7 3 3
-2.50000000000000000e-1 1.54733415767500908e1 1.54733619689941406e1 1.54733400344848633e1 2.30471286499778216e-7 4.37100737826767727e-7 3 3
-2.50000000000000000e-1 1.54120120038506787e1 1.54120340347290039e1 1.54120121002197266e1 2.78154999477919773e-7 3.09944141463347478e-7 3 3
-2.50000000000000000e-1 1.53506144271185949e1 1.53506336212158203e1 1.53506155014038086e1 1.02519993561145384e-6 3.41733283448775182e-7 3 3
-2.50000000000000000e-1 1.52891504027100709e1 1.52891693115234375e1 1.52891521453857422e1 3.81469732246841886e-7 1.90734866123420943e-7 3 3
-2.50000000000000000e-1 1.52276214765964681e1 1.52276411056518555e1 1.52276220321655273e1 1.20798745228967164e-6 3.17891448275986477e-7 3 3
-2.50000000000000000e-1 1.51660291846328565e1 1.51660480499267578e1 1.51660289764404297e1 7.39097572477476206e-7 5.56310020272121619e-8 3 3
-2.50000000000000000e-1 1.51043750526003659e1 1.51043968200683594e1 1.51043748855590820e1 1.12056727630260866e-6 3.09944141463347478e-7 3 3
-2.50000000000000000e-1 1.50426605962643301e1 1.50426826477050781e1 1.50426626205444336e1 1.40666963943658629e-6 3.17891448275986477e-7 3 3
-2.50000000000000000e-1 1.49808873214383151e1 1.49809064865112305e1 1.49808893203735352e1 5.96046447753906250e-7 1.35103860543495102e-7 3 3
-2.50000000000000000e-1 1.49190567240274259e1 1.49190750122070312e1 1.49190616607666016e1 2.06629437116134795e-7 3.49680590261414181e-7 3 3
-2.50000000000000000e-1 1.48571702900873390e1 1.48571863174438477e1 1.48571729660034180e1 2.30471286499778216e-7 5.56309998955839546e-7 3 3
-2.50000000000000000e-1 1.47952294958701902e1 1.47952404022216797e1 1.47952308654785156e1 1.43051153145279386e-7 3.65575147043273319e-7 3 3
-2.50000000000000000e-1 1.47332358079018206e1 1.47332439422607422e1 1.47332363128662109e1 3.49680590261414181e-7 2.30471286499778216e-7 3 3
-2.50000000000000000e-1 1.46711906830118490e1 1.46711978912353516e1 1.46711874008178711e1 1.16030378194409423e-6 1.43051153145279386e-7 3 3
-2.50000000000000000e-1 1.46090955683968851e1 1.46090984344482422e1 1.46090927124023438e1 3.89417010637771455e-7 2.38418579101562500e-7 3 3
-2.50000000000000000e-1 1.45469519016708784e1 1.45469570159912109e1 1.45469512939453125e1 5.24520885392121272e-7 3.33786005057845614e-7 3 3
-2.50000000000000000e-1 1.44847611109218484e1 1.44847698211669922e1 1.44847660064697266e1 1.59740443450573366e-6 5.56309998955839546e-7 3 3
-2.50000000000000000e-1 1.44225246147537334e1 1.44225416183471680e1 1.44225282669067383e1 7.54992186102754204e-7 2.78154999477919773e-7 3 3
-2.50000000000000000e-1 1.43602438223556010e1 1.43602647781372070e1 1.43602476119995117e1 3.33786005057845614e-7 2.30471286499778216e-7 3 3
-2.50000000000000000e-1 1.42979201335449879e1 1.42979383468627930e1 1.42979221343994141e1 5.96046447753906250e-7 2.94049584681488341e-7 3 3
-2.50000000000000000e-1 1.42355549388107523e1 1.42355804443359375e1 1.42355546951293945e1 8.34465026855468750e-7 3.49680590261414181e-7 3 3
-2.50000000000000000e-1 1.41731496193751614e1 1.41731710433959961e1 1.41731462478637695e1 8.82148754044465022e-7 6.03993726144835819e-7 3 3
-2.50000000000000000e-1 1.41107055472410448e1 1.41107311248779297e1 1.41106977462768555e1 5.24520885392121272e-7 3.09944141463347478e-7 3 3
-2.50000000000000000e-1 1.40482240852377629e1 1.40482454299926758e1 1.40482158660888672e1 2.94049584681488341e-7 1.58945724137993238e-7 3 3
-2.50000000000000000e-1 1.39857065870811290e1 1.39857482910156250e1 1.39857168197631836e1 8.42412282509030774e-6 8.18570424598874524e-6 2 2
-2.50000000000000000e-1 1.39231543974190757e1 1.39231681823730469e1 1.39231395721435547e1 7.58965825298218988e-6 7.54992151996702887e-6 2 2
-2.50000000000000000e-1 1.38605688518795986e1 1.38605918884277344e1 1.38605575561523438e1 7.19229365131468512e-6 7.23203038432984613e-6 2 2
-2.50000000000000000e-1 1.37979512771148265e1 1.37979726791381836e1 1.37979431152343750e1 6.91413879394531250e-6 6.91413879394531250e-6 2 2
-2.50000000000000000e-1 1.37353029908563382e1 1.37353229522705078e1 1.37352933883666992e1 6.07967376708984375e-6 6.31809234619140625e-6 2 2
-2.50000000000000000e-1 1.36726253019684503e1 1.36726436614990234e1 1.36726160049438477e1 5.52336359760374762e-6 6.11941004535765387e-6 2 2
-2.50000000000000000e-1 1.36099195104881705e1 1.36099424362182617e1 1.36099119186401367e1 5.72204589843750000e-6 5.32468175151734613e-6 2 2
-2.50000000000000000e-1 1.35471869076660969e1 1.35471992492675781e1 1.35471849441528320e1 4.88758087158203125e-6 5.08626317241578363e-6 2 2
-2.50000000000000000e-1 1.34844287760377242e1 1.34844379425048828e1 1.34844264984130859e1 4.64916229248046875e-6 4.92731714984984137e-6 2 2
-2.50000000000000000e-1 1.34216463894427562e1 1.34216566085815430e1 1.34216451644897461e1 4.60942601421265863e-6 4.45047999164671637e-6 2 2
-2.50000000000000000e-1 1.33588410130910411e1 1.33588581085205078e1 1.33588399887084961e1 4.33127070209593512e-6 4.21206141254515387e-6 2 2
-2.50000000000000000e-1 1.32960139036061182e1 1.32960309982299805e1 1.32960166931152344e1 4.01337956645875238e-6 3.93390655517578125e-6 2 2
-2.50000000000000000e-1 1.32331663090661760e1 1.32331886291503906e1 1.32331695556640625e1 3.65575147043273319e-6 3.41733289133117069e-6 2 2
-2.50000000000000000e-1 1.31702994690509350e1 1.31703195571899414e1 1.31703033447265625e1 3.33786010742187500e-6 3.41733289133117069e-6 2 2
-2.50000000000000000e-1 1.31074146146893895e1 1.31074314117431641e1 1.31074171066284180e1 3.25838732351257931e-6 2.98023223876953125e-6 2 2
-2.50000000000000000e-1 1.30445129687051349e1 1.30445251464843750e1 1.30445127487182617e1 2.74181365966796875e-6 2.90075945486023556e-6 2 2
-2.50000000000000000e-1 1.29815957454678941e1 1.29816093444824219e1 1.29815940856933594e1 3.05970502267882694e-6 2.82128644357726444e-6 2 2
-2.50000000000000000e-1 1.29186641510255473e1 1.29186811447143555e1 1.29186649322509766e1 2.14576721191406250e-6 2.62260437011718750e-6 2 2
-2.50000000000000000e-1 1.28557193831502303e1 1.28557405471801758e1 1.28557205200195312e1 2.18550371755554806e-6 2.42392229665711056e-6 2 2
-2.50000000000000000e-1 1.27927626313907883e1 1.27927808761596680e1 1.27927637100219727e1 2.30471300710632931e-6 2.14576721191406250e-6 2 2
0.00000000000000000e0 6.69995096410270913e-2 6.69901371002197266e-2 6.69874325394630432e-2 1.31130221348030318e-7 8.34465012644614035e-8 6 6
0.00000000000000000e0 -1.95286282890220200e1 -1.95286312103271484e1 -1.95286350250244141e1 3.81469732246841886e-7 6.67572010115691228e-7 11 11
0.00000000000000000e0 -2.09991367207095081e1 -2.09991359710693359e1 -2.09991359710693359e1 1.01725265722052427e-6 4.13258874232269591e-7 6 6
0.00000000000000000e0 -2.09988389178914048e1 -2.09988384246826172e1 -2.09988384246826172e1 1.20798745228967164e-6 2.06629437116134795e-7 5 5
0.00000000000000000e0 -2.09987832669474273e1 -2.09987831115722656e1 -2.09987831115722656e1 8.74201475653535454e-7 6.99361180522828363e-7 10 10
0.00000000000000000e0 -2.09987838777087248e1 -2.09987831115722656e1 -2.09987831115722656e1 4.92731714984984137e-7 5.56309998955839546e-7 10 10
0.00000000000000000e0 -2.09987841599970011e1 -2.09987831115722656e1 -2.09987831115722656e1 7.15255737304687500e-7 1.16030378194409423e-6 8 8
0.00000000000000000e0 -2.09987841625822966e1 -2.09987831115722656e1 -2.09987831115722656e1 1.11261999791167909e-6 2.86102306290558772e-7 7 7
0.00000000000000000e0 -2.09987841614051369e1 -2.09987831115722656e1 -2.09987831115722656e1 8.58306862028257456e-7 9.53674330617104715e-8 4 4
0.00000000000000000e0 -2.09987841614875599e1 -2.09987831115722656e1 -2.09987831115722656e1 4.26173215828384855e-7 4.13258874232269591e-7 3 3
0.00000000000000000e0 -2.09987841616112583e1 -2.09987831115722656e1 -2.09987831115722656e1 2.92062765083755949e-7 1.90734866123420943e-7 2 2
0.00000000000000000e0 -2.09987582345463011e1 -2.09987602233886719e1 -2.09987602233886719e1 6.43730174942902522e-7 1.58945724137993238e-7 3 3
0.00000000000000000e0 -4.65603784262468956e0 -4.65601730346679688e0 -4.65603780746459961e0 2.38418579101562500e-7 4.60942572999556432e-7 2 2
0.00000000000000000e0 -1.52535494903045010e0 -1.52535641193389893e0 -1.52535462379455566e0 2.54313164305131068e-7 2.94049584681488341e-7 2 2
0.00000000000000000e0 -1.54805802025563044e0 -1.54805648326873779e0 -1.54805827140808105e0 2.22524008108848648e-7 8.94069671630859375e-8 2 2
0.00000000000000000e0 -1.09435268376361217e0 -1.09434723854064941e0 -1.09435427188873291e0 5.26507676568144234e-7 1.50998431536208955e-7 2 2
0.00000000000000000e0 -6.41563724220424958e-1 -6.41559600830078125e-1 -6.41564667224884033e-1 6.11941004535765387e-7 3.49680590261414181e-7 2 2
0.00000000000000000e0 -3.37028533838499178e-1 -3.37023705244064331e-1 -3.37030380964279175e-1 4.29153431014128728e-7 3.73522453855912318e-7 2 2
0.00000000000000000e0 -1.56841029230095685e-1 -1.56834512948989868e-1 -1.56843155622482300e-1 1.50998431536208955e-7 7.94728620689966192e-8 2 2
0.00000000000000000e0 -7.07352342554013885e-2 -7.07298070192337036e-2 -7.07371458411216736e-2 1.21196109148513642e-7 4.13258874232269591e-7 2 2
0.00000000000000000e0 -5.75125199178415994e-2 -5.75090236961841583e-2 -5.75139559805393219e-2 3.41733283448775182e-7 1.43051153145279386e-7 2 2
0.00000000000000000e0 -1.00872650884267820e-1 -1.00872017443180084e-1 -1.00873477756977081e-1 2.32458120308365324e-7 4.52995294608626864e-7 2 2
0.00000000000000000e0 -1.87714823087023641e-1 -1.87716290354728699e-1 -1.87717199325561523e-1 4.21206152623199159e-7 3.25838726666916045e-7 2 2
0.00000000000000000e0 -3.07519009111927699e-1 -3.07518064975738525e-1 -3.07520747184753418e-1 5.88099169362976681e-7 2.14576715507064364e-7 2 2
0.00000000000000000e0 -4.51883818175833618e-1 -4.51882958412170410e-1 -4.51884508132934570e-1 2.22524008108848648e-7 2.14576715507064364e-7 2 2
0.00000000000000000e0 -6.14128567490670352e-1 -6.14127278327941895e-1 -6.14128410816192627e-1 3.33786005057845614e-7 2.38418579101562500e-7 2 2
0.00000000000000000e0 -7.88964269626813541e-1 -7.88962960243225098e-1 -7.88964211940765381e-1 2.96036404279220733e-7 3.97364289028701023e-7 2 2
0.00000000000000000e0 -9.72225588074913549e-1 -9.72223103046417236e-1 -9.72226679325103760e-1 1.01327898960335006e-7 7.94728620689966192e-8 2 2
0.00000000000000000e0 -1.16065281719826174e0 -1.16065335273742676e0 -1.16065573692321777e0 3.93390649833236239e-7 4.84784436594054569e-7 2 2
0.00000000000000000e0 -1.35171463174543538e0 -1.35171818733215332e0 -1.35171973705291748e0 2.68220901489257812e-7 1.82787573521636659e-7 2 2
0.00000000000000000e0 -1.54346410548818480e0 -1.54346895217895508e0 -1.54347002506256104e0 3.35772824655578006e-7 2.34444939906097716e-7 2 2
0.00000000000000000e0 -1.73442187379597734e0 -1.73442530632019043e0 -1.73442780971527100e0 3.45706951065949397e-7 1.43051153145279386e-7 2 2
0.00000000000000000e0 -1.92348142895896013e0 -1.92348194122314453e0 -1.92348682880401611e0 8.62280501223722240e-7 1.54972070731673739e-7 2 2
0.00000000000000000e0 -2.10983245161679456e0 -2.10983252525329590e0 -2.10983633995056152e0 1.82787573521636659e-7 4.17232506322307017e-8 2 2
0.00000000000000000e0 -2.29289883127661742e0 -2.29290008544921875e0 -2.29290151596069336e0 4.72863519007660216e-7 6.35782910762827669e-8 2 2
0.00000000000000000e0 -2.47228864233497347e0 -2.47228527069091797e0 -2.47229218482971191e0 2.18550368913383863e-7 1.90734866123420943e-7 2 2
0.00000000000000000e0 -2.64775384389741530e0 -2.64774870872497559e0 -2.64775919914245605e0 2.14576715507064364e-7 2.58286803500595852e-7 2 2
0.00000000000000000e0 -2.81915788214751517e0 -2.81915402412414551e0 -2.81916284561157227e0 1.15235643249889108e-7 9.93410722571752558e-8 2 2
0.00000000000000000e0 -2.98644970972271739e0 -2.98644781112670898e0 -2.98645615577697754e0 1.39077499738959887e-7 5.16573592790336988e-8 2 2
0.00000000000000000e0 -3.14964301093829890e0 -3.14964222908020020e0 -3.14964866638183594e0 1.49011611938476562e-7 1.66893002528922807e-7 2 2
0.00000000000000000e0 -3.30879964591110687e0 -3.30879831314086914e0 -3.30880546569824219e0 3.65575147043273319e-7 1.62919363333458023e-7 2 2
0.00000000000000000e0 -3.46401650971926900e0 -3.46401429176330566e0 -3.46402287483215332e0 1.23182928746246034e-7 8.94069671630859375e-8 2 2
0.00000000000000000e0 -3.61541515218641640e0 -3.61541819572448730e0 -3.61542129516601562e0 1.34605215862393379e-7 6.95387498694799433e-8 2 2
0.00000000000000000e0 -3.76313362582626931e0 -3.76313495635986328e0 -3.76313853263854980e0 2.84115486692826380e-7 1.90734866123420943e-7 2 2
0.00000000000000000e0 -3.90732012892247305e0 -3.90732860565185547e0 -3.90733551979064941e0 5.84125530167511897e-7 2.07364792004227638e-7 1 1
0.00000000000000000e0 -4.04812809181232414e0 -4.04814147949218750e0 -4.04815244674682617e0 5.48362720564909978e-7 1.81171344593167305e-7 1 1
0.00000000000000000e0 -4.18571242056073256e0 -4.18572759628295898e0 -4.18574094772338867e0 3.05970502267882694e-7 1.64800439961254597e-7 1 1
0.00000000000000000e0 -4.32022666603436800e0 -4.32023859024047852e0 -4.32025432586669922e0 1.45882950164377689e-7 3.41733283448775182e-7 1 1
0.00000000000000000e0 -4.45182093031157766e0 -4.45182943344116211e0 -4.45184516906738281e0 2.46365857492492069e-7 2.62260442696060636e-7 1 1
0.00000000000000000e0 -4.58064035809561165e0 -4.58064365386962891e0 -4.58065986633300781e0 1.14960130304098129e-7 2.26497647304313432e-7 1 1
0.00000000000000000e0 -4.70682408989513412e0 -4.70682287216186523e0 -4.70683908462524414e0 1.78813934326171875e-7 1.04773789644241333e-7 1 1
0.00000000000000000e0 -4.83050457747734363e0 -4.83050060272216797e0 -4.83051681518554688e0 4.33127098631302943e-7 1.54972070731673739e-7 1 1
0.00000000000000000e0 -4.95180718134489517e0 -4.95180082321166992e0 -4.95181560516357422e0 2.98023223876953125e-7 2.06629437116134795e-7 1 1
0.00000000000000000e0 -5.07084998570863021e0 -5.07084321975708008e0 -5.07085657119750977e0 2.06629437116134795e-7 2.26497647304313432e-7 1 1
0.00000000000000000e0 -5.18774377917086760e0 -5.18773603439331055e0 -5.18774843215942383e0 2.24510827706581040e-7 8.74201475653535454e-8 1 1
0.00000000000000000e0 -5.30259215971767883e0 -5.30258464813232422e0 -5.30259609222412109e0 2.46365857492492069e-7 6.69388100504875183e-8 1 1
0.00000000000000000e0 -5.41549173101072512e0 -5.41548252105712891e0 -5.41549587249755859e0 5.96046447753906250e-8 5.82076609134674072e-8 1 1
0.00000000000000000e0 -5.52653236380646185e0 -5.52652359008789062e0 -5.52653598785400391e0 7.54992186102754204e-7 2.50339496687956853e-7 1 1
0.00000000000000000e0 -5.63579750185606354e0 -5.63578605651855469e0 -5.63580036163330078e0 1.07288360595703125e-6 2.54313164305131068e-7 1 1
0.00000000000000000e0 -5.74336449610278166e0 -5.74335289001464844e0 -5.74336767196655273e0 4.33127098631302943e-7 9.93410722571752558e-8 1 1
0.00000000000000000e0 -5.84930495459444177e0 -5.84929227828979492e0 -5.84930753707885742e0 2.36431759503830108e-7 1.90734866123420943e-7 1 1
0.00000000000000000e0 -5.95368509844459837e0 -5.95367097854614258e0 -5.95368814468383789e0 2.37425169302696304e-7 7.94728620689966192e-8 1 1
0.00000000000000000e0 -6.05656611648282261e0 -6.05655336380004883e0 -6.05656957626342773e0 4.01337928224165807e-7 1.70866641724387591e-7 1 1
0.00000000000000000e0 -6.15800451312380037e0 -6.15799045562744141e0 -6.15800666809082031e0 6.00020086949371034e-7 1.70866641724387591e-7 1 1
0.00000000000000000e0 -6.25805244545428963e0 -6.25804090499877930e0 -6.25805521011352539e0 1.58945724137993238e-7 2.78154999477919773e-7 1 1
0.00000000000000000e0 -6.35675804671213118e0 -6.35674715042114258e0 -6.35676050186157227e0 2.42392218297027284e-7 2.70207721086990205e-7 1 1
0.00000000000000000e0 -6.45416573426990592e0 -6.45415592193603516e0 -6.45416879653930664e0 4.05311595841340022e-7 2.66234081891525420e-7 1 1
0.00000000000000000e0 -6.55031650096278639e0 -6.55030584335327148e0 -6.55031871795654297e0 7.00354547689130413e-8 2.06629437116134795e-7 1 1
0.00000000000000000e0 -6.64524818915463911e0 -6.64523887634277344e0 -6.64525079727172852e0 4.17232513427734375e-7 5.16573592790336988e-8 1 1
0.00000000000000000e0 -6.73899574737016849e0 -6.73898458480834961e0 -6.73899841308593750e0 4.17232513427734375e-7 5.96046447753906250e-8 1 1
0.00000000000000000e0 -6.83159146965931718e0 -6.83158111572265625e0 -6.83159446716308594e0 3.17891448275986477e-7 9.13937867608183296e-8 1 1
0.00000000000000000e0 -6.92306521809098552e0 -6.92305326461791992e0 -6.92306804656982422e0 2.78154999477919773e-7 1.58945724137993238e-7 1 1
0.00000000000000000e0 -7.01344462894823817e0 -7.01343441009521484e0 -7.01344728469848633e0 2.08616256713867188e-7 1.11262004054424324e-7 1 1
0.00000000000000000e0 -7.10275530333316851e0 -7.10274744033813477e0 -7.10275793075561523e0 1.94708505318885727e-7 1.39077499738959887e-7 1 1
0.00000000000000000e0 -7.19102098295570258e0 -7.19101381301879883e0 -7.19102287292480469e0 5.41408873289128678e-8 2.36468622460961342e-8 1 1
0.00000000000000000e0 -7.27826371192915467e0 -7.27825546264648438e0 -7.27826595306396484e0 1.39077499738959887e-7 9.93410722571752558e-8 1 1
0.00000000000000000e0 -7.36450398542750495e0 -7.36449480056762695e0 -7.36450672149658203e0 3.17891448275986477e-7 1.66893002528922807e-7 1 1
0.00000000000000000e0 -7.44976088605483877e0 -7.44975280761718750e0 -7.44976377487182617e0 9.51190770592802437e-8 2.38418579101562500e-7 1 1
0.00000000000000000e0 -7.53405220876678250e0 -7.53404617309570312e0 -7.53405523300170898e0 4.01337928224165807e-7 7.94728620689966192e-8 1 1
0.00000000000000000e0 -7.61739457515636254e0 -7.61738872528076172e0 -7.61739778518676758e0 2.10603076311599580e-7 1.43051153145279386e-7 1 1
0.00000000000000000e0 -7.69980353790335492e0 -7.69979667663574219e0 -7.69980573654174805e0 1.11262004054424324e-7 1.82787573521636659e-7 1 1
0.00000000000000000e0 -7.78129367612516987e0 -7.78128623962402344e0 -7.78129577636718750e0 3.81469732246841886e-7 7.94728620689966192e-8 1 1
0.00000000000000000e0 -7.86187868235070120e0 -7.86187171936035156e0 -7.86187982559204102e0 2.66234081891525420e-7 1.31130221348030318e-7 1 1
0.00000000000000000e0 -7.94157144178659546e0 -7.94156360626220703e0 -7.94157218933105469e0 2.66234081891525420e-7 3.57627868652343750e-7 1 1
0.00000000000000000e0 -8.02038410450686712e0 -8.02037715911865234e0 -8.02038574218750000e0 7.94728620689966192e-8 1.58945724137993238e-7 1 1
0.00000000000000000e0 -8.09832815115298743e0 -8.09832000732421875e0 -8.09832859039306641e0 6.67572010115691228e-7 5.16573592790336988e-8 1 1
0.00000000000000000e0 -8.17541445269047173e0 -8.17540550231933594e0 -8.17541599273681641e0 5.20547246196656488e-7 1.19209289550781250e-7 1 1
0.00000000000000000e0 -8.25165332473826929e0 -8.25164413452148438e0 -8.25165367126464844e0 3.85443371442306670e-7 1.31130221348030318e-7 1 1
0.00000000000000000e0 -8.32705457693207940e0 -8.32704353332519531e0 -8.32705593109130859e0 1.98682144514350512e-7 7.94728620689966192e-8 1 1
0.00000000000000000e0 -8.40162755775767955e0 -8.40161609649658203e0 -8.40162849426269531e0 1.98682144514350512e-7 1.07288357753532182e-7 1 1
0.00000000000000000e0 -8.47538119525942868e0 -8.47536945343017578e0 -8.47538280487060547e0 7.82807660471007694e-7 1.98682144514350512e-7 1 1
0.00000000000000000e0 -8.54832403398511254e0 -8.54831123352050781e0 -8.54832553863525391e0 3.53654229456878966e-7 1.19209289550781250e-7 1 1
0.00000000000000000e0 -8.62046426850911907e0 -8.62045097351074219e0 -8.62046623229980469e0 7.94728620689966192e-8 2.58286803500595852e-7 1 1
0.00000000000000000e0 -8.69180977383738096e0 -8.69179725646972656e0 -8.69181156158447266e0 2.78154999477919773e-7 2.54313164305131068e-7 1 1
0.00000000000000000e0 -8.76236813298391404e0 -8.76235389709472656e0 -8.76237106323242188e0 2.94049584681488341e-7 1.54972070731673739e-7 1 1
0.00000000000000000e0 -8.83214666197227061e0 -8.83213424682617188e0 -8.83215045928955078e0 3.85443371442306670e-7 2.50339496687956853e-7 1 1
0.00000000000000000e0 -8.90115243249831956e0 -8.90114212036132812e0 -8.90115642547607422e0 1.69500708580017090e-7 3.97364310344983096e-8 1 1
0.00000000000000000e0 -8.96939229247729486e0 -8.96938133239746094e0 -8.96939659118652344e0 1.25169748343978426e-7 1.58945724137993238e-7 1 1
0.00000000000000000e0 -9.03687288465800087e0 -9.03686332702636719e0 -9.03687858581542969e0 7.19229376500152284e-7 1.58945724137993238e-7 1 1
0.00000000000000000e0 -9.10360066349448083e0 -9.10359191894531250e0 -9.10360431671142578e0 3.97364310344983096e-8 1.98682144514350512e-7 1 1
0.00000000000000000e0 -9.16958191043371329e0 -9.16957283020019531e0 -9.16958618164062500e0 3.57627868652343750e-7 2.26497647304313432e-7 1 1
0.00000000000000000e0 -9.23482274776744561e0 -9.23481273651123047e0 -9.23482704162597656e0 3.05970502267882694e-7 1.19209289550781250e-7 1 1
0.00000000000000000e0 -9.29932915118078007e0 -9.29931926727294922e0 -9.29933261871337891e0 1.98682144514350512e-7 7.94728620689966192e-8 1 1
0.00000000000000000e0 -9.36310696112425589e0 -9.36309814453125000e0 -9.36311054229736328e0 3.77496093051377102e-7 2.46365857492492069e-7 1 1
0.00000000000000000e0 -9.42616189311609531e0 -9.42615222930908203e0 -9.42616462707519531e0 3.17891448275986477e-7 2.06629437116134795e-7 1 1
0.00000000000000000e0 -9.48849954707948129e0 -9.48848915100097656e0 -9.48850250244140625e0 5.56309998955839546e-7 1.19209289550781250e-7 1 1
0.00000000000000000e0 -9.55012541580247465e0 -9.55011558532714844e0 -9.55012798309326172e0 4.76837158203125000e-7 2.26497647304313432e-7 1 1
0.00000000000000000e0 -9.61104489260259420e0 -9.61103153228759766e0 -9.61104583740234375e0 2.38418579101562500e-7 1.58945724137993238e-7 1 1
0.00000000000000000e0 -9.67126327827772414e0 -9.67125034332275391e0 -9.67126369476318359e0 3.85443371442306670e-7 1.94708505318885727e-7 1 1
0.00000000000000000e0 -9.73078578740398470e0 -9.73077297210693359e0 -9.73078632354736328e0 4.09285235036804806e-7 2.38418579101562500e-7 1 1
0.00000000000000000e0 -9.78961755405029521e0 -9.78960418701171875e0 -9.78961658477783203e0 5.08626328610262135e-7 1.19209289550781250e-7 1 1
0.00000000000000000e0 -9.84776363695324797e0 -9.84775161743164062e0 -9.84776306152343750e0 3.05970502267882694e-7 2.78154999477919773e-7 1 1
0.00000000000000000e0 -9.90522902422032381e0 -9.90521812438964844e0 -9.90522670745849609e0 1.86761226927956159e-7 2.94049584681488341e-7 1 1
0.00000000000000000e0 -9.96201863758896344e0 -9.96200847625732422e0 -9.96201801300048828e0 3.97364289028701023e-7 1.47024792340744170e-7 1 1
0.00000000000000000e0 -1.00181373362959256e1 -1.00181274414062500e1 -1.00181369781494141e1 6.23861922122159740e-7 1.98682144514350512e-7 1 1
0.00000000000000000e0 -1.00735899205892565e1 -1.00735807418823242e1 -1.00735883712768555e1 5.16573607001191704e-7 4.76837165308552358e-8 1 1
0.00000000000000000e0 -1.01283811349207493e1 -1.01283712387084961e1 -1.01283807754516602e1 2.78154999477919773e-7 3.97364289028701023e-7 1 1
0.00000000000000000e0 -1.01825156708406173e1 -1.01825056076049805e1 -1.01825141906738281e1 3.41733283448775182e-7 3.97364289028701023e-7 1 1
0.00000000000000000e0 -1.02359981696378171e1 -1.02359876632690430e1 -1.02359972000122070e1 1.98682144514350512e-7 4.37100737826767727e-7 1 1
0.00000000000000000e0 -1.02888332247270071e1 -1.02888221740722656e1 -1.02888317108154297e1 4.68889879812195431e-7 3.17891448275986477e-7 1 1
0.00000000000000000e0 -1.03410253838383426e1 -1.03410129547119141e1 -1.03410243988037109e1 6.71545649311156012e-7 3.57627868652343750e-7 1 1
0.00000000000000000e0 -1.03925791509981433e1 -1.03925666809082031e1 -1.03925781250000000e1 5.16573607001191704e-7 2.78154999477919773e-7 1 1
0.00000000000000000e0 -1.04434989883390497e1 -1.04434862136840820e1 -1.04434976577758789e1 3.17891448275986477e-7 4.76837158203125000e-7 1 1
0.00000000000000000e0 -1.04937893177497870e1 -1.04937782287597656e1 -1.04937877655029297e1 5.68230973385652760e-7 5.16573607001191704e-7 1 1
0.00000000000000000e0 -1.05434545223780365e1 -1.05434436798095703e1 -1.05434532165527344e1 7.15255737304687500e-7 6.35782896551972954e-7 1 1
0.00000000000000000e0 -1.05924989480075507e1 -1.05924863815307617e1 -1.05924968719482422e1 7.54992186102754204e-7 5.56309998955839546e-7 1 1
0.00000000000000000e0 -1.06409269043157710e1 -1.06409149169921875e1 -1.06409244537353516e1 5.96046447753906250e-7 3.57627868652343750e-7 1 1
0.00000000000000000e0 -1.06887426660195377e1 -1.06887321472167969e1 -1.06887407302856445e1 2.38418579101562500e-7 6.75519288506620796e-7 1 1
0.00000000000000000e0 -1.07359504739301421e1 -1.07359418869018555e1 -1.07359476089477539e1 7.94728578057402046e-7 6.75519288506620796e-7 1 1
0.00000000000000000e0 -1.07825545359190080e1 -1.07825441360473633e1 -1.07825527191162109e1 1.19209289550781250e-6 5.96046447753906250e-7 1 1
0.00000000000000000e0 -1.08285590278048840e1 -1.08285484313964844e1 -1.08285579681396484e1 7.54992186102754204e-7 6.35782896551972954e-7 1 1
0.00000000000000000e0 -1.08739680941688750e1 -1.08739604949951172e1 -1.08739681243896484e1 1.19209289550781250e-6 7.94728578057402046e-7 1 1
0.00000000000000000e0 -1.09187858491052889e1 -1.09187755584716797e1 -1.09187850952148438e1 8.34465026855468750e-7 6.75519288506620796e-7 1 1
0.00000000000000000e0 -1.09630163769105309e1 -1.09630079269409180e1 -1.09630165100097656e1 8.34465026855468750e-7 7.94728578057402046e-7 1 1
0.00000000000000000e0 -1.10066637327235330e1 -1.10066556930541992e1 -1.10066642761230469e1 7.94728578057402046e-7 9.93410708360897843e-7 1 1
0.00000000000000000e0 -1.10497319431190935e1 -1.10497255325317383e1 -1.10497312545776367e1 1.07288360595703125e-6 9.93410708360897843e-7 1 1
0.00000000000000000e0 -1.10922250066513826e1 -1.10922183990478516e1 -1.10922231674194336e1 1.35103857701324159e-6 8.34465026855468750e-7 1 1
0.00000000000000000e0 -1.11341468943629245e1 -1.11341390609741211e1 -1.11341457366943359e1 1.39077508265472716e-6 1.31130218505859375e-6 1 1
0.00000000000000000e0 -1.11755015502596660e1 -1.11754932403564453e1 -1.11754989624023438e1 1.35103857701324159e-6 1.31130218505859375e-6 1 1
0.00000000000000000e0 -1.12162928917468090e1 -1.12162828445434570e1 -1.12162904739379883e1 1.39077508265472716e-6 1.35103857701324159e-6 1 1
0.00000000000000000e0 -1.12565248100422401e1 -1.12565145492553711e1 -1.12565221786499023e1 1.19209289550781250e-6 1.39077508265472716e-6 1 1
0.00000000000000000e0 -1.12962011705602094e1 -1.12961931228637695e1 -1.12961988449096680e1 1.58945715611480409e-6 1.47024786656402284e-6 1 1
0.00000000000000000e0 -1.13353258132696375e1 -1.13353157043457031e1 -1.13353223800659180e1 1.54972076416015625e-6 1.66893005371093750e-6 1 1
0.00000000000000000e0 -1.13739025530363023e1 -1.13738937377929688e1 -1.13738975524902344e1 1.82787573521636659e-6 1.47024786656402284e-6 1 1
0.00000000000000000e0 -1.14119351799377444e1 -1.14119243621826172e1 -1.14119310379028320e1 1.86761224085785216e-6 1.70866644566558534e-6 1 1
0.00000000000000000e0 -1.14494274595660617e1 -1.14494171142578125e1 -1.14494228363037109e1 1.90734863281250000e-6 1.58945715611480409e-6 1 1
0.00000000000000000e0 -1.14863831333127795e1 -1.14863739013671875e1 -1.14863796234130859e1 2.10603070627257694e-6 1.94708513845398556e-6 1 1
0.00000000000000000e0 -1.15228059186345035e1 -1.15227956771850586e1 -1.15228023529052734e1 2.06629442800476681e-6 2.10603070627257694e-6 1 1
0.00000000000000000e0 -1.15586995093117455e1 -1.15586881637573242e1 -1.15586948394775391e1 2.06629442800476681e-6 2.02655792236328125e-6 1 1
0.00000000000000000e0 -1.15940675756952913e1 -1.15940561294555664e1 -1.15940628051757812e1 1.94708513845398556e-6 2.10603070627257694e-6 1 1
0.00000000000000000e0 -1.16289137649336176e1 -1.16289043426513672e1 -1.16289091110229492e1 2.74181365966796875e-6 2.34444928537413944e-6 1 1
0.00000000000000000e0 -1.16632417011995919e1 -1.16632308959960938e1 -1.16632375717163086e1 2.66234087575867306e-6 2.62260437011718750e-6 1 1
0.00000000000000000e0 -1.16970549859009942e1 -1.16970453262329102e1 -1.16970500946044922e1 2.82128644357726444e-6 2.58286786447570194e-6 1 1
0.00000000000000000e0 -1.17303571978869954e1 -1.17303476333618164e1 -1.17303524017333984e1 2.82128644357726444e-6 2.62260437011718750e-6 1 1
0.00000000000000000e0 -1.17631518936433537e1 -1.17631435394287109e1 -1.17631483078002930e1 2.98023223876953125e-6 3.01996874441101681e-6 1 1
0.00000000000000000e0 -1.17954426074847714e1 -1.17954330444335938e1 -1.17954378128051758e1 2.62260437011718750e-6 2.82128644357726444e-6 1 1
0.00000000000000000e0 -1.18272328517387155e1 -1.18272247314453125e1 -1.18272294998168945e1 2.90075945486023556e-6 3.05970502267882694e-6 1 1
0.00000000000000000e0 -1.18585261169218050e1 -1.18585176467895508e1 -1.18585224151611328e1 3.49680590261414181e-6 3.13917803396179806e-6 1 1
0.00000000000000000e0 -1.18893258719114456e1 -1.18893175125122070e1 -1.18893241882324219e1 3.73522448171570431e-6 3.61601519216492306e-6 1 1
0.00000000000000000e0 -1.19196355641152021e1 -1.19196281433105469e1 -1.19196319580078125e1 4.01337956645875238e-6 3.45706939697265625e-6 1 1
0.00000000000000000e0 -1.19494586196334645e1 -1.19494495391845703e1 -1.19494562149047852e1 3.85443354389281012e-6 3.89417027690797113e-6 1 1
0.00000000000000000e0 -1.19787984434183095e1 -1.19787902832031250e1 -1.19787960052490234e1 4.33127070209593512e-6 3.89417027690797113e-6 1 1
0.00000000000000000e0 -1.20076584193358951e1 -1.20076503753662109e1 -1.20076551437377930e1 4.13258885600953363e-6 3.93390655517578125e-6 1 1
0.00000000000000000e0 -1.20360419104456238e1 -1.20360345840454102e1 -1.20360383987426758e1 4.41074371337890625e-6 4.09285212299437262e-6 1 1
0.00000000000000000e0 -1.20639522596006419e1 -1.20639448165893555e1 -1.20639495849609375e1 4.33127070209593512e-6 4.37100743511109613e-6 1 1
0.00000000000000000e0 -1.20913927883486760e1 -1.20913858413696289e1 -1.20913896560668945e1 5.00679016113281250e-6 4.49021672466187738e-6 1 1
0.00000000000000000e0 -1.21183667981804923e1 -1.21183576583862305e1 -1.21183643341064453e1 5.44389104106812738e-6 4.88758087158203125e-6 1 1
0.00000000000000000e0 -1.21448775703077114e1 -1.21448698043823242e1 -1.21448745727539062e1 4.49021672466187738e-6 4.96705388286500238e-6 1 1
0.00000000000000000e0 -1.21709283658009824e1 -1.21709241867065430e1 -1.21709260940551758e1 5.48362731933593750e-6 4.96705388286500238e-6 1 1
0.00000000000000000e0 -1.21965224257326081e1 -1.21965150833129883e1 -1.21965208053588867e1 4.88758087158203125e-6 5.08626317241578363e-6 1 1
0.00000000000000000e0 -1.22216629713146148e1 -1.22216596603393555e1 -1.22216625213623047e1 5.92072819927125238e-6 5.48362731933593750e-6 1 1
0.00000000000000000e0 -1.22463532040271676e1 -1.22463464736938477e1 -1.22463521957397461e1 6.31809234619140625e-6 5.56310033061890863e-6 1 1
0.00000000000000000e0 -1.22705963057506260e1 -1.22705888748168945e1 -1.22705965042114258e1 5.84125518798828125e-6 5.72204589843750000e-6 1 1
0.00000000000000000e0 -1.22943954388877170e1 -1.22943897247314453e1 -1.22943964004516602e1 5.88099146625609137e-6 6.19888305664062500e-6 1 1
0.00000000000000000e0 -1.23177537464950504e1 -1.23177480697631836e1 -1.23177547454833984e1 6.19888305664062500e-6 6.31809234619140625e-6 1 1
0.00000000000000000e0 -1.23406743524038198e1 -1.23406658172607422e1 -1.23406753540039062e1 6.35782862445921637e-6 6.51677464702515863e-6 1 1
0.00000000000000000e0 -1.23631603613419827e1 -1.23631534576416016e1 -1.23631620407104492e1 7.27176666259765625e-6 6.71545649311156012e-6 1 1
0.00000000000000000e0 -1.23852148590587170e1 -1.23852043151855469e1 -1.23852157592773438e1 6.91413879394531250e-6 6.75519322612672113e-6 1 1
0.00000000000000000e0 -1.24068409124413890e1 -1.24068326950073242e1 -1.24068412780761719e1 7.19229365131468512e-6 7.03334808349609375e-6 1 1
0.00000000000000000e0 -1.24280415696366031e1 -1.24280338287353516e1 -1.24280414581298828e1 7.31150294086546637e-6 7.23203038432984613e-6 1 1
0.00000000000000000e0 -1.24488198601634981e1 -1.24488124847412109e1 -1.24488191604614258e1 7.62939453125000000e-6 7.39097595214843750e-6 1 1
0.00000000000000000e0 -1.24691787950366457e1 -1.24691715240478516e1 -1.24691781997680664e1 7.82807637733640149e-6 7.70886708778562024e-6 1 1
0.00000000000000000e0 -1.24891213668767058e1 -1.24891157150268555e1 -1.24891204833984375e1 7.66913126426516101e-6 7.86781311035156250e-6 1 1
0.00000000000000000e0 -1.25086505500271574e1 -1.25086441040039062e1 -1.25086498260498047e1 8.18570424598874524e-6 8.06649495643796399e-6 1 1
0.00000000000000000e0 -1.25277693006637012e1 -1.25277624130249023e1 -1.25277490615844727e1 8.18570424598874524e-6 1.27156582152565534e-7 1 2
0.00000000000000000e0 -1.25464805569092235e1 -1.25464544296264648e1 -1.25464830398559570e1 5.16573607001191704e-7 1.98682144514350512e-7 2 2
0.00000000000000000e0 -1.25647872389450583e1 -1.25647811889648438e1 -1.25647859573364258e1 3.05970502267882694e-7 2.54313164305131068e-7 2 2
0.00000000000000000e0 -1.25826922491239976e1 -1.25826873779296875e1 -1.25826892852783203e1 5.56309998955839546e-7 1.78813934326171875e-7 2 2
0.00000000000000000e0 -1.26001984720735436e1 -1.26001911163330078e1 -1.26001949310302734e1 3.81469732246841886e-7 1.58945724137993238e-7 2 2
0.00000000000000000e0 -1.26173087748087731e1 -1.26173009872436523e1 -1.26173048019409180e1 3.77496093051377102e-7 7.94728620689966192e-8 2 2
0.00000000000000000e0 -1.26340260068397345e1 -1.26340188980102539e1 -1.26340217590332031e1 5.56309998955839546e-7 1.58945724137993238e-7 2 2
0.00000000000000000e0 -1.26503530002777982e1 -1.26503438949584961e1 -1.26503486633300781e1 2.46365857492492069e-7 2.38418579101562500e-7 2 2
0.00000000000000000e0 -1.26662925699402589e1 -1.26662845611572266e1 -1.26662874221801758e1 1.19209289550781250e-7 8.34465012644614035e-8 2 2
0.00000000000000000e0 -1.26818475134581128e1 -1.26818408966064453e1 -1.26818428039550781e1 6.35782896551972954e-7 2.30471286499778216e-7 2 2
0.00000000000000000e0 -1.26970206113791324e1 -1.26970119476318359e1 -1.26970167160034180e1 3.97364289028701023e-7 3.57627868652343750e-7 2 2
0.00000000000000000e0 -1.27118146272751300e1 -1.27118101119995117e1 -1.27118101119995117e1 3.57627868652343750e-7 1.98682144514350512e-7 2 2
0.00000000000000000e0 -1.27262323078397035e1 -1.27262239456176758e1 -1.27262277603149414e1 1.92721685721153335e-7 7.35123961703720852e-8 2 2
0.00000000000000000e0 -1.27402763829925672e1 -1.27402677536010742e1 -1.27402725219726562e1 6.35782896551972954e-7 2.82128638673384557e-7 2 2
0.00000000000000000e0 -1.27539495659835111e1 -1.27539386749267578e1 -1.27539463043212891e1 1.43051153145279386e-7 1.58945724137993238e-7 2 2
0.00000000000000000e0 -1.27672545534917621e1 -1.27672443389892578e1 -1.27672510147094727e1 3.17891448275986477e-7 2.38418579101562500e-7 2 2
0.00000000000000000e0 -1.27801940257248638e1 -1.27801828384399414e1 -1.27801914215087891e1 5.16573607001191704e-7 2.78154999477919773e-7 2 2
0.00000000000000000e0 -1.27927706465209088e1 -1.27927646636962891e1 -1.27927684783935547e1 5.96046447753906250e-7 3.17891448275986477e-7 2 2
0.00000000000000000e0 -1.28049870634450400e1 -1.28049774169921875e1 -1.28049850463867188e1 1.98682144514350512e-7 3.17891448275986477e-7 2 2
0.00000000000000000e0 -1.28168459078894710e1 -1.28168373107910156e1 -1.28168430328369141e1 3.17891448275986477e-7 1.98682144514350512e-7 2 2
0.00000000000000000e0 -1.28283497951699772e1 -1.28283414840698242e1 -1.28283481597900391e1 3.17891448275986477e-7 3.57627868652343750e-7 2 2
0.00000000000000000e0 -1.28395013246225531e1 -1.28394937515258789e1 -1.28394985198974609e1 1.66893002528922807e-7 1.94708505318885727e-7 2 2
0.00000000000000000e0 -1.28503030797030036e1 -1.28502950668334961e1 -1.28503007888793945e1 4.41074377022232511e-7 1.74840295130707091e-7 2 2
0.00000000000000000e0 -1.28607576280790390e1 -1.28607501983642578e1 -1.28607549667358398e1 4.37100737826767727e-7 2.38418579101562500e-7 2 2
0.00000000000000000e0 -1.28708675217261828e1 -1.28708591461181641e1 -1.28708639144897461e1 4.88758075789519353e-7 2.50339496687956853e-7 2 2
0.00000000000000000e0 -1.28806352970240745e1 -1.28806266784667969e1 -1.28806304931640625e1 1.29143401750297926e-7 1.19209289550781250e-7 2 2
0.00000000000000000e0 -1.28900634748455385e1 -1.28900547027587891e1 -1.28900604248046875e1 6.35782896551972954e-7 1.98682144514350512e-7 2 2
0.00000000000000000e0 -1.28991545606573261e1 -1.28991422653198242e1 -1.28991508483886719e1 1.39077499738959887e-7 3.17891448275986477e-7 2 2
0.00000000000000000e0 -1.29079110446067364e1 -1.29078998565673828e1 -1.29079065322875977e1 2.68220901489257812e-7 7.94728620689966192e-8 2 2
0.00000000000000000e0 -1.29163354016151981e1 -1.29163236618041992e1 -1.29163303375244141e1 2.78154999477919773e-7 1.19209289550781250e-7 2 2
0.00000000000000000e0 -1.29244300914725603e1 -1.29244203567504883e1 -1.29244270324707031e1 2.38418579101562500e-7 1.98682144514350512e-7 2 2
0.00000000000000000e0 -1.29321975589220592e1 -1.29321889877319336e1 -1.29321928024291992e1 3.81469732246841886e-7 2.78154999477919773e-7 2 2
0.00000000000000000e0 -1.29396402337587446e1 -1.29396324157714844e1 -1.29396343231201172e1 4.37100737826767727e-7 6.55651106740151590e-8 2 2
0.00000000000000000e0 -1.29467605309106872e1 -1.29467496871948242e1 -1.29467563629150391e1 4.37100737826767727e-7 1.47024792340744170e-7 2 2
0.00000000000000000e0 -1.29535608505352986e1 -1.29535541534423828e1 -1.29535560607910156e1 3.45706951065949397e-7 1.82787573521636659e-7 2 2
0.00000000000000000e0 -1.29600435781049104e1 -1.29600353240966797e1 -1.29600391387939453e1 1.98682144514350512e-7 1.98682144514350512e-7 2 2
0.00000000000000000e0 -1.29662110844930734e1 -1.29662027359008789e1 -1.29662065505981445e1 7.94728620689966192e-8 1.86761226927956159e-7 2 2
0.00000000000000000e0 -1.29720657260647254e1 -1.29720582962036133e1 -1.29720602035522461e1 2.38418579101562500e-7 7.94728620689966192e-8 2 2
0.00000000000000000e0 -1.29776098447646273e1 -1.29776010513305664e1 -1.29776048660278320e1 2.78154999477919773e-7 2.38418579101562500e-7 2 2
0.00000000000000000e0 -1.29828457681979295e1 -1.29828367233276367e1 -1.29828405380249023e1 1.54972070731673739e-7 1.58945724137993238e-7 2 2
0.00000000000000000e0 -1.29877758097234608e1 -1.29877662658691406e1 -1.29877710342407227e1 3.89417010637771455e-7 1.11262004054424324e-7 2 2
0.00000000000000000e0 -1.29924022685334375e1 -1.29923944473266602e1 -1.29923992156982422e1 2.14576715507064364e-7 1.98682144514350512e-7 2 2
0.00000000000000000e0 -1.29967274297413997e1 -1.29967203140258789e1 -1.29967222213745117e1 1.25169748343978426e-7 7.94728620689966192e-8 2 2
0.00000000000000000e0 -1.30007535644642296e1 -1.30007476806640625e1 -1.30007495880126953e1 2.78154999477919773e-7 3.97364310344983096e-8 2 2
0.00000000000000000e0 -1.30044829299080487e1 -1.30044765472412109e1 -1.30044784545898438e1 2.02655797920670011e-7 2.78154999477919773e-7 2 2
0.00000000000000000e0 -1.30079177694514634e1 -1.30079107284545898e1 -1.30079135894775391e1 4.05311595841340022e-7 1.19209289550781250e-7 2 2
0.00000000000000000e0 -1.30110603127265581e1 -1.30110540390014648e1 -1.30110569000244141e1 1.98682144514350512e-7 1.86761226927956159e-7 2 2
0.00000000000000000e0 -1.30139127757015149e1 -1.30139036178588867e1 -1.30139083862304688e1 3.57627868652343750e-7 1.58945724137993238e-7 2 2
0.00000000000000000e0 -1.30164773607632114e1 -1.30164728164672852e1 -1.30164737701416016e1 4.60942572999556432e-7 7.94728620689966192e-8 2 2
0.00000000000000000e0 -1.30187562567994117e1 -1.30187463760375977e1 -1.30187520980834961e1 4.37100737826767727e-7 2.18550368913383863e-7 2 2
0.00000000000000000e0 -1.30207516392777727e1 -1.30207452774047852e1 -1.30207490921020508e1 1.43051153145279386e-7 2.10603076311599580e-7 2 2
0.00000000000000000e0 -1.30224656703251167e1 -1.30224590301513672e1 -1.30224609375000000e1 5.12599967805726919e-7 1.58945724137993238e-7 2 2
0.00000000000000000e0 -1.30239004988093026e1 -1.30238924026489258e1 -1.30238971710205078e1 2.78154999477919773e-7 7.94728620689966192e-8 2 2
0.00000000000000000e0 -1.30250582604188345e1 -1.30250482559204102e1 -1.30250539779663086e1 4.76837158203125000e-7 3.29812365862380830e-7 2 2
0.00000000000000000e0 -1.30259410777397928e1 -1.30259351730346680e1 -1.30259370803833008e1 3.97364289028701023e-7 3.97364310344983096e-8 2 2
0.00000000000000000e0 -1.30265510603334445e1 -1.30265417098999023e1 -1.30265474319458008e1 2.70207721086990205e-7 2.38418579101562500e-7 2 2
0.00000000000000000e0 -1.30268903048174920e1 -1.30268802642822266e1 -1.30268859863281250e1 1.78813934326171875e-7 2.02655797920670011e-7 2 2
0.00000000000000000e0 -1.30269608949399647e1 -1.30269517898559570e1 -1.30269575119018555e1 1.82787573521636659e-7 1.98682144514350512e-7 2 2
0.00000000000000000e0 -1.30267649016558398e1 -1.30267562866210938e1 -1.30267601013183594e1 2.32458120308365324e-7 5.16573592790336988e-8 2 2
0.00000000000000000e0 -1.30263043832092524e1 -1.30262966156005859e1 -1.30262994766235352e1 1.31130221348030318e-7 7.94728620689966192e-8 2 2
0.00000000000000000e0 -1.30255813852000717e1 -1.30255727767944336e1 -1.30255765914916992e1 3.00010043474685517e-7 3.37759644253310398e-7 2 2
0.00000000000000000e0 -1.30245979406680323e1 -1.30245876312255859e1 -1.30245933532714844e1 2.40405398699294892e-7 1.98682144514350512e-7 2 2
0.00000000000000000e0 -1.30233560701603430e1 -1.30233478546142578e1 -1.30233507156372070e1 4.60942572999556432e-7 1.58945727690706917e-8 2 2
0.00000000000000000e0 -1.30218577818116117e1 -1.30218505859375000e1 -1.30218534469604492e1 4.25179791818663944e-7 7.94728620689966192e-8 2 2
0.00000000000000000e0 -1.30201050714172961e1 -1.30200967788696289e1 -1.30200996398925781e1 1.98682144514350512e-7 1.98682144514350512e-7 2 2
0.00000000000000000e0 -1.30180999225023104e1 -1.30180931091308594e1 -1.30180950164794922e1 2.10603076311599580e-7 7.94728620689966192e-8 2 2
0.00000000000000000e0 -1.30158443063986891e1 -1.30158376693725586e1 -1.30158395767211914e1 4.56968933804091648e-8 1.58945724137993238e-7 2 2
0.00000000000000000e0 -1.30133401823196770e1 -1.30133352279663086e1 -1.30133361816406250e1 1.94708505318885727e-7 7.94728620689966192e-8 2 2
0.00000000000000000e0 -1.30105894974283220e1 -1.30105857849121094e1 -1.30105848312377930e1 4.45048016217697295e-7 2.82128638673384557e-7 2 2
0.00000000000000000e0 -1.30075941869095768e1 -1.30075883865356445e1 -1.30075902938842773e1 1.68879822126655199e-7 1.98682144514350512e-7 2 2
0.00000000000000000e0 -1.30043561740423286e1 -1.30043487548828125e1 -1.30043506622314453e1 2.78154999477919773e-7 2.30471286499778216e-7 2 2
0.00000000000000000e0 -1.30008773702698992e1 -1.30008697509765625e1 -1.30008726119995117e1 4.29153431014128728e-7 2.18550368913383863e-7 2 2
0.00000000000000000e0 -1.29971596752738154e1 -1.29971542358398438e1 -1.29971542358398438e1 4.37100737826767727e-7 7.94728620689966192e-8 2 2
0.00000000000000000e0 -1.29932049770385660e1 -1.29931964874267578e1 -1.29932003021240234e1 7.94728620689966192e-8 2.50339496687956853e-7 2 2
0.00000000000000000e0 -1.29890151519247041e1 -1.29890069961547852e1 -1.29890098571777344e1 2.98023223876953125e-7 2.30471286499778216e-7 2 2
0.00000000000000000e0 -1.29845920647358426e1 -1.29845848083496094e1 -1.29845867156982422e1 1.58945724137993238e-7 2.42392218297027284e-7 2 2
0.00000000000000000e0 -1.29799375687895786e1 -1.29799318313598633e1 -1.29799318313598633e1 5.96046447753906250e-7 9.13937867608183296e-8 2 2
0.00000000000000000e0 -1.29750535059831833e1 -1.29750442504882812e1 -1.29750499725341797e1 9.93410722571752558e-8 2.22524008108848648e-7 2 2
0.00000000000000000e0 -1.29699417068672673e1 -1.29699325561523438e1 -1.29699363708496094e1 1.62919363333458023e-7 1.50998431536208955e-7 2 2
0.00000000000000000e0 -1.29646039907038713e1 -1.29645957946777344e1 -1.29645986557006836e1 2.26497647304313432e-7 8.34465012644614035e-8 2 2
0.00000000000000000e0 -1.29590421655430870e1 -1.29590330123901367e1 -1.29590377807617188e1 2.38418579101562500e-7 2.02655797920670011e-7 2 2
0.00000000000000000e0 -1.29532580282814322e1 -1.29532470703125000e1 -1.29532527923583984e1 2.70207721086990205e-7 1.27156582152565534e-7 2 2
0.00000000000000000e0 -1.29472533647342516e1 -1.29472436904907227e1 -1.29472484588623047e1 2.14576715507064364e-7 1.90734866123420943e-7 2 2
0.00000000000000000e0 -1.29410299496980912e1 -1.29410219192504883e1 -1.29410257339477539e1 2.38418579101562500e-7 2.26497647304313432e-7 2 2
0.00000000000000000e0 -1.29345895470200549e1 -1.29345808029174805e1 -1.29345846176147461e1 3.09944141463347478e-7 1.58945724137993238e-7 2 2
0.00000000000000000e0 -1.29279339096592452e1 -1.29279279708862305e1 -1.29279289245605469e1 3.17891448275986477e-7 1.74840295130707091e-7 2 2
0.00000000000000000e0 -1.29210647797510312e1 -1.29210577011108398e1 -1.29210596084594727e1 4.37100737826767727e-7 3.97364310344983096e-8 2 2
0.00000000000000000e0 -1.29139838886710550e1 -1.29139804840087891e1 -1.29139795303344727e1 4.72863519007660216e-7 9.53674330617104715e-8 2 2
0.00000000000000000e0 -1.29066929571051574e1 -1.29066867828369141e1 -1.29066877365112305e1 2.00668964112082904e-7 1.58945724137993238e-7 2 2
0.00000000000000000e0 -1.28991936951037953e1 -1.28991861343383789e1 -1.28991899490356445e1 1.98682144514350512e-7 1.98682144514350512e-7 2 2
0.00000000000000000e0 -1.28914878021534847e1 -1.28914833068847656e1 -1.28914823532104492e1 5.36441788767660910e-8 3.97364310344983096e-8 2 2
0.00000000000000000e0 -1.28835769672340046e1 -1.28835706710815430e1 -1.28835725784301758e1 1.70866641724387591e-7 1.98682144514350512e-7 2 2
0.00000000000000000e0 -1.28754628688820212e1 -1.28754558563232422e1 -1.28754577636718750e1 1.56958904540260846e-7 1.58945724137993238e-7 2 2
0.00000000000000000e0 -1.28671471752543383e1 -1.28671398162841797e1 -1.28671417236328125e1 3.17891448275986477e-7 1.35103860543495102e-7 2 2
0.00000000000000000e0 -1.28586315441883219e1 -1.28586263656616211e1 -1.28586273193359375e1 2.70207721086990205e-7 1.58945724137993238e-7 2 2
0.00000000000000000e0 -1.28499176232631154e1 -1.28499107360839844e1 -1.28499126434326172e1 3.27825546264648438e-7 1.98682144514350512e-7 2 2
0.00000000000000000e0 -1.28410070498603108e1 -1.28409976959228516e1 -1.28410034179687500e1 1.98682144514350512e-7 1.98682144514350512e-7 2 2
0.00000000000000000e0 -1.28319014512246241e1 -1.28318939208984375e1 -1.28318967819213867e1 3.57627868652343750e-7 1.58945724137993238e-7 2 2
0.00000000000000000e0 -1.28226024445251578e1 -1.28225936889648438e1 -1.28225975036621094e1 3.37759644253310398e-7 2.02655797920670011e-7 2 2
0.00000000000000000e0 -1.28131116369138898e1 -1.28131046295166016e1 -1.28131074905395508e1 2.32458120308365324e-7 1.54972070731673739e-7 2 2
0.00000000000000000e0 -1.28034306255831698e1 -1.28034210205078125e1 -1.28034248352050781e1 2.74181360282454989e-7 1.58945724137993238e-7 2 2
0.00000000000000000e0 -1.27935609978270755e1 -1.27935514450073242e1 -1.27935571670532227e1 1.58945724137993238e-7 1.98682144514350512e-7 2 2
0.00000000000000000e0 -1.27835043311029875e1 -1.27834968566894531e1 -1.27834987640380859e1 3.69548786238738103e-7 1.23182928746246034e-7 2 2
0.00000000000000000e0 -1.27732621930813668e1 -1.27732543945312500e1 -1.27732572555541992e1 3.57627868652343750e-7 9.13937867608183296e-8 2 2
0.00000000000000000e0 -1.27628361417145086e1 -1.27628326416015625e1 -1.27628297805786133e1 3.15904628678254085e-7 1.19209289550781250e-7 2 2
0.00000000000000000e0 -1.27522277252824416e1 -1.27522230148315430e1 -1.27522230148315430e1 1.19209289550781250e-7 2.38418579101562500e-7 2 2
0.00000000000000000e0 -1.27414384824607403e1 -1.27414321899414062e1 -1.27414321899414062e1 3.17891448275986477e-7 1.19209289550781250e-7 2 2
0.00000000000000000e0 -1.27304699423703074e1 -1.27304649353027344e1 -1.27304630279541016e1 4.37100737826767727e-7 1.54972070731673739e-7 2 2
0.00000000000000000e0 -1.27193236246372354e1 -1.27193164825439453e1 -1.27193164825439453e1 2.34444939906097716e-7 1.23182928746246034e-7 2 2
0.00000000000000000e0 -1.27080010394474829e1 -1.27079963684082031e1 -1.27079944610595703e1 3.17891448275986477e-7 1.03314718558067398e-7 2 2
0.00000000000000000e0 -1.26965036876040518e1 -1.26964969635009766e1 -1.26964960098266602e1 2.78155010136060810e-8 5.96046447753906250e-8 2 2
0.00000000000000000e0 -1.26848330605801145e1 -1.26848297119140625e1 -1.26848258972167969e1 2.78154999477919773e-7 5.76178216249445541e-8 2 2
0.00000000000000000e0 -1.26729906405771153e1 -1.26729841232299805e1 -1.26729841232299805e1 3.97364289028701023e-7 1.74840295130707091e-7 2 2
0.00000000000000000e0 -1.26609779005788106e1 -1.26609754562377930e1 -1.26609716415405273e1 6.75519288506620796e-7 2.38418579101562500e-7 2 2
0.00000000000000000e0 -1.26487963044045753e1 -1.26487884521484375e1 -1.26487894058227539e1 5.96046447753906250e-7 2.78154999477919773e-7 2 2
0.00000000000000000e0 -1.26364473067647936e1 -1.26364459991455078e1 -1.26364402770996094e1 5.40415442173980409e-7 3.21865087471451261e-7 2 2
0.00000000000000000e0 -1.26239323533117496e1 -1.26239271163940430e1 -1.26239252090454102e1 5.22534037372679450e-7 1.66893002528922807e-7 2 2
0.00000000000000000e0 -1.26112528806978688e1 -1.26112461090087891e1 -1.26112461090087891e1 3.63588327445540926e-7 1.58945724137993238e-7 2 2
0.00000000000000000e0 -1.25984103166260955e1 -1.25984020233154297e1 -1.25984029769897461e1 1.68879822126655199e-7 2.38418579101562500e-7 2 2
0.00000000000000000e0 -1.25854060799031480e1 -1.25854005813598633e1 -1.25853977203369141e1 3.17891448275986477e-7 2.02655797920670011e-7 2 2
0.00000000000000000e0 -1.25722415804912817e1 -1.25722341537475586e1 -1.25722341537475586e1 5.44389081369445194e-7 1.78813934326171875e-7 2 2
0.00000000000000000e0 -1.25589182195626030e1 -1.25589122772216797e1 -1.25589113235473633e1 3.33786005057845614e-7 2.38418579101562500e-7 2 2
0.00000000000000000e0 -1.25454373895493756e1 -1.25454282760620117e1 -1.25454301834106445e1 3.85443371442306670e-7 1.62919363333458023e-7 2 2
0.00000000000000000e0 -1.25318004741966273e1 -1.25317926406860352e1 -1.25318126678466797e1 3.73522453855912318e-7 8.26517771201906726e-6 2 1
0.00000000000000000e0 -1.25180088486100960e1 -1.25179986953735352e1 -1.25179996490478516e1 1.23182928746246034e-7 8.42412282509030774e-6 2 1
0.00000000000000000e0 -1.25040638793133105e1 -1.25040559768676758e1 -1.25040550231933594e1 3.73522453855912318e-7 7.90754984336672351e-6 2 1
0.00000000000000000e0 -1.24899669242930589e1 -1.24899768829345703e1 -1.24899597167968750e1 7.47044896343140863e-6 7.90754984336672351e-6 1 1
0.00000000000000000e0 -1.24757193330522345e1 -1.24757099151611328e1 -1.24757118225097656e1 7.90754984336672351e-6 7.86781311035156250e-6 1 1
0.00000000000000000e0 -1.24613224466589010e1 -1.24613132476806641e1 -1.24613142013549805e1 7.74860382080078125e-6 7.54992151996702887e-6 1 1
0.00000000000000000e0 -1.24467775977951156e1 -1.24467697143554688e1 -1.24467706680297852e1 7.51018524169921875e-6 7.54992151996702887e-6 1 1
0.00000000000000000e0 -1.24320861108105820e1 -1.24320783615112305e1 -1.24320783615112305e1 7.58965825298218988e-6 7.31150294086546637e-6 1 1
0.00000000000000000e0 -1.24172493017662937e1 -1.24172410964965820e1 -1.24172420501708984e1 7.54992151996702887e-6 7.15255737304687500e-6 1 1
0.00000000000000000e0 -1.24022684784880770e1 -1.24022617340087891e1 -1.24022607803344727e1 7.23203038432984613e-6 7.03334808349609375e-6 1 1
0.00000000000000000e0 -1.23871449406106624e1 -1.23871364593505859e1 -1.23871383666992188e1 6.59624720356077887e-6 7.03334808349609375e-6 1 1
0.00000000000000000e0 -1.23718799796312560e1 -1.23718719482421875e1 -1.23718729019165039e1 7.43071223041624762e-6 6.79492950439453125e-6 1 1
0.00000000000000000e0 -1.23564748789509480e1 -1.23564653396606445e1 -1.23564672470092773e1 6.31809234619140625e-6 6.59624720356077887e-6 1 1
0.00000000000000000e0 -1.23409309139306025e1 -1.23409223556518555e1 -1.23409252166748047e1 6.71545649311156012e-6 6.59624720356077887e-6 1 1
0.00000000000000000e0 -1.23252493519300987e1 -1.23252372741699219e1 -1.23252429962158203e1 6.11941004535765387e-6 6.19888305664062500e-6 1 1
0.00000000000000000e0 -1.23094314523611708e1 -1.23094215393066406e1 -1.23094263076782227e1 5.96046447753906250e-6 5.96046447753906250e-6 1 1
0.00000000000000000e0 -1.22934784667319708e1 -1.22934684753417969e1 -1.22934732437133789e1 6.23861933490843512e-6 5.92072819927125238e-6 1 1
0.00000000000000000e0 -1.22773916386931745e1 -1.22773809432983398e1 -1.22773866653442383e1 6.00020075580687262e-6 5.88099146625609137e-6 1 1
0.00000000000000000e0 -1.22611722040847582e1 -1.22611618041992188e1 -1.22611675262451172e1 6.67572021484375000e-6 5.64257288715452887e-6 1 1
0.00000000000000000e0 -1.22448213909834482e1 -1.22448081970214844e1 -1.22448167800903320e1 5.68230962016968988e-6 5.72204589843750000e-6 1 1
0.00000000000000000e0 -1.22283404197472709e1 -1.22283296585083008e1 -1.22283353805541992e1 5.52336359760374762e-6 5.56310033061890863e-6 1 1
0.00000000000000000e0 -1.22117305030591972e1 -1.22117195129394531e1 -1.22117252349853516e1 5.92072819927125238e-6 5.48362731933593750e-6 1 1
0.00000000000000000e0 -1.21949928459751824e1 -1.21949806213378906e1 -1.21949872970581055e1 5.32468175151734613e-6 5.16573572895140387e-6 1 1
0.00000000000000000e0 -1.21781286459695579e1 -1.21781215667724609e1 -1.21781244277954102e1 5.16573572895140387e-6 5.08626317241578363e-6 1 1
0.00000000000000000e0 -1.21611390929748460e1 -1.21611299514770508e1 -1.21611347198486328e1 5.32468175151734613e-6 5.12599945068359375e-6 1 1
0.00000000000000000e0 -1.21440253694326685e1 -1.21440162658691406e1 -1.21440210342407227e1 5.20547246196656488e-6 5.12599945068359375e-6 1 1
0.00000000000000000e0 -1.21267886503336886e1 -1.21267786026000977e1 -1.21267824172973633e1 4.88758087158203125e-6 4.64916229248046875e-6 1 1
0.00000000000000000e0 -1.21094301032601095e1 -1.21094198226928711e1 -1.21094255447387695e1 4.52995300292968750e-6 4.76837158203125000e-6 1 1
0.00000000000000000e0 -1.20919508884342708e1 -1.20919418334960938e1 -1.20919456481933594e1 4.76837158203125000e-6 4.49021672466187738e-6 1 1
0.00000000000000000e0 -1.20743521587574687e1 -1.20743427276611328e1 -1.20743484497070312e1 4.60942601421265863e-6 4.52995300292968750e-6 1 1
0.00000000000000000e0 -1.20566350598560508e1 -1.20566253662109375e1 -1.20566310882568359e1 4.41074371337890625e-6 4.29153442382812500e-6 1 1
0.00000000000000000e0 -1.20388007301226079e1 -1.20387897491455078e1 -1.20387954711914062e1 4.60942601421265863e-6 4.05311584472656250e-6 1 1
0.00000000000000000e0 -1.20208503007567185e1 -1.20208387374877930e1 -1.20208463668823242e1 4.01337956645875238e-6 4.17232513427734375e-6 1 1
0.00000000000000000e0 -1.20027848958120931e1 -1.20027761459350586e1 -1.20027790069580078e1 4.45047999164671637e-6 3.89417027690797113e-6 1 1
0.00000000000000000e0 -1.19846056320565175e1 -1.19845952987670898e1 -1.19846000671386719e1 4.45047999164671637e-6 3.81469726562500000e-6 1 1
0.00000000000000000e0 -1.19663136197369298e1 -1.19663028717041016e1 -1.19663076400756836e1 4.49021672466187738e-6 3.73522448171570431e-6 1 1
0.00000000000000000e0 -1.19479099615371016e1 -1.19478988647460938e1 -1.19479045867919922e1 3.61601519216492306e-6 3.65575147043273319e-6 1 1
0.00000000000000000e0 -1.19293957533050339e1 -1.19293861389160156e1 -1.19293889999389648e1 3.65575147043273319e-6 3.61601519216492306e-6 1 1
0.00000000000000000e0 -1.19107720839897588e1 -1.19107627868652344e1 -1.19107656478881836e1 3.53654218088195194e-6 3.45706939697265625e-6 1 1
0.00000000000000000e0 -1.18920400356291616e1 -1.18920297622680664e1 -1.18920354843139648e1 3.13917803396179806e-6 3.57627868652343750e-6 1 1
0.00000000000000000e0 -1.18732006833985739e1 -1.18731937408447266e1 -1.18731946945190430e1 3.85443354389281012e-6 3.45706939697265625e-6 1 1
0.00000000000000000e0 -1.18542550956534551e1 -1.18542480468750000e1 -1.18542499542236328e1 3.09944152832031250e-6 3.29812360178038944e-6 1 1
0.00000000000000000e0 -1.18352043339715909e1 -1.18351993560791016e1 -1.18351984024047852e1 3.05970502267882694e-6 3.01996874441101681e-6 1 1
0.00000000000000000e0 -1.18160494531905851e1 -1.18160438537597656e1 -1.18160448074340820e1 3.21865081787109375e-6 2.90075945486023556e-6 1 1
0.00000000000000000e0 -1.17967915014483236e1 -1.17967863082885742e1 -1.17967863082885742e1 2.90075945486023556e-6 2.94049573312804569e-6 1 1
0.00000000000000000e0 -1.17774315202222315e1 -1.17774267196655273e1 -1.17774248123168945e1 3.45706939697265625e-6 2.90075945486023556e-6 1 1
0.00000000000000000e0 -1.17579705443700355e1 -1.17579641342163086e1 -1.17579641342163086e1 2.94049573312804569e-6 2.66234087575867306e-6 1 1
0.00000000000000000e0 -1.17384096021646922e1 -1.17384061813354492e1 -1.17384033203125000e1 3.33786010742187500e-6 2.78155016530945431e-6 1 1
0.00000000000000000e0 -1.17187497153354894e1 -1.17187423706054688e1 -1.17187433242797852e1 3.33786010742187500e-6 2.70207715402648319e-6 1 1
0.00000000000000000e0 -1.16989918991080888e1 -1.16989822387695312e1 -1.16989841461181641e1 2.82128644357726444e-6 2.58286786447570194e-6 1 1
0.00000000000000000e0 -1.16791371622405205e1 -1.16791276931762695e1 -1.16791296005249023e1 2.38418579101562500e-6 2.54313158620789181e-6 1 1
0.00000000000000000e0 -1.16591865070611540e1 -1.16591787338256836e1 -1.16591787338256836e1 2.58286786447570194e-6 2.26497650146484375e-6 1 1
0.00000000000000000e0 -1.16391409295069082e1 -1.16391305923461914e1 -1.16391353607177734e1 2.22523999582335819e-6 2.26497650146484375e-6 1 1
0.00000000000000000e0 -1.16190014191618776e1 -1.16189928054809570e1 -1.16189947128295898e1 2.66234087575867306e-6 2.38418579101562500e-6 1 1
0.00000000000000000e0 -1.15987689592922418e1 -1.15987596511840820e1 -1.15987625122070312e1 2.42392229665711056e-6 2.26497650146484375e-6 1 1
0.00000000000000000e0 -1.15784445268848692e1 -1.15784349441528320e1 -1.15784378051757812e1 2.02655792236328125e-6 2.30471300710632931e-6 1 1
0.00000000000000000e0 -1.15580290926856470e1 -1.15580196380615234e1 -1.15580205917358398e1 2.10603070627257694e-6 2.02655792236328125e-6 1 1
0.00000000000000000e0 -1.15375236212319763e1 -1.15375146865844727e1 -1.15375156402587891e1 2.14576721191406250e-6 2.06629442800476681e-6 1 1
0.00000000000000000e0 -1.15169290708934575e1 -1.15169219970703125e1 -1.15169219970703125e1 2.18550371755554806e-6 2.14576721191406250e-6 1 1
0.00000000000000000e0 -1.14962463939051407e1 -1.14962387084960938e1 -1.14962396621704102e1 2.26497650146484375e-6 2.02655792236328125e-6 1 1
0.00000000000000000e0 -1.14754765364041731e1 -1.14754695892333984e1 -1.14754686355590820e1 1.90734863281250000e-6 1.86761224085785216e-6 1 1
0.00000000000000000e0 -1.14546204384675931e1 -1.14546155929565430e1 -1.14546127319335938e1 1.82787573521636659e-6 1.66893005371093750e-6 1 1
0.00000000000000000e0 -1.14336790341457348e1 -1.14336729049682617e1 -1.14336709976196289e1 1.70866644566558534e-6 1.66893005371093750e-6 1 1
0.00000000000000000e0 -1.14126532514978383e1 -1.14126482009887695e1 -1.14126453399658203e1 1.62919366175628966e-6 1.58945715611480409e-6 1 1
0.00000000000000000e0 -1.13915440126269321e1 -1.13915386199951172e1 -1.13915367126464844e1 1.47024786656402284e-6 1.78813934326171875e-6 1 1
0.00000000000000000e0 -1.13703522337179059e1 -1.13703470230102539e1 -1.13703441619873047e1 1.50998437220550841e-6 1.66893005371093750e-6 1 1
0.00000000000000000e0 -1.13490788250671262e1 -1.13490724563598633e1 -1.13490705490112305e1 1.90734863281250000e-6 1.43051147460937500e-6 1 1
0.00000000000000000e0 -1.13277246911201388e1 -1.13277168273925781e1 -1.13277158737182617e1 1.78813934326171875e-6 1.35103857701324159e-6 1 1
0.00000000000000000e0 -1.13062907305051041e1 -1.13062820434570312e1 -1.13062829971313477e1 1.66893005371093750e-6 1.54972076416015625e-6 1 1
0.00000000000000000e0 -1.12847778360674855e1 -1.12847700119018555e1 -1.12847700119018555e1 1.66893005371093750e-6 1.35103857701324159e-6 1 1
0.00000000000000000e0 -1.12631868949044804e1 -1.12631788253784180e1 -1.12631788253784180e1 1.58945715611480409e-6 1.39077508265472716e-6 1 1
0.00000000000000000e0 -1.12415187883961476e1 -1.12415103912353516e1 -1.12415103912353516e1 1.35103857701324159e-6 1.43051147460937500e-6 1 1
0.00000000000000000e0 -1.12197743922409927e1 -1.12197666168212891e1 -1.12197666168212891e1 1.35103857701324159e-6 1.43051147460937500e-6 1 1
0.00000000000000000e0 -1.11979545764894812e1 -1.11979465484619141e1 -1.11979455947875977e1 9.93410708360897843e-7 1.15235650355316466e-6 1 1
0.00000000000000000e0 -1.11760602055757499e1 -1.11760530471801758e1 -1.11760520935058594e1 1.58945715611480409e-6 9.53674316406250000e-7 1 1
0.00000000000000000e0 -1.11540921383530094e1 -1.11540813446044922e1 -1.11540842056274414e1 1.19209289550781250e-6 1.07288360595703125e-6 1 1
0.00000000000000000e0 -1.11320512281229433e1 -1.11320419311523438e1 -1.11320438385009766e1 1.23182928746246034e-6 1.23182928746246034e-6 1 1
0.00000000000000000e0 -1.11099383226697519e1 -1.11099290847778320e1 -1.11099300384521484e1 8.74201475653535454e-7 1.11261999791167909e-6 1 1
0.00000000000000000e0 -1.10877542642916271e1 -1.10877475738525391e1 -1.10877466201782227e1 1.15235650355316466e-6 1.19209289550781250e-6 1 1
0.00000000000000000e0 -1.10654998898369392e1 -1.10654916763305664e1 -1.10654907226562500e1 1.07288360595703125e-6 9.13937867608183296e-7 1 1
0.00000000000000000e0 -1.10431760307316296e1 -1.10431680679321289e1 -1.10431680679321289e1 1.27156579310394591e-6 7.94728578057402046e-7 1 1
0.00000000000000000e0 -1.10207835130111924e1 -1.10207748413085938e1 -1.10207757949829102e1 1.03314721400238341e-6 1.03314721400238341e-6 1 1
0.00000000000000000e0 -1.09983231573542515e1 -1.09983167648315430e1 -1.09983158111572266e1 1.27156579310394591e-6 7.54992186102754204e-7 1 1
0.00000000000000000e0 -1.09757957791128611e1 -1.09757881164550781e1 -1.09757890701293945e1 9.93410708360897843e-7 7.94728578057402046e-7 1 1
0.00000000000000000e0 -1.09532021883454167e1 -1.09531946182250977e1 -1.09531946182250977e1 9.13937867608183296e-7 6.35782896551972954e-7 1 1
0.00000000000000000e0 -1.09305431898450180e1 -1.09305362701416016e1 -1.09305353164672852e1 9.53674316406250000e-7 6.75519288506620796e-7 1 1
0.00000000000000000e0 -1.09078195831712730e1 -1.09078111648559570e1 -1.09078121185302734e1 7.54992186102754204e-7 8.74201475653535454e-7 1 1
0.00000000000000000e0 -1.08850321626824531e1 -1.08850240707397461e1 -1.08850250244140625e1 6.35782896551972954e-7 9.13937867608183296e-7 1 1
0.00000000000000000e0 -1.08621817175617537e1 -1.08621730804443359e1 -1.08621749877929688e1 7.94728578057402046e-7 7.15255737304687500e-7 1 1
0.00000000000000000e0 -1.08392690318541796e1 -1.08392601013183594e1 -1.08392620086669922e1 6.75519288506620796e-7 6.75519288506620796e-7 1 1
0.00000000000000000e0 -1.08162948844904960e1 -1.08162870407104492e1 -1.08162879943847656e1 8.34465026855468750e-7 7.15255737304687500e-7 1 1
0.00000000000000000e0 -1.07932600493213169e1 -1.07932519912719727e1 -1.07932529449462891e1 5.80151890972047113e-7 7.15255737304687500e-7 1 1
0.00000000000000000e0 -1.07701652951444835e1 -1.07701587677001953e1 -1.07701568603515625e1 4.37100737826767727e-7 5.16573607001191704e-7 1 1
0.00000000000000000e0 -1.07470113857347229e1 -1.07470064163208008e1 -1.07470035552978516e1 1.03314721400238341e-6 4.76837158203125000e-7 1 1
0.00000000000000000e0 -1.07237990798743734e1 -1.07237930297851562e1 -1.07237911224365234e1 7.94728578057402046e-7 4.76837158203125000e-7 1 1
0.00000000000000000e0 -1.07005291313826536e1 -1.07005243301391602e1 -1.07005205154418945e1 7.54992186102754204e-7 5.16573607001191704e-7 1 1
0.00000000000000000e0 -1.06772022891410607e1 -1.06771974563598633e1 -1.06771936416625977e1 3.97364289028701023e-7 4.37100737826767727e-7 1 1
0.00000000000000000e0 -1.06538192971290435e1 -1.06538143157958984e1 -1.06538124084472656e1 6.35782896551972954e-7 6.75519288506620796e-7 1 1
0.00000000000000000e0 -1.06303808944460965e1 -1.06303768157958984e1 -1.06303730010986328e1 9.93410708360897843e-7 3.17891448275986477e-7 1 1
0.00000000000000000e0 -1.06068878153450434e1 -1.06068840026855469e1 -1.06068811416625977e1 2.42392218297027284e-7 6.35782896551972954e-7 1 1
0.00000000000000000e0 -1.05833407892570701e1 -1.05833387374877930e1 -1.05833330154418945e1 5.96046447753906250e-7 5.96046447753906250e-7 1 1
0.00000000000000000e0 -1.05597405408220446e1 -1.05597352981567383e1 -1.05597333908081055e1 5.56309998955839546e-7 2.78154999477919773e-7 1 1
0.00000000000000000e0 -1.05360877899146299e1 -1.05360813140869141e1 -1.05360813140869141e1 5.16573607001191704e-7 3.17891448275986477e-7 1 1
0.00000000000000000e0 -1.05123832516748372e1 -1.05123758316040039e1 -1.05123777389526367e1 3.97364289028701023e-7 6.35782896551972954e-7 1 1
0.00000000000000000e0 -1.04886276365327067e1 -1.04886207580566406e1 -1.04886207580566406e1 4.76837158203125000e-7 3.17891448275986477e-7 1 1
0.00000000000000000e0 -1.04648216502388394e1 -1.04648151397705078e1 -1.04648151397705078e1 3.61601507847808534e-7 4.76837158203125000e-7 1 1
0.00000000000000000e0 -1.04409659938893995e1 -1.04409608840942383e1 -1.04409589767456055e1 2.82128638673384557e-7 2.38418579101562500e-7 1 1
0.00000000000000000e0 -1.04170613639553533e1 -1.04170560836791992e1 -1.04170551300048828e1 7.15255737304687500e-7 3.97364289028701023e-7 1 1
0.00000000000000000e0 -1.03931084523088391e1 -1.03931016921997070e1 -1.03931016921997070e1 9.13937867608183296e-7 2.78154999477919773e-7 1 1
0.00000000000000000e0 -1.03691079462477269e1 -1.03691005706787109e1 -1.03691005706787109e1 4.29153431014128728e-7 1.98682144514350512e-7 1 1
0.00000000000000000e0 -1.03450605285251243e1 -1.03450565338134766e1 -1.03450546264648438e1 4.76837158203125000e-7 4.76837158203125000e-7 1 1
0.00000000000000000e0 -1.03209668773763728e1 -1.03209609985351562e1 -1.03209590911865234e1 3.57627868652343750e-7 3.97364289028701023e-7 1 1
0.00000000000000000e0 -1.02968276665419296e1 -1.02968215942382812e1 -1.02968206405639648e1 3.69548786238738103e-7 3.57627868652343750e-7 1 1
0.00000000000000000e0 -1.02726435652984271e1 -1.02726354598999023e1 -1.02726364135742188e1 3.57627868652343750e-7 1.43051153145279386e-7 1 1
0.00000000000000000e0 -1.02484152384834122e1 -1.02484073638916016e1 -1.02484092712402344e1 5.56309998955839546e-7 1.98682144514350512e-7 1 1
0.00000000000000000e0 -1.02241433465151950e1 -1.02241353988647461e1 -1.02241363525390625e1 5.96046447753906250e-7 1.19209289550781250e-7 1 1
0.00000000000000000e0 -1.01998285454295452e1 -1.01998195648193359e1 -1.01998224258422852e1 3.57627868652343750e-7 3.57627868652343750e-7 1 1
0.00000000000000000e0 -1.01754714868969014e1 -1.01754627227783203e1 -1.01754646301269531e1 3.97364289028701023e-7 1.66893002528922807e-7 1 1
0.00000000000000000e0 -1.01510728182505243e1 -1.01510648727416992e1 -1.01510658264160156e1 5.16573607001191704e-7 2.78154999477919773e-7 1 1
0.00000000000000000e0 -1.01266331825126255e1 -1.01266260147094727e1 -1.01266269683837891e1 4.52995294608626864e-7 1.62919363333458023e-7 1 1
0.00000000000000000e0 -1.01021532184194687e1 -1.01021461486816406e1 -1.01021480560302734e1 2.78154999477919773e-7 3.17891448275986477e-7 1 1
0.00000000000000000e0 -1.00776335604430578e1 -1.00776252746582031e1 -1.00776271820068359e1 3.97364289028701023e-7 1.58945724137993238e-7 1 1
0.00000000000000000e0 -1.00530748388226545e1 -1.00530652999877930e1 -1.00530681610107422e1 3.97364289028701023e-7 1.19209289550781250e-7 1 1
0.00000000000000000e0 -1.00284776795844301e1 -1.00284700393676758e1 -1.00284709930419922e1 2.26497647304313432e-7 2.54313164305131068e-7 1 1
0.00000000000000000e0 -1.00038427045663916e1 -1.00038347244262695e1 -1.00038366317749023e1 3.57627868652343750e-7 1.27156582152565534e-7 1 1
0.00000000000000000e0 -9.97917053144553634e0 -9.97916126251220703e0 -9.97916507720947266e0 2.90075945486023556e-7 3.57627868652343750e-7 1 1
0.00000000000000000e0 -9.95446177376016372e0 -9.95445251464843750e0 -9.95445632934570312e0 4.56968933804091648e-7 2.38418579101562500e-7 1 1
0.00000000000000000e0 -9.92971704093353580e0 -9.92970466613769531e0 -9.92971134185791016e0 3.01996863072417909e-7 2.42392218297027284e-7 1 1
0.00000000000000000e0 -9.90493693829948185e0 -9.90492725372314453e0 -9.90493106842041016e0 4.37100737826767727e-7 1.98682144514350512e-7 1 1
0.00000000000000000e0 -9.88012206712624064e0 -9.88011169433593750e0 -9.88011550903320312e0 4.76837158203125000e-7 2.02655797920670011e-7 1 1
0.00000000000000000e0 -9.85527302464154786e0 -9.85526180267333984e0 -9.85526657104492188e0 2.02655797920670011e-7 1.58945724137993238e-7 1 1
0.00000000000000000e0 -9.83039040405114228e0 -9.83038043975830078e0 -9.83038330078125000e0 5.16573607001191704e-7 2.14576715507064364e-7 1 1
0.00000000000000000e0 -9.80547479456577520e0 -9.80546283721923828e0 -9.80546951293945312e0 9.53674330617104715e-8 2.54313164305131068e-7 1 1
0.00000000000000000e0 -9.78052678142717191e0 -9.78051757812500000e0 -9.78051948547363281e0 3.17891448275986477e-7 9.13937867608183296e-8 1 1
0.00000000000000000e0 -9.75554694592781679e0 -9.75553703308105469e0 -9.75553989410400391e0 3.85443371442306670e-7 1.58945724137993238e-7 1 1
0.00000000000000000e0 -9.73053586543306004e0 -9.73052597045898438e0 -9.73052883148193359e0 2.38418579101562500e-7 1.19209289550781250e-7 1 1
0.00000000000000000e0 -9.70549411340777368e0 -9.70548152923583984e0 -9.70548820495605469e0 4.76837158203125000e-7 1.43051153145279386e-7 1 1
0.00000000000000000e0 -9.68042225943518098e0 -9.68041038513183594e0 -9.68041419982910156e0 3.57627868652343750e-7 1.66893002528922807e-7 1 1
0.00000000000000000e0 -9.65532086924348576e0 -9.65530872344970703e0 -9.65531253814697266e0 4.37100737826767727e-7 1.19209289550781250e-7 1 1
0.00000000000000000e0 -9.63019050472579430e0 -9.63017845153808594e0 -9.63018321990966797e0 1.98682144514350512e-7 2.74181360282454989e-7 1 1
0.00000000000000000e0 -9.60503172396452598e0 -9.60502147674560547e0 -9.60502338409423828e0 3.17891448275986477e-7 1.98682144514350512e-7 1 1
0.00000000000000000e0 -9.57984508125020540e0 -9.57983493804931641e0 -9.57983779907226562e0 2.82128638673384557e-7 1.54972070731673739e-7 1 1
0.00000000000000000e0 -9.55463112710689444e0 -9.55462169647216797e0 -9.55462455749511719e0 2.38418579101562500e-7 1.98682144514350512e-7 1 1
0.00000000000000000e0 -9.52939040831283180e0 -9.52938079833984375e0 -9.52938270568847656e0 2.78154999477919773e-7 2.70207721086990205e-7 1 1
0.00000000000000000e0 -9.50412346792362506e0 -9.50411415100097656e0 -9.50411510467529297e0 1.54972070731673739e-7 2.42392218297027284e-7 1 1
0.00000000000000000e0 -9.47883084529329700e0 -9.47882366180419922e0 -9.47882270812988281e0 3.17891448275986477e-7 6.75519302717475512e-8 1 1
0.00000000000000000e0 -9.45351307609381131e0 -9.45350646972656250e0 -9.45350456237792969e0 2.50339496687956853e-7 3.13917809080521693e-7 1 1
0.00000000000000000e0 -9.42817069234053484e0 -9.42816448211669922e0 -9.42816257476806641e0 3.45706951065949397e-7 1.66893002528922807e-7 1 1
0.00000000000000000e0 -9.40280422241167635e0 -9.40279865264892578e0 -9.40279674530029297e0 2.06629437116134795e-7 9.53674330617104715e-8 1 1
0.00000000000000000e0 -9.37741419106842855e0 -9.37741184234619141e0 -9.37740612030029297e0 2.78154999477919773e-7 1.98682144514350512e-7 1 1
0.00000000000000000e0 -9.35200111947784052e0 -9.35199737548828125e0 -9.35199356079101562e0 4.01337928224165807e-7 2.22524008108848648e-7 1 1
0.00000000000000000e0 -9.32656552523340387e0 -9.32656478881835938e0 -9.32655811309814453e0 2.38418579101562500e-7 2.06629437116134795e-7 1 1
0.00000000000000000e0 -9.30110792237439554e0 -9.30110454559326172e0 -9.30110168457031250e0 4.37100737826767727e-7 2.14576715507064364e-7 1 1
0.00000000000000000e0 -9.27562882141078227e0 -9.27562427520751953e0 -9.27562236785888672e0 3.17891448275986477e-7 2.38418579101562500e-7 1 1
0.00000000000000000e0 -9.25012872934048680e0 -9.25012397766113281e0 -9.25012111663818359e0 2.78154999477919773e-7 2.18550368913383863e-7 1 1
0.00000000000000000e0 -9.22460814966866671e0 -9.22460174560546875e0 -9.22460079193115234e0 1.98682144514350512e-7 1.98682144514350512e-7 1 1
0.00000000000000000e0 -9.19906758243139322e0 -9.19906330108642578e0 -9.19906044006347656e0 7.94728620689966192e-8 1.58945724137993238e-7 1 1
0.00000000000000000e0 -9.17350752421423010e0 -9.17350292205810547e0 -9.17349910736083984e0 4.29153431014128728e-7 1.58945724137993238e-7 1 1
0.00000000000000000e0 -9.14792846817428007e0 -9.14792156219482422e0 -9.14792156219482422e0 4.49021655413162080e-7 1.58945724137993238e-7 1 1
0.00000000000000000e0 -9.12233090405736924e0 -9.12232780456542969e0 -9.12232494354248047e0 2.38418579101562500e-7 1.58945724137993238e-7 1 1
0.00000000000000000e0 -9.09671531822010593e0 -9.09671020507812500e0 -9.09670925140380859e0 4.37100737826767727e-7 1.58945724137993238e-7 1 1
0.00000000000000000e0 -9.07108219364956803e0 -9.07107639312744141e0 -9.07107543945312500e0 3.97364289028701023e-7 2.38418579101562500e-7 1 1
0.00000000000000000e0 -9.04543200998067931e0 -9.04542636871337891e0 -9.04542636871337891e0 3.41733283448775182e-7 1.94708505318885727e-7 1 1
0.00000000000000000e0 -9.01976524352058995e0 -9.01976013183593750e0 -9.01975917816162109e0 7.94728620689966192e-8 2.58286803500595852e-7 1 1
0.00000000000000000e0 -8.99408236726264043e0 -8.99407768249511719e0 -8.99407672882080078e0 2.70207721086990205e-7 3.05970502267882694e-7 1 1
0.00000000000000000e0 -8.96838385090923040e0 -8.96837902069091797e0 -8.96837997436523438e0 5.56309998955839546e-7 2.86102306290558772e-7 1 1
0.00000000000000000e0 -8.94267016089081324e0 -8.94266414642333984e0 -8.94266510009765625e0 1.82787573521636659e-7 1.35103860543495102e-7 1 1
0.00000000000000000e0 -8.91694176038464192e0 -8.91693687438964844e0 -8.91693592071533203e0 4.76837158203125000e-7 1.19209289550781250e-7 1 1
0.00000000000000000e0 -8.89119910933311175e0 -8.89119243621826172e0 -8.89119243621826172e0 4.37100737826767727e-7 1.23182928746246034e-7 1 1
0.00000000000000000e0 -8.86544266446177076e0 -8.86543560028076172e0 -8.86543655395507812e0 2.94049584681488341e-7 1.19209289550781250e-7 1 1
0.00000000000000000e0 -8.83967287930230761e0 -8.83966541290283203e0 -8.83966732025146484e0 4.37100737826767727e-8 2.70207721086990205e-7 1 1
0.00000000000000000e0 -8.81389020420665226e0 -8.81388378143310547e0 -8.81388378143310547e0 4.25179791818663944e-7 1.74840295130707091e-7 1 1
0.00000000000000000e0 -8.78809508636803827e0 -8.78808879852294922e0 -8.78808975219726562e0 7.94728620689966192e-8 1.58945724137993238e-7 1 1
0.00000000000000000e0 -8.76228796983848923e0 -8.76228332519531250e0 -8.76228237152099609e0 3.45706951065949397e-7 1.74840295130707091e-7 1 1
0.00000000000000000e0 -8.73646929555027363e0 -8.73646450042724609e0 -8.73646450042724609e0 4.37100737826767727e-7 1.47024792340744170e-7 1 1
0.00000000000000000e0 -8.71063950132742804e0 -8.71063423156738281e0 -8.71063232421875000e0 1.19209289550781250e-7 1.98682144514350512e-7 1 1
0.00000000000000000e0 -8.68479902191114661e0 -8.68479633331298828e0 -8.68479442596435547e0 2.62260442696060636e-7 1.86761226927956159e-7 1 1
0.00000000000000000e0 -8.65894828897360114e0 -8.65894317626953125e0 -8.65894317626953125e0 3.69548786238738103e-7 1.58945724137993238e-7 1 1
0.00000000000000000e0 -8.63308773113791794e0 -8.63308238983154297e0 -8.63308238983154297e0 1.70866641724387591e-7 9.53674330617104715e-8 1 1
0.00000000000000000e0 -8.60721777399225552e0 -8.60721206665039062e0 -8.60721302032470703e0 1.58945724137993238e-7 9.53674330617104715e-8 1 1
0.00000000000000000e0 -8.58133884011616210e0 -8.58133411407470703e0 -8.58133506774902344e0 1.86761226927956159e-7 1.03314718558067398e-7 1 1
0.00000000000000000e0 -8.55545134908700078e0 -8.55544662475585938e0 -8.55544662475585938e0 1.94708505318885727e-7 1.54972070731673739e-7 1 1
0.00000000000000000e0 -8.52955571750655395e0 -8.52955150604248047e0 -8.52955150604248047e0 4.64916240616730647e-7 1.74840295130707091e-7 1 1
0.00000000000000000e0 -8.50365235901440819e0 -8.50364971160888672e0 -8.50364780426025391e0 5.30481315763609018e-7 1.62919363333458023e-7 1 1
0.00000000000000000e0 -8.47774168430504105e0 -8.47773647308349609e0 -8.47773838043212891e0 2.60273623098328244e-7 1.74840295130707091e-7 1 1
0.00000000000000000e0 -8.45182410114592741e0 -8.45182132720947266e0 -8.45181941986083984e0 1.58945724137993238e-7 1.27156582152565534e-7 1 1
0.00000000000000000e0 -8.42590001439487502e0 -8.42589664459228516e0 -8.42589569091796875e0 2.86102306290558772e-7 1.58945724137993238e-7 1 1
0.00000000000000000e0 -8.39996982601932274e0 -8.39996719360351562e0 -8.39996528625488281e0 4.29153431014128728e-7 3.97364310344983096e-8 1 1
0.00000000000000000e0 -8.37403393510668259e0 -8.37402820587158203e0 -8.37402915954589844e0 1.19209289550781250e-7 1.58945724137993238e-7 1 1
0.00000000000000000e0 -8.34809273789025319e0 -8.34808921813964844e0 -8.34808921813964844e0 3.69548786238738103e-7 1.82787573521636659e-7 1 1
0.00000000000000000e0 -8.32214662775594505e0 -8.32214260101318359e0 -8.32214164733886719e0 2.78154999477919773e-7 1.54972070731673739e-7 1 1
0.00000000000000000e0 -8.29619599526798268e0 -8.29619216918945312e0 -8.29619121551513672e0 1.98682144514350512e-7 1.43051153145279386e-7 1 1
0.00000000000000000e0 -8.27024122817904761e0 -8.27023887634277344e0 -8.27023696899414062e0 3.13917809080521693e-7 1.19209289550781250e-7 1 1
0.00000000000000000e0 -8.24428271145198011e0 -8.24428081512451172e0 -8.24427604675292969e0 3.41733283448775182e-7 1.19209289550781250e-7 1 1
0.00000000000000000e0 -8.21832082727130242e0 -8.21831893920898438e0 -8.21831607818603516e0 3.17891448275986477e-7 1.39077499738959887e-7 1 1
0.00000000000000000e0 -8.19235595506463810e0 -8.19235038757324219e0 -8.19235038757324219e0 2.22524008108848648e-7 1.74840295130707091e-7 1 1
0.00000000000000000e0 -8.16638847151176783e0 -8.16638374328613281e0 -8.16638278961181641e0 4.01337928224165807e-7 1.19209289550781250e-7 1 1
0.00000000000000000e0 -8.14041875056808095e0 -8.14041233062744141e0 -8.14041137695312500e0 1.78813934326171875e-7 1.98682144514350512e-7 1 1
0.00000000000000000e0 -8.11444716347569539e0 -8.11444282531738281e0 -8.11444187164306641e0 7.54992157681044773e-8 1.19209289550781250e-7 1 1
0.00000000000000000e0 -8.08847407878226043e0 -8.08846950531005859e0 -8.08846664428710938e0 9.53674330617104715e-8 1.11262004054424324e-7 1 1
0.00000000000000000e0 -8.06249986235416749e0 -8.06249618530273438e0 -8.06249237060546875e0 4.68889879812195431e-7 1.50998431536208955e-7 1 1
0.00000000000000000e0 -8.03652487739466537e0 -8.03652000427246094e0 -8.03651714324951172e0 1.58945724137993238e-7 1.58945724137993238e-7 1 1
0.00000000000000000e0 -8.01054948445879944e0 -8.01054477691650391e0 -8.01054382324218750e0 2.80141819075652165e-7 1.35103860543495102e-7 1 1
0.00000000000000000e0 -7.98457404146850447e0 -7.98456954956054688e0 -7.98456764221191406e0 1.90734866123420943e-7 8.74201475653535454e-8 1 1
0.00000000000000000e0 -7.95859890372784218e0 -7.95859384536743164e0 -7.95859336853027344e0 2.38418579101562500e-7 1.07288357753532182e-7 1 1
0.00000000000000000e0 -7.93262442393757450e0 -7.93261814117431641e0 -7.93261814117431641e0 2.54313164305131068e-7 1.11262004054424324e-7 1 1
0.00000000000000000e0 -7.90665095221507208e0 -7.90664434432983398e0 -7.90664339065551758e0 2.46365857492492069e-7 2.04642617518402403e-7 1 1
0.00000000000000000e0 -7.88067883610149877e0 -7.88067150115966797e0 -7.88067102432250977e0 2.10603076311599580e-7 1.37090680141227494e-7 1 1
0.00000000000000000e0 -7.85470842058562990e0 -7.85470008850097656e0 -7.85470008850097656e0 4.60942572999556432e-7 1.07288357753532182e-7 1 1
0.00000000000000000e0 -7.82874004811150925e0 -7.82873201370239258e0 -7.82873344421386719e0 2.18550368913383863e-7 1.27156582152565534e-7 1 1
0.00000000000000000e0 -7.80277405859933371e0 -7.80276584625244141e0 -7.80276632308959961e0 2.58286803500595852e-7 1.78813934326171875e-7 1 1
0.00000000000000000e0 -7.77681078945501980e0 -7.77680444717407227e0 -7.77680253982543945e0 2.10603076311599580e-7 1.27156582152565534e-7 1 1
0.00000000000000000e0 -7.75085057558872670e0 -7.75084400177001953e0 -7.75084209442138672e0 1.27156582152565534e-7 1.03314718558067398e-7 1 1
0.00000000000000000e0 -7.72489374942686524e0 -7.72488832473754883e0 -7.72488403320312500e0 2.42392218297027284e-7 1.56958904540260846e-7 1 1
0.00000000000000000e0 -7.69894064093050989e0 -7.69893455505371094e0 -7.69893217086791992e0 2.90075945486023556e-7 8.74201475653535454e-8 1 1
0.00000000000000000e0 -7.67299157760495110e0 -7.67298269271850586e0 -7.67298316955566406e0 2.74181360282454989e-7 8.74201475653535454e-8 1 1
0.00000000000000000e0 -7.64704688451880976e0 -7.64704036712646484e0 -7.64703798294067383e0 5.48362720564909978e-7 1.70866641724387591e-7 1 1
0.00000000000000000e0 -7.62110688431457195e0 -7.62109994888305664e0 -7.62109851837158203e0 3.17891448275986477e-7 1.23182928746246034e-7 1 1
0.00000000000000000e0 -7.59517189722398989e0 -7.59516620635986328e0 -7.59516334533691406e0 2.62260442696060636e-7 1.64906182931190415e-7 1 1
0.00000000000000000e0 -7.56924224108497423e0 -7.56923818588256836e0 -7.56923484802246094e0 3.29812365862380830e-7 1.50998431536208955e-7 1 1
0.00000000000000000e0 -7.54331823135019786e0 -7.54331254959106445e0 -7.54330921173095703e0 7.54992157681044773e-8 1.70866641724387591e-7 1 1
0.00000000000000000e0 -7.51740018110685693e0 -7.51739597320556641e0 -7.51739311218261719e0 3.77496093051377102e-7 9.93410722571752558e-8 1 1
0.00000000000000000e0 -7.49148840108767278e0 -7.49148130416870117e0 -7.49147987365722656e0 4.25179791818663944e-7 1.19209289550781250e-7 1 1
0.00000000000000000e0 -7.46558319968334771e0 -7.46557855606079102e0 -7.46557521820068359e0 2.16563549315651471e-7 1.31130221348030318e-7 1 1
0.00000000000000000e0 -7.43968488296100183e0 -7.43967866897583008e0 -7.43967723846435547e0 2.40405398699294892e-7 9.93410722571752558e-8 1 1
0.00000000000000000e0 -7.41379375467076596e0 -7.41378688812255859e0 -7.41378402709960938e0 2.42392218297027284e-7 1.66893002528922807e-7 1 1
0.00000000000000000e0 -7.38791011626840533e0 -7.38790512084960938e0 -7.38790225982666016e0 2.10603076311599580e-7 5.36441788767660910e-8 1 1
0.00000000000000000e0 -7.36203426692074103e0 -7.36202955245971680e0 -7.36202526092529297e0 3.17891448275986477e-7 1.39077499738959887e-7 1 1
0.00000000000000000e0 -7.33616650352314625e0 -7.33616113662719727e0 -7.33615875244140625e0 3.95377469430968631e-7 1.27156582152565534e-7 1 1
0.00000000000000000e0 -7.31030712071141231e0 -7.31029939651489258e0 -7.31029891967773438e0 2.18550368913383863e-7 9.13937867608183296e-8 1 1
0.00000000000000000e0 -7.28445641087816842e0 -7.28444814682006836e0 -7.28444814682006836e0 2.98023223876953125e-7 1.88748046525688551e-7 1 1
0.00000000000000000e0 -7.25861466417987433e0 -7.25860738754272461e0 -7.25860595703125000e0 3.65575147043273319e-7 1.23182928746246034e-7 1 1
0.00000000000000000e0 -7.23278216855682210e0 -7.23277568817138672e0 -7.23277473449707031e0 2.58286803500595852e-7 1.50998431536208955e-7 1 1
0.00000000000000000e0 -7.20695920974199833e0 -7.20695352554321289e0 -7.20695066452026367e0 5.16573607001191704e-7 6.35782910762827669e-8 1 1
0.00000000000000000e0 -7.18114607127620186e0 -7.18113803863525391e0 -7.18113756179809570e0 3.53654229456878966e-7 1.43051153145279386e-7 1 1
0.00000000000000000e0 -7.15534303451894260e0 -7.15533685684204102e0 -7.15533447265625000e0 2.06629437116134795e-7 8.74201475653535454e-8 1 1
0.00000000000000000e0 -7.12955037866264618e0 -7.12954664230346680e0 -7.12954235076904297e0 5.40415442173980409e-7 9.53674330617104715e-8 1 1
0.00000000000000000e0 -7.10376838074374994e0 -7.10376214981079102e0 -7.10376071929931641e0 2.78154999477919773e-7 7.94728620689966192e-8 1 1
0.00000000000000000e0 -7.07799731565837664e0 -7.07799005508422852e0 -7.07798957824707031e0 3.29812365862380830e-7 6.35782910762827669e-8 1 1
0.00000000000000000e0 -7.05223745617428488e0 -7.05222988128662109e0 -7.05223035812377930e0 3.97364289028701023e-7 3.97364310344983096e-8 1 1
0.00000000000000000e0 -7.02648907294072700e0 -7.02648353576660156e0 -7.02648162841796875e0 1.78813934326171875e-7 7.94728620689966192e-8 1 1
0.00000000000000000e0 -7.00075243450329321e0 -7.00074768066406250e0 -7.00074529647827148e0 2.58286803500595852e-7 9.93410722571752558e-8 1 1
0.00000000000000000e0 -6.97502780731264505e0 -6.97502326965332031e0 -6.97502088546752930e0 3.77496093051377102e-7 1.70866641724387591e-7 1 1
0.00000000000000000e0 -6.94931545574653242e0 -6.94930839538574219e0 -6.94930887222290039e0 2.18550368913383863e-7 1.27156582152565534e-7 1 1
0.00000000000000000e0 -6.92361564210982117e0 -6.92361211776733398e0 -6.92360877990722656e0 4.19219333025466767e-7 9.13937867608183296e-8 1 1
0.00000000000000000e0 -6.89792862665431450e0 -6.89792633056640625e0 -6.89792203903198242e0 2.38418579101562500e-7 1.19209289550781250e-7 1 1
0.00000000000000000e0 -6.87225466758956660e0 -6.87225008010864258e0 -6.87224864959716797e0 1.19209289550781250e-7 1.03314718558067398e-7 1 1
0.00000000000000000e0 -6.84659402109220672e0 -6.84659051895141602e0 -6.84658718109130859e0 2.24510827706581040e-7 1.62919363333458023e-7 1 1
0.00000000000000000e0 -6.82094694132136414e0 -6.82094287872314453e0 -6.82094049453735352e0 1.98682144514350512e-7 1.23182928746246034e-7 1 1
0.00000000000000000e0 -6.79531368042944361e0 -6.79530858993530273e0 -6.79530715942382812e0 2.58286803500595852e-7 1.58945724137993238e-7 1 1
0.00000000000000000e0 -6.76969448857250899e0 -6.76969194412231445e0 -6.76968765258789062e0 1.80800753923904267e-7 1.39077499738959887e-7 1 1
0.00000000000000000e0 -6.74408961392338391e0 -6.74408531188964844e0 -6.74408340454101562e0 2.66234081891525420e-7 1.39077499738959887e-7 1 1
0.00000000000000000e0 -6.71849930268378515e0 -6.71849584579467773e0 -6.71849298477172852e0 1.54972070731673739e-7 7.94728620689966192e-8 1 1
0.00000000000000000e0 -6.69292379909591695e0 -6.69291973114013672e0 -6.69291639328002930e0 1.19209289550781250e-7 1.03314718558067398e-7 1 1
0.00000000000000000e0 -6.66736334545248166e0 -6.66735887527465820e0 -6.66735696792602539e0 2.18550368913383863e-7 7.94728620689966192e-8 1 1
0.00000000000000000e0 -6.64181818210862396e0 -6.64181423187255859e0 -6.64181184768676758e0 1.29143401750297926e-7 1.70866641724387591e-7 1 1
0.00000000000000000e0 -6.61628854749598538e0 -6.61628484725952148e0 -6.61628150939941406e0 1.58945724137993238e-7 1.39077499738959887e-7 1 1
0.00000000000000000e0 -6.59077467813096973e0 -6.59076929092407227e0 -6.59076833724975586e0 2.38418579101562500e-7 1.41064319336692279e-7 1 1
0.00000000000000000e0 -6.56527680862820162e0 -6.56527280807495117e0 -6.56527042388916016e0 2.38418579101562500e-7 1.43051153145279386e-7 1 1
0.00000000000000000e0 -6.53979517170914360e0 -6.53979015350341797e0 -6.53978919982910156e0 4.01337928224165807e-7 1.39077499738959887e-7 1 1
0.00000000000000000e0 -6.51432999821360603e0 -6.51432418823242188e0 -6.51432418823242188e0 3.25838726666916045e-7 1.27156582152565534e-7 1 1
0.00000000000000000e0 -6.48888151711669536e0 -6.48887491226196289e0 -6.48887538909912109e0 1.47024792340744170e-7 1.01327898960335006e-7 1 1
0.00000000000000000e0 -6.46344995553105583e0 -6.46344327926635742e0 -6.46344423294067383e0 3.65575147043273319e-7 1.82787573521636659e-7 1 1
0.00000000000000000e0 -6.43803553872456824e0 -6.43802785873413086e0 -6.43803024291992188e0 2.72194540684722597e-7 1.29143401750297926e-7 1 1
0.00000000000000000e0 -6.41263849012880094e0 -6.41263103485107422e0 -6.41263198852539062e0 2.42392218297027284e-7 1.52985251133941347e-7 1 1
0.00000000000000000e0 -6.38725903134837125e0 -6.38725233078002930e0 -6.38725328445434570e0 2.38418579101562500e-7 1.70866641724387591e-7 1 1
0.00000000000000000e0 -6.36189738217496448e0 -6.36189126968383789e0 -6.36189079284667969e0 2.78154999477919773e-7 1.15235643249889108e-7 1 1
0.00000000000000000e0 -6.33655376059541187e0 -6.33654356002807617e0 -6.33654785156250000e0 1.27156582152565534e-7 1.70866641724387591e-7 1 1
0.00000000000000000e0 -6.31122838280227416e0 -6.31122112274169922e0 -6.31122255325317383e0 3.97364289028701023e-7 1.50998431536208955e-7 1 1
0.00000000000000000e0 -6.28592146320827272e0 -6.28591489791870117e0 -6.28591537475585938e0 2.54313164305131068e-7 2.02655797920670011e-7 1 1
0.00000000000000000e0 -6.26063321445236287e0 -6.26062679290771484e0 -6.26062726974487305e0 3.09944141463347478e-7 1.66893002528922807e-7 1 1
0.00000000000000000e0 -6.23536384741119765e0 -6.23535490036010742e0 -6.23535776138305664e0 6.75519302717475512e-8 6.15914643731230171e-8 1 1
0.00000000000000000e0 -6.21011357121301533e0 -6.21010541915893555e0 -6.21010780334472656e0 1.19209289550781250e-7 1.66893002528922807e-7 1 1
0.00000000000000000e0 -6.18488259324289213e0 -6.18487453460693359e0 -6.18487644195556641e0 1.96695324916618119e-7 1.37090680141227494e-7 1 1
0.00000000000000000e0 -6.15967111915793453e0 -6.15966415405273438e0 -6.15966558456420898e0 2.22524008108848648e-7 7.15255765726396930e-8 1 1
0.00000000000000000e0 -6.13447935289346535e0 -6.13447332382202148e0 -6.13447380065917969e0 3.65575147043273319e-7 1.78813934326171875e-7 1 1
0.00000000000000000e0 -6.10930749667412787e0 -6.10930061340332031e0 -6.10930109024047852e0 3.17891448275986477e-7 1.19209289550781250e-7 1 1
0.00000000000000000e0 -6.08415575102611772e0 -6.08414649963378906e0 -6.08414888381958008e0 3.65575147043273319e-7 9.93410722571752558e-8 1 1
0.00000000000000000e0 -6.05902431478678860e0 -6.05901384353637695e0 -6.05901718139648438e0 1.54972070731673739e-7 9.93410722571752558e-8 1 1
0.00000000000000000e0 -6.03391338511181630e0 -6.03390407562255859e0 -6.03390693664550781e0 2.12589895909331972e-7 5.96046447753906250e-8 1 1
0.00000000000000000e0 -6.00882315748835438e0 -6.00881433486938477e0 -6.00881767272949219e0 2.90075945486023556e-7 1.23182928746246034e-7 1 1
0.00000000000000000e0 -5.98375382574459547e0 -5.98374652862548828e0 -5.98374748229980469e0 3.15904628678254085e-7 7.35123961703720852e-8 1 1
0.00000000000000000e0 -5.95870558205593337e0 -5.95869922637939453e0 -5.95870065689086914e0 2.76168179880187381e-7 1.19209289550781250e-7 1 1
0.00000000000000000e0 -5.93367861696175858e0 -5.93367052078247070e0 -5.93367338180541992e0 2.00668964112082904e-7 1.62919363333458023e-7 1 1
0.00000000000000000e0 -5.90867311936848605e0 -5.90866661071777344e0 -5.90866804122924805e0 1.29143401750297926e-7 8.34465012644614035e-8 1 1
0.00000000000000000e0 -5.88368927656159801e0 -5.88368511199951172e0 -5.88368463516235352e0 2.78154999477919773e-7 6.95387498694799433e-8 1 1
0.00000000000000000e0 -5.85872727421668316e0 -5.85872268676757812e0 -5.85872220993041992e0 3.37759644253310398e-7 3.97364310344983096e-8 1 1
0.00000000000000000e0 -5.83378729640691773e0 -5.83378171920776367e0 -5.83378219604492188e0 1.98682144514350512e-7 1.39077499738959887e-7 1 1
0.00000000000000000e0 -5.80886952561534731e0 -5.80886316299438477e0 -5.80886507034301758e0 3.27825546264648438e-7 1.27156582152565534e-7 1 1
0.00000000000000000e0 -5.78397414274087129e0 -5.78396701812744141e0 -5.78396940231323242e0 3.15904628678254085e-7 5.96046447753906250e-8 1 1
0.00000000000000000e0 -5.75910132710849609e0 -5.75909280776977539e0 -5.75909614562988281e0 3.91403830235503847e-7 7.94728620689966192e-8 1 1
0.00000000000000000e0 -5.73425125648247747e0 -5.73424291610717773e0 -5.73424720764160156e0 4.15245693830001983e-7 9.93410722571752558e-8 1 1
0.00000000000000000e0 -5.70942410707028003e0 -5.70941543579101562e0 -5.70941925048828125e0 2.54313164305131068e-7 5.36441788767660910e-8 1 1
0.00000000000000000e0 -5.68462005353571431e0 -5.68461227416992188e0 -5.68461513519287109e0 4.66903060214463039e-7 8.94069671630859375e-8 1 1
0.00000000000000000e0 -5.65983926900342471e0 -5.65983009338378906e0 -5.65983438491821289e0 2.42392218297027284e-7 8.94069671630859375e-8 1 1
0.00000000000000000e0 -5.63508192507634220e0 -5.63507223129272461e0 -5.63507747650146484e0 2.74181360282454989e-7 1.80800753923904267e-7 1 1
0.00000000000000000e0 -5.61034819183562128e0 -5.61033725738525391e0 -5.61034393310546875e0 2.02655797920670011e-7 1.13248823652156716e-7 1 1
0.00000000000000000e0 -5.58563823785622482e0 -5.58562803268432617e0 -5.58563280105590820e0 2.10603076311599580e-7 5.36441788767660910e-8 1 1
0.00000000000000000e0 -5.56095223021165364e0 -5.56094312667846680e0 -5.56094694137573242e0 4.56968933804091648e-7 9.93410722571752558e-8 1 1
0.00000000000000000e0 -5.53629033448631169e0 -5.53628158569335938e0 -5.53628444671630859e0 3.69548786238738103e-7 1.41064319336692279e-7 1 1
0.00000000000000000e0 -5.51165271478075169e0 -5.51164340972900391e0 -5.51164770126342773e0 1.58945724137993238e-7 1.50998431536208955e-7 1 1
0.00000000000000000e0 -5.48703953372470199e0 -5.48703098297119141e0 -5.48703384399414062e0 3.17891448275986477e-7 1.62919363333458023e-7 1 1
0.00000000000000000e0 -5.46245095248224910e0 -5.46244096755981445e0 -5.46244478225708008e0 1.68879822126655199e-7 1.47024792340744170e-7 1 1
0.00000000000000000e0 -5.43788713076105967e0 -5.43787765502929688e0 -5.43788099288940430e0 1.78813934326171875e-7 8.74201475653535454e-8 1 1
0.00000000000000000e0 -5.41334822682526262e0 -5.41333866119384766e0 -5.41334342956542969e0 3.37759644253310398e-7 7.94728620689966192e-8 1 1
0.00000000000000000e0 -5.38883439749825843e0 -5.38882446289062500e0 -5.38882875442504883e0 6.75519302717475512e-8 7.94728620689966192e-8 1 1
0.00000000000000000e0 -5.36434579817480373e0 -5.36433792114257812e0 -5.36434030532836914e0 1.80800753923904267e-7 1.15235643249889108e-7 1 1
0.00000000000000000e0 -5.33988258282942585e0 -5.33987617492675781e0 -5.33987712860107422e0 1.33117040945762710e-7 9.93410722571752558e-8 1 1
0.00000000000000000e0 -5.31544490401989833e0 -5.31543731689453125e0 -5.31543874740600586e0 2.64247262293793028e-7 7.74860353658368695e-8 1 1
0.00000000000000000e0 -5.29103291290561017e0 -5.29102563858032227e0 -5.29102706909179688e0 1.52985251133941347e-7 6.55651106740151590e-8 1 1
0.00000000000000000e0 -5.26664675924688197e0 -5.26663875579833984e0 -5.26664066314697266e0 1.41064319336692279e-7 1.47024792340744170e-7 1 1
0.00000000000000000e0 -5.24228659141712416e0 -5.24227952957153320e0 -5.24228048324584961e0 4.23192972220931551e-7 6.95387498694799433e-8 1 1
0.00000000000000000e0 -5.21795255641069922e0 -5.21794414520263672e0 -5.21794652938842773e0 3.97364289028701023e-7 6.55651106740151590e-8 1 1
0.00000000000000000e0 -5.19364479985288963e0 -5.19363546371459961e0 -5.19363784790039062e0 2.36431759503830108e-7 9.93410722571752558e-8 1 1
0.00000000000000000e0 -5.16936346600333785e0 -5.16935443878173828e0 -5.16935682296752930e0 8.94069671630859375e-8 8.54333208621937956e-8 1 1
0.00000000000000000e0 -5.14510869777081492e0 -5.14510011672973633e0 -5.14510202407836914e0 2.38418579101562500e-7 1.86761226927956159e-7 1 1
0.00000000000000000e0 -5.12088063671452609e0 -5.12087249755859375e0 -5.12087392807006836e0 2.36431759503830108e-7 4.76837165308552358e-8 1 1
0.00000000000000000e0 -5.09667942305618116e0 -5.09667205810546875e0 -5.09667158126831055e0 3.91403830235503847e-7 7.15255765726396930e-8 1 1
0.00000000000000000e0 -5.07250519568901748e0 -5.07249593734741211e0 -5.07249784469604492e0 4.78824006222566823e-7 1.60932543735725631e-7 1 1
0.00000000000000000e0 -5.04835809218050358e0 -5.04834890365600586e0 -5.04835033416748047e0 2.00668964112082904e-7 5.96046447753906250e-8 1 1
0.00000000000000000e0 -5.02423824878830239e0 -5.02422857284545898e0 -5.02423095703125000e0 2.78154999477919773e-7 6.75519302717475512e-8 1 1
0.00000000000000000e0 -5.00014580045940882e0 -5.00013780593872070e0 -5.00013828277587891e0 2.80141819075652165e-7 8.74201475653535454e-8 1 1
0.00000000000000000e0 -4.97608088084421318e0 -4.97607469558715820e0 -4.97607278823852539e0 4.05311595841340022e-7 1.21196109148513642e-7 1 1
0.00000000000000000e0 -4.95204362230188089e0 -4.95203590393066406e0 -4.95203495025634766e0 3.87430191040039062e-7 8.74201475653535454e-8 1 1
0.00000000000000000e0 -4.92803415590855032e0 -4.92802715301513672e0 -4.92802524566650391e0 1.70866641724387591e-7 7.94728620689966192e-8 1 1
0.00000000000000000e0 -4.90405261146517013e0 -4.90404510498046875e0 -4.90404510498046875e0 2.44379037894759676e-7 8.74201475653535454e-8 1 1
0.00000000000000000e0 -4.88009911750522818e0 -4.88009119033813477e0 -4.88009166717529297e0 3.39746463851042790e-7 1.84774393119369051e-7 1 1
0.00000000000000000e0 -4.85617380130054865e0 -4.85616445541381836e0 -4.85616683959960938e0 1.98682144514350512e-7 9.93410722571752558e-8 1 1
0.00000000000000000e0 -4.83227678886856449e0 -4.83226823806762695e0 -4.83226919174194336e0 1.54972070731673739e-7 9.93410722571752558e-8 1 1
0.00000000000000000e0 -4.80840820498693677e0 -4.80839967727661133e0 -4.80840015411376953e0 1.09275184456691932e-7 1.56958904540260846e-7 1 1
0.00000000000000000e0 -4.78456817319404948e0 -4.78455877304077148e0 -4.78456068038940430e0 5.00678993375913706e-7 2.06629437116134795e-7 1 1
0.00000000000000000e0 -4.76075681579439625e0 -4.76074600219726562e0 -4.76074934005737305e0 2.06629437116134795e-7 9.93410722571752558e-8 1 1
0.00000000000000000e0 -4.73697425387525506e0 -4.73696327209472656e0 -4.73696708679199219e0 2.38418579101562500e-7 4.17232506322307017e-8 1 1
0.00000000000000000e0 -4.71322060730506731e0 -4.71320867538452148e0 -4.71321201324462891e0 7.74860353658368695e-8 1.90734866123420943e-7 1 1
0.00000000000000000e0 -4.68949599474314383e0 -4.68948650360107422e0 -4.68948793411254883e0 1.52985251133941347e-7 8.74201475653535454e-8 1 1
0.00000000000000000e0 -4.66580053365114455e0 -4.66578960418701172e0 -4.66579198837280273e0 5.76178216249445541e-8 7.94728620689966192e-8 1 1
0.00000000000000000e0 -4.64213434029660021e0 -4.64212417602539062e0 -4.64212560653686523e0 1.17222469953048858e-7 1.62919363333458023e-7 1 1
0.00000000000000000e0 -4.61849752975818006e0 -4.61848735809326172e0 -4.61848831176757812e0 1.60932543735725631e-7 6.75519302717475512e-8 1 1
0.00000000000000000e0 -4.59489021593778624e0 -4.59488058090209961e0 -4.59488105773925781e0 3.59614688250076142e-7 9.93410722571752558e-8 1 1
0.00000000000000000e0 -4.57131251156410467e0 -4.57130146026611328e0 -4.57130336761474609e0 2.68220901489257812e-7 5.56310020272121619e-8 1 1
0.00000000000000000e0 -4.54776452820106680e0 -4.54775428771972656e0 -4.54775571823120117e0 1.29143401750297926e-7 5.56310020272121619e-8 1 1
0.00000000000000000e0 -4.52424637625434034e0 -4.52423524856567383e0 -4.52423858642578125e0 3.49680590261414181e-7 1.27156582152565534e-7 1 1
0.00000000000000000e0 -4.50075816497958936e0 -4.50074720382690430e0 -4.50075149536132812e0 3.55641049054611358e-7 9.93410722571752558e-8 1 1
0.00000000000000000e0 -4.47730000248626769e0 -4.47729110717773438e0 -4.47729301452636719e0 2.58286803500595852e-7 8.74201475653535454e-8 1 1
0.00000000000000000e0 -4.45387199574769266e0 -4.45386028289794922e0 -4.45386505126953125e0 3.41733283448775182e-7 7.94728620689966192e-8 1 1
0.00000000000000000e0 -4.43047425060769484e0 -4.43046379089355469e0 -4.43046712875366211e0 1.90734866123420943e-7 5.96046447753906250e-8 1 1
0.00000000000000000e0 -4.40710687178638416e0 -4.40709638595581055e0 -4.40709972381591797e0 2.78154999477919773e-7 7.94728620689966192e-8 1 1
0.00000000000000000e0 -4.38376996288611931e0 -4.38375902175903320e0 -4.38376235961914062e0 1.45037972743011778e-7 5.96046447753906250e-8 1 1
0.00000000000000000e0 -4.36046362640000318e0 -4.36045360565185547e0 -4.36045598983764648e0 1.58945724137993238e-7 7.94728620689966192e-8 1 1
0.00000000000000000e0 -4.33718796371600934e0 -4.33717823028564453e0 -4.33718061447143555e0 4.62929421018998255e-7 8.94069671630859375e-8 1 1
0.00000000000000000e0 -4.31394307513005781e0 -4.31393289566040039e0 -4.31393527984619141e0 1.78813934326171875e-7 5.96046447753906250e-8 1 1
0.00000000000000000e0 -4.29072905984379105e0 -4.29071855545043945e0 -4.29072237014770508e0 1.05301538155799790e-7 1.29143401750297926e-7 1 1
0.00000000000000000e0 -4.26754601597633876e0 -4.26753616333007812e0 -4.26753902435302734e0 1.98682144514350512e-7 6.55651106740151590e-8 1 1
0.00000000000000000e0 -4.24439404057199798e0 -4.24438476562500000e0 -4.24438714981079102e0 1.90734866123420943e-7 9.93410722571752558e-8 1 1
0.00000000000000000e0 -4.22127322960275109e0 -4.22126388549804688e0 -4.22126626968383789e0 1.19209289550781250e-7 8.34465012644614035e-8 1 1
0.00000000000000000e0 -4.19818367797777814e0 -4.19817495346069336e0 -4.19817638397216797e0 3.87430191040039062e-7 3.97364310344983096e-8 1 1
0.00000000000000000e0 -4.17512547954799107e0 -4.17511606216430664e0 -4.17511844635009766e0 3.41733283448775182e-7 5.96046447753906250e-8 1 1
0.00000000000000000e0 -4.15209872711453176e0 -4.15208911895751953e0 -4.15209150314331055e0 2.22524008108848648e-7 2.28484466902045824e-7 1 1
0.00000000000000000e0 -4.12910351243406204e0 -4.12909364700317383e0 -4.12909650802612305e0 2.18550368913383863e-7 1.45037972743011778e-7 1 1
0.00000000000000000e0 -4.10613992622294965e0 -4.10613059997558594e0 -4.10613250732421875e0 2.76168179880187381e-7 4.96705361285876279e-8 1 1
0.00000000000000000e0 -4.08320805816782872e0 -4.08319711685180664e0 -4.08320045471191406e0 1.92721685721153335e-7 1.23182928746246034e-7 1 1
0.00000000000000000e0 -4.06030799692863731e0 -4.06029653549194336e0 -4.06029987335205078e0 2.78154999477919773e-7 7.94728620689966192e-8 1 1
0.00000000000000000e0 -4.03743983014723540e0 -4.03742885589599609e0 -4.03743124008178711e0 9.93410722571752558e-8 7.94728620689966192e-8 1 1
0.00000000000000000e0 -4.01460364445155271e0 -4.01459455490112305e0 -4.01459503173828125e0 9.53674330617104715e-8 7.94728620689966192e-8 1 1
0.00000000000000000e0 -3.99179952546007888e0 -3.99178957939147949e0 -3.99179053306579590e0 1.60932543735725631e-7 7.15255765726396930e-8 1 1
0.00000000000000000e0 -3.96902755779256378e0 -3.96901798248291016e0 -3.96901798248291016e0 2.24510827706581040e-7 7.94728620689966192e-8 1 1
0.00000000000000000e0 -3.94628782507528175e0 -3.94627928733825684e0 -3.94627881050109863e0 1.39077499738959887e-7 5.16573592790336988e-8 1 1
0.00000000000000000e0 -3.92358040994261126e0 -3.92357206344604492e0 -3.92357134819030762e0 2.18550368913383863e-7 4.37100737826767727e-8 1 1
0.00000000000000000e0 -3.90090539404816150e0 -3.90089607238769531e0 -3.90089583396911621e0 1.52985251133941347e-7 3.97364310344983096e-8 1 1
0.00000000000000000e0 -3.87826285806758797e0 -3.87825322151184082e0 -3.87825250625610352e0 3.31799185460113222e-7 9.13937867608183296e-8 1 1
0.00000000000000000e0 -3.85565288170832865e0 -3.85564303398132324e0 -3.85564231872558594e0 8.14596816667290113e-8 9.13937867608183296e-8 1 1
0.00000000000000000e0 -3.83307554370785253e0 -3.83306550979614258e0 -3.83306527137756348e0 2.70207721086990205e-7 1.07288357753532182e-7 1 1
0.00000000000000000e0 -3.81053092184979603e0 -3.81052088737487793e0 -3.81052041053771973e0 1.33117040945762710e-7 4.96705361285876279e-8 1 1
0.00000000000000000e0 -3.78801909296184114e0 -3.78800845146179199e0 -3.78800892829895020e0 1.09275184456691932e-7 3.97364310344983096e-8 1 1
0.00000000000000000e0 -3.76554013292404610e0 -3.76553034782409668e0 -3.76552987098693848e0 1.66893002528922807e-7 8.74201475653535454e-8 1 1
0.00000000000000000e0 -3.74309411667625946e0 -3.74308490753173828e0 -3.74308419227600098e0 2.28484466902045824e-7 5.96046447753906250e-8 1 1
0.00000000000000000e0 -3.72068111822085656e0 -3.72067093849182129e0 -3.72067141532897949e0 1.50998431536208955e-7 2.18550368913383863e-8 1 1
0.00000000000000000e0 -3.69830121063136108e0 -3.69829106330871582e0 -3.69829177856445312e0 9.53674330617104715e-8 2.98023223876953125e-8 1 1
0.00000000000000000e0 -3.67595446605735754e0 -3.67594480514526367e0 -3.67594480514526367e0 1.19209289550781250e-7 4.37100737826767727e-8 1 1
0.00000000000000000e0 -3.65364095572688186e0 -3.65363001823425293e0 -3.65363144874572754e0 2.28484466902045824e-7 7.15255765726396930e-8 1 1
0.00000000000000000e0 -3.63136074995743297e0 -3.63135027885437012e0 -3.63135147094726562e0 1.15235643249889108e-7 4.96705361285876279e-8 1 1
0.00000000000000000e0 -3.60911391815756044e0 -3.60910320281982422e0 -3.60910534858703613e0 3.13917809080521693e-7 3.57627882863198465e-8 1 1
0.00000000000000000e0 -3.58690052883455701e0 -3.58688855171203613e0 -3.58689165115356445e0 1.45037972743011778e-7 1.70866641724387591e-7 1 1
0.00000000000000000e0 -3.56472064959931911e0 -3.56470894813537598e0 -3.56471204757690430e0 2.20537188511116256e-7 7.74860353658368695e-8 1 1
0.00000000000000000e0 -3.54257434717073316e0 -3.54256367683410645e0 -3.54256606101989746e0 3.65575147043273319e-7 3.97364310344983096e-8 1 1
0.00000000000000000e0 -3.52046168738330012e0 -3.52045297622680664e0 -3.52045321464538574e0 1.09275184456691932e-7 8.14596816667290113e-8 1 1
0.00000000000000000e0 -3.49838273519017839e0 -3.49837327003479004e0 -3.49837470054626465e0 1.78813934326171875e-7 6.55651106740151590e-8 1 1
0.00000000000000000e0 -3.47633755466907157e0 -3.47632813453674316e0 -3.47632980346679688e0 2.68220901489257812e-7 6.55651106740151590e-8 1 1
0.00000000000000000e0 -3.45432620903059506e0 -3.45431637763977051e0 -3.45431852340698242e0 2.00668964112082904e-7 1.37090680141227494e-7 1 1
0.00000000000000000e0 -3.43234876061986460e0 -3.43233942985534668e0 -3.43234109878540039e0 2.24510827706581040e-7 1.43051153145279386e-7 1 1
0.00000000000000000e0 -3.41040527092302481e0 -3.41039609909057617e0 -3.41039800643920898e0 2.10603076311599580e-7 1.01327898960335006e-7 1 1
0.00000000000000000e0 -3.38849580057373512e0 -3.38848757743835449e0 -3.38848805427551270e0 2.90075945486023556e-7 1.82787573521636659e-7 1 1
0.00000000000000000e0 -3.36662040935677132e0 -3.36661362648010254e0 -3.36661291122436523e0 2.32458120308365324e-7 9.13937867608183296e-8 1 1
0.00000000000000000e0 -3.34477915621484989e0 -3.34477233886718750e0 -3.34477186203002930e0 1.50998431536208955e-7 7.94728620689966192e-8 1 1
0.00000000000000000e0 -3.32297209925134585e0 -3.32296609878540039e0 -3.32296490669250488e0 9.73542526594428637e-8 1.47024792340744170e-7 1 1
0.00000000000000000e0 -3.30119929573867221e0 -3.30119323730468750e0 -3.30119299888610840e0 1.68879822126655199e-7 4.96705361285876279e-8 1 1
0.00000000000000000e0 -3.27946080211989788e0 -3.27945542335510254e0 -3.27945470809936523e0 2.62260442696060636e-7 3.97364310344983096e-8 1 1
0.00000000000000000e0 -3.25775667401630065e0 -3.25774955749511719e0 -3.25775027275085449e0 2.54313164305131068e-7 1.49011611938476562e-7 1 1
0.00000000000000000e0 -3.23608696623225978e0 -3.23607945442199707e0 -3.23608112335205078e0 2.50339496687956853e-7 3.37759651358737756e-8 1 1
0.00000000000000000e0 -3.21445173275967555e0 -3.21444320678710938e0 -3.21444606781005859e0 2.56299983902863460e-7 1.31130221348030318e-7 1 1
0.00000000000000000e0 -3.19285102678277033e0 -3.19284224510192871e0 -3.19284510612487793e0 8.54333208621937956e-8 8.94069671630859375e-8 1 1
0.00000000000000000e0 -3.17128490068304147e0 -3.17127656936645508e0 -3.17127847671508789e0 1.86761226927956159e-7 2.38418582654276179e-8 1 1
0.00000000000000000e0 -3.14975340604575482e0 -3.14974451065063477e0 -3.14974665641784668e0 2.06629437116134795e-7 3.77496078840522387e-8 1 1
0.00000000000000000e0 -3.12825659366333531e0 -3.12824702262878418e0 -3.12824916839599609e0 1.58945724137993238e-7 8.54333208621937956e-8 1 1
0.00000000000000000e0 -3.10679451354100600e0 -3.10678434371948242e0 -3.10678648948669434e0 2.24510827706581040e-7 2.98023223876953125e-8 1 1
0.00000000000000000e0 -3.08536721490006682e0 -3.08535623550415039e0 -3.08535885810852051e0 2.22524008108848648e-7 3.97364310344983096e-8 1 1
0.00000000000000000e0 -3.06397474618492360e0 -3.06396269798278809e0 -3.06396698951721191e0 1.60932543735725631e-7 7.15255765726396930e-8 1 1
0.00000000000000000e0 -3.04261715506680863e0 -3.04260635375976562e0 -3.04260969161987305e0 2.04642617518402403e-7 1.15235643249889108e-7 1 1
0.00000000000000000e0 -3.02129448844732185e0 -3.02128195762634277e0 -3.02128696441650391e0 1.74840295130707091e-7 5.36441788767660910e-8 1 1
0.00000000000000000e0 -3.00000679246764212e0 -2.99999403953552246e0 -3.00000000000000000e0 1.45037972743011778e-7 1.52985251133941347e-7 1 1
0.00000000000000000e0 -2.97875411250657685e0 -2.97874236106872559e0 -2.97874641418457031e0 1.66893002528922807e-7 1.23182928746246034e-7 1 1
0.00000000000000000e0 -2.95753649319233958e0 -2.95752334594726562e0 -2.95752763748168945e0 3.97364310344983096e-8 1.72853475532974699e-7 1 1
0.00000000000000000e0 -2.93635397840213086e0 -2.93634319305419922e0 -2.93634510040283203e0 1.72853475532974699e-7 7.94728620689966192e-8 1 1
0.00000000000000000e0 -2.91520661126666880e0 -2.91519570350646973e0 -2.91519784927368164e0 1.19209289550781250e-7 2.98023223876953125e-8 1 1
0.00000000000000000e0 -2.89409443417933332e0 -2.89408326148986816e0 -2.89408659934997559e0 1.86761226927956159e-7 1.31130221348030318e-7 1 1
0.00000000000000000e0 -2.87301748879761609e0 -2.87300515174865723e0 -2.87301039695739746e0 1.54972070731673739e-7 9.93410722571752558e-8 1 1
0.00000000000000000e0 -2.85197581604683315e0 -2.85196304321289062e0 -2.85196852684020996e0 1.23182928746246034e-7 2.02655797920670011e-7 1 1
0.00000000000000000e0 -2.83096945612710682e0 -2.83095693588256836e0 -2.83096289634704590e0 1.64906182931190415e-7 9.13937867608183296e-8 1 1
0.00000000000000000e0 -2.80999844851554581e0 -2.80998754501342773e0 -2.80999207496643066e0 2.44379037894759676e-7 1.72853475532974699e-7 1 1
0.00000000000000000e0 -2.78906283197323512e0 -2.78905248641967773e0 -2.78905677795410156e0 2.22524008108848648e-7 4.96705361285876279e-8 1 1
0.00000000000000000e0 -2.76816264454642447e0 -2.76815152168273926e0 -2.76815676689147949e0 2.54313164305131068e-7 1.23182928746246034e-7 1 1
0.00000000000000000e0 -2.74729792357535851e0 -2.74728798866271973e0 -2.74729228019714355e0 2.94049584681488341e-7 1.09275184456691932e-7 1 1
0.00000000000000000e0 -2.72646870569500255e0 -2.72645807266235352e0 -2.72646331787109375e0 2.76168179880187381e-7 5.36441788767660910e-8 1 1
0.00000000000000000e0 -2.70567502684166650e0 -2.70566558837890625e0 -2.70566964149475098e0 2.50339496687956853e-7 1.05301538155799790e-7 1 1
0.00000000000000000e0 -2.68491692225396461e0 -2.68490672111511230e0 -2.68491053581237793e0 1.68879822126655199e-7 1.68879822126655199e-7 1 1
0.00000000000000000e0 -2.66419442648092009e0 -2.66418337821960449e0 -2.66418695449829102e0 1.19209289550781250e-7 7.74860353658368695e-8 1 1
0.00000000000000000e0 -2.64350757338656495e0 -2.64349555969238281e0 -2.64349937438964844e0 1.09275184456691932e-7 1.17222469953048858e-7 1 1
0.00000000000000000e0 -2.62285639615007327e0 -2.62284469604492188e0 -2.62284779548645020e0 2.50339496687956853e-7 3.97364310344983096e-8 1 1
0.00000000000000000e0 -2.60224092727547385e0 -2.60223031044006348e0 -2.60223293304443359e0 4.66903060214463039e-7 6.35782910762827669e-8 1 1
0.00000000000000000e0 -2.58166119859022158e0 -2.58164882659912109e0 -2.58165359497070312e0 1.23182928746246034e-7 1.64906182931190415e-7 1 1
0.00000000000000000e0 -2.56111724125278872e0 -2.56110620498657227e0 -2.56110930442810059e0 2.80141819075652165e-7 1.19209289550781250e-7 1 1
0.00000000000000000e0 -2.54060908575744016e0 -2.54059720039367676e0 -2.54060101509094238e0 3.47693770663681789e-7 3.37759651358737756e-8 1 1
0.00000000000000000e0 -2.52013676193814939e0 -2.52012610435485840e0 -2.52012825012207031e0 1.13248823652156716e-7 3.77496078840522387e-8 1 1
0.00000000000000000e0 -2.49970029896976298e0 -2.49968981742858887e0 -2.49969220161437988e0 8.74201475653535454e-8 7.15255765726396930e-8 1 1
0.00000000000000000e0 -2.47929972537335752e0 -2.47928977012634277e0 -2.47929191589355469e0 1.78813934326171875e-7 9.13937867608183296e-8 1 1
0.00000000000000000e0 -2.45893506902370307e0 -2.45892381668090820e0 -2.45892786979675293e0 1.52985251133941347e-7 1.07288357753532182e-7 1 1
0.00000000000000000e0 -2.43860635715026453e0 -2.43859624862670898e0 -2.43859887123107910e0 2.18550368913383863e-7 1.66893002528922807e-7 1 1
0.00000000000000000e0 -2.41831361634088582e0 -2.41830372810363770e0 -2.41830611228942871e0 1.39077499738959887e-7 7.74860353658368695e-8 1 1
0.00000000000000000e0 -2.39805687254854050e0 -2.39804768562316895e0 -2.39804959297180176e0 1.94708505318885727e-7 8.54333208621937956e-8 1 1
0.00000000000000000e0 -2.37783615109116075e0 -2.37782716751098633e0 -2.37782907485961914e0 2.44379037894759676e-7 1.13248823652156716e-7 1 1
0.00000000000000000e0 -2.35765147665888009e0 -2.35764122009277344e0 -2.35764479637145996e0 2.32458120308365324e-7 1.07288357753532182e-7 1 1
0.00000000000000000e0 -2.33750287331880191e0 -2.33749270439147949e0 -2.33749651908874512e0 2.02655797920670011e-7 8.94069671630859375e-8 1 1
0.00000000000000000e0 -2.31739036451533220e0 -2.31737899780273438e0 -2.31738352775573730e0 1.07288357753532182e-7 5.76178216249445541e-8 1 1
0.00000000000000000e0 -2.29731397307910790e0 -2.29730319976806641e0 -2.29730701446533203e0 2.32458120308365324e-7 1.98682144514350512e-7 1 1
0.00000000000000000e0 -2.27727372122441185e0 -2.27726340293884277e0 -2.27726650238037109e0 2.66234081891525420e-7 7.74860353658368695e-8 1 1
0.00000000000000000e0 -2.25726963055819763e0 -2.25725769996643066e0 -2.25726270675659180e0 1.37090680141227494e-7 1.01327898960335006e-7 1 1
0.00000000000000000e0 -2.23730172208224598e0 -2.23729062080383301e0 -2.23729491233825684e0 1.05301538155799790e-7 5.76178216249445541e-8 1 1
0.00000000000000000e0 -2.21737001619664387e0 -2.21735835075378418e0 -2.21736359596252441e0 1.62919363333458023e-7 9.73542526594428637e-8 1 1
0.00000000000000000e0 -2.19747453270317328e0 -2.19746327400207520e0 -2.19746875762939453e0 1.52985251133941347e-7 2.18550368913383863e-8 1 1
0.00000000000000000e0 -2.17761529081190996e0 -2.17760396003723145e0 -2.17760992050170898e0 1.35103860543495102e-7 8.94069671630859375e-8 1 1
0.00000000000000000e0 -2.15779230914223241e0 -2.15778064727783203e0 -2.15778732299804688e0 1.39077499738959887e-7 7.94728620689966192e-8 1 1
0.00000000000000000e0 -2.13800560572584430e0 -2.13799381256103516e0 -2.13800048828125000e0 2.26497647304313432e-7 7.74860353658368695e-8 1 1
0.00000000000000000e0 -2.11825519801394702e0 -2.11824202537536621e0 -2.11824917793273926e0 2.44379037894759676e-7 5.56310020272121619e-8 1 1
0.00000000000000000e0 -2.09854110287888851e0 -2.09852886199951172e0 -2.09853601455688477e0 1.49011611938476562e-7 1.25169748343978426e-7 1 1
0.00000000000000000e0 -2.07886333661672351e0 -2.07885313034057617e0 -2.07885789871215820e0 9.93410722571752558e-8 8.94069671630859375e-8 1 1
0.00000000000000000e0 -2.05922191495287032e0 -2.05921077728271484e0 -2.05921626091003418e0 2.88089125888291164e-7 4.96705361285876279e-8 1 1
0.00000000000000000e0 -2.03961685304541485e0 -2.03960371017456055e0 -2.03961110115051270e0 3.05970502267882694e-7 7.35123961703720852e-8 1 1
0.00000000000000000e0 -2.02004816548757438e0 -2.02003455162048340e0 -2.02004289627075195e0 1.98682144514350512e-7 2.98023223876953125e-8 1 1
0.00000000000000000e0 -2.00051586631185119e0 -2.00050330162048340e0 -2.00051093101501465e0 2.84115486692826380e-7 1.84774393119369051e-7 1 1
0.00000000000000000e0 -1.98101996899443700e0 -1.98100721836090088e0 -1.98101460933685303e0 2.30471286499778216e-7 3.77496078840522387e-8 1 1
0.00000000000000000e0 -1.96156048645982861e0 -1.96154916286468506e0 -1.96155560016632080e0 4.49021655413162080e-7 8.94069671630859375e-8 1 1
