# input reference p6 p7 residual6 residual7 iterations6 iterations7
0.00000000000000000e0 0.00000000000000000e0 0.00000000000000000e0 0.00000000000000000e0 0.00000000000000000e0 0.00000000000000000e0 0 0
1.04166269302368164e-2 -8.37550431416342778e-1 -8.37551355361938477e-1 -8.37551236152648926e-1 6.65585204728813551e-8 7.25189863715058891e-8 2 2
2.08333730697631836e-2 -3.43228405755495292e0 -3.43228554725646973e0 -3.43228554725646973e0 2.64247262293793028e-7 9.13937867608183296e-8 4 4
3.12500000000000000e-2 -6.84179532454170314e0 -6.84179592132568359e0 -6.84179639816284180e0 3.21865087471451261e-7 2.38418579101562500e-7 6 6
4.16666269302368164e-2 -9.73637575523482290e0 -9.73637485504150391e0 -9.73637676239013672e0 1.70866641724387591e-7 1.58945724137993238e-7 3 3
5.20833730697631836e-2 -1.16846491123356362e1 -1.16846542358398438e1 -1.16846542358398438e1 2.94049573312804569e-6 2.38418579101562500e-6 3 3
6.25000000000000000e-2 -1.28645076218559105e1 -1.28645124435424805e1 -1.28645162582397461e1 6.11941004535765387e-6 5.84125518798828125e-6 4 4
7.29166269302368164e-2 -1.35751065068174359e1 -1.35750875473022461e1 -1.35750923156738281e1 4.52995294608626864e-7 4.13258874232269591e-7 6 6
8.33333730697631836e-2 -1.40360805473283587e1 -1.40360870361328125e1 -1.40360898971557617e1 3.21865081787109375e-6 3.05970502267882694e-6 5 5
9.37500000000000000e-2 -1.43711758080419010e1 -1.43711662292480469e1 -1.43711700439453125e1 1.12056727630260866e-6 4.76837158203125000e-7 4 4
1.04166626930236816e-1 -1.46419890575653771e1 -1.46419878005981445e1 -1.46419897079467773e1 1.15235650355316466e-6 2.78154999477919773e-7 5 5
1.14583373069763184e-1 -1.48780926874715185e1 -1.48780956268310547e1 -1.48780975341796875e1 4.37100737826767727e-7 4.60942572999556432e-7 4 4
1.25000000000000000e-1 -1.50944728023799364e1 -1.50944766998291016e1 -1.50944766998291016e1 5.96046447753906250e-7 2.38418579101562500e-7 5 5
1.35416626930236816e-1 -1.52998243153676867e1 -1.52998247146606445e1 -1.52998256683349609e1 8.10623191682680044e-7 7.47044907711824635e-7 5 5
1.45833373069763184e-1 -1.54999984376469016e1 -1.55000000000000000e1 -1.55000019073486328e1 8.90096032435394591e-7 2.37196218222379684e-7 4 4
1.56250000000000000e-1 -1.56992825813624091e1 -1.56992816925048828e1 -1.56992855072021484e1 6.75519288506620796e-7 5.56309998955839546e-7 5 5
1.66666626930236816e-1 -1.59008815727796780e1 -1.59008874893188477e1 -1.59008827209472656e1 6.75519288506620796e-7 1.03314721400238341e-6 6 5
1.77083373069763184e-1 -1.61071526014383331e1 -1.61071586608886719e1 -1.61071548461914062e1 1.66893005371093750e-6 2.14576721191406250e-6 4 4
1.87500000000000000e-1 -1.63197560070773235e1 -1.63197593688964844e1 -1.63197574615478516e1 3.89417027690797113e-6 4.05311584472656250e-6 5 5
1.97916626930236816e-1 -1.65397954695703326e1 -1.65398063659667969e1 -1.65398025512695312e1 7.94728566688718274e-6 7.62939453125000000e-6 5 5
2.08333373069763184e-1 -1.67679487467814212e1 -1.67679252624511719e1 -1.67679271697998047e1 1.79608662165264832e-6 7.94728578057402046e-7 6 6
2.18750000000000000e-1 -1.70045610674679040e1 -1.70045604705810547e1 -1.70045623779296875e1 1.04904177078424254e-6 9.37779759624390863e-7 6 6
2.29166626930236816e-1 -1.72497283921660198e1 -1.72497348785400391e1 -1.72497348785400391e1 5.86442183703184128e-7 6.35782896551972954e-7 5 5
2.39583373069763184e-1 -1.75033697188927881e1 -1.75033836364746094e1 -1.75033760070800781e1 5.24520885392121272e-7 2.54658516496419907e-7 5 5
2.50000000000000000e-1 -1.77652661325211341e1 -1.77652778625488281e1 -1.77652740478515625e1 7.94728578057402046e-7 8.90096032435394591e-7 5 5
2.60416626930236816e-1 -1.80350967041607149e1 -1.80351085662841797e1 -1.80351028442382812e1 1.01725265722052427e-6 4.76837158203125000e-7 5 5
2.70833373069763184e-1 -1.83124702398980261e1 -1.83124828338623047e1 -1.83124752044677734e1 1.92324318959435914e-6 1.50998437220550841e-6 5 5
2.81250000000000000e-1 -1.85969281927963266e1 -1.85969371795654297e1 -1.85969352722167969e1 4.29153442382812500e-6 4.68889857074827887e-6 5 5
2.91666626930236816e-1 -1.88879435669050473e1 -1.88879299163818359e1 -1.88879280090332031e1 4.76837158203125000e-7 9.05990589217253728e-7 6 6
3.02083373069763184e-1 -1.91849051502131189e1 -1.91849040985107422e1 -1.91849098205566406e1 2.74976105174573604e-6 2.30471300710632931e-6 5 5
3.12500000000000000e-1 -1.94870407167533379e1 -1.94870338439941406e1 -1.94870376586914062e1 1.65303549692907836e-6 1.50998437220550841e-6 5 5
3.22916626930236816e-1 -1.97932433957159972e1 -1.97932415008544922e1 -1.97932415008544922e1 1.27156579310394591e-6 1.03314721400238341e-6 5 5
3.33333373069763184e-1 -2.01015970120979581e1 -2.01016006469726562e1 -2.01016063690185547e1 2.86102294921875000e-6 2.86102294921875000e-6 5 5
3.43750000000000000e-1 -2.04078001717950777e1 -2.04077892303466797e1 -2.04077892303466797e1 1.23977656585338991e-6 1.43051147460937500e-6 6 6
3.54166626930236816e-1 -2.06987688954228872e1 -2.06987724304199219e1 -2.06987705230712891e1 2.03450531444104854e-6 2.03450531444104854e-6 6 6
3.64583373069763184e-1 -2.09235166597233295e1 -2.09235210418701172e1 -2.09235191345214844e1 2.76565560852759518e-6 2.89281206278246827e-6 5 5
3.75000000000000000e-1 -2.09945044407854873e1 -2.09945049285888672e1 -2.09945049285888672e1 4.45047999164671637e-6 4.32332353739184327e-6 4 4
3.85416626930236816e-1 -2.09987191869318259e1 -2.09987201690673828e1 -2.09987201690673828e1 6.03993748882203363e-6 6.10351571594947018e-6 3 3
3.95833373069763184e-1 -2.09987837308370615e1 -2.09987850189208984e1 -2.09987850189208984e1 2.44776401814306155e-6 4.76837158203125000e-7 5 5
4.06250000000000000e-1 -2.09987841781200899e1 -2.09987850189208984e1 -2.09987850189208984e1 1.98682144514350512e-7 1.50998431536208955e-7 4 4
4.16666626930236816e-1 -2.09987841864158931e1 -2.09987850189208984e1 -2.09987850189208984e1 6.35782896551972954e-7 1.97092685993993655e-6 4 4
4.27083373069763184e-1 -2.09987841873449561e1 -2.09987850189208984e1 -2.09987850189208984e1 1.93913774637621827e-6 1.68482461049279664e-6 4 4
4.37500000000000000e-1 -2.09987841874649703e1 -2.09987850189208984e1 -2.09987850189208984e1 2.00271597350365482e-6 9.53674316406250000e-7 4 4
4.47916626930236816e-1 -2.09987841875797372e1 -2.09987850189208984e1 -2.09987850189208984e1 1.43051147460937500e-6 1.46230058817309327e-6 4 4
4.58333373069763184e-1 -2.09987841876979537e1 -2.09987850189208984e1 -2.09987850189208984e1 1.23977656585338991e-6 2.86102306290558772e-7 4 4
4.68750000000000000e-1 -2.09987841878162556e1 -2.09987850189208984e1 -2.09987850189208984e1 1.65303549692907836e-6 1.27156579310394591e-6 4 4
4.79166626930236816e-1 -2.09987841879345396e1 -2.09987850189208984e1 -2.09987850189208984e1 1.58945715611480409e-6 1.87555951924878173e-6 4 4
4.89583373069763184e-1 -2.09987841880528237e1 -2.09987850189208984e1 -2.09987850189208984e1 8.98043310826324159e-7 1.43051147460937500e-6 4 4
5.00000000000000000e-1 -2.09987841881711077e1 -2.09987850189208984e1 -2.09987850189208984e1 2.76565560852759518e-6 9.85463429969968274e-7 4 4
5.10416626930236816e-1 -2.09987841882893811e1 -2.09987850189208984e1 -2.09987850189208984e1 1.08877816273889039e-6 6.99361180522828363e-7 4 4
5.20833373069763184e-1 -2.09987841884076545e1 -2.09987850189208984e1 -2.09987850189208984e1 1.52587892898736754e-6 4.65661287307739258e-7 4 4
5.31250000000000000e-1 -2.09987841885259279e1 -2.09987850189208984e1 -2.09987850189208984e1 1.46230058817309327e-6 7.31150294086546637e-7 4 4
5.41666626930236816e-1 -2.09987841886442013e1 -2.09987850189208984e1 -2.09987850189208984e1 1.58945715611480409e-6 1.49408981542364927e-6 4 4
5.52083373069763184e-1 -2.09987841887624676e1 -2.09987850189208984e1 -2.09987850189208984e1 8.58306862028257456e-7 8.29459168016910553e-7 4 4
5.62500000000000000e-1 -2.09987841888807338e1 -2.09987850189208984e1 -2.09987850189208984e1 1.30335490666766418e-6 1.84377029199822573e-6 4 4
5.72916626930236816e-1 -2.09987841889989930e1 -2.09987850189208984e1 -2.09987850189208984e1 2.32060756388818845e-6 1.25728547573089600e-6 4 4
5.83333373069763184e-1 -2.09987841891172557e1 -2.09987850189208984e1 -2.09987850189208984e1 3.01996874441101681e-6 1.46974343806505203e-6 4 4
5.93750000000000000e-1 -2.09987841892355114e1 -2.09987850189208984e1 -2.09987850189208984e1 2.09808354156848509e-6 1.78406480699777603e-6 4 4
6.04166626930236816e-1 -2.09987841893537635e1 -2.09987850189208984e1 -2.09987850189208984e1 4.22795619670068845e-6 2.47955313170677982e-6 4 4
6.14583373069763184e-1 -2.09987841894720191e1 -2.09987850189208984e1 -2.09987850189208984e1 4.38690176451927982e-6 4.51405821877415292e-6 5 5
6.25000000000000000e-1 -2.09987841895902712e1 -2.09987850189208984e1 -2.09987850189208984e1 7.02540091879200190e-6 4.76837158203125000e-7 5 5
6.35416626930236816e-1 -2.09987841897085161e1 -2.09987850189208984e1 -2.09987850189208984e1 3.33786010742187500e-6 2.19345088225963991e-6 5 5
6.45833373069763184e-1 -2.09987841898267611e1 -2.09987850189208984e1 -2.09987850189208984e1 3.01996874441101681e-6 1.43051147460937500e-6 5 5
6.56250000000000000e-1 -2.09987841899450061e1 -2.09987850189208984e1 -2.09987850189208984e1 3.59217324330529664e-6 1.08083088434796082e-6 5 5
6.66666626930236816e-1 -2.09987841900632439e1 -2.09987850189208984e1 -2.09987850189208984e1 8.26517748464539181e-7 7.62939464493683772e-7 5 5
6.77083373069763184e-1 -2.09987841901814818e1 -2.09987850189208984e1 -2.09987850189208984e1 7.70886742884613341e-7 1.23977656585338991e-6 5 5
6.87500000000000000e-1 -2.09987841902997197e1 -2.09987850189208984e1 -2.09987850189208984e1 8.34465026855468750e-7 1.55766804255108582e-6 5 5
6.97916626930236816e-1 -2.09987841904179540e1 -2.09987850189208984e1 -2.09987850189208984e1 2.54313158620789181e-6 8.90096032435394591e-7 5 5
7.08333373069763184e-1 -2.09987841905361776e1 -2.09987850189208984e1 -2.09987850189208984e1 2.76565560852759518e-6 1.27156579310394591e-6 5 5
7.18750000000000000e-1 -2.09987841906544084e1 -2.09987850189208984e1 -2.09987850189208984e1 1.90734863281250000e-6 1.43051147460937500e-6 5 5
7.29166626930236816e-1 -2.09987841907726356e1 -2.09987850189208984e1 -2.09987850189208984e1 8.26517748464539181e-7 6.67572010115691228e-7 5 5
7.39583373069763184e-1 -2.09987841908908557e1 -2.09987850189208984e1 -2.09987850189208984e1 2.12987265513220336e-6 1.02445483207702637e-6 5 5
7.50000000000000000e-1 -2.09987841910090793e1 -2.09987850189208984e1 -2.09987850189208984e1 6.35782896551972954e-7 1.17619833872595336e-6 5 5
7.60416626930236816e-1 -2.09987841911272959e1 -2.09987850189208984e1 -2.09987850189208984e1 1.84377029199822573e-6 1.68482461049279664e-6 5 5
7.70833373069763184e-1 -2.09987841912455053e1 -2.09987850189208984e1 -2.09987850189208984e1 2.09808354156848509e-6 1.14440922516223509e-6 4 4
7.81250000000000000e-1 -2.09987841913637183e1 -2.09987850189208984e1 -2.09987850189208984e1 3.27428188029443845e-6 1.68482461049279664e-6 2 2
7.91666626930236816e-1 -2.09987841914819349e1 -2.09987850189208984e1 -2.09987850189208984e1 5.05447405885206535e-6 6.67572010115691228e-7 2 2
8.02083373069763184e-1 -2.09987841916001372e1 -2.09987850189208984e1 -2.09987850189208984e1 2.95639028990990482e-6 1.62124638336536009e-6 1 1
8.12500000000000000e-1 -2.09987841917183431e1 -2.09987850189208984e1 -2.09987850189208984e1 1.14440922516223509e-6 6.67572010115691228e-7 1 1
8.22916626930236816e-1 -2.09987841918365454e1 -2.09987850189208984e1 -2.09987850189208984e1 1.66893005371093750e-6 1.27156579310394591e-6 1 1
8.33333373069763184e-1 -2.09987841919547442e1 -2.09987850189208984e1 -2.09987850189208984e1 9.05990589217253728e-7 1.52587892898736754e-6 1 1
8.43750000000000000e-1 -2.09987841920729394e1 -2.09987850189208984e1 -2.09987850189208984e1 1.11261999791167909e-6 1.81198117843450746e-6 1 1
8.54166626930236816e-1 -2.09987841921911382e1 -2.09987850189208984e1 -2.09987850189208984e1 1.58945715611480409e-6 5.72204612581117544e-7 1 1
8.64583373069763184e-1 -2.09987841923093264e1 -2.09987850189208984e1 -2.09987850189208984e1 3.24249276673072018e-6 6.67572010115691228e-7 1 1
8.75000000000000000e-1 -2.09987841924275216e1 -2.09987850189208984e1 -2.09987850189208984e1 1.08083088434796082e-6 6.51677453333832091e-7 1 1
8.85416626930236816e-1 -2.09987841925457062e1 -2.09987850189208984e1 -2.09987850189208984e1 3.75111903849756345e-6 1.81198117843450746e-6 1 1
8.95833373069763184e-1 -2.09987841926638907e1 -2.09987850189208984e1 -2.09987850189208984e1 3.91006460631615482e-6 1.97092685993993655e-6 1 1
9.06250000000000000e-1 -2.09987841927820753e1 -2.09987850189208984e1 -2.09987850189208984e1 2.35239667745190673e-6 7.62939464493683772e-7 1 1
9.16666626930236816e-1 -2.09987841929002528e1 -2.09987850189208984e1 -2.09987850189208984e1 3.94185371987987310e-6 8.26517748464539181e-7 1 1
9.27083373069763184e-1 -2.09987841930184338e1 -2.09987850189208984e1 -2.09987850189208984e1 2.63849892689904664e-6 4.76837158203125000e-7 1 1
9.37500000000000000e-1 -2.09987841931366077e1 -2.09987850189208984e1 -2.09987850189208984e1 1.08083088434796082e-6 4.13258874232269591e-7 1 1
9.47916626930236816e-1 -2.09987841932547781e1 -2.09987850189208984e1 -2.09987850189208984e1 4.76837158203125000e-6 1.74840295130707091e-6 1 1
9.58333373069763184e-1 -2.09987841933729484e1 -2.09987850189208984e1 -2.09987850189208984e1 4.03722106057102792e-6 1.81198117843450746e-6 1 1
9.68750000000000000e-1 -2.09987841934911188e1 -2.09987850189208984e1 -2.09987850189208984e1 3.62396235686901491e-6 4.13258874232269591e-7 1 1
9.79166626930236816e-1 -2.09987841936092821e1 -2.09987850189208984e1 -2.09987850189208984e1 6.83466578266234137e-6 7.94728578057402046e-7 1 1
9.89583373069763184e-1 -2.09987841937274453e1 -2.09987850189208984e1 -2.09987850189208984e1 3.30607099385815673e-6 1.55766804255108582e-6 1 1
1.00000000000000000e0 -2.09987841938456086e1 -2.09987850189208984e1 -2.09987850189208984e1 2.82923383565503173e-6 1.52587892898736754e-6 1 1
9.89583253860473633e-1 -2.09987841939637647e1 -2.09987850189208984e1 -2.09987850189208984e1 1.97092685993993655e-6 4.76837158203125000e-7 1 1
9.79166746139526367e-1 -2.09987841940819173e1 -2.09987850189208984e1 -2.09987850189208984e1 4.67300424134009518e-6 3.17891448275986477e-7 1 1
9.68750000000000000e-1 -2.09987841942000699e1 -2.09987850189208984e1 -2.09987850189208984e1 2.12987265513220336e-6 5.08626328610262135e-7 1 1
9.58333253860473633e-1 -2.09987841943182190e1 -2.09987850189208984e1 -2.09987850189208984e1 1.20798745228967164e-6 6.35782896551972954e-7 1 1
9.47916746139526367e-1 -2.09987841944363645e1 -2.09987850189208984e1 -2.09987850189208984e1 3.52859501617786009e-6 1.43051153145279386e-7 1 1
9.37500000000000000e-1 -2.09987841945545100e1 -2.09987850189208984e1 -2.09987850189208984e1 6.67572010115691228e-7 1.84377029199822573e-6 1 1
9.27083253860473633e-1 -2.09987841946726554e1 -2.09987850189208984e1 -2.09987850189208984e1 1.28746034988580504e-6 7.94728578057402046e-7 1 1
9.16666746139526367e-1 -2.09987841947907974e1 -2.09987850189208984e1 -2.09987850189208984e1 3.94185371987987310e-6 5.56309998955839546e-7 1 1
9.06250000000000000e-1 -2.09987841949089322e1 -2.09987850189208984e1 -2.09987850189208984e1 1.06493632756610168e-6 1.20798745228967164e-6 1 1
8.95833253860473633e-1 -2.09987841950270671e1 -2.09987850189208984e1 -2.09987850189208984e1 1.87555951924878173e-6 8.90096032435394591e-7 1 1
8.85416746139526367e-1 -2.09987841951451948e1 -2.09987850189208984e1 -2.09987850189208984e1 1.39872236104565673e-6 5.24520885392121272e-7 1 1
8.75000000000000000e-1 -2.09987841952633332e1 -2.09987850189208984e1 -2.09987850189208984e1 2.09808354156848509e-6 3.97364289028701023e-7 1 1
8.64583253860473633e-1 -2.09987841953814574e1 -2.09987850189208984e1 -2.09987850189208984e1 1.87555951924878173e-6 1.33514402023138246e-6 1 1
8.54166746139526367e-1 -2.09987841954995815e1 -2.09987850189208984e1 -2.09987850189208984e1 2.06629442800476681e-6 8.90096032435394591e-7 1 1
8.43750000000000000e-1 -2.09987841956177057e1 -2.09987850189208984e1 -2.09987850189208984e1 2.47955313170677982e-6 1.71661372405651491e-6 1 1
8.33333253860473633e-1 -2.09987841957358263e1 -2.09987850189208984e1 -2.09987850189208984e1 2.60670981333532836e-6 1.46230058817309327e-6 1 1
8.22916746139526367e-1 -2.09987841958539434e1 -2.09987850189208984e1 -2.09987850189208984e1 2.32060756388818845e-6 8.58306862028257456e-7 1 1
8.12500000000000000e-1 -2.09987841959720569e1 -2.09987850189208984e1 -2.09987850189208984e1 1.30335490666766418e-6 1.33514402023138246e-6 1 1
8.02083253860473633e-1 -2.09987841960901669e1 -2.09987850189208984e1 -2.09987850189208984e1 9.21885145999112865e-7 1.87555951924878173e-6 1 1
7.91666746139526367e-1 -2.09987841962082769e1 -2.09987850189208984e1 -2.09987850189208984e1 9.05990589217253728e-7 3.17891448275986477e-7 1 1
7.81250000000000000e-1 -2.09987841963263868e1 -2.09987850189208984e1 -2.09987850189208984e1 1.01725265722052427e-6 1.71661372405651491e-6 1 1
7.70833253860473633e-1 -2.09987841964444897e1 -2.09987850189208984e1 -2.09987850189208984e1 4.76837158203125000e-7 7.94728578057402046e-7 1 1
7.60416746139526367e-1 -2.09987841965625925e1 -2.09987850189208984e1 -2.09987850189208984e1 3.59217324330529664e-6 5.72204612581117544e-7 1 1
7.50000000000000000e-1 -2.09987841966806954e1 -2.09987850189208984e1 -2.09987850189208984e1 1.14440922516223509e-6 1.43051147460937500e-6 1 1
7.39583253860473633e-1 -2.09987841967987912e1 -2.09987850189208984e1 -2.09987850189208984e1 9.53674316406250000e-7 1.11262004054424324e-7 1 1
7.29166746139526367e-1 -2.09987841969168905e1 -2.09987850189208984e1 -2.09987850189208984e1 1.01725265722052427e-6 1.27156579310394591e-6 1 1
7.18750000000000000e-1 -2.09987841970349791e1 -2.09987850189208984e1 -2.09987850189208984e1 1.06493632756610168e-6 6.03993726144835819e-7 1 1
7.08333253860473633e-1 -2.09987841971530678e1 -2.09987850189208984e1 -2.09987850189208984e1 8.26517748464539181e-7 5.08626328610262135e-7 1 1
6.97916746139526367e-1 -2.09987841972711564e1 -2.09987850189208984e1 -2.09987850189208984e1 1.87555951924878173e-6 6.03993726144835819e-7 1 1
6.87500000000000000e-1 -2.09987841973892451e1 -2.09987850189208984e1 -2.09987850189208984e1 1.12851455469353823e-6 1.43051147460937500e-6 1 1
6.77083253860473633e-1 -2.09987841975073231e1 -2.09987850189208984e1 -2.09987850189208984e1 1.41461691782751586e-6 6.03993726144835819e-7 1 1
6.66666746139526367e-1 -2.09987841976254046e1 -2.09987850189208984e1 -2.09987850189208984e1 4.13258885600953363e-6 4.45047999164671637e-6 12 12
6.56250000000000000e-1 -2.09987841977434826e1 -2.09987850189208984e1 -2.09987850189208984e1 1.18414561711688293e-6 1.74840295130707091e-7 10 10
6.45833253860473633e-1 -2.09987841978615570e1 -2.09987850189208984e1 -2.09987850189208984e1 5.08626328610262135e-7 2.70207721086990205e-7 3 3
6.35416746139526367e-1 -2.09987841979796350e1 -2.09987850189208984e1 -2.09987850189208984e1 3.47693770663681789e-7 3.49680590261414181e-7 2 2
6.25000000000000000e-1 -2.09987841980977024e1 -2.09987850189208984e1 -2.09987850189208984e1 2.86102306290558772e-7 3.49680590261414181e-7 3 3
6.14583253860473633e-1 -2.09987841982157697e1 -2.09987850189208984e1 -2.09987850189208984e1 3.41733283448775182e-7 2.22524008108848648e-7 2 2
6.04166746139526367e-1 -2.09987841983338299e1 -2.09987850189208984e1 -2.09987850189208984e1 8.74201475653535454e-7 6.83466566897550365e-7 2 2
5.93750000000000000e-1 -2.09987841984518937e1 -2.09987850189208984e1 -2.09987850189208984e1 8.98043310826324159e-7 4.92731714984984137e-7 2 2
5.83333253860473633e-1 -2.09987841985699539e1 -2.09987850189208984e1 -2.09987850189208984e1 7.78834021275542909e-7 3.49680590261414181e-7 2 2
5.72916746139526367e-1 -2.09987841986880106e1 -2.09987850189208984e1 -2.09987850189208984e1 2.70207721086990205e-7 1.12851455469353823e-6 2 2
5.62500000000000000e-1 -2.09987841988060673e1 -2.09987850189208984e1 -2.09987850189208984e1 1.23977656585338991e-6 2.62260442696060636e-7 2 2
5.52083253860473633e-1 -2.09987841989241204e1 -2.09987850189208984e1 -2.09987850189208984e1 8.74201475653535454e-7 3.49680590261414181e-7 2 2
5.41666746139526367e-1 -2.09987841990421664e1 -2.09987850189208984e1 -2.09987850189208984e1 9.53674316406250000e-7 2.14576715507064364e-7 2 2
5.31250000000000000e-1 -2.09987841991602195e1 -2.09987850189208984e1 -2.09987850189208984e1 1.35103857701324159e-6 4.45048016217697295e-7 2 2
5.20833253860473633e-1 -2.09987841992782620e1 -2.09987850189208984e1 -2.09987850189208984e1 1.12851455469353823e-6 1.09672544112981996e-6 2 2
5.10416746139526367e-1 -2.09987841993963045e1 -2.09987850189208984e1 -2.09987850189208984e1 4.68889879812195431e-7 4.29153431014128728e-7 2 2
5.00000000000000000e-1 -2.09987841995143469e1 -2.09987850189208984e1 -2.09987850189208984e1 6.59624731724761659e-7 6.35782910762827669e-8 2 2
4.89583253860473633e-1 -2.09987841996323823e1 -2.09987850189208984e1 -2.09987850189208984e1 3.17891448275986477e-7 3.25838726666916045e-7 2 2
4.79166746139526367e-1 -2.09987841997504177e1 -2.09987850189208984e1 -2.09987850189208984e1 8.02675856448331615e-7 4.92731714984984137e-7 2 2
4.68750000000000000e-1 -2.09987841998684495e1 -2.09987850189208984e1 -2.09987850189208984e1 5.80151890972047113e-7 4.68889879812195431e-7 2 2
4.58333253860473633e-1 -2.09987841999864777e1 -2.09987850189208984e1 -2.09987850189208984e1 1.58150987772387452e-6 5.64257277346769115e-7 2 2
4.47916746139526367e-1 -2.09987842001045060e1 -2.09987850189208984e1 -2.09987850189208984e1 1.12851455469353823e-6 3.49680590261414181e-7 2 2
4.37500000000000000e-1 -2.09987842002225342e1 -2.09987850189208984e1 -2.09987850189208984e1 3.81469732246841886e-7 3.97364289028701023e-7 2 2
4.27083253860473633e-1 -2.09987842003405554e1 -2.09987850189208984e1 -2.09987850189208984e1 5.56309998955839546e-7 5.52972778677940369e-8 2 2
4.16666746139526367e-1 -2.09987842004585765e1 -2.09987850189208984e1 -2.09987850189208984e1 9.53674316406250000e-7 2.46365857492492069e-7 2 2
4.06250000000000000e-1 -2.09987842005765906e1 -2.09987850189208984e1 -2.09987850189208984e1 1.27951307149487548e-6 3.25838726666916045e-7 2 2
3.95833253860473633e-1 -2.09987842006946046e1 -2.09987850189208984e1 -2.09987850189208984e1 7.23203015695617069e-7 3.57627868652343750e-7 2 2
3.85416746139526367e-1 -2.09987842008126222e1 -2.09987850189208984e1 -2.09987850189208984e1 2.62260442696060636e-7 2.14576715507064364e-7 3 3
3.75000000000000000e-1 -2.09987842009306291e1 -2.09987850189208984e1 -2.09987850189208984e1 5.32468163783050841e-7 1.98682144514350512e-7 3 3
3.64583253860473633e-1 -2.09987842010486361e1 -2.09987850189208984e1 -2.09987850189208984e1 1.98682144514350512e-7 1.82787573521636659e-7 3 3
3.54166746139526367e-1 -2.09987842011666430e1 -2.09987850189208984e1 -2.09987850189208984e1 2.54313164305131068e-7 2.38418579101562500e-7 3 3
3.43750000000000000e-1 -2.09987842012846464e1 -2.09987850189208984e1 -2.09987850189208984e1 6.19888282926694956e-7 3.57627868652343750e-7 3 3
3.33333253860473633e-1 -2.09987842014026427e1 -2.09987850189208984e1 -2.09987850189208984e1 5.28494524587586056e-7 3.33786005057845614e-7 3 3
3.22916746139526367e-1 -2.09987842015206425e1 -2.09987850189208984e1 -2.09987850189208984e1 5.32468163783050841e-7 7.94728620689966192e-8 4 4
3.12500000000000000e-1 -2.09987842016386352e1 -2.09987850189208984e1 -2.09987850189208984e1 3.57627868652343750e-7 1.07288357753532182e-7 3 3
3.02083253860473633e-1 -2.09987842017566280e1 -2.09987850189208984e1 -2.09987850189208984e1 9.83476624583090597e-8 5.56310020272121619e-8 2 2
2.91666746139526367e-1 -2.09987842018746171e1 -2.09987850189208984e1 -2.09987850189208984e1 1.90734866123420943e-7 9.13937867608183296e-8 3 3
2.81250000000000000e-1 -2.09987842019926063e1 -2.09987850189208984e1 -2.09987850189208984e1 1.94708505318885727e-7 7.54992157681044773e-8 3 3
2.70833253860473633e-1 -2.09987842021105919e1 -2.09987850189208984e1 -2.09987850189208984e1 1.64906182931190415e-7 8.34465012644614035e-8 4 4
2.60416746139526367e-1 -2.09987842022285776e1 -2.09987850189208984e1 -2.09987850189208984e1 2.66234081891525420e-7 8.34465012644614035e-8 3 3
2.50000000000000000e-1 -2.09987842023465596e1 -2.09987850189208984e1 -2.09987850189208984e1 2.14576715507064364e-7 1.23182928746246034e-7 3 3
2.39583253860473633e-1 -2.09987842024645346e1 -2.09987850189208984e1 -2.09987850189208984e1 3.21865087471451261e-7 3.17891455381413834e-8 3 3
2.29166746139526367e-1 -2.09987842025825060e1 -2.09987850189208984e1 -2.09987850189208984e1 1.66893002528922807e-7 5.76178216249445541e-8 3 3
2.18750000000000000e-1 -2.09987842027004810e1 -2.09987850189208984e1 -2.09987850189208984e1 1.86761226927956159e-7 1.58945724137993238e-7 3 3
2.08333253860473633e-1 -2.09987842028184488e1 -2.09987850189208984e1 -2.09987850189208984e1 2.64117261394858360e-7 2.68119038082659245e-7 2 2
1.97916746139526367e-1 -2.09987842029364167e1 -2.09987850189208984e1 -2.09987850189208984e1 3.51667409859146574e-7 2.12457962334156036e-7 2 2
1.87500000000000000e-1 -2.09987842030543845e1 -2.09987850189208984e1 -2.09987850189208984e1 7.86781299666472478e-7 5.08626328610262135e-7 2 2
1.77083253860473633e-1 -2.09987842031723453e1 -2.09987850189208984e1 -2.09987850189208984e1 3.49680590261414181e-7 4.21206152623199159e-7 2 2
1.66666746139526367e-1 -2.09987842032903060e1 -2.09987850189208984e1 -2.09987850189208984e1 2.30471286499778216e-7 4.60942572999556432e-7 2 2
1.56250000000000000e-1 -2.09987842034082632e1 -2.09987850189208984e1 -2.09987850189208984e1 1.64906182931190415e-7 1.74840295130707091e-7 2 2
1.45833253860473633e-1 -2.09987842035262204e1 -2.09987850189208984e1 -2.09987850189208984e1 2.00668964112082904e-7 2.94049584681488341e-7 2 2
1.35416746139526367e-1 -2.09987842036441741e1 -2.09987850189208984e1 -2.09987850189208984e1 5.18560398177214665e-7 2.94049584681488341e-7 2 2
1.25000000000000000e-1 -2.09987842037621242e1 -2.09987850189208984e1 -2.09987850189208984e1 2.70207721086990205e-7 1.43051153145279386e-7 2 2
1.14583253860473633e-1 -2.09987842038800672e1 -2.09987850189208984e1 -2.09987850189208984e1 3.65575147043273319e-7 2.70207721086990205e-7 2 2
1.04166746139526367e-1 -2.09987842039980137e1 -2.09987850189208984e1 -2.09987850189208984e1 9.05990589217253728e-7 2.54313164305131068e-7 2 2
9.37500000000000000e-2 -2.09987842041159567e1 -2.09987850189208984e1 -2.09987850189208984e1 4.52995294608626864e-7 1.06228981167078018e-7 2 2
8.33332538604736328e-2 -2.09987842042338926e1 -2.09987850189208984e1 -2.09987850189208984e1 3.01996863072417909e-7 3.09944141463347478e-7 2 2
7.29167461395263672e-2 -2.09987842043518356e1 -2.09987850189208984e1 -2.09987850189208984e1 1.50005021737342759e-7 1.74840295130707091e-7 2 2
6.25000000000000000e-2 -2.09987842044697715e1 -2.09987850189208984e1 -2.09987850189208984e1 3.41733283448775182e-7 3.01996863072417909e-7 2 2
5.20832538604736328e-2 -2.09987842045877002e1 -2.09987850189208984e1 -2.09987850189208984e1 1.04904177078424254e-6 8.26517748464539181e-7 2 2
4.16667461395263672e-2 -2.09987842047056326e1 -2.09987850189208984e1 -2.09987850189208984e1 2.38418579101562500e-7 3.49680590261414181e-7 2 2
3.12500000000000000e-2 -2.09987842048235613e1 -2.09987850189208984e1 -2.09987850189208984e1 4.39087557424500119e-7 6.83466566897550365e-7 2 2
2.08332538604736328e-2 -2.09987842049414830e1 -2.09987850189208984e1 -2.09987850189208984e1 1.90734866123420943e-7 5.08626328610262135e-7 2 2
1.04167461395263672e-2 -2.09987842050594118e1 -2.09987850189208984e1 -2.09987850189208984e1 4.60942572999556432e-7 6.99361180522828363e-7 2 2
0.00000000000000000e0 -2.09987842051773264e1 -2.09987850189208984e1 -2.09987850189208984e1 1.73250839452521177e-6 7.62939464493683772e-7 2 2
-1.04167461395263672e-2 -2.09987842052952445e1 -2.09987850189208984e1 -2.09987850189208984e1 2.31464710509499128e-7 5.08626328610262135e-7 2 2
-2.08332538604736328e-2 -2.09987842054131590e1 -2.09987850189208984e1 -2.09987850189208984e1 2.38651409745216370e-7 2.35741026699542999e-7 2 2
-3.12500000000000000e-2 -2.09987842055310736e1 -2.09987850189208984e1 -2.09987850189208984e1 1.03314721400238341e-6 5.24520885392121272e-7 2 2
-4.16667461395263672e-2 -2.09987842056489846e1 -2.09987850189208984e1 -2.09987850189208984e1 3.08500602841377258e-7 5.56309998955839546e-7 2 2
-5.20832538604736328e-2 -2.09987842057668921e1 -2.09987850189208984e1 -2.09987850189208984e1 2.25702910938707646e-6 3.08500602841377258e-7 2 2
-6.25000000000000000e-2 -2.09987842058847924e1 -2.09987850189208984e1 -2.09987850189208984e1 9.37779759624390863e-7 5.24520885392121272e-7 2 2
-7.29167461395263672e-2 -2.09987842060027035e1 -2.09987850189208984e1 -2.09987850189208984e1 1.68482461049279664e-6 1.19209289550781250e-6 2 2
-8.33332538604736328e-2 -2.09987842061206003e1 -2.09987850189208984e1 -2.09987850189208984e1 4.45048016217697295e-7 4.19095158576965332e-7 2 2
-9.37500000000000000e-2 -2.09987842062384971e1 -2.09987850189208984e1 -2.09987850189208984e1 1.30335490666766418e-6 5.88099169362976681e-7 2 2
-1.04166746139526367e-1 -2.09987842063563939e1 -2.09987850189208984e1 -2.09987850189208984e1 1.57356259933294496e-6 7.62939464493683772e-7 2 2
-1.14583253860473633e-1 -2.09987842064742871e1 -2.09987850189208984e1 -2.09987850189208984e1 7.62939464493683772e-7 6.17001205682754517e-7 2 2
-1.25000000000000000e-1 -2.09987842065921804e1 -2.09987850189208984e1 -2.09987850189208984e1 9.53674316406250000e-7 7.01402314007282257e-7 2 2
-1.35416746139526367e-1 -2.09987842067100630e1 -2.09987850189208984e1 -2.09987850189208984e1 1.98682141672179569e-6 7.56699591875076294e-7 2 2
-1.45833253860473633e-1 -2.09987842068279456e1 -2.09987850189208984e1 -2.09987850189208984e1 8.23638401925563812e-7 8.70204530656337738e-7 2 2
-1.56250000000000000e-1 -2.09987842069458317e1 -2.09987850189208984e1 -2.09987850189208984e1 9.48784872889518738e-7 9.34232957661151886e-7 2 2
-1.66666746139526367e-1 -2.09987842070637107e1 -2.09987850189208984e1 -2.09987850189208984e1 1.05646904557943344e-6 1.06493632756610168e-6 2 2
-1.77083253860473633e-1 -2.09987842071815898e1 -2.09987850189208984e1 -2.09987850189208984e1 1.16124283522367477e-6 1.17870513349771500e-6 2 2
-1.87500000000000000e-1 -2.09987842072994653e1 -2.09987850189208984e1 -2.09987850189208984e1 1.32131390273571014e-6 1.30385160446166992e-6 2 2
-1.97916746139526367e-1 -2.09987842074173408e1 -2.09987850189208984e1 -2.09987850189208984e1 2.51134247264417354e-6 1.44937075674533844e-6 3 2
-2.08333253860473633e-1 -2.09987842075351452e1 -2.09987850189208984e1 -2.09987850189208984e1 8.03265720605850220e-7 3.33786005057845614e-7 3 3
-2.18750000000000000e-1 -2.09987841261542592e1 -2.09987850189208984e1 -2.09987850189208984e1 3.49680590261414181e-7 7.47044907711824635e-7 3 3
-2.29166746139526367e-1 1.46501964589893863e1 1.46501188278198242e1 1.46501369476318359e1 4.17232513427734375e-6 4.45047999164671637e-6 8 8
-2.39583253860473633e-1 2.09972324162407809e1 2.09972343444824219e1 2.09972343444824219e1 2.03450531444104854e-6 6.03993726144835819e-7 5 5
-2.50000000000000000e-1 2.09983736001018606e1 2.09983749389648438e1 2.09983749389648438e1 9.21885145999112865e-7 1.36693313379510073e-6 4 4
-2.60416746139526367e-1 2.09985402584571652e1 2.09985427856445312e1 2.09985427856445312e1 2.35239667745190673e-6 1.55766804255108582e-6 4 4
-2.70833253860473633e-1 2.09987639545997098e1 2.09987659454345703e1 2.09987659454345703e1 2.12987265513220336e-6 2.22523999582335819e-6 4 4
-2.81250000000000000e-1 2.09987837876391694e1 2.09987659454345703e1 2.09987659454345703e1 2.95639028990990482e-6 3.11533608510217164e-6 3 3
-2.91666746139526367e-1 2.09987841614849131e1 2.09987659454345703e1 2.09987659454345703e1 4.57763690064894035e-6 4.35511265095556155e-6 3 3
-3.02083253860473633e-1 2.09987841605663874e1 2.09987659454345703e1 2.09987659454345703e1 2.03450531444104854e-6 2.16166176869592164e-6 4 4
-3.12500000000000000e-1 2.09987841604966938e1 2.09987659454345703e1 2.09987659454345703e1 1.52587892898736754e-6 7.94728578057402046e-7 4 4
-3.22916746139526367e-1 2.09987841606323578e1 2.09987659454345703e1 2.09987659454345703e1 3.49680590261414181e-6 1.14440922516223509e-6 4 4
-3.33333253860473633e-1 2.09987841607525745e1 2.09987659454345703e1 2.09987659454345703e1 1.52587892898736754e-6 7.94728578057402046e-7 4 4
-3.43750000000000000e-1 2.09987841608713808e1 2.09987659454345703e1 2.09987659454345703e1 1.68482461049279664e-6 2.06629442800476681e-6 4 4
-3.54166746139526367e-1 2.09987841609902297e1 2.09987659454345703e1 2.09987659454345703e1 1.46230058817309327e-6 1.93913774637621827e-6 4 4
-3.64583253860473633e-1 2.09987841611090822e1 2.09987659454345703e1 2.09987659454345703e1 7.94728578057402046e-7 7.94728578057402046e-7 4 4
-3.75000000000000000e-1 2.09987841612279276e1 2.09987659454345703e1 2.09987659454345703e1 7.94728578057402046e-7 7.94728578057402046e-7 4 4
-3.85416746139526367e-1 2.09987841613467801e1 2.09987659454345703e1 2.09987659454345703e1 1.97092685993993655e-6 2.00271597350365482e-6 4 4
-3.95833253860473633e-1 2.09987841614656254e1 2.09987659454345703e1 2.09987659454345703e1 1.33514402023138246e-6 1.04904177078424254e-6 4 4
-4.06250000000000000e-1 2.09987841615844673e1 2.09987659454345703e1 2.09987659454345703e1 7.94728578057402046e-7 7.94728578057402046e-7 4 4
-4.16666746139526367e-1 2.09987841617033055e1 2.09987659454345703e1 2.09987659454345703e1 1.20798745228967164e-6 7.94728578057402046e-7 4 4
-4.27083253860473633e-1 2.09987841618221438e1 2.09987659454345703e1 2.09987659454345703e1 4.35511265095556155e-6 9.85463429969968274e-7 4 4
-4.37500000000000000e-1 2.09987841619409821e1 2.09987659454345703e1 2.09987659454345703e1 1.71661372405651491e-6 1.68482461049279664e-6 4 4
-4.47916746139526367e-1 2.09987841620598132e1 2.09987659454345703e1 2.09987659454345703e1 1.11176632344722748e-6 1.12922862172126770e-6 4 4
-4.58333253860473633e-1 2.09987841621786444e1 2.09987659454345703e1 2.09987659454345703e1 1.97092685993993655e-6 1.34168658405542374e-6 4 4
-4.68750000000000000e-1 2.09987841622974685e1 2.09987659454345703e1 2.09987659454345703e1 2.25702910938707646e-6 1.62399373948574066e-6 4 4
-4.79166746139526367e-1 2.09987841624162961e1 2.09987659454345703e1 2.09987659454345703e1 1.94413587450981140e-6 1.96159817278385162e-6 4 4
-4.89583253860473633e-1 2.09987841625351166e1 2.09987659454345703e1 2.09987659454345703e1 7.94728578057402046e-7 7.94728578057402046e-7 4 4
-5.00000000000000000e-1 2.09987841626539442e1 2.09987659454345703e1 2.09987659454345703e1 1.34309129862231202e-6 7.94728578057402046e-7 4 4
-5.10416746139526367e-1 2.09987841627727576e1 2.09987659454345703e1 2.09987659454345703e1 2.98817963084729854e-6 1.33514402023138246e-6 4 4
-5.20833253860473633e-1 2.09987841628915710e1 2.09987659454345703e1 2.09987659454345703e1 4.41869087808299810e-6 2.22523999582335819e-6 4 4
-5.31250000000000000e-1 2.09987841630103844e1 2.09987659454345703e1 2.09987659454345703e1 4.10079974244581535e-6 3.94185371987987310e-6 4 4
-5.41666746139526367e-1 2.09987841631291943e1 2.09987659454345703e1 2.09987659454345703e1 6.73929844197118655e-6 6.54856376058887690e-6 4 4
-5.52083253860473633e-1 2.09987841632480041e1 2.09987659454345703e1 2.09987659454345703e1 1.01725265722052427e-6 2.35239667745190673e-6 5 5
-5.62500000000000000e-1 2.09987841633668069e1 2.09987659454345703e1 2.09987659454345703e1 2.44776401814306155e-6 9.21885145999112865e-7 5 5
-5.72916746139526367e-1 2.09987841634856096e1 2.09987659454345703e1 2.09987659454345703e1 7.94728578057402046e-7 7.94728578057402046e-7 5 5
-5.83333253860473633e-1 2.09987841636044088e1 2.09987659454345703e1 2.09987659454345703e1 2.19345088225963991e-6 1.87555951924878173e-6 5 5
-5.93750000000000000e-1 2.09987841637232080e1 2.09987659454345703e1 2.09987659454345703e1 7.94728578057402046e-7 1.36693313379510073e-6 5 5
-6.04166746139526367e-1 2.09987841638420072e1 2.09987659454345703e1 2.09987659454345703e1 2.47955313170677982e-6 7.94728578057402046e-7 5 5
-6.14583253860473633e-1 2.09987841639607922e1 2.09987659454345703e1 2.09987659454345703e1 2.82923383565503173e-6 1.58945715611480409e-6 5 5
-6.25000000000000000e-1 2.09987841640795843e1 2.09987659454345703e1 2.09987659454345703e1 1.27156579310394591e-6 7.94728578057402046e-7 5 5
-6.35416746139526367e-1 2.09987841641983728e1 2.09987659454345703e1 2.09987659454345703e1 5.81741323912865482e-6 2.09808354156848509e-6 5 5
-6.45833253860473633e-1 2.09987841643171542e1 2.09987659454345703e1 2.09987659454345703e1 2.79744472209131345e-6 1.93913774637621827e-6 5 5
-6.56250000000000000e-1 2.09987841644359392e1 2.09987659454345703e1 2.09987659454345703e1 1.46230058817309327e-6 7.94728578057402046e-7 5 5
-6.66666746139526367e-1 2.09987841645547206e1 2.09987659454345703e1 2.09987659454345703e1 3.43322744811302982e-6 7.94728578057402046e-7 5 5
-6.77083253860473633e-1 2.09987841646734950e1 2.09987659454345703e1 2.09987659454345703e1 1.41461691782751586e-6 7.94728578057402046e-7 5 5
-6.87500000000000000e-1 2.09987841647922728e1 2.09987659454345703e1 2.09987659454345703e1 4.25974531026440673e-6 1.14440922516223509e-6 4 4
-6.97916746139526367e-1 2.09987841649110436e1 2.09987659454345703e1 2.09987659454345703e1 1.05539957075961865e-5 9.75926741375587881e-6 3 3
-7.08333253860473633e-1 2.09987841650298144e1 2.09987659454345703e1 2.09987659454345703e1 2.70207715402648319e-6 1.39872236104565673e-6 2 2
-7.18750000000000000e-1 2.09987841651485816e1 2.09987659454345703e1 2.09987659454345703e1 3.21070342579332646e-6 2.28881845032447018e-6 2 2
-7.29166746139526367e-1 2.09987841652673453e1 2.09987659454345703e1 2.09987659454345703e1 2.03450531444104854e-6 1.65303549692907836e-6 1 1
-7.39583253860473633e-1 2.09987841653861089e1 2.09987659454345703e1 2.09987659454345703e1 1.20798745228967164e-6 7.94728578057402046e-7 1 1
-7.50000000000000000e-1 2.09987841655048655e1 2.09987659454345703e1 2.09987659454345703e1 1.93913774637621827e-6 7.94728578057402046e-7 1 1
-7.60416746139526367e-1 2.09987841656236256e1 2.09987659454345703e1 2.09987659454345703e1 9.21885145999112865e-7 9.53674316406250000e-7 1 1
-7.70833253860473633e-1 2.09987841657423786e1 2.09987659454345703e1 2.09987659454345703e1 2.47955313170677982e-6 2.06629442800476681e-6 1 1
-7.81250000000000000e-1 2.09987841658611316e1 2.09987659454345703e1 2.09987659454345703e1 3.24249276673072018e-6 7.94728578057402046e-7 1 1
-7.91666746139526367e-1 2.09987841659798811e1 2.09987659454345703e1 2.09987659454345703e1 1.33514402023138246e-6 1.87555951924878173e-6 1 1
-8.02083253860473633e-1 2.09987841660986270e1 2.09987659454345703e1 2.09987659454345703e1 1.17619833872595336e-6 7.94728578057402046e-7 1 1
-8.12500000000000000e-1 2.09987841662173729e1 2.09987659454345703e1 2.09987659454345703e1 3.08354697153845336e-6 1.11261999791167909e-6 1 1
-8.22916746139526367e-1 2.09987841663361152e1 2.09987659454345703e1 2.09987659454345703e1 1.05698904917517211e-6 7.94728578057402046e-7 1 1
-8.33333253860473633e-1 2.09987841664548540e1 2.09987659454345703e1 2.09987659454345703e1 1.12851455469353823e-6 7.94728578057402046e-7 1 1
-8.43750000000000000e-1 2.09987841665735928e1 2.09987659454345703e1 2.09987659454345703e1 4.29153442382812500e-6 1.74840295130707091e-6 1 1
-8.54166746139526367e-1 2.09987841666923281e1 2.09987659454345703e1 2.09987659454345703e1 2.67028804046276491e-6 1.27156579310394591e-6 1 1
-8.64583253860473633e-1 2.09987841668110597e1 2.09987659454345703e1 2.09987659454345703e1 1.46230058817309327e-6 7.94728578057402046e-7 1 1
-8.75000000000000000e-1 2.09987841669297879e1 2.09987659454345703e1 2.09987659454345703e1 3.05175785797473509e-6 1.55766804255108582e-6 1 1
-8.85416746139526367e-1 2.09987841670485160e1 2.09987659454345703e1 2.09987659454345703e1 1.70071916727465577e-6 1.87555951924878173e-6 1 1
-8.95833253860473633e-1 2.09987841671672406e1 2.09987659454345703e1 2.09987659454345703e1 4.19616708313697018e-6 7.94728578057402046e-7 1 1
-9.06250000000000000e-1 2.09987841672859652e1 2.09987659454345703e1 2.09987659454345703e1 1.43051147460937500e-6 1.68482461049279664e-6 1 1
-9.16666746139526367e-1 2.09987841674046827e1 2.09987659454345703e1 2.09987659454345703e1 3.05175785797473509e-6 1.84377029199822573e-6 1 1
-9.27083253860473633e-1 2.09987841675233966e1 2.09987659454345703e1 2.09987659454345703e1 2.70207715402648319e-6 7.94728578057402046e-7 1 1
-9.37500000000000000e-1 2.09987841676421141e1 2.09987659454345703e1 2.09987659454345703e1 3.08354697153845336e-6 7.94728578057402046e-7 1 1
-9.47916746139526367e-1 2.09987841677608245e1 2.09987659454345703e1 2.09987659454345703e1 1.09672544112981996e-6 7.94728578057402046e-7 1 1
-9.58333253860473633e-1 2.09987841678795384e1 2.09987659454345703e1 2.09987659454345703e1 1.84377029199822573e-6 7.94728578057402046e-7 1 1
-9.68750000000000000e-1 2.09987841679982381e1 2.09987659454345703e1 2.09987659454345703e1 3.68754058399645146e-6 1.52587892898736754e-6 1 1
-9.79166746139526367e-1 2.09987841681169414e1 2.09987659454345703e1 2.09987659454345703e1 5.27699785379809327e-6 7.94728578057402046e-7 1 1
-9.89583253860473633e-1 2.09987841682356517e1 2.09987659454345703e1 2.09987659454345703e1 3.97364283344359137e-6 1.43051147460937500e-6 1 1
-1.00000000000000000e0 2.09987841683543515e1 2.09987659454345703e1 2.09987659454345703e1 3.81469726562500000e-6 2.12987265513220336e-6 1 1
-9.89583373069763184e-1 2.09987841684730441e1 2.09987659454345703e1 2.09987659454345703e1 4.06901062888209708e-6 7.94728578057402046e-7 1 1
-9.79166626930236816e-1 2.09987841685917402e1 2.09987659454345703e1 2.09987659454345703e1 7.94728578057402046e-7 7.94728578057402046e-7 1 1
-9.68750000000000000e-1 2.09987841687104293e1 2.09987659454345703e1 2.09987659454345703e1 9.53674316406250000e-7 1.87555951924878173e-6 1 1
-9.58333373069763184e-1 2.09987841688291219e1 2.09987659454345703e1 2.09987659454345703e1 1.81198117843450746e-6 1.04904177078424254e-6 1 1
-9.47916626930236816e-1 2.09987841689478074e1 2.09987659454345703e1 2.09987659454345703e1 1.16030378194409423e-6 1.27156579310394591e-6 1 1
-9.37500000000000000e-1 2.09987841690664929e1 2.09987659454345703e1 2.09987659454345703e1 4.64121512777637690e-6 2.09808354156848509e-6 1 1
-9.27083373069763184e-1 2.09987841691851678e1 2.09987659454345703e1 2.09987659454345703e1 1.33514402023138246e-6 7.94728578057402046e-7 1 1
-9.16666626930236816e-1 2.09987841693038533e1 2.09987659454345703e1 2.09987659454345703e1 3.11533608510217164e-6 1.90734863281250000e-6 1 1
-9.06250000000000000e-1 2.09987841694225317e1 2.09987659454345703e1 2.09987659454345703e1 1.55766804255108582e-6 1.81198117843450746e-6 1 1
-8.95833373069763184e-1 2.09987841695412030e1 2.09987659454345703e1 2.09987659454345703e1 3.49680590261414181e-6 9.21885145999112865e-7 1 1
-8.85416626930236816e-1 2.09987841696598778e1 2.09987659454345703e1 2.09987659454345703e1 1.58945715611480409e-6 7.94728578057402046e-7 1 1
-8.75000000000000000e-1 2.09987841697785456e1 2.09987659454345703e1 2.09987659454345703e1 1.08083088434796082e-6 1.81198117843450746e-6 1 1
-8.64583373069763184e-1 2.09987841698972133e1 2.09987659454345703e1 2.09987659454345703e1 1.30335490666766418e-6 7.94728578057402046e-7 1 1
-8.54166626930236816e-1 2.09987841700158775e1 2.09987659454345703e1 2.09987659454345703e1 2.82923383565503173e-6 7.94728578057402046e-7 1 1
-8.43750000000000000e-1 2.09987841701345346e1 2.09987659454345703e1 2.09987659454345703e1 2.03450531444104854e-6 7.94728578057402046e-7 1 1
-8.33333373069763184e-1 2.09987841702531988e1 2.09987659454345703e1 2.09987659454345703e1 4.22795619670068845e-6 1.58945715611480409e-6 1 1
-8.22916626930236816e-1 2.09987841703718523e1 2.09987659454345703e1 2.09987659454345703e1 1.01725265722052427e-6 1.49408981542364927e-6 1 1
-8.12500000000000000e-1 2.09987841704905094e1 2.09987659454345703e1 2.09987659454345703e1 1.11261999791167909e-6 1.84377029199822573e-6 1 1
-8.02083373069763184e-1 2.09987841706091594e1 2.09987659454345703e1 2.09987659454345703e1 2.28881845032447018e-6 1.74840295130707091e-6 1 1
-7.91666626930236816e-1 2.09987841707278093e1 2.09987659454345703e1 2.09987659454345703e1 4.19616708313697018e-6 1.23977656585338991e-6 1 1
-7.81250000000000000e-1 2.09987841708464593e1 2.09987659454345703e1 2.09987659454345703e1 1.36693313379510073e-6 7.94728578057402046e-7 1 1
-7.70833373069763184e-1 2.09987841709650986e1 2.09987659454345703e1 2.09987659454345703e1 2.71797171080834232e-6 7.94728578057402046e-7 1 1
-7.60416626930236816e-1 2.09987841710837415e1 2.09987659454345703e1 2.09987659454345703e1 4.35511265095556155e-6 2.00271597350365482e-6 1 1
-7.50000000000000000e-1 2.09987841712023808e1 2.09987659454345703e1 2.09987659454345703e1 2.06629442800476681e-6 7.94728578057402046e-7 1 1
-7.39583373069763184e-1 2.09987841713210166e1 2.09987659454345703e1 2.09987659454345703e1 9.53674316406250000e-7 1.46230058817309327e-6 1 1
-7.29166626930236816e-1 2.09987841714396524e1 2.09987659454345703e1 2.09987659454345703e1 1.71661372405651491e-6 1.46230058817309327e-6 1 1
-7.18750000000000000e-1 2.09987841715582846e1 2.09987659454345703e1 2.09987659454345703e1 1.58945715611480409e-6 8.58306862028257456e-7 1 1
-7.08333373069763184e-1 2.09987841716769132e1 2.09987659454345703e1 2.09987659454345703e1 1.11261999791167909e-6 1.27156579310394591e-6 1 1
-6.97916626930236816e-1 2.09987841717955384e1 2.09987659454345703e1 2.09987659454345703e1 1.20798745228967164e-6 1.68482461049279664e-6 1 1
-6.87500000000000000e-1 2.09987841719141635e1 2.09987659454345703e1 2.09987659454345703e1 1.30335490666766418e-6 1.90734863281250000e-6 1 1
-6.77083373069763184e-1 2.09987841720327850e1 2.09987659454345703e1 2.09987659454345703e1 1.17619833872595336e-6 1.43051147460937500e-6 1 1
-6.66666626930236816e-1 2.09987841721514030e1 2.09987659454345703e1 2.09987659454345703e1 1.62124638336536009e-6 7.94728578057402046e-7 1 1
-6.56250000000000000e-1 2.09987841722700210e1 2.09987659454345703e1 2.09987659454345703e1 7.21613560017431155e-6 2.12987265513220336e-6 1 1
-6.45833373069763184e-1 2.09987841723886319e1 2.09987659454345703e1 2.09987659454345703e1 9.21885145999112865e-7 1.68482461049279664e-6 1 1
-6.35416626930236816e-1 2.09987841725072464e1 2.09987659454345703e1 2.09987659454345703e1 3.30607099385815673e-6 7.94728578057402046e-7 1 1
-6.25000000000000000e-1 2.09987841726258573e1 2.09987659454345703e1 2.09987659454345703e1 3.21070342579332646e-6 2.06629442800476681e-6 1 1
-6.14583373069763184e-1 2.09987841727444611e1 2.09987659454345703e1 2.09987659454345703e1 8.26517748464539181e-7 8.26517748464539181e-7 1 1
-6.04166626930236816e-1 2.09987841728630649e1 2.09987659454345703e1 2.09987659454345703e1 2.67028804046276491e-6 7.94728578057402046e-7 1 1
-5.93750000000000000e-1 2.09987841729816687e1 2.09987659454345703e1 2.09987659454345703e1 1.33514402023138246e-6 1.20798745228967164e-6 1 1
-5.83333373069763184e-1 2.09987841731002689e1 2.09987659454345703e1 2.09987659454345703e1 2.54313158620789181e-6 7.94728578057402046e-7 1 1
-5.72916626930236816e-1 2.09987841732188620e1 2.09987659454345703e1 2.09987659454345703e1 1.93913774637621827e-6 1.43051147460937500e-6 1 1
-5.62500000000000000e-1 2.09987841733374552e1 2.09987659454345703e1 2.09987659454345703e1 2.06629442800476681e-6 7.94728578057402046e-7 1 1
-5.52083373069763184e-1 2.09987841734560519e1 2.09987659454345703e1 2.09987659454345703e1 1.49408981542364927e-6 2.35239667745190673e-6 1 1
-5.41666626930236816e-1 2.09987841735746379e1 2.09987659454345703e1 2.09987659454345703e1 8.58306862028257456e-7 9.85463429969968274e-7 1 1
-5.31250000000000000e-1 2.09987841736932239e1 2.09987659454345703e1 2.09987659454345703e1 2.41597490457934327e-6 7.94728578057402046e-7 1 1
-5.20833373069763184e-1 2.09987841738118099e1 2.09987659454345703e1 2.09987659454345703e1 2.12987265513220336e-6 7.94728578057402046e-7 12 12
-5.10416626930236816e-1 2.09987841739303853e1 2.09987659454345703e1 2.09987659454345703e1 7.94728578057402046e-7 7.94728578057402046e-7 10 10
-5.00000000000000000e-1 2.09987841740489678e1 2.09987659454345703e1 2.09987659454345703e1 7.94728578057402046e-7 7.94728578057402046e-7 6 6
-4.89583253860473633e-1 2.09987841741675432e1 2.09987659454345703e1 2.09987659454345703e1 7.94728578057402046e-7 7.94728578057402046e-7 9 9
-4.79166746139526367e-1 2.09987841742861221e1 2.09987659454345703e1 2.09987659454345703e1 7.94728578057402046e-7 7.94728578057402046e-7 4 4
-4.68750000000000000e-1 2.09987841744046904e1 2.09987659454345703e1 2.09987659454345703e1 7.94728578057402046e-7 7.94728578057402046e-7 2 2
-4.58333253860473633e-1 2.09987841745232586e1 2.09987659454345703e1 2.09987659454345703e1 7.94728578057402046e-7 7.94728578057402046e-7 2 2
-4.47916746139526367e-1 2.09987841746418269e1 2.09987659454345703e1 2.09987659454345703e1 7.94728578057402046e-7 7.94728578057402046e-7 2 2
-4.37500000000000000e-1 2.09987841747603881e1 2.09987659454345703e1 2.09987659454345703e1 8.98043310826324159e-7 7.94728578057402046e-7 2 2
-4.27083253860473633e-1 2.09987841748789492e1 2.09987659454345703e1 2.09987659454345703e1 7.94728578057402046e-7 7.94728578057402046e-7 2 2
-4.16666746139526367e-1 2.09987841749975104e1 2.09987659454345703e1 2.09987659454345703e1 7.94728578057402046e-7 7.94728578057402046e-7 1 1
-4.06250000000000000e-1 2.09987841751160680e1 2.09987659454345703e1 2.09987659454345703e1 7.94728578057402046e-7 7.94728578057402046e-7 1 1
-3.95833253860473633e-1 2.09987841752346185e1 2.09987659454345703e1 2.09987659454345703e1 1.51793165059643798e-6 7.94728578057402046e-7 2 2
-3.85416746139526367e-1 2.09987841753531654e1 2.09987659454345703e1 2.09987659454345703e1 7.94728578057402046e-7 7.94728578057402046e-7 2 2
-3.75000000000000000e-1 2.09987841754717195e1 2.09987659454345703e1 2.09987659454345703e1 7.94728578057402046e-7 7.94728578057402046e-7 2 2
-3.64583253860473633e-1 2.09987841755902664e1 2.09987659454345703e1 2.09987659454345703e1 7.94728578057402046e-7 7.94728578057402046e-7 2 2
-3.54166746139526367e-1 2.09987841757088098e1 2.09987659454345703e1 2.09987659454345703e1 7.94728578057402046e-7 7.94728578057402046e-7 2 2
-3.43750000000000000e-1 2.09987841758273497e1 2.09987659454345703e1 2.09987659454345703e1 8.18570470073609613e-7 7.94728578057402046e-7 2 2
-3.33333253860473633e-1 2.09987841759458895e1 2.09987659454345703e1 2.09987659454345703e1 7.94728578057402046e-7 7.94728578057402046e-7 2 2
-3.22916746139526367e-1 2.09987841760644294e1 2.09987659454345703e1 2.09987659454345703e1 7.94728578057402046e-7 7.94728578057402046e-7 2 2
-3.12500000000000000e-1 2.09987841761829621e1 2.09987659454345703e1 2.09987659454345703e1 8.42412305246398319e-7 7.94728578057402046e-7 2 2
-3.02083253860473633e-1 2.09987841763014913e1 2.09987659454345703e1 2.09987659454345703e1 7.94728578057402046e-7 7.94728578057402046e-7 2 2
-2.91666746139526367e-1 2.09987841764200205e1 2.09987659454345703e1 2.09987659454345703e1 7.94728578057402046e-7 7.94728578057402046e-7 2 2
-2.81250000000000000e-1 2.09987841765385461e1 2.09987659454345703e1 2.09987659454345703e1 7.94728578057402046e-7 7.94728578057402046e-7 2 2
-2.70833253860473633e-1 2.09987841766570682e1 2.09987659454345703e1 2.09987659454345703e1 7.94728578057402046e-7 7.94728578057402046e-7 2 2
-2.60416746139526367e-1 2.09987841767755938e1 2.09987659454345703e1 2.09987659454345703e1 7.94728578057402046e-7 7.94728578057402046e-7 3 3
-2.50000000000000000e-1 2.09987841768941088e1 2.09987659454345703e1 2.09987659454345703e1 7.94728578057402046e-7 7.94728578057402046e-7 3 3
-2.39583253860473633e-1 2.09987841770126238e1 2.09987659454345703e1 2.09987659454345703e1 7.94728578057402046e-7 7.94728578057402046e-7 3 3
-2.29166746139526367e-1 2.09987841771311423e1 2.09987659454345703e1 2.09987659454345703e1 7.94728578057402046e-7 7.94728578057402046e-7 3 3
-2.18750000000000000e-1 2.09987841772496502e1 2.09987659454345703e1 2.09987659454345703e1 7.94728578057402046e-7 7.94728578057402046e-7 3 3
-2.08333253860473633e-1 2.09987841773681616e1 2.09987659454345703e1 2.09987659454345703e1 7.94728578057402046e-7 7.94728578057402046e-7 3 3
-1.97916746139526367e-1 2.09987841774866624e1 2.09987659454345703e1 2.09987659454345703e1 7.94728578057402046e-7 7.94728578057402046e-7 3 3
-1.87500000000000000e-1 2.09987841776051702e1 2.09987659454345703e1 2.09987659454345703e1 7.94728578057402046e-7 7.94728578057402046e-7 3 3
-1.77083253860473633e-1 2.09987841777236710e1 2.09987659454345703e1 2.09987659454345703e1 7.94728578057402046e-7 7.94728578057402046e-7 3 3
-1.66666746139526367e-1 2.09987841778421682e1 2.09987659454345703e1 2.09987659454345703e1 7.94728578057402046e-7 7.94728578057402046e-7 3 3
-1.56250000000000000e-1 2.09987841779606654e1 2.09987659454345703e1 2.09987659454345703e1 7.94728578057402046e-7 7.94728578057402046e-7 5 5
-1.45833253860473633e-1 2.09987841780791626e1 2.09987659454345703e1 2.09987659454345703e1 7.94728578057402046e-7 7.94728578057402046e-7 4 4
-1.35416746139526367e-1 2.09987841781976492e1 2.09987659454345703e1 2.09987659454345703e1 7.94728578057402046e-7 7.94728578057402046e-7 3 3
-1.25000000000000000e-1 2.09987841783161358e1 2.09987659454345703e1 2.09987659454345703e1 7.94728578057402046e-7 7.94728578057402046e-7 3 3
-1.14583253860473633e-1 2.09987841784346259e1 2.09987659454345703e1 2.09987659454345703e1 7.94728578057402046e-7 7.94728578057402046e-7 3 3
-1.04166746139526367e-1 2.09987841785531089e1 2.09987659454345703e1 2.09987659454345703e1 7.94728578057402046e-7 7.94728578057402046e-7 3 3
-9.37500000000000000e-2 2.09987841786715919e1 2.09987659454345703e1 2.09987659454345703e1 7.94728578057402046e-7 7.94728578057402046e-7 3 3
-8.33332538604736328e-2 2.09987841787900713e1 2.09987659454345703e1 2.09987659454345703e1 7.94728578057402046e-7 7.94728578057402046e-7 2 2
-7.29167461395263672e-2 2.09987841789085437e1 2.09987659454345703e1 2.09987659454345703e1 7.94728578057402046e-7 7.94728578057402046e-7 2 2
-6.25000000000000000e-2 2.09987841790270195e1 2.09987659454345703e1 2.09987659454345703e1 7.94728578057402046e-7 7.94728578057402046e-7 2 2
-5.20832538604736328e-2 2.09987841791454883e1 2.09987659454345703e1 2.09987659454345703e1 7.94728578057402046e-7 7.94728578057402046e-7 2 2
-4.16667461395263672e-2 2.09987841792639571e1 2.09987659454345703e1 2.09987659454345703e1 7.94728578057402046e-7 7.94728578057402046e-7 2 2
-3.12500000000000000e-2 2.09987841793824188e1 2.09987659454345703e1 2.09987659454345703e1 7.94728578057402046e-7 7.94728578057402046e-7 2 2
-2.08332538604736328e-2 2.09987841795008876e1 2.09987659454345703e1 2.09987659454345703e1 7.94728578057402046e-7 7.94728578057402046e-7 2 2
-1.04167461395263672e-2 2.09987841796193457e1 2.09987659454345703e1 2.09987659454345703e1 7.94728578057402046e-7 7.94728578057402046e-7 2 2
0.00000000000000000e0 2.09987841797378074e1 2.09987659454345703e1 2.09987659454345703e1 1.46230058817309327e-6 7.94728578057402046e-7 2 2
1.04166269302368164e-2 2.09987841798562656e1 2.09987659454345703e1 2.09987659454345703e1 1.07288360595703125e-6 7.94728578057402046e-7 2 2
2.08333730697631836e-2 2.09987841799747130e1 2.09987659454345703e1 2.09987659454345703e1 9.05990589217253728e-7 7.94728578057402046e-7 2 2
3.12500000000000000e-2 2.09987841800931641e1 2.09987659454345703e1 2.09987659454345703e1 7.94728578057402046e-7 7.94728578057402046e-7 2 2
4.16666269302368164e-2 2.09987841802116151e1 2.09987659454345703e1 2.09987659454345703e1 7.94728578057402046e-7 7.94728578057402046e-7 2 2
5.20833730697631836e-2 2.09987841803300626e1 2.09987659454345703e1 2.09987659454345703e1 1.28746034988580504e-6 7.94728578057402046e-7 2 2
6.25000000000000000e-2 2.09987841804485065e1 2.09987659454345703e1 2.09987659454345703e1 7.94728578057402046e-7 7.94728578057402046e-7 2 2
7.29166269302368164e-2 2.09987841805669468e1 2.09987659454345703e1 2.09987659454345703e1 7.94728578057402046e-7 7.94728578057402046e-7 2 2
8.33333730697631836e-2 2.09987841806853837e1 2.09987659454345703e1 2.09987659454345703e1 7.94728578057402046e-7 7.94728578057402046e-7 2 2
9.37500000000000000e-2 2.09987841808038205e1 2.09987659454345703e1 2.09987659454345703e1 1.01725265722052427e-6 7.94728578057402046e-7 2 2
1.04166626930236816e-1 2.09987841809222537e1 2.09987659454345703e1 2.09987659454345703e1 7.94728578057402046e-7 9.37779759624390863e-7 2 2
1.14583373069763184e-1 2.09987841810406870e1 2.09987659454345703e1 2.09987659454345703e1 7.94728578057402046e-7 7.94728578057402046e-7 2 2
1.25000000000000000e-1 2.09987841811591132e1 2.09987659454345703e1 2.09987659454345703e1 7.94728578057402046e-7 7.94728578057402046e-7 2 2
1.35416626930236816e-1 2.09987841812775393e1 2.09987659454345703e1 2.09987659454345703e1 7.94728578057402046e-7 7.94728578057402046e-7 2 2
1.45833373069763184e-1 2.09987841813959619e1 2.09987659454345703e1 2.09987659454345703e1 8.26517748464539181e-7 7.94728578057402046e-7 2 2
1.56250000000000000e-1 2.09987841815143845e1 2.09987659454345703e1 2.09987659454345703e1 1.38282780426379759e-6 7.94728578057402046e-7 2 2
1.66666626930236816e-1 2.09987841816328000e1 2.09987659454345703e1 2.09987659454345703e1 2.47955313170677982e-6 7.94728578057402046e-7 2 2
1.77083373069763184e-1 2.09987841817512191e1 2.09987659454345703e1 2.09987659454345703e1 7.94728578057402046e-7 7.94728578057402046e-7 2 2
1.87500000000000000e-1 2.09987841818696310e1 2.09987659454345703e1 2.09987659454345703e1 1.66893005371093750e-6 7.94728578057402046e-7 2 2
1.97916626930236816e-1 2.09987841819880430e1 2.09987659454345703e1 2.09987659454345703e1 1.70071916727465577e-6 7.94728578057402046e-7 2 2
2.08333373069763184e-1 2.09987841821064478e1 2.09987659454345703e1 2.09987659454345703e1 1.54177348576922668e-6 7.94728578057402046e-7 2 2
2.18750000000000000e-1 2.09987841822248598e1 2.09987659454345703e1 2.09987659454345703e1 7.94728578057402046e-7 1.01725265722052427e-6 2 2
2.29166626930236816e-1 2.09987841823432611e1 2.09987659454345703e1 2.09987659454345703e1 1.38282780426379759e-6 8.90096032435394591e-7 2 2
2.39583373069763184e-1 2.09987841824616623e1 2.09987659454345703e1 2.09987659454345703e1 1.87555951924878173e-6 7.94728578057402046e-7 2 2
2.50000000000000000e-1 2.09987841825800565e1 2.09987659454345703e1 2.09987659454345703e1 8.06176103651523590e-7 7.97444954514503479e-7 2 2
2.60416626930236816e-1 2.09987841826984578e1 2.09987659454345703e1 2.09987659454345703e1 9.53674316406250000e-7 8.96397978067398071e-7 2 2
2.70833373069763184e-1 2.09987841828168520e1 2.09987659454345703e1 2.09987659454345703e1 9.86619852483272552e-7 9.86619852483272552e-7 2 2
2.81250000000000000e-1 2.09987841829352391e1 2.09987659454345703e1 2.09987659454345703e1 1.08266249299049377e-6 1.08266249299049377e-6 2 2
2.91666626930236816e-1 2.09987841830536262e1 2.09987659454345703e1 2.09987659454345703e1 1.20489858090877533e-6 1.25437509268522263e-6 2 2
3.02083373069763184e-1 2.09987841831720168e1 2.09987659454345703e1 2.09987659454345703e1 2.17755632547778077e-6 1.36205926537513733e-6 2 2
3.12500000000000000e-1 2.09987841832903968e1 2.09987659454345703e1 2.09987659454345703e1 8.90096032435394591e-7 8.26517748464539181e-7 3 3
3.22916626930236816e-1 2.09987841834087767e1 2.09987659454345703e1 2.09987659454345703e1 1.23977656585338991e-6 1.14440922516223509e-6 3 3
3.33333373069763184e-1 2.09987841835271567e1 2.09987659454345703e1 2.09987659454345703e1 1.52587892898736754e-6 1.68482461049279664e-6 3 3
3.43750000000000000e-1 2.09987841836455331e1 2.09987659454345703e1 2.09987659454345703e1 2.44776401814306155e-6 2.38418579101562500e-6 3 3
3.54166626930236816e-1 2.09987841837639060e1 2.09987659454345703e1 2.09987659454345703e1 3.62396235686901491e-6 3.40143833454931155e-6 3 3
3.64583373069763184e-1 2.09987841838822789e1 2.09987659454345703e1 2.09987659454345703e1 5.02268494528834708e-6 4.95910626341355965e-6 3 3
3.75000000000000000e-1 2.09987841840006482e1 2.09987659454345703e1 2.09987659454345703e1 1.44354999065399170e-6 2.16166176869592164e-6 5 5
3.85416626930236816e-1 2.09987841841190104e1 2.09987659454345703e1 2.09987659454345703e1 1.74840295130707091e-6 1.49408981542364927e-6 5 5
3.95833373069763184e-1 2.09987841842373797e1 2.09987659454345703e1 2.09987659454345703e1 1.04904177078424254e-6 1.36693313379510073e-6 5 5
4.06250000000000000e-1 2.09987841843557348e1 2.09987659454345703e1 2.09987659454345703e1 1.46230058817309327e-6 1.27156579310394591e-6 5 5
4.16666626930236816e-1 2.09987841844740935e1 2.09987659454345703e1 2.09987659454345703e1 7.94728578057402046e-7 1.17619833872595336e-6 4 4
4.27083373069763184e-1 2.09987841845924521e1 2.09987659454345703e1 2.09987659454345703e1 7.94728578057402046e-7 1.11261999791167909e-6 4 4
4.37500000000000000e-1 2.09987841847108001e1 2.09987659454345703e1 2.09987659454345703e1 7.94728578057402046e-7 7.94728578057402046e-7 4 4
4.47916626930236816e-1 2.09987841848291552e1 2.09987659454345703e1 2.09987659454345703e1 2.44776401814306155e-6 9.85463429969968274e-7 4 4
4.58333373069763184e-1 2.09987841849475032e1 2.09987659454345703e1 2.09987659454345703e1 7.94728578057402046e-7 1.17619833872595336e-6 4 4
4.68750000000000000e-1 2.09987841850658512e1 2.09987659454345703e1 2.09987659454345703e1 2.32060756388818845e-6 1.08083088434796082e-6 4 4
4.79166626930236816e-1 2.09987841851841956e1 2.09987659454345703e1 2.09987659454345703e1 1.52587892898736754e-6 7.94728578057402046e-7 4 4
4.89583373069763184e-1 2.09987841853025330e1 2.09987659454345703e1 2.09987659454345703e1 7.94728578057402046e-7 7.94728578057402046e-7 4 4
5.00000000000000000e-1 2.09987841854208703e1 2.09987659454345703e1 2.09987659454345703e1 2.09808354156848509e-6 1.58945715611480409e-6 4 4
5.10416626930236816e-1 2.09987841855392077e1 2.09987659454345703e1 2.09987659454345703e1 7.94728578057402046e-7 1.55766804255108582e-6 4 4
5.20833373069763184e-1 2.09987841856575379e1 2.09987659454345703e1 2.09987659454345703e1 1.90734863281250000e-6 1.87555951924878173e-6 4 4
5.31250000000000000e-1 2.09987841857758717e1 2.09987659454345703e1 2.09987659454345703e1 7.94728578057402046e-7 9.85463429969968274e-7 4 4
5.41666626930236816e-1 2.09987841858941948e1 2.09987659454345703e1 2.09987659454345703e1 3.08354697153845336e-6 7.94728578057402046e-7 4 4
5.52083373069763184e-1 2.09987841860125251e1 2.09987659454345703e1 2.09987659454345703e1 1.84377029199822573e-6 1.08083088434796082e-6 4 4
5.62500000000000000e-1 2.09987841861308482e1 2.09987659454345703e1 2.09987659454345703e1 2.92460117634618655e-6 1.12340785562992096e-6 4 4
5.72916626930236816e-1 2.09987841862491642e1 2.09987659454345703e1 2.09987659454345703e1 2.22523999582335819e-6 1.32131390273571014e-6 4 4
5.83333373069763184e-1 2.09987841863674873e1 2.09987659454345703e1 2.09987659454345703e1 1.58945715611480409e-6 1.58945715611480409e-6 4 4
5.93750000000000000e-1 2.09987841864858069e1 2.09987659454345703e1 2.09987659454345703e1 2.54313158620789181e-6 2.47955313170677982e-6 4 4
6.04166626930236816e-1 2.09987841866041194e1 2.09987659454345703e1 2.09987659454345703e1 4.57763690064894035e-6 4.57763690064894035e-6 4 4
6.14583373069763184e-1 2.09987841867224247e1 2.09987659454345703e1 2.09987659454345703e1 1.20798745228967164e-6 7.94728578057402046e-7 5 5
6.25000000000000000e-1 2.09987841868407337e1 2.09987659454345703e1 2.09987659454345703e1 4.73658246846753173e-6 2.00271597350365482e-6 5 5
6.35416626930236816e-1 2.09987841869590390e1 2.09987659454345703e1 2.09987659454345703e1 1.62124638336536009e-6 1.84377029199822573e-6 5 5
6.45833373069763184e-1 2.09987841870773444e1 2.09987659454345703e1 2.09987659454345703e1 1.14440922516223509e-6 1.14440922516223509e-6 5 5
6.56250000000000000e-1 2.09987841871956462e1 2.09987659454345703e1 2.09987659454345703e1 9.69568873188109137e-7 8.58306862028257456e-7 5 5
6.66666626930236816e-1 2.09987841873139445e1 2.09987659454345703e1 2.09987659454345703e1 2.25702910938707646e-6 9.53674316406250000e-7 5 5
6.77083373069763184e-1 2.09987841874322356e1 2.09987659454345703e1 2.09987659454345703e1 6.19888305664062500e-6 7.94728578057402046e-7 5 5
6.87500000000000000e-1 2.09987841875505303e1 2.09987659454345703e1 2.09987659454345703e1 5.14984139954322018e-6 7.94728578057402046e-7 5 5
6.97916626930236816e-1 2.09987841876688215e1 2.09987659454345703e1 2.09987659454345703e1 3.75111903849756345e-6 1.55766804255108582e-6 5 5
7.08333373069763184e-1 2.09987841877871091e1 2.09987659454345703e1 2.09987659454345703e1 2.06629442800476681e-6 7.94728578057402046e-7 5 5
7.18750000000000000e-1 2.09987841879053896e1 2.09987659454345703e1 2.09987659454345703e1 1.23977656585338991e-6 7.94728578057402046e-7 5 5
7.29166626930236816e-1 2.09987841880236807e1 2.09987659454345703e1 2.09987659454345703e1 1.00117176771163940e-6 1.27156579310394591e-6 5 5
7.39583373069763184e-1 2.09987841881419612e1 2.09987659454345703e1 2.09987659454345703e1 8.66254197262605885e-7 1.04904177078424254e-6 5 5
7.50000000000000000e-1 2.09987841882602382e1 2.09987659454345703e1 2.09987659454345703e1 3.05175785797473509e-6 1.78019206487078918e-6 5 5
7.60416626930236816e-1 2.09987841883785116e1 2.09987659454345703e1 2.09987659454345703e1 4.32332353739184327e-6 1.33514402023138246e-6 4 4
7.70833373069763184e-1 2.09987841884967885e1 2.09987659454345703e1 2.09987659454345703e1 2.67028804046276491e-6 7.94728578057402046e-7 2 2
7.81250000000000000e-1 2.09987841886150548e1 2.09987659454345703e1 2.09987659454345703e1 1.14440922516223509e-6 1.43051147460937500e-6 2 2
7.91666626930236816e-1 2.09987841887333211e1 2.09987659454345703e1 2.09987659454345703e1 2.67028804046276491e-6 1.01725265722052427e-6 1 1
8.02083373069763184e-1 2.09987841888515909e1 2.09987659454345703e1 2.09987659454345703e1 1.54177348576922668e-6 7.94728578057402046e-7 1 1
8.12500000000000000e-1 2.09987841889698572e1 2.09987659454345703e1 2.09987659454345703e1 3.08354697153845336e-6 7.94728578057402046e-7 1 1
8.22916626930236816e-1 2.09987841890881199e1 2.09987659454345703e1 2.09987659454345703e1 1.36693313379510073e-6 1.97092685993993655e-6 1 1
8.33333373069763184e-1 2.09987841892063720e1 2.09987659454345703e1 2.09987659454345703e1 2.76565560852759518e-6 1.74840295130707091e-6 1 1
8.43750000000000000e-1 2.09987841893246312e1 2.09987659454345703e1 2.09987659454345703e1 2.79744472209131345e-6 7.94728578057402046e-7 1 1
8.54166626930236816e-1 2.09987841894428797e1 2.09987659454345703e1 2.09987659454345703e1 3.68754058399645146e-6 1.20798745228967164e-6 1 1
8.64583373069763184e-1 2.09987841895611353e1 2.09987659454345703e1 2.09987659454345703e1 4.70479335490381345e-6 2.03450531444104854e-6 1 1
8.75000000000000000e-1 2.09987841896791316e1 2.09987659454345703e1 2.09987659454345703e1 1.84377029199822573e-6 1.14440922516223509e-6 1 1
8.85416626930236816e-1 2.09987815723360605e1 2.09987659454345703e1 2.09987659454345703e1 9.69568873188109137e-7 2.06629442800476681e-6 1 1
8.95833373069763184e-1 -2.09818070832068493e1 -2.09818229675292969e1 -2.09818191528320312e1 1.42256419621844543e-6 1.78019206487078918e-6 3 3
9.06250000000000000e-1 -2.09995314103651793e1 -2.09995307922363281e1 -2.09995307922363281e1 1.12851455469353823e-6 1.58945724137993238e-7 2 2
9.16666626930236816e-1 -2.09988224089149611e1 -2.09988231658935547e1 -2.09988231658935547e1 3.21070342579332646e-6 1.01725265722052427e-6 2 2
9.27083373069763184e-1 -2.09987795652056057e1 -2.09987812042236328e1 -2.09987812042236328e1 1.84377029199822573e-6 1.52587892898736754e-6 2 2
9.37500000000000000e-1 -2.09987839055391490e1 -2.09987812042236328e1 -2.09987812042236328e1 1.39872236104565673e-6 1.36693313379510073e-6 1 1
9.47916626930236816e-1 -2.09987841947787643e1 -2.09987812042236328e1 -2.09987812042236328e1 9.21885145999112865e-7 2.22524008108848648e-7 1 1
9.58333373069763184e-1 -2.09987841797810120e1 -2.09987812042236328e1 -2.09987812042236328e1 1.81198117843450746e-6 1.90734863281250000e-6 1 1
9.68750000000000000e-1 -2.09987841782356064e1 -2.09987812042236328e1 -2.09987812042236328e1 1.55766804255108582e-6 2.09808354156848509e-6 1 1
9.79166626930236816e-1 -2.09987841783943487e1 -2.09987812042236328e1 -2.09987812042236328e1 3.05175785797473509e-6 1.55766804255108582e-6 1 1
9.89583373069763184e-1 -2.09987841785215181e1 -2.09987812042236328e1 -2.09987812042236328e1 1.04109449239331298e-6 6.35782896551972954e-7 1 1
1.00000000000000000e0 -2.09987841786399692e1 -2.09987812042236328e1 -2.09987812042236328e1 4.38690176451927982e-6 5.72204612581117544e-7 1 1
9.89583253860473633e-1 -2.09987841787584095e1 -2.09987812042236328e1 -2.09987812042236328e1 5.34057608092552982e-6 4.76837158203125000e-7 1 1
9.79166746139526367e-1 -2.09987841788768854e1 -2.09987812042236328e1 -2.09987812042236328e1 4.89552803628612310e-6 2.09808354156848509e-6 1 1
9.68750000000000000e-1 -2.09987841789953578e1 -2.09987812042236328e1 -2.09987812042236328e1 7.86781299666472478e-7 2.06629442800476681e-6 1 1
9.58333253860473633e-1 -2.09987841791138266e1 -2.09987812042236328e1 -2.09987812042236328e1 3.43322744811302982e-6 6.03993726144835819e-7 1 1
9.47916746139526367e-1 -2.09987841792322989e1 -2.09987812042236328e1 -2.09987812042236328e1 4.73658246846753173e-6 1.39872236104565673e-6 1 1
9.37500000000000000e-1 -2.09987841793507677e1 -2.09987812042236328e1 -2.09987812042236328e1 5.40415442173980409e-7 1.97092685993993655e-6 1 1
9.27083253860473633e-1 -2.09987841794692258e1 -2.09987812042236328e1 -2.09987812042236328e1 8.66254197262605885e-7 4.13258874232269591e-7 1 1
9.16666746139526367e-1 -2.09987841795876875e1 -2.09987812042236328e1 -2.09987812042236328e1 1.74840295130707091e-6 1.58945724137993238e-7 1 1
9.06250000000000000e-1 -2.09987841797061492e1 -2.09987812042236328e1 -2.09987812042236328e1 1.23977656585338991e-6 5.72204612581117544e-7 1 1
8.95833253860473633e-1 -2.09987841798246073e1 -2.09987812042236328e1 -2.09987812042236328e1 1.81198117843450746e-6 1.52587892898736754e-6 1 1
8.85416746139526367e-1 -2.09987841799430655e1 -2.09987812042236328e1 -2.09987812042236328e1 2.79744472209131345e-6 4.13258874232269591e-7 1 1
8.75000000000000000e-1 -2.09987841800615129e1 -2.09987812042236328e1 -2.09987812042236328e1 1.14440922516223509e-6 1.23977656585338991e-6 1 1
8.64583253860473633e-1 -2.09987841801799604e1 -2.09987812042236328e1 -2.09987812042236328e1 6.67572010115691228e-7 1.90734863281250000e-6 1 1
8.54166746139526367e-1 -2.09987841802984079e1 -2.09987812042236328e1 -2.09987812042236328e1 1.16825106033502379e-6 8.26517748464539181e-7 1 1
8.43750000000000000e-1 -2.09987841804168553e1 -2.09987812042236328e1 -2.09987812042236328e1 2.47955313170677982e-6 1.81198117843450746e-6 1 1
8.33333253860473633e-1 -2.09987841805352957e1 -2.09987812042236328e1 -2.09987812042236328e1 3.81469732246841886e-7 1.46230058817309327e-6 1 1
8.22916746139526367e-1 -2.09987841806537325e1 -2.09987812042236328e1 -2.09987812042236328e1 3.68754058399645146e-6 6.03993726144835819e-7 1 1
8.12500000000000000e-1 -2.09987841807721729e1 -2.09987812042236328e1 -2.09987812042236328e1 2.22523999582335819e-6 1.49408981542364927e-6 1 1
8.02083253860473633e-1 -2.09987841808906062e1 -2.09987812042236328e1 -2.09987812042236328e1 1.20798745228967164e-6 5.40415442173980409e-7 1 1
7.91666746139526367e-1 -2.09987841810090359e1 -2.09987812042236328e1 -2.09987812042236328e1 1.74840295130707091e-6 1.36693313379510073e-6 1 1
7.81250000000000000e-1 -2.09987841811274656e1 -2.09987812042236328e1 -2.09987812042236328e1 1.52587892898736754e-6 1.78019206487078918e-6 1 1
7.70833253860473633e-1 -2.09987841812458917e1 -2.09987812042236328e1 -2.09987812042236328e1 2.67028804046276491e-6 3.17891448275986477e-7 1 1
7.60416746139526367e-1 -2.09987841813643108e1 -2.09987812042236328e1 -2.09987812042236328e1 1.62124638336536009e-6 8.26517748464539181e-7 1 1
7.50000000000000000e-1 -2.09987841814827370e1 -2.09987812042236328e1 -2.09987812042236328e1 2.12987265513220336e-6 3.81469732246841886e-7 1 1
7.39583253860473633e-1 -2.09987841816011596e1 -2.09987812042236328e1 -2.09987812042236328e1 4.86373892272240482e-6 7.31150294086546637e-7 1 1
7.29166746139526367e-1 -2.09987841817195715e1 -2.09987812042236328e1 -2.09987812042236328e1 1.00135798675182741e-6 8.58306862028257456e-7 1 1
7.18750000000000000e-1 -2.09987841818379870e1 -2.09987812042236328e1 -2.09987812042236328e1 2.57492069977161009e-6 7.15255737304687500e-7 1 1
7.08333253860473633e-1 -2.09987841819563990e1 -2.09987812042236328e1 -2.09987812042236328e1 2.57492069977161009e-6 1.39872236104565673e-6 1 1
6.97916746139526367e-1 -2.09987841820748109e1 -2.09987812042236328e1 -2.09987812042236328e1 1.68482461049279664e-6 1.93913774637621827e-6 1 1
6.87500000000000000e-1 -2.09987841821932157e1 -2.09987812042236328e1 -2.09987812042236328e1 1.14440922516223509e-6 5.08626328610262135e-7 1 1
6.77083253860473633e-1 -2.09987841823116206e1 -2.09987812042236328e1 -2.09987812042236328e1 8.10623191682680044e-7 4.76837158203125000e-7 1 1
6.66666746139526367e-1 -2.09987841824300254e1 -2.09987812042236328e1 -2.09987812042236328e1 2.47955313170677982e-6 1.14440922516223509e-6 1 1
6.56250000000000000e-1 -2.09987841825484232e1 -2.09987812042236328e1 -2.09987812042236328e1 1.81198117843450746e-6 1.65303549692907836e-6 1 1
6.45833253860473633e-1 -2.09987841826668173e1 -2.09987812042236328e1 -2.09987812042236328e1 2.03450531444104854e-6 1.97092685993993655e-6 11 11
6.35416746139526367e-1 -2.09987841827852115e1 -2.09987812042236328e1 -2.09987812042236328e1 1.04904177078424254e-6 2.38418579101562500e-7 11 11
6.25000000000000000e-1 -2.09987841829036022e1 -2.09987812042236328e1 -2.09987812042236328e1 7.07308458913757931e-7 4.92731714984984137e-7 4 4
6.14583253860473633e-1 -2.09987841830219928e1 -2.09987812042236328e1 -2.09987812042236328e1 1.35103857701324159e-6 6.35782896551972954e-7 2 2
6.04166746139526367e-1 -2.09987841831403763e1 -2.09987812042236328e1 -2.09987812042236328e1 8.10623191682680044e-7 2.54313164305131068e-7 3 3
5.93750000000000000e-1 -2.09987841832587634e1 -2.09987812042236328e1 -2.09987812042236328e1 2.06629437116134795e-7 4.45048016217697295e-7 2 2
5.83333253860473633e-1 -2.09987841833771398e1 -2.09987812042236328e1 -2.09987812042236328e1 5.56309998955839546e-7 6.51677453333832091e-7 2 2
5.72916746139526367e-1 -2.09987841834955233e1 -2.09987812042236328e1 -2.09987812042236328e1 2.06629437116134795e-7 5.08626328610262135e-7 3 2
5.62500000000000000e-1 -2.09987841836138998e1 -2.09987812042236328e1 -2.09987812042236328e1 8.90096032435394591e-7 8.26517748464539181e-7 2 2
5.52083253860473633e-1 -2.09987841837322726e1 -2.09987812042236328e1 -2.09987812042236328e1 4.45048016217697295e-7 3.33786005057845614e-7 2 2
5.41666746139526367e-1 -2.09987841838506419e1 -2.09987812042236328e1 -2.09987812042236328e1 1.09672544112981996e-6 1.58945724137993238e-7 2 2
5.31250000000000000e-1 -2.09987841839690148e1 -2.09987812042236328e1 -2.09987812042236328e1 6.35782896551972954e-7 5.24520885392121272e-7 2 2
5.20833253860473633e-1 -2.09987841840873841e1 -2.09987812042236328e1 -2.09987812042236328e1 1.46230058817309327e-6 3.73522453855912318e-7 2 2
5.10416746139526367e-1 -2.09987841842057428e1 -2.09987812042236328e1 -2.09987812042236328e1 8.26517748464539181e-7 2.54313164305131068e-7 2 2
5.00000000000000000e-1 -2.09987841843241014e1 -2.09987812042236328e1 -2.09987812042236328e1 1.90734866123420943e-7 5.32468163783050841e-7 2 2
4.89583253860473633e-1 -2.09987841844424672e1 -2.09987812042236328e1 -2.09987812042236328e1 4.21206152623199159e-7 1.98682144514350512e-7 2 2
4.79166746139526367e-1 -2.09987841845608223e1 -2.09987812042236328e1 -2.09987812042236328e1 6.11941004535765387e-7 2.06629437116134795e-7 2 2
4.68750000000000000e-1 -2.09987841846791738e1 -2.09987812042236328e1 -2.09987812042236328e1 2.62260442696060636e-7 1.58945724137993238e-7 2 2
4.58333253860473633e-1 -2.09987841847975254e1 -2.09987812042236328e1 -2.09987812042236328e1 4.68889879812195431e-7 3.73522453855912318e-7 2 2
4.47916746139526367e-1 -2.09987841849158734e1 -2.09987812042236328e1 -2.09987812042236328e1 5.48362720564909978e-7 3.89417010637771455e-7 2 2
4.37500000000000000e-1 -2.09987841850342214e1 -2.09987812042236328e1 -2.09987812042236328e1 4.13258874232269591e-7 3.33786005057845614e-7 2 2
4.27083253860473633e-1 -2.09987841851525658e1 -2.09987812042236328e1 -2.09987812042236328e1 4.21206152623199159e-7 1.82787573521636659e-7 2 2
4.16666746139526367e-1 -2.09987841852709067e1 -2.09987812042236328e1 -2.09987812042236328e1 8.66254197262605885e-7 4.68889879812195431e-7 2 2
4.06250000000000000e-1 -2.09987841853892476e1 -2.09987812042236328e1 -2.09987812042236328e1 1.58945724137993238e-7 2.70207721086990205e-7 2 2
3.95833253860473633e-1 -2.09987841855075814e1 -2.09987812042236328e1 -2.09987812042236328e1 7.86781299666472478e-7 3.97364289028701023e-7 2 2
3.85416746139526367e-1 -2.09987841856259152e1 -2.09987812042236328e1 -2.09987812042236328e1 6.27835618161043385e-7 1.82787573521636659e-7 2 2
3.75000000000000000e-1 -2.09987841857442490e1 -2.09987812042236328e1 -2.09987812042236328e1 2.78154999477919773e-7 2.54313164305131068e-7 2 2
3.64583253860473633e-1 -2.09987841858625757e1 -2.09987812042236328e1 -2.09987812042236328e1 3.85443371442306670e-7 3.17891448275986477e-7 2 2
3.54166746139526367e-1 -2.09987841859809024e1 -2.09987812042236328e1 -2.09987812042236328e1 4.25179791818663944e-7 1.82787573521636659e-7 3 3
3.43750000000000000e-1 -2.09987841860992255e1 -2.09987812042236328e1 -2.09987812042236328e1 3.25838726666916045e-7 1.58945724137993238e-7 3 3
3.33333253860473633e-1 -2.09987841862175486e1 -2.09987812042236328e1 -2.09987812042236328e1 1.74840295130707091e-7 1.58945724137993238e-7 3 3
3.22916746139526367e-1 -2.09987841863358717e1 -2.09987812042236328e1 -2.09987812042236328e1 2.30471286499778216e-7 2.46365857492492069e-7 3 3
3.12500000000000000e-1 -2.09987841864541842e1 -2.09987812042236328e1 -2.09987812042236328e1 3.69548786238738103e-7 1.58945724137993238e-7 3 3
3.02083253860473633e-1 -2.09987841865724967e1 -2.09987812042236328e1 -2.09987812042236328e1 3.17891448275986477e-7 1.58945724137993238e-7 3 3
2.91666746139526367e-1 -2.09987841866908092e1 -2.09987812042236328e1 -2.09987812042236328e1 2.78154999477919773e-7 1.58945724137993238e-7 4 4
2.81250000000000000e-1 -2.09987841868091181e1 -2.09987812042236328e1 -2.09987812042236328e1 2.50339496687956853e-7 1.58945724137993238e-7 3 3
2.70833253860473633e-1 -2.09987841869274270e1 -2.09987812042236328e1 -2.09987812042236328e1 1.58945724137993238e-7 1.58945724137993238e-7 3 3
2.60416746139526367e-1 -2.09987841870457288e1 -2.09987812042236328e1 -2.09987812042236328e1 2.22524008108848648e-7 1.58945724137993238e-7 3 3
2.50000000000000000e-1 -2.09987841871640306e1 -2.09987812042236328e1 -2.09987812042236328e1 1.58945724137993238e-7 1.58945724137993238e-7 4 4
2.39583253860473633e-1 -2.09987841872823289e1 -2.09987812042236328e1 -2.09987812042236328e1 3.37759644253310398e-7 1.58945724137993238e-7 4 4
2.29166746139526367e-1 -2.09987841874006236e1 -2.09987812042236328e1 -2.09987812042236328e1 1.82787573521636659e-7 1.78813934326171875e-7 3 3
2.18750000000000000e-1 -2.09987841875189183e1 -2.09987812042236328e1 -2.09987812042236328e1 1.58945724137993238e-7 1.58945724137993238e-7 3 3
2.08333253860473633e-1 -2.09987841876372094e1 -2.09987812042236328e1 -2.09987812042236328e1 1.58945724137993238e-7 1.58945724137993238e-7 3 3
1.97916746139526367e-1 -2.09987841877555006e1 -2.09987812042236328e1 -2.09987812042236328e1 2.62260442696060636e-7 1.58945724137993238e-7 3 3
1.87500000000000000e-1 -2.09987841878737349e1 -2.09987812042236328e1 -2.09987812042236328e1 3.25838726666916045e-7 1.58945724137993238e-7 3 3
1.77083253860473633e-1 -2.09987841460056579e1 -2.09987812042236328e1 -2.09987812042236328e1 5.60283638151304331e-7 2.80124368146061897e-7 2 2
1.66666746139526367e-1 -2.63467547623682341e0 -2.63430166244506836e0 -2.63334417343139648e0 6.51677453333832091e-7 2.62260442696060636e-7 2 2
1.56250000000000000e-1 2.41578860942463747e0 2.41577672958374023e0 2.41554045677185059e0 3.09944141463347478e-7 3.33786005057845614e-7 2 2
1.45833253860473633e-1 1.23662565490209619e0 1.23665630817413330e0 1.23656022548675537e0 2.38418579101562500e-7 3.49680590261414181e-7 2 2
1.35416746139526367e-1 1.06271541876002096e0 1.06275892257690430e0 1.06272125244140625e0 2.14576715507064364e-7 2.46365857492492069e-7 2 2
1.25000000000000000e-1 1.26670313132243928e0 1.26674258708953857e0 1.26670694351196289e0 9.37779759624390863e-7 1.82787573521636659e-7 2 2
1.14583253860473633e-1 1.52243454764577568e0 1.52247035503387451e0 1.52243173122406006e0 3.65575147043273319e-7 1.35103860543495102e-7 2 2
1.04166746139526367e-1 1.80195998873966068e0 1.80199337005615234e0 1.80195498466491699e0 3.73522453855912318e-7 1.43051153145279386e-7 2 2
9.37500000000000000e-2 2.10752280604884579e0 2.10755610466003418e0 2.10751819610595703e0 1.30633509343169862e-7 1.23691279441118240e-7 2 2
8.33332538604736328e-2 2.43635313045849689e0 2.43638610839843750e0 2.43634819984436035e0 3.81469732246841886e-7 1.26601662486791611e-7 2 2
7.29167461395263672e-2 2.78467932998402956e0 2.78471207618713379e0 2.78467416763305664e0 1.47024786656402284e-6 5.00678993375913706e-7 2 2
6.25000000000000000e-2 3.14931931044731739e0 3.14935231208801270e0 3.14931297302246094e0 1.39077508265472716e-6 5.32468163783050841e-7 2 2
5.20832538604736328e-2 3.52766419365111217e0 3.52769708633422852e0 3.52765917778015137e0 3.65575147043273319e-7 1.98682144514350512e-7 2 2
4.16667461395263672e-2 3.91753359291547998e0 3.91756415367126465e0 3.91752910614013672e0 1.11261999791167909e-6 1.41153577715158463e-7 2 2
3.12500000000000000e-2 4.31711517155896196e0 4.31714153289794922e0 4.31711101531982422e0 7.62939464493683772e-7 1.08083088434796082e-6 2 2
2.08332538604736328e-2 4.72490354676162827e0 4.72492980957031250e0 4.72489976882934570e0 3.79482912649109494e-7 2.22524008108848648e-7 2 2
1.04167461395263672e-2 5.13963340385994272e0 5.13966131210327148e0 5.13963079452514648e0 1.57356259933294496e-6 4.13258874232269591e-7 2 2
0.00000000000000000e0 5.56025592348126985e0 5.56028699874877930e0 5.56025314331054688e0 1.62124638336536009e-6 9.21885145999112865e-7 2 2
-1.04167461395263672e-2 5.98590168104444142e0 5.98593616485595703e0 5.98590087890625000e0 4.35113918229035335e-7 4.60942572999556432e-7 2 2
-2.08332538604736328e-2 6.41583430525958498e0 6.41587162017822266e0 6.41583442687988281e0 2.21189111471176147e-7 7.31150294086546637e-7 2 2
-3.12500000000000000e-2 6.84944449899412788e0 6.84947967529296875e0 6.84944438934326172e0 1.63714094014721923e-6 3.17891448275986477e-7 2 2
-4.16667461395263672e-2 7.28622783805837049e0 7.28626441955566406e0 7.28622865676879883e0 1.04904177078424254e-6 5.24520885392121272e-7 2 2
-5.20832538604736328e-2 7.72575097646293241e0 7.72578144073486328e0 7.72575139999389648e0 2.86672729998826981e-7 8.26517748464539181e-7 2 2
-6.25000000000000000e-2 8.16765608804005794e0 8.16768836975097656e0 8.16765880584716797e0 6.03993726144835819e-7 3.18686943501234055e-7 2 2
-7.29167461395263672e-2 8.61164738484235670e0 8.61168098449707031e0 8.61165142059326172e0 4.27166611416396336e-7 7.15255737304687500e-7 2 2
-8.33332538604736328e-2 9.05746462556959386e0 9.05749893188476562e0 9.05746841430664062e0 6.39756535747437738e-7 7.62939464493683772e-7 2 2
-9.37500000000000000e-2 9.50489359628864428e0 9.50492668151855469e0 9.50489997863769531e0 1.54177348576922668e-6 4.60942572999556432e-7 2 2
-1.04166746139526367e-1 9.95375758538927080e0 9.95378780364990234e0 9.95376300811767578e0 2.33650212067004759e-6 5.72204612581117544e-7 2 2
-1.14583253860473633e-1 1.04038951482843931e1 1.04039278030395508e1 1.04039049148559570e1 1.58945715611480409e-6 5.47152012586593628e-7 2 2
-1.25000000000000000e-1 1.08551740001270183e1 1.08552055358886719e1 1.08551826477050781e1 6.75519288506620796e-7 5.84986992180347443e-7 2 2
-1.35416746139526367e-1 1.13074853962266655e1 1.13075199127197266e1 1.13074960708618164e1 1.50998437220550841e-6 1.39077508265472716e-6 2 2
-1.45833253860473633e-1 1.17591269932617664e1 1.17591629028320312e1 1.17591419219970703e1 2.70207715402648319e-6 2.74181365966796875e-6 2 2
-1.56250000000000000e-1 1.22097903382689577e1 1.22098293304443359e1 1.22098093032836914e1 5.00679016113281250e-6 5.56310033061890863e-6 2 2
-1.66666746139526367e-1 1.26606628877665095e1 1.26606788635253906e1 1.26606626510620117e1 1.76429750808893004e-6 9.69568873188109137e-7 4 4
-1.77083253860473633e-1 1.31118275005320406e1 1.31118621826171875e1 1.31118459701538086e1 1.01572368294000626e-6 9.98261384665966034e-7 4 4
-1.87500000000000000e-1 1.35631866588350363e1 1.35632200241088867e1 1.35632076263427734e1 1.43051147460937500e-6 1.08848325908184052e-6 4 4
-1.97916746139526367e-1 1.40146626403888934e1 1.40147018432617188e1 1.40146884918212891e1 2.46365857492492069e-6 2.34444928537413944e-6 4 4
-2.08333253860473633e-1 1.44661763564771206e1 1.44662275314331055e1 1.44662132263183594e1 7.90754984336672351e-6 7.78834055381594226e-6 4 4
-2.18750000000000000e-1 1.49176567942781819e1 1.49176692962646484e1 1.49176502227783203e1 8.58306862028257456e-7 3.81469732246841886e-7 6 6
-2.29166746139526367e-1 1.53690363980729092e1 1.53690605163574219e1 1.53690414428710938e1 7.78834021275542909e-7 3.81469732246841886e-7 6 6
-2.39583253860473633e-1 1.58202322942195224e1 1.58202381134033203e1 1.58202304840087891e1 5.08626328610262135e-7 9.21885145999112865e-7 6 6
-2.50000000000000000e-1 1.62711611806251355e1 1.62711639404296875e1 1.62711563110351562e1 8.58306862028257456e-7 7.94728578057402046e-7 6 6
-2.60416746139526367e-1 1.67217327847348010e1 1.67217388153076172e1 1.67217311859130859e1 1.90734863281250000e-6 1.43051147460937500e-6 6 6
-2.70833253860473633e-1 1.71718262380821329e1 1.71718540191650391e1 1.71718273162841797e1 1.62124638336536009e-6 1.65303549692907836e-6 6 6
-2.81250000000000000e-1 1.76212960519488533e1 1.76213245391845703e1 1.76212959289550781e1 2.54313158620789181e-6 2.25702910938707646e-6 6 6
-2.91666746139526367e-1 1.80699485843701204e1 1.80699748992919922e1 1.80699539184570312e1 3.40143833454931155e-6 3.17891431222960819e-6 6 6
-3.02083253860473633e-1 1.85174835851596704e1 1.85175151824951172e1 1.85174903869628906e1 4.60942601421265863e-6 4.60942601421265863e-6 6 6
-3.12500000000000000e-1 1.89634203542199202e1 1.89634227752685547e1 1.89634037017822266e1 1.84377029199822573e-6 1.90734866123420943e-7 8 8
-3.22916746139526367e-1 1.94068727421109486e1 1.94068698883056641e1 1.94068622589111328e1 1.01725265722052427e-6 1.03314721400238341e-6 7 7
-3.33333253860473633e-1 1.98458973793210482e1 1.98459053039550781e1 1.98458938598632812e1 3.05175785797473509e-6 1.14440922516223509e-6 7 7
-3.43750000000000000e-1 2.02752547960974105e1 2.02752666473388672e1 2.02752666473388672e1 1.58945715611480409e-6 1.43051147460937500e-6 7 7
-3.54166746139526367e-1 2.06754787154618533e1 2.06754817962646484e1 2.06754837036132812e1 1.20798745228967164e-6 1.23977656585338991e-6 8 8
-3.64583253860473633e-1 2.09507257885219182e1 2.09507274627685547e1 2.09507274627685547e1 1.49408981542364927e-6 9.85463429969968274e-7 7 7
-3.75000000000000000e-1 2.09978558045916692e1 2.09978752136230469e1 2.09978752136230469e1 2.54313158620789181e-6 8.26517748464539181e-7 5 5
-3.85416746139526367e-1 2.09987803732593505e1 2.09987831115722656e1 2.09987831115722656e1 2.67028804046276491e-6 1.78019206487078918e-6 5 5
-3.95833253860473633e-1 2.09987841943628482e1 2.09987831115722656e1 2.09987831115722656e1 1.65303549692907836e-6 5.40415442173980409e-7 4 4
-4.06250000000000000e-1 2.09987841766037775e1 2.09987831115722656e1 2.09987831115722656e1 1.36693313379510073e-6 2.27009877562522888e-7 4 4
-4.16666746139526367e-1 2.09987841823857266e1 2.09987831115722656e1 2.09987831115722656e1 1.55766804255108582e-6 3.20142135024070740e-7 4 4
-4.27083253860473633e-1 2.09987841828036466e1 2.09987831115722656e1 2.09987831115722656e1 7.62939464493683772e-7 4.42378222942352295e-7 4 4
-4.37500000000000000e-1 2.09987841829014066e1 2.09987831115722656e1 2.09987831115722656e1 6.05359673500061035e-7 1.58945715611480409e-6 4 4
-4.47916746139526367e-1 2.09987841830179818e1 2.09987831115722656e1 2.09987831115722656e1 8.35279934108257294e-7 8.00355337560176849e-7 4 4
-4.58333253860473633e-1 2.09987841831364328e1 2.09987831115722656e1 2.09987831115722656e1 1.23977656585338991e-6 9.16770659387111664e-7 4 4
-4.68750000000000000e-1 2.09987841832548270e1 2.09987831115722656e1 2.09987831115722656e1 1.97092685993993655e-6 1.11467670649290085e-6 4 4
-4.79166746139526367e-1 2.09987841833732105e1 2.09987831115722656e1 2.09987831115722656e1 5.24520874023437500e-6 1.45519152283668518e-6 4 4
-4.89583253860473633e-1 2.09987841834915869e1 2.09987831115722656e1 2.09987831115722656e1 1.93913774637621827e-6 1.71130523085594177e-6 4 4
-5.00000000000000000e-1 2.09987841836099633e1 2.09987831115722656e1 2.09987831115722656e1 6.45319641989772208e-6 1.98488123714923859e-6 4 4
-5.10416746139526367e-1 2.09987841837283398e1 2.09987831115722656e1 2.09987831115722656e1 6.99361180522828363e-7 8.26517748464539181e-7 4 4
-5.20833253860473633e-1 2.09987841838467091e1 2.09987831115722656e1 2.09987831115722656e1 1.33514402023138246e-6 1.20798745228967164e-6 4 4
-5.31250000000000000e-1 2.09987841839650820e1 2.09987831115722656e1 2.09987831115722656e1 2.22523999582335819e-6 2.41597490457934327e-6 4 4
-5.41666746139526367e-1 2.09987841840834477e1 2.09987831115722656e1 2.09987831115722656e1 4.80016069559496827e-6 3.87827549275243655e-6 4 4
-5.52083253860473633e-1 2.09987841842018099e1 2.09987831115722656e1 2.09987831115722656e1 6.86645489622605965e-6 6.86645489622605965e-6 4 4
-5.62500000000000000e-1 2.09987841843201721e1 2.09987831115722656e1 2.09987831115722656e1 2.51134247264417354e-6 1.33514402023138246e-6 5 5
-5.72916746139526367e-1 2.09987841844385308e1 2.09987831115722656e1 2.09987831115722656e1 3.68754058399645146e-6 9.53674316406250000e-7 5 5
-5.83333253860473633e-1 2.09987841845568859e1 2.09987831115722656e1 2.09987831115722656e1 1.78019206487078918e-6 1.58945715611480409e-6 5 5
-5.93750000000000000e-1 2.09987841846752410e1 2.09987831115722656e1 2.09987831115722656e1 8.18570470073609613e-7 1.93913774637621827e-6 5 5
-6.04166746139526367e-1 2.09987841847935925e1 2.09987831115722656e1 2.09987831115722656e1 1.36693313379510073e-6 1.55766804255108582e-6 5 5
-6.14583253860473633e-1 2.09987841849119405e1 2.09987831115722656e1 2.09987831115722656e1 2.25702910938707646e-6 4.13258874232269591e-7 5 5
-6.25000000000000000e-1 2.09987841850302885e1 2.09987831115722656e1 2.09987831115722656e1 1.45435330978216371e-6 8.58306862028257456e-7 5 5
-6.35416746139526367e-1 2.09987841851486330e1 2.09987831115722656e1 2.09987831115722656e1 1.78019206487078918e-6 5.08626328610262135e-7 5 5
-6.45833253860473633e-1 2.09987841852669739e1 2.09987831115722656e1 2.09987831115722656e1 1.78019206487078918e-6 1.81198117843450746e-6 5 5
-6.56250000000000000e-1 2.09987841853853112e1 2.09987831115722656e1 2.09987831115722656e1 2.82923383565503173e-6 1.33514402023138246e-6 5 5
-6.66666746139526367e-1 2.09987841855036486e1 2.09987831115722656e1 2.09987831115722656e1 2.22523999582335819e-6 9.53674316406250000e-7 5 5
-6.77083253860473633e-1 2.09987841856219823e1 2.09987831115722656e1 2.09987831115722656e1 1.33514402023138246e-6 1.20798745228967164e-6 5 5
-6.87500000000000000e-1 2.09987841857403126e1 2.09987831115722656e1 2.09987831115722656e1 6.59624731724761659e-7 8.26517748464539181e-7 5 5
-6.97916746139526367e-1 2.09987841858586428e1 2.09987831115722656e1 2.09987831115722656e1 5.65846767131006345e-6 1.66893002528922807e-7 4 4
-7.08333253860473633e-1 2.09987841859769659e1 2.09987831115722656e1 2.09987831115722656e1 3.21070342579332646e-6 8.39233416627394035e-6 3 3
-7.18750000000000000e-1 2.09987841860952926e1 2.09987831115722656e1 2.09987831115722656e1 2.63849892689904664e-6 1.30335490666766418e-6 2 2
-7.29166746139526367e-1 2.09987841862136193e1 2.09987831115722656e1 2.09987831115722656e1 9.53674316406250000e-7 1.36693313379510073e-6 2 2
-7.39583253860473633e-1 2.09987841863319318e1 2.09987831115722656e1 2.09987831115722656e1 1.68482461049279664e-6 2.54313164305131068e-7 1 1
-7.50000000000000000e-1 2.09987841864502514e1 2.09987831115722656e1 2.09987831115722656e1 4.41869087808299810e-6 2.22524008108848648e-7 1 1
-7.60416746139526367e-1 2.09987841865685674e1 2.09987831115722656e1 2.09987831115722656e1 2.51134247264417354e-6 1.58945724137993238e-7 1 1
-7.70833253860473633e-1 2.09987841866868763e1 2.09987831115722656e1 2.09987831115722656e1 2.89281206278246827e-6 8.26517748464539181e-7 1 1
-7.81250000000000000e-1 2.09987841868051888e1 2.09987831115722656e1 2.09987831115722656e1 6.27835618161043385e-7 7.94728578057402046e-7 1 1
-7.91666746139526367e-1 2.09987841869234906e1 2.09987831115722656e1 2.09987831115722656e1 1.82787573521636659e-6 1.14440922516223509e-6 1 1
-8.02083253860473633e-1 2.09987841870417959e1 2.09987831115722656e1 2.09987831115722656e1 2.22523999582335819e-6 7.94728578057402046e-7 1 1
-8.12500000000000000e-1 2.09987841871600978e1 2.09987831115722656e1 2.09987831115722656e1 5.40415442173980409e-7 1.90734863281250000e-6 1 1
-8.22916746139526367e-1 2.09987841872783996e1 2.09987831115722656e1 2.09987831115722656e1 5.53131121705519035e-6 1.78019206487078918e-6 1 1
-8.33333253860473633e-1 2.09987841873966978e1 2.09987831115722656e1 2.09987831115722656e1 1.43051147460937500e-6 1.52587892898736754e-6 1 1
-8.43750000000000000e-1 2.09987841875149890e1 2.09987831115722656e1 2.09987831115722656e1 7.07308458913757931e-7 4.76837158203125000e-7 1 1
-8.54166746139526367e-1 2.09987841876332766e1 2.09987831115722656e1 2.09987831115722656e1 1.68482461049279664e-6 1.27156579310394591e-6 1 1
-8.64583253860473633e-1 2.09987841877515677e1 2.09987831115722656e1 2.09987831115722656e1 2.47955313170677982e-6 1.74840295130707091e-6 1 1
-8.75000000000000000e-1 2.09987841878698553e1 2.09987831115722656e1 2.09987831115722656e1 3.68754058399645146e-6 5.72204612581117544e-7 1 1
-8.85416746139526367e-1 2.09987841879881394e1 2.09987831115722656e1 2.09987831115722656e1 3.97364283344359137e-6 1.49408981542364927e-6 1 1
-8.95833253860473633e-1 2.09987841881064199e1 2.09987831115722656e1 2.09987831115722656e1 6.45319641989772208e-6 2.22524008108848648e-7 1 1
-9.06250000000000000e-1 2.09987841882247039e1 2.09987831115722656e1 2.09987831115722656e1 7.62939464493683772e-7 1.20798745228967164e-6 1 1
-9.16666746139526367e-1 2.09987841883429738e1 2.09987831115722656e1 2.09987831115722656e1 3.65575147043273319e-6 2.09808354156848509e-6 1 1
-9.27083253860473633e-1 2.09987841884612543e1 2.09987831115722656e1 2.09987831115722656e1 4.03722106057102792e-6 1.27156579310394591e-6 1 1
-9.37500000000000000e-1 2.09987841885795206e1 2.09987831115722656e1 2.09987831115722656e1 3.68754058399645146e-6 1.27156579310394591e-6 1 1
-9.47916746139526367e-1 2.09987841886977904e1 2.09987831115722656e1 2.09987831115722656e1 3.24249276673072018e-6 3.17891448275986477e-7 1 1
-9.58333253860473633e-1 2.09987841888160531e1 2.09987831115722656e1 2.09987831115722656e1 1.08083088434796082e-6 1.23977656585338991e-6 1 1
-9.68750000000000000e-1 2.09987841889343194e1 2.09987831115722656e1 2.09987831115722656e1 2.32060756388818845e-6 1.17619833872595336e-6 1 1
-9.79166746139526367e-1 2.09987841890525786e1 2.09987831115722656e1 2.09987831115722656e1 9.37779759624390863e-7 1.84377029199822573e-6 1 1
-9.89583253860473633e-1 2.09987841891708378e1 2.09987831115722656e1 2.09987831115722656e1 3.40143833454931155e-6 1.11261999791167909e-6 1 1
-1.00000000000000000e0 2.09987841892890970e1 2.09987831115722656e1 2.09987831115722656e1 1.62124638336536009e-6 1.78019206487078918e-6 1 1
-9.89583373069763184e-1 2.09987841894073490e1 2.09987831115722656e1 2.09987831115722656e1 4.10079974244581535e-6 7.31150294086546637e-7 1 1
-9.79166626930236816e-1 2.09987841895256047e1 2.09987831115722656e1 2.09987831115722656e1 5.14984139954322018e-6 6.19888282926694956e-7 1 1
-9.68750000000000000e-1 2.09987841896438496e1 2.09987831115722656e1 2.09987831115722656e1 3.40143833454931155e-6 1.43051147460937500e-6 1 1
-9.58333373069763184e-1 2.09987841897620982e1 2.09987831115722656e1 2.09987831115722656e1 7.31150294086546637e-7 9.53674316406250000e-7 1 1
-9.47916626930236816e-1 2.09987841898803396e1 2.09987831115722656e1 2.09987831115722656e1 2.09808354156848509e-6 7.31150294086546637e-7 1 1
-9.37500000000000000e-1 2.09987841899985810e1 2.09987831115722656e1 2.09987831115722656e1 5.72204612581117544e-7 2.03450531444104854e-6 1 1
-9.27083373069763184e-1 2.09987841901168188e1 2.09987831115722656e1 2.09987831115722656e1 1.00135798675182741e-6 3.17891448275986477e-7 1 1
-9.16666626930236816e-1 2.09987841902350567e1 2.09987831115722656e1 2.09987831115722656e1 2.79744472209131345e-6 1.78019206487078918e-6 1 1
-9.06250000000000000e-1 2.09987841903532910e1 2.09987831115722656e1 2.09987831115722656e1 2.22523999582335819e-6 8.90096032435394591e-7 1 1
-8.95833373069763184e-1 2.09987841904715218e1 2.09987831115722656e1 2.09987831115722656e1 4.80016069559496827e-6 1.52587892898736754e-6 1 1
-8.85416626930236816e-1 2.09987841905897490e1 2.09987831115722656e1 2.09987831115722656e1 2.79744472209131345e-6 7.62939464493683772e-7 1 1
-8.75000000000000000e-1 2.09987841907079797e1 2.09987831115722656e1 2.09987831115722656e1 1.76429750808893004e-6 1.46230058817309327e-6 1 1
-8.64583373069763184e-1 2.09987841908262034e1 2.09987831115722656e1 2.09987831115722656e1 1.04904177078424254e-6 1.97092685993993655e-6 1 1
-8.54166626930236816e-1 2.09987841909444271e1 2.09987831115722656e1 2.09987831115722656e1 2.38418579101562500e-6 9.53674316406250000e-7 1 1
-8.43750000000000000e-1 2.09987841910626400e1 2.09987831115722656e1 2.09987831115722656e1 1.20798745228967164e-6 1.62124638336536009e-6 1 1
-8.33333373069763184e-1 2.09987841911808601e1 2.09987831115722656e1 2.09987831115722656e1 2.47955313170677982e-6 1.43051147460937500e-6 1 1
-8.22916626930236816e-1 2.09987841912990731e1 2.09987831115722656e1 2.09987831115722656e1 5.08626328610262135e-7 1.93913774637621827e-6 1 1
-8.12500000000000000e-1 2.09987841914172826e1 2.09987831115722656e1 2.09987831115722656e1 1.81198117843450746e-6 4.45048016217697295e-7 1 1
-8.02083373069763184e-1 2.09987841915354920e1 2.09987831115722656e1 2.09987831115722656e1 3.08354697153845336e-6 4.45048016217697295e-7 1 1
-7.91666626930236816e-1 2.09987841916536979e1 2.09987831115722656e1 2.09987831115722656e1 2.47955313170677982e-6 2.22523999582335819e-6 1 1
-7.81250000000000000e-1 2.09987841917719003e1 2.09987831115722656e1 2.09987831115722656e1 4.32332353739184327e-6 3.81469732246841886e-7 1 1
-7.70833373069763184e-1 2.09987841918901061e1 2.09987831115722656e1 2.09987831115722656e1 3.33786010742187500e-6 7.15255737304687500e-7 1 1
-7.60416626930236816e-1 2.09987841920083014e1 2.09987831115722656e1 2.09987831115722656e1 1.44640603139123414e-6 1.39872236104565673e-6 1 1
-7.50000000000000000e-1 2.09987841921265002e1 2.09987831115722656e1 2.09987831115722656e1 9.85463429969968274e-7 6.99361180522828363e-7 1 1
-7.39583373069763184e-1 2.09987841922446918e1 2.09987831115722656e1 2.09987831115722656e1 7.62939464493683772e-7 7.62939464493683772e-7 1 1
-7.29166626930236816e-1 2.09987841923628835e1 2.09987831115722656e1 2.09987831115722656e1 7.62939464493683772e-7 5.40415442173980409e-7 1 1
-7.18750000000000000e-1 2.09987841924810716e1 2.09987831115722656e1 2.09987831115722656e1 2.51134247264417354e-6 6.67572010115691228e-7 1 1
-7.08333373069763184e-1 2.09987841925992598e1 2.09987831115722656e1 2.09987831115722656e1 3.94185371987987310e-6 4.13258874232269591e-7 1 1
-6.97916626930236816e-1 2.09987841927174408e1 2.09987831115722656e1 2.09987831115722656e1 1.14440922516223509e-6 1.52587892898736754e-6 1 1
-6.87500000000000000e-1 2.09987841928356254e1 2.09987831115722656e1 2.09987831115722656e1 5.56310033061890863e-6 1.49408981542364927e-6 1 1
-6.77083373069763184e-1 2.09987841929538064e1 2.09987831115722656e1 2.09987831115722656e1 2.35239667745190673e-6 6.83466566897550365e-7 1 1
-6.66666626930236816e-1 2.09987841930719803e1 2.09987831115722656e1 2.09987831115722656e1 1.71661372405651491e-6 5.40415442173980409e-7 1 1
-6.56250000000000000e-1 2.09987841931901542e1 2.09987831115722656e1 2.09987831115722656e1 1.55766804255108582e-6 1.87555951924878173e-6 1 1
-6.45833373069763184e-1 2.09987841933083246e1 2.09987831115722656e1 2.09987831115722656e1 2.00271597350365482e-6 5.40415442173980409e-7 1 1
-6.35416626930236816e-1 2.09987841934264914e1 2.09987831115722656e1 2.09987831115722656e1 3.27428188029443845e-6 1.97092685993993655e-6 1 1
-6.25000000000000000e-1 2.09987841935446582e1 2.09987831115722656e1 2.09987831115722656e1 1.43051147460937500e-6 4.76837158203125000e-7 1 1
-6.14583373069763184e-1 2.09987841936628215e1 2.09987831115722656e1 2.09987831115722656e1 7.31150294086546637e-7 9.53674316406250000e-7 1 1
-6.04166626930236816e-1 2.09987841937809883e1 2.09987831115722656e1 2.09987831115722656e1 2.25702910938707646e-6 2.09808354156848509e-6 1 1
-5.93750000000000000e-1 2.09987841938991444e1 2.09987831115722656e1 2.09987831115722656e1 3.40143833454931155e-6 4.45048016217697295e-7 1 1
-5.83333373069763184e-1 2.09987841940173006e1 2.09987831115722656e1 2.09987831115722656e1 7.31150294086546637e-7 7.31150294086546637e-7 1 1
-5.72916626930236816e-1 2.09987841941354496e1 2.09987831115722656e1 2.09987831115722656e1 1.81198117843450746e-6 1.17619833872595336e-6 1 1
-5.62500000000000000e-1 2.09987841942536093e1 2.09987831115722656e1 2.09987831115722656e1 2.25702910938707646e-6 1.74840295130707091e-6 1 1
-5.52083373069763184e-1 2.09987841943717513e1 2.09987831115722656e1 2.09987831115722656e1 1.36693313379510073e-6 9.21885145999112865e-7 1 1
-5.41666626930236816e-1 2.09987841944899039e1 2.09987831115722656e1 2.09987831115722656e1 2.12987265513220336e-6 1.08083088434796082e-6 2 2
-5.31250000000000000e-1 2.09987841946080458e1 2.09987831115722656e1 2.09987831115722656e1 7.39097572477476206e-7 3.81469732246841886e-7 9 9
-5.20833373069763184e-1 2.09987841947261877e1 2.09987831115722656e1 2.09987831115722656e1 6.75519288506620796e-7 1.27156582152565534e-7 11 11
-5.10416626930236816e-1 2.09987841948443261e1 2.09987831115722656e1 2.09987831115722656e1 3.57627868652343750e-7 7.94728620689966192e-8 9 9
-5.00000000000000000e-1 2.09987841949624645e1 2.09987831115722656e1 2.09987831115722656e1 3.57627868652343750e-7 3.57627868652343750e-7 3 3
-4.89583253860473633e-1 2.09987841950805922e1 2.09987831115722656e1 2.09987831115722656e1 7.23203015695617069e-7 4.29153431014128728e-7 3 3
-4.79166746139526367e-1 2.09987841951987271e1 2.09987831115722656e1 2.09987831115722656e1 3.65575147043273319e-7 2.86102306290558772e-7 2 2
-4.68750000000000000e-1 2.09987841953168548e1 2.09987831115722656e1 2.09987831115722656e1 5.68230973385652760e-7 7.94728620689966192e-8 2 2
-4.58333253860473633e-1 2.09987841954349825e1 2.09987831115722656e1 2.09987831115722656e1 2.38418579101562500e-7 2.86102306290558772e-7 2 2
-4.47916746139526367e-1 2.09987841955531067e1 2.09987831115722656e1 2.09987831115722656e1 3.33786005057845614e-7 4.60942572999556432e-7 1 1
-4.37500000000000000e-1 2.09987841956712273e1 2.09987831115722656e1 2.09987831115722656e1 8.34465026855468750e-7 2.14576715507064364e-7 1 1
-4.27083253860473633e-1 2.09987841957893444e1 2.09987831115722656e1 2.09987831115722656e1 6.67572010115691228e-7 2.22524008108848648e-7 2 2
-4.16666746139526367e-1 2.09987841959074615e1 2.09987831115722656e1 2.09987831115722656e1 3.49680590261414181e-7 5.16573607001191704e-7 3 2
-4.06250000000000000e-1 2.09987841960255786e1 2.09987831115722656e1 2.09987831115722656e1 7.70886742884613341e-7 3.01996863072417909e-7 2 2
-3.95833253860473633e-1 2.09987841961436885e1 2.09987831115722656e1 2.09987831115722656e1 8.66254197262605885e-7 5.80151890972047113e-7 2 2
-3.85416746139526367e-1 2.09987841962617985e1 2.09987831115722656e1 2.09987831115722656e1 7.54992186102754204e-7 3.17891448275986477e-7 2 2
-3.75000000000000000e-1 2.09987841963799013e1 2.09987831115722656e1 2.09987831115722656e1 7.31150294086546637e-7 2.86102306290558772e-7 2 2
-3.64583253860473633e-1 2.09987841964980078e1 2.09987831115722656e1 2.09987831115722656e1 9.69568873188109137e-7 2.70207721086990205e-7 2 2
-3.54166746139526367e-1 2.09987841966161071e1 2.09987831115722656e1 2.09987831115722656e1 4.52995294608626864e-7 2.06629437116134795e-7 2 2
-3.43750000000000000e-1 2.09987841967342064e1 2.09987831115722656e1 2.09987831115722656e1 6.27835618161043385e-7 3.17891448275986477e-7 2 2
-3.33333253860473633e-1 2.09987841968523057e1 2.09987831115722656e1 2.09987831115722656e1 7.86781299666472478e-7 3.81469732246841886e-7 2 2
-3.22916746139526367e-1 2.09987841969703979e1 2.09987831115722656e1 2.09987831115722656e1 3.41733283448775182e-7 2.54313164305131068e-7 2 2
-3.12500000000000000e-1 2.09987841970884901e1 2.09987831115722656e1 2.09987831115722656e1 6.19888282926694956e-7 1.82787573521636659e-7 2 2
-3.02083253860473633e-1 2.09987841972065787e1 2.09987831115722656e1 2.09987831115722656e1 5.32468163783050841e-7 5.72204612581117544e-7 2 2
-2.91666746139526367e-1 2.09987841973246638e1 2.09987831115722656e1 2.09987831115722656e1 3.17891448275986477e-7 3.01996863072417909e-7 2 2
-2.81250000000000000e-1 2.09987841974427489e1 2.09987831115722656e1 2.09987831115722656e1 1.35103860543495102e-7 3.49680590261414181e-7 4 3
-2.70833253860473633e-1 2.09987841975608269e1 2.09987831115722656e1 2.09987831115722656e1 4.60942572999556432e-7 3.33786005057845614e-7 3 3
-2.60416746139526367e-1 2.09987841976789085e1 2.09987831115722656e1 2.09987831115722656e1 5.56309998955839546e-7 1.98682144514350512e-7 3 3
-2.50000000000000000e-1 2.09987841977969865e1 2.09987831115722656e1 2.09987831115722656e1 2.86102306290558772e-7 2.18550368913383863e-7 3 3
-2.39583253860473633e-1 2.09987841979150573e1 2.09987831115722656e1 2.09987831115722656e1 3.97364289028701023e-7 1.90734866123420943e-7 3 3
-2.29166746139526367e-1 2.09987841980331318e1 2.09987831115722656e1 2.09987831115722656e1 1.58945724137993238e-7 2.62260442696060636e-7 3 3
-2.18750000000000000e-1 2.09987841981511991e1 2.09987831115722656e1 2.09987831115722656e1 3.41733283448775182e-7 3.25838726666916045e-7 3 3
-2.08333253860473633e-1 2.09987841982692629e1 2.09987831115722656e1 2.09987831115722656e1 2.14576715507064364e-7 1.47024792340744170e-7 3 3
-1.97916746139526367e-1 2.09987841983873302e1 2.09987831115722656e1 2.09987831115722656e1 1.43051153145279386e-7 7.94728620689966192e-8 3 3
-1.87500000000000000e-1 2.09987841985053905e1 2.09987831115722656e1 2.09987831115722656e1 2.62260442696060636e-7 1.05301538155799790e-7 4 4
-1.77083253860473633e-1 2.09987841986234507e1 2.09987831115722656e1 2.09987831115722656e1 2.06629437116134795e-7 7.94728620689966192e-8 5 5
-1.66666746139526367e-1 2.09987841987415038e1 2.09987831115722656e1 2.09987831115722656e1 1.58945724137993238e-7 3.25838726666916045e-7 4 4
-1.56250000000000000e-1 2.09987841988595605e1 2.09987831115722656e1 2.09987831115722656e1 1.58945724137993238e-7 1.70866641724387591e-7 3 3
-1.45833253860473633e-1 2.09987841989776136e1 2.09987831115722656e1 2.09987831115722656e1 4.33127098631302943e-7 1.58945724137993238e-7 3 3
-1.35416746139526367e-1 2.09987841990956561e1 2.09987831115722656e1 2.09987831115722656e1 3.45706951065949397e-7 1.86761226927956159e-7 3 3
-1.25000000000000000e-1 2.09987841992137056e1 2.09987831115722656e1 2.09987831115722656e1 3.49680590261414181e-7 2.98023223876953125e-7 3 3
-1.14583253860473633e-1 2.09987841993317481e1 2.09987831115722656e1 2.09987831115722656e1 1.31130221348030318e-7 1.70866641724387591e-7 3 3
-1.04166746139526367e-1 2.09987841994497906e1 2.09987831115722656e1 2.09987831115722656e1 5.24520885392121272e-7 2.20461515709757805e-7 2 2
-9.37500000000000000e-2 2.09987841995678295e1 2.09987831115722656e1 2.09987831115722656e1 3.65575147043273319e-7 1.98682144514350512e-7 2 2
-8.33332538604736328e-2 2.09987841996858648e1 2.09987831115722656e1 2.09987831115722656e1 3.97364289028701023e-7 2.22524008108848648e-7 2 2
-7.29167461395263672e-2 2.09987841998038967e1 2.09987831115722656e1 2.09987831115722656e1 5.80151890972047113e-7 3.49680590261414181e-7 2 2
-6.25000000000000000e-2 2.09987841999219356e1 2.09987831115722656e1 2.09987831115722656e1 3.89417010637771455e-7 4.13258874232269591e-7 2 2
-5.20832538604736328e-2 2.09987842000399603e1 2.09987831115722656e1 2.09987831115722656e1 6.91413902131898794e-7 3.73522453855912318e-7 2 2
-4.16667461395263672e-2 2.09987842001579850e1 2.09987831115722656e1 2.09987831115722656e1 4.07298415439072414e-7 5.16573607001191704e-7 2 2
-3.12500000000000000e-2 2.09987842002760097e1 2.09987831115722656e1 2.09987831115722656e1 2.70207721086990205e-7 2.78154999477919773e-7 2 2
-2.08332538604736328e-2 2.09987842003940273e1 2.09987831115722656e1 2.09987831115722656e1 1.21593473068060121e-6 5.32468163783050841e-7 2 2
-1.04167461395263672e-2 2.09987842005120484e1 2.09987831115722656e1 2.09987831115722656e1 3.41733283448775182e-7 1.27156582152565534e-7 2 2
0.00000000000000000e0 2.09987842006300660e1 2.09987831115722656e1 2.09987831115722656e1 5.96046447753906250e-7 5.08626328610262135e-7 2 2
1.04166269302368164e-2 2.09987842007480836e1 2.09987831115722656e1 2.09987831115722656e1 9.53674316406250000e-7 4.05311595841340022e-7 2 2
2.08333730697631836e-2 2.09987842008660941e1 2.09987831115722656e1 2.09987831115722656e1 7.86781299666472478e-7 1.17870513349771500e-7 2 2
3.12500000000000000e-2 2.09987842009840975e1 2.09987831115722656e1 2.09987831115722656e1 6.43730174942902522e-7 4.52995294608626864e-7 2 2
4.16666269302368164e-2 2.09987842011021080e1 2.09987831115722656e1 2.09987831115722656e1 1.43051153145279386e-7 8.42412305246398319e-7 2 2
5.20833730697631836e-2 2.09987842012201114e1 2.09987831115722656e1 2.09987831115722656e1 1.72853475532974699e-7 2.38418579101562500e-7 2 2
6.25000000000000000e-2 2.09987842013381112e1 2.09987831115722656e1 2.09987831115722656e1 1.27156579310394591e-6 1.48429535329341888e-7 2 2
7.29166269302368164e-2 2.09987842014561110e1 2.09987831115722656e1 2.09987831115722656e1 7.15255737304687500e-7 7.78834021275542909e-7 2 2
8.33333730697631836e-2 2.09987842015741073e1 2.09987831115722656e1 2.09987831115722656e1 4.89751471377530834e-7 1.08083088434796082e-6 2 2
9.37500000000000000e-2 2.09987842016921000e1 2.09987831115722656e1 2.09987831115722656e1 3.81469732246841886e-7 6.35782896551972954e-7 2 2
1.04166626930236816e-1 2.09987842018100928e1 2.09987831115722656e1 2.09987831115722656e1 5.08626328610262135e-7 7.47044907711824635e-7 2 2
1.14583373069763184e-1 2.09987842019280819e1 2.09987831115722656e1 2.09987831115722656e1 4.92731714984984137e-7 3.81469732246841886e-7 2 2
1.25000000000000000e-1 2.09987842020460675e1 2.09987831115722656e1 2.09987831115722656e1 2.77941580861806870e-7 3.49680590261414181e-7 2 2
1.35416626930236816e-1 2.09987842021640496e1 2.09987831115722656e1 2.09987831115722656e1 2.16166176869592164e-6 7.62939464493683772e-7 2 2
1.45833373069763184e-1 2.09987842022820317e1 2.09987831115722656e1 2.09987831115722656e1 7.35123933282011421e-7 3.14321368932723999e-7 2 2
1.56250000000000000e-1 2.09987842024000173e1 2.09987831115722656e1 2.09987831115722656e1 2.92460117634618655e-6 4.76837158203125000e-7 2 2
1.66666626930236816e-1 2.09987842025179887e1 2.09987831115722656e1 2.09987831115722656e1 2.24113455260521732e-6 5.40415442173980409e-7 2 2
1.77083373069763184e-1 2.09987842026359672e1 2.09987831115722656e1 2.09987831115722656e1 1.04904177078424254e-6 1.08083088434796082e-6 2 2
1.87500000000000000e-1 2.09987842027539351e1 2.09987831115722656e1 2.09987831115722656e1 1.38282780426379759e-6 4.71482053399085999e-7 2 2
1.97916626930236816e-1 2.09987842028719029e1 2.09987831115722656e1 2.09987831115722656e1 1.43051147460937500e-6 5.20958565175533295e-7 2 2
2.08333373069763184e-1 2.09987842029898708e1 2.09987831115722656e1 2.09987831115722656e1 5.87897375226020813e-7 6.08270056545734406e-7 2 2
2.18750000000000000e-1 2.09987842031078351e1 2.09987831115722656e1 2.09987831115722656e1 1.17619833872595336e-6 6.57746568322181702e-7 2 2
2.29166626930236816e-1 2.09987842032257959e1 2.09987831115722656e1 2.09987831115722656e1 7.47968442738056183e-7 1.08083088434796082e-6 2 2
2.39583373069763184e-1 2.09987842033437566e1 2.09987831115722656e1 2.09987831115722656e1 1.09672544112981996e-6 8.41100700199604034e-7 2 2
2.50000000000000000e-1 2.09987842034617067e1 2.09987831115722656e1 2.09987831115722656e1 9.05129127204418182e-7 9.10949893295764923e-7 2 2
2.60416626930236816e-1 2.09987842035796639e1 2.09987831115722656e1 2.09987831115722656e1 2.05039987122290768e-6 1.02154444903135300e-6 2 2
2.70833373069763184e-1 2.09987842036976176e1 2.09987831115722656e1 2.09987831115722656e1 2.16166176869592164e-6 1.16124283522367477e-6 2 2
2.81250000000000000e-1 2.09987842038155641e1 2.09987831115722656e1 2.09987831115722656e1 1.25728547573089600e-6 1.26892700791358948e-6 2 2
2.91666626930236816e-1 2.09987842039335106e1 2.09987831115722656e1 2.09987831115722656e1 7.31150294086546637e-7 5.72204612581117544e-7 3 3
3.02083373069763184e-1 2.09987842040514607e1 2.09987831115722656e1 2.09987831115722656e1 6.67572010115691228e-7 7.62939464493683772e-7 3 3
3.12500000000000000e-1 2.09987842041694002e1 2.09987831115722656e1 2.09987831115722656e1 9.53674316406250000e-7 1.04904177078424254e-6 3 3
3.22916626930236816e-1 2.09987842042873396e1 2.09987831115722656e1 2.09987831115722656e1 1.68482461049279664e-6 1.55766804255108582e-6 3 3
3.33333373069763184e-1 2.09987842044052755e1 2.09987831115722656e1 2.09987831115722656e1 2.28881845032447018e-6 2.32060756388818845e-6 3 3
3.43750000000000000e-1 2.09987842045232078e1 2.09987831115722656e1 2.09987831115722656e1 3.05175785797473509e-6 3.33786010742187500e-6 3 3
3.54166626930236816e-1 2.09987842046411401e1 2.09987831115722656e1 2.09987831115722656e1 4.83194980915868655e-6 4.64121512777637690e-6 3 3
3.64583373069763184e-1 2.09987842047590689e1 2.09987831115722656e1 2.09987831115722656e1 9.37779759624390863e-7 1.14440922516223509e-6 5 5
3.75000000000000000e-1 2.09987842048769977e1 2.09987831115722656e1 2.09987831115722656e1 6.03993726144835819e-7 8.26517748464539181e-7 5 5
3.85416626930236816e-1 2.09987842049949194e1 2.09987831115722656e1 2.09987831115722656e1 8.94069671630859375e-7 1.46230058817309327e-6 5 5
3.95833373069763184e-1 2.09987842051128411e1 2.09987831115722656e1 2.09987831115722656e1 6.87440262936434010e-7 6.03993726144835819e-7 4 4
4.06250000000000000e-1 2.09987842052307592e1 2.09987831115722656e1 2.09987831115722656e1 5.92072808558441466e-7 1.90734866123420943e-7 4 4
4.16666626930236816e-1 2.09987842053486773e1 2.09987831115722656e1 2.09987831115722656e1 5.08626328610262135e-7 7.31150294086546637e-7 4 4
4.27083373069763184e-1 2.09987842054665919e1 2.09987831115722656e1 2.09987831115722656e1 3.85443371442306670e-7 6.03993726144835819e-7 4 4
4.37500000000000000e-1 2.09987842055845029e1 2.09987831115722656e1 2.09987831115722656e1 8.26517748464539181e-7 1.65303549692907836e-6 4 4
4.47916626930236816e-1 2.09987842057024103e1 2.09987831115722656e1 2.09987831115722656e1 1.52587892898736754e-6 1.27156582152565534e-7 4 4
4.58333373069763184e-1 2.09987842058203178e1 2.09987831115722656e1 2.09987831115722656e1 4.45048016217697295e-7 1.90734866123420943e-7 4 4
4.68750000000000000e-1 2.09987842059382217e1 2.09987831115722656e1 2.09987831115722656e1 2.00271597350365482e-6 1.17619833872595336e-6 4 4
4.79166626930236816e-1 2.09987842060561221e1 2.09987831115722656e1 2.09987831115722656e1 3.57627868652343750e-7 1.62124638336536009e-6 4 4
4.89583373069763184e-1 2.09987842061740224e1 2.09987831115722656e1 2.09987831115722656e1 4.45048016217697295e-7 1.78019206487078918e-6 4 4
5.00000000000000000e-1 2.09987842062919192e1 2.09987831115722656e1 2.09987831115722656e1 1.11261999791167909e-6 3.75439412891864777e-7 4 4
5.10416626930236816e-1 2.09987842064098125e1 2.09987831115722656e1 2.09987831115722656e1 5.00585883855819702e-7 1.08083088434796082e-6 4 4
5.20833373069763184e-1 2.09987842065276915e1 2.09987831115722656e1 2.09987831115722656e1 5.08626317241578363e-6 6.46105036139488220e-7 4 4
5.31250000000000000e-1 2.09987842046825257e1 2.09987831115722656e1 2.09987831115722656e1 2.12987265513220336e-6 1.08083088434796082e-6 4 4
5.41666626930236816e-1 -8.55718360920102761e0 -8.55555534362792969e0 -8.56019401550292969e0 3.49680590261414181e-6 1.58945715611480409e-6 6 6
5.52083373069763184e-1 -2.09984858053281371e1 -2.09984874725341797e1 -2.09984874725341797e1 2.92460117634618655e-6 1.23691279441118240e-6 6 6
5.62500000000000000e-1 -2.09990988338871887e1 -2.09991016387939453e1 -2.09991016387939453e1 4.48226910521043465e-6 1.45519152283668518e-6 5 5
5.72916626930236816e-1 -2.09987922773792768e1 -2.09987926483154297e1 -2.09987926483154297e1 1.78697519004344940e-6 1.78697519004344940e-6 5 5
5.83333373069763184e-1 -2.09987825995578028e1 -2.09987926483154297e1 -2.09987926483154297e1 2.47955313170677982e-6 2.35239667745190673e-6 4 4
5.93750000000000000e-1 -2.09987840926638150e1 -2.09987926483154297e1 -2.09987926483154297e1 4.13258885600953363e-6 4.00543194700730965e-6 4 4
6.04166626930236816e-1 -2.09987841673745379e1 -2.09987926483154297e1 -2.09987926483154297e1 6.86645489622605965e-6 6.73929844197118655e-6 4 4
6.14583373069763184e-1 -2.09987841618114714e1 -2.09987926483154297e1 -2.09987926483154297e1 5.72204612581117544e-7 2.12987265513220336e-6 5 5
6.25000000000000000e-1 -2.09987841614670749e1 -2.09987926483154297e1 -2.09987926483154297e1 2.60670981333532836e-6 1.23977656585338991e-6 5 5
6.35416626930236816e-1 -2.09987841616041315e1 -2.09987926483154297e1 -2.09987926483154297e1 8.90096032435394591e-7 1.87555951924878173e-6 5 5
6.45833373069763184e-1 -2.09987841617255242e1 -2.09987926483154297e1 -2.09987926483154297e1 4.00543194700730965e-6 1.04904177078424254e-6 5 5
6.56250000000000000e-1 -2.09987841618443198e1 -2.09987926483154297e1 -2.09987926483154297e1 1.90734863281250000e-6 3.25838726666916045e-7 5 5
6.66666626930236816e-1 -2.09987841619631439e1 -2.09987926483154297e1 -2.09987926483154297e1 2.82923383565503173e-6 1.20798745228967164e-6 5 5
6.77083373069763184e-1 -2.09987841620819751e1 -2.09987926483154297e1 -2.09987926483154297e1 5.40415430805296637e-6 1.49408981542364927e-6 5 5
6.87500000000000000e-1 -2.09987841622008062e1 -2.09987926483154297e1 -2.09987926483154297e1 2.18550371755554806e-6 5.40415442173980409e-7 5 5
6.97916626930236816e-1 -2.09987841623196339e1 -2.09987926483154297e1 -2.09987926483154297e1 2.89281206278246827e-6 2.06629442800476681e-6 5 5
7.08333373069763184e-1 -2.09987841624384544e1 -2.09987926483154297e1 -2.09987926483154297e1 1.66098277532000793e-6 5.08626328610262135e-7 5 5
7.18750000000000000e-1 -2.09987841625572784e1 -2.09987926483154297e1 -2.09987926483154297e1 2.82923383565503173e-6 1.46101228892803192e-6 5 5
7.29166626930236816e-1 -2.09987841626760954e1 -2.09987926483154297e1 -2.09987926483154297e1 7.94728578057402046e-7 3.17891448275986477e-7 5 5
7.39583373069763184e-1 -2.09987841627949194e1 -2.09987926483154297e1 -2.09987926483154297e1 9.53674316406250000e-7 1.46230058817309327e-6 5 5
7.50000000000000000e-1 -2.09987841629137328e1 -2.09987926483154297e1 -2.09987926483154297e1 4.22795619670068845e-6 1.39872236104565673e-6 4 4
7.60416626930236816e-1 -2.09987841630325427e1 -2.09987926483154297e1 -2.09987926483154297e1 2.32060756388818845e-6 5.72204589843750000e-6 3 3
7.70833373069763184e-1 -2.09987841631513561e1 -2.09987926483154297e1 -2.09987926483154297e1 2.44776401814306155e-6 3.81469732246841886e-7 2 2
7.81250000000000000e-1 -2.09987841632701588e1 -2.09987926483154297e1 -2.09987926483154297e1 1.30335490666766418e-6 7.94728578057402046e-7 2 2
7.91666626930236816e-1 -2.09987841633889616e1 -2.09987926483154297e1 -2.09987926483154297e1 9.21885145999112865e-7 1.68482461049279664e-6 1 1
8.02083373069763184e-1 -2.09987841635077643e1 -2.09987926483154297e1 -2.09987926483154297e1 8.26517748464539181e-7 3.17891448275986477e-7 1 1
8.12500000000000000e-1 -2.09987841636265635e1 -2.09987926483154297e1 -2.09987926483154297e1 3.27428188029443845e-6 1.62124638336536009e-6 1 1
8.22916626930236816e-1 -2.09987841637453627e1 -2.09987926483154297e1 -2.09987926483154297e1 1.52587892898736754e-6 1.87555951924878173e-6 1 1
8.33333373069763184e-1 -2.09987841638641548e1 -2.09987926483154297e1 -2.09987926483154297e1 3.27428188029443845e-6 3.17891448275986477e-7 1 1
8.43750000000000000e-1 -2.09987841639829504e1 -2.09987926483154297e1 -2.09987926483154297e1 1.68482461049279664e-6 5.72204612581117544e-7 1 1
8.54166626930236816e-1 -2.09987841641017354e1 -2.09987926483154297e1 -2.09987926483154297e1 1.87555951924878173e-6 2.28881845032447018e-6 1 1
8.64583373069763184e-1 -2.09987841642205240e1 -2.09987926483154297e1 -2.09987926483154297e1 2.47955313170677982e-6 6.35782896551972954e-7 1 1
8.75000000000000000e-1 -2.09987841643393089e1 -2.09987926483154297e1 -2.09987926483154297e1 4.92731714984984137e-6 1.74840295130707091e-6 1 1
8.85416626930236816e-1 -2.09987841644580939e1 -2.09987926483154297e1 -2.09987926483154297e1 6.07172660238575190e-6 7.62939464493683772e-7 1 1
8.95833373069763184e-1 -2.09987841645768718e1 -2.09987926483154297e1 -2.09987926483154297e1 9.53674316406250000e-7 8.26517748464539181e-7 1 1
9.06250000000000000e-1 -2.09987841646956532e1 -2.09987926483154297e1 -2.09987926483154297e1 4.86373892272240482e-6 9.85463429969968274e-7 1 1
9.16666626930236816e-1 -2.09987841648144240e1 -2.09987926483154297e1 -2.09987926483154297e1 5.24520874023437500e-6 7.31150294086546637e-7 1 1
9.27083373069763184e-1 -2.09987841649331948e1 -2.09987926483154297e1 -2.09987926483154297e1 1.10467271952074952e-6 1.43051147460937500e-6 1 1
9.37500000000000000e-1 -2.09987841650519655e1 -2.09987926483154297e1 -2.09987926483154297e1 2.98817963084729854e-6 1.08083088434796082e-6 1 1
9.47916626930236816e-1 -2.09987841651707292e1 -2.09987926483154297e1 -2.09987926483154297e1 1.24772384424431948e-6 2.09808354156848509e-6 1 1
9.58333373069763184e-1 -2.09987841652894929e1 -2.09987926483154297e1 -2.09987926483154297e1 2.41597490457934327e-6 4.76837158203125000e-7 1 1
9.68750000000000000e-1 -2.09987841654082565e1 -2.09987926483154297e1 -2.09987926483154297e1 2.35239667745190673e-6 1.84377029199822573e-6 1 1
9.79166626930236816e-1 -2.09987841655270167e1 -2.09987926483154297e1 -2.09987926483154297e1 1.55766804255108582e-6 4.13258874232269591e-7 1 1
9.89583373069763184e-1 -2.09987841656457732e1 -2.09987926483154297e1 -2.09987926483154297e1 3.68754058399645146e-6 3.17891448275986477e-7 1 1
1.00000000000000000e0 -2.09987841657645262e1 -2.09987926483154297e1 -2.09987926483154297e1 3.24249276673072018e-6 3.17891448275986477e-7 1 1
9.89583253860473633e-1 -2.09987841658832757e1 -2.09987926483154297e1 -2.09987926483154297e1 1.50998437220550841e-6 3.17891448275986477e-7 1 1
9.79166746139526367e-1 -2.09987841660020287e1 -2.09987926483154297e1 -2.09987926483154297e1 4.95910626341355965e-6 1.81198117843450746e-6 1 1
9.68750000000000000e-1 -2.09987841661207710e1 -2.09987926483154297e1 -2.09987926483154297e1 3.14712519866588991e-6 1.30335490666766418e-6 1 1
9.58333253860473633e-1 -2.09987841662395169e1 -2.09987926483154297e1 -2.09987926483154297e1 3.97364283344359137e-6 3.17891448275986477e-7 1 1
9.47916746139526367e-1 -2.09987841663582593e1 -2.09987926483154297e1 -2.09987926483154297e1 4.45047999164671637e-6 6.67572010115691228e-7 1 1
9.37500000000000000e-1 -2.09987841664769981e1 -2.09987926483154297e1 -2.09987926483154297e1 1.12851455469353823e-6 1.17619833872595336e-6 1 1
9.27083253860473633e-1 -2.09987841665957369e1 -2.09987926483154297e1 -2.09987926483154297e1 9.69568873188109137e-7 4.76837158203125000e-7 1 1
9.16666746139526367e-1 -2.09987841667144686e1 -2.09987926483154297e1 -2.09987926483154297e1 2.22523999582335819e-6 2.25702910938707646e-6 1 1
9.06250000000000000e-1 -2.09987841668332003e1 -2.09987926483154297e1 -2.09987926483154297e1 1.46230058817309327e-6 3.17891448275986477e-7 1 1
8.95833253860473633e-1 -2.09987841669519320e1 -2.09987926483154297e1 -2.09987926483154297e1 7.62939464493683772e-7 3.17891448275986477e-7 1 1
8.85416746139526367e-1 -2.09987841670706601e1 -2.09987926483154297e1 -2.09987926483154297e1 1.19209289550781250e-6 1.55766804255108582e-6 1 1
8.75000000000000000e-1 -2.09987841671893811e1 -2.09987926483154297e1 -2.09987926483154297e1 2.06629442800476681e-6 2.16166176869592164e-6 1 1
8.64583253860473633e-1 -2.09987841673081022e1 -2.09987926483154297e1 -2.09987926483154297e1 2.92460117634618655e-6 2.28881845032447018e-6 1 1
8.54166746139526367e-1 -2.09987841674268196e1 -2.09987926483154297e1 -2.09987926483154297e1 2.98817963084729854e-6 9.21885145999112865e-7 1 1
8.43750000000000000e-1 -2.09987841675455407e1 -2.09987926483154297e1 -2.09987926483154297e1 2.41597490457934327e-6 2.00271597350365482e-6 1 1
8.33333253860473633e-1 -2.09987841676642546e1 -2.09987926483154297e1 -2.09987926483154297e1 2.41597490457934327e-6 4.76837158203125000e-7 1 1
8.22916746139526367e-1 -2.09987841677829650e1 -2.09987926483154297e1 -2.09987926483154297e1 2.25702910938707646e-6 1.43051147460937500e-6 1 1
8.12500000000000000e-1 -2.09987841679016753e1 -2.09987926483154297e1 -2.09987926483154297e1 4.76837158203125000e-6 3.65575147043273319e-7 1 1
8.02083253860473633e-1 -2.09987841680203822e1 -2.09987926483154297e1 -2.09987926483154297e1 5.21341962667065673e-6 5.24520885392121272e-7 1 1
7.91666746139526367e-1 -2.09987841681390854e1 -2.09987926483154297e1 -2.09987926483154297e1 2.76565560852759518e-6 3.17891448275986477e-7 1 1
7.81250000000000000e-1 -2.09987841682577887e1 -2.09987926483154297e1 -2.09987926483154297e1 5.08626328610262135e-7 1.52587892898736754e-6 1 1
7.70833253860473633e-1 -2.09987841683764849e1 -2.09987926483154297e1 -2.09987926483154297e1 4.57763690064894035e-6 2.06629442800476681e-6 1 1
7.60416746139526367e-1 -2.09987841684951775e1 -2.09987926483154297e1 -2.09987926483154297e1 9.85463429969968274e-7 1.84377029199822573e-6 1 1
7.50000000000000000e-1 -2.09987841686138736e1 -2.09987926483154297e1 -2.09987926483154297e1 3.68754058399645146e-6 6.83466566897550365e-7 1 1
7.39583253860473633e-1 -2.09987841687325663e1 -2.09987926483154297e1 -2.09987926483154297e1 1.01725265722052427e-6 4.13258874232269591e-7 1 1
7.29166746139526367e-1 -2.09987841688512553e1 -2.09987926483154297e1 -2.09987926483154297e1 2.00271597350365482e-6 4.45048016217697295e-7 1 1
7.18750000000000000e-1 -2.09987841689699408e1 -2.09987926483154297e1 -2.09987926483154297e1 1.71661372405651491e-6 1.33514402023138246e-6 1 1
7.08333253860473633e-1 -2.09987841690886263e1 -2.09987926483154297e1 -2.09987926483154297e1 4.70479335490381345e-6 3.49680590261414181e-7 1 1
6.97916746139526367e-1 -2.09987841692073083e1 -2.09987926483154297e1 -2.09987926483154297e1 1.65303549692907836e-6 3.17891448275986477e-7 1 1
6.87500000000000000e-1 -2.09987841693259867e1 -2.09987926483154297e1 -2.09987926483154297e1 1.58945715611480409e-6 1.52587892898736754e-6 1 1
6.77083253860473633e-1 -2.09987841694446615e1 -2.09987926483154297e1 -2.09987926483154297e1 3.75111903849756345e-6 6.03993726144835819e-7 1 1
6.66666746139526367e-1 -2.09987841695633328e1 -2.09987926483154297e1 -2.09987926483154297e1 1.68482461049279664e-6 5.72204612581117544e-7 1 1
6.56250000000000000e-1 -2.09987841696820077e1 -2.09987926483154297e1 -2.09987926483154297e1 3.97364283344359137e-6 3.17891448275986477e-7 1 1
6.45833253860473633e-1 -2.09987841698006754e1 -2.09987926483154297e1 -2.09987926483154297e1 5.24520874023437500e-6 6.67572010115691228e-7 1 1
6.35416746139526367e-1 -2.09987841699193432e1 -2.09987926483154297e1 -2.09987926483154297e1 2.16166176869592164e-6 2.06629442800476681e-6 2 2
6.25000000000000000e-1 -2.09987841700380073e1 -2.09987926483154297e1 -2.09987926483154297e1 7.94728578057402046e-7 9.37779759624390863e-7 9 9
6.14583253860473633e-1 -2.09987841701566680e1 -2.09987926483154297e1 -2.09987926483154297e1 6.51677453333832091e-7 3.17891448275986477e-7 9 9
6.04166746139526367e-1 -2.09987841702753286e1 -2.09987926483154297e1 -2.09987926483154297e1 5.16573607001191704e-7 3.17891448275986477e-7 3 3
5.93750000000000000e-1 -2.09987841703939822e1 -2.09987926483154297e1 -2.09987926483154297e1 3.17891448275986477e-7 3.17891448275986477e-7 3 3
5.83333253860473633e-1 -2.09987841705126357e1 -2.09987926483154297e1 -2.09987926483154297e1 4.92731714984984137e-7 6.03993726144835819e-7 2 2
5.72916746139526367e-1 -2.09987841706312892e1 -2.09987926483154297e1 -2.09987926483154297e1 3.17891448275986477e-7 3.17891448275986477e-7 1 1
5.62500000000000000e-1 -2.09987841707499356e1 -2.09987926483154297e1 -2.09987926483154297e1 5.38420863449573517e-7 5.41331246495246887e-7 1 1
5.52083253860473633e-1 -2.09987841708685821e1 -2.09987926483154297e1 -2.09987926483154297e1 1.41461691782751586e-6 3.17891448275986477e-7 2 2
5.41666746139526367e-1 -2.09987841709872285e1 -2.09987926483154297e1 -2.09987926483154297e1 9.37779759624390863e-7 6.03993726144835819e-7 2 2
5.31250000000000000e-1 -2.09987841711058678e1 -2.09987926483154297e1 -2.09987926483154297e1 3.65575147043273319e-7 9.53674316406250000e-7 2 2
5.20833253860473633e-1 -2.09987841712245071e1 -2.09987926483154297e1 -2.09987926483154297e1 1.12851455469353823e-6 3.17891448275986477e-7 2 2
5.10416746139526367e-1 -2.09987841713431429e1 -2.09987926483154297e1 -2.09987926483154297e1 7.47044907711824635e-7 6.19888282926694956e-7 2 2
5.00000000000000000e-1 -2.09987841714617787e1 -2.09987926483154297e1 -2.09987926483154297e1 4.52995294608626864e-7 6.67572010115691228e-7 2 2
4.89583253860473633e-1 -2.09987841715804073e1 -2.09987926483154297e1 -2.09987926483154297e1 7.62939464493683772e-7 4.05311595841340022e-7 2 2
4.79166746139526367e-1 -2.09987841716990360e1 -2.09987926483154297e1 -2.09987926483154297e1 1.12851455469353823e-6 5.00678993375913706e-7 2 2
4.68750000000000000e-1 -2.09987841718176647e1 -2.09987926483154297e1 -2.09987926483154297e1 3.89417010637771455e-7 3.17891448275986477e-7 2 2
4.58333253860473633e-1 -2.09987841719362898e1 -2.09987926483154297e1 -2.09987926483154297e1 6.83466566897550365e-7 3.17891448275986477e-7 2 2
4.47916746139526367e-1 -2.09987841720549078e1 -2.09987926483154297e1 -2.09987926483154297e1 8.18570470073609613e-7 3.17891448275986477e-7 2 2
4.37500000000000000e-1 -2.09987841721735329e1 -2.09987926483154297e1 -2.09987926483154297e1 8.66254197262605885e-7 3.17891448275986477e-7 2 2
4.27083253860473633e-1 -2.09987841722921438e1 -2.09987926483154297e1 -2.09987926483154297e1 9.77516151579038706e-7 3.41733283448775182e-7 2 2
4.16666746139526367e-1 -2.09987841724107582e1 -2.09987926483154297e1 -2.09987926483154297e1 5.16573607001191704e-7 3.33786005057845614e-7 2 2
4.06250000000000000e-1 -2.09987841725293727e1 -2.09987926483154297e1 -2.09987926483154297e1 3.97364289028701023e-7 3.17891448275986477e-7 2 2
3.95833253860473633e-1 -2.09987841726479765e1 -2.09987926483154297e1 -2.09987926483154297e1 4.76837158203125000e-7 3.17891448275986477e-7 2 2
3.85416746139526367e-1 -2.09987841727665838e1 -2.09987926483154297e1 -2.09987926483154297e1 8.34465026855468750e-7 3.17891448275986477e-7 2 2
3.75000000000000000e-1 -2.09987841728851841e1 -2.09987926483154297e1 -2.09987926483154297e1 7.78834021275542909e-7 3.65575147043273319e-7 2 2
3.64583253860473633e-1 -2.09987841730037879e1 -2.09987926483154297e1 -2.09987926483154297e1 3.17891448275986477e-7 3.81469732246841886e-7 2 2
3.54166746139526367e-1 -2.09987841731223845e1 -2.09987926483154297e1 -2.09987926483154297e1 5.40415442173980409e-7 4.45048016217697295e-7 2 2
3.43750000000000000e-1 -2.09987841732409812e1 -2.09987926483154297e1 -2.09987926483154297e1 3.17891448275986477e-7 3.17891448275986477e-7 2 2
3.33333253860473633e-1 -2.09987841733595744e1 -2.09987926483154297e1 -2.09987926483154297e1 4.45048016217697295e-7 3.17891448275986477e-7 3 5
3.22916746139526367e-1 -2.09987841734781675e1 -2.09987926483154297e1 -2.09987926483154297e1 5.48362720564909978e-7 3.17891448275986477e-7 3 3
3.12500000000000000e-1 -2.09987841735967535e1 -2.09987926483154297e1 -2.09987926483154297e1 3.41733283448775182e-7 3.17891448275986477e-7 3 3
3.02083253860473633e-1 -2.09987841737153396e1 -2.09987926483154297e1 -2.09987926483154297e1 4.41074377022232511e-7 3.17891448275986477e-7 3 3
2.91666746139526367e-1 -2.09987841738339291e1 -2.09987926483154297e1 -2.09987926483154297e1 3.17891448275986477e-7 3.17891448275986477e-7 3 3
2.81250000000000000e-1 -2.09987841739525081e1 -2.09987926483154297e1 -2.09987926483154297e1 3.17891448275986477e-7 3.17891448275986477e-7 3 3
2.70833253860473633e-1 -2.09987841740710799e1 -2.09987926483154297e1 -2.09987926483154297e1 3.17891448275986477e-7 3.17891448275986477e-7 4 4
2.60416746139526367e-1 -2.09987841741896588e1 -2.09987926483154297e1 -2.09987926483154297e1 3.85443371442306670e-7 3.17891448275986477e-7 3 3
2.50000000000000000e-1 -2.09987841743082342e1 -2.09987926483154297e1 -2.09987926483154297e1 3.17891448275986477e-7 3.17891448275986477e-7 3 3
2.39583253860473633e-1 -2.09987841744268025e1 -2.09987926483154297e1 -2.09987926483154297e1 3.17891448275986477e-7 3.17891448275986477e-7 4 4
2.29166746139526367e-1 -2.09987841745453707e1 -2.09987926483154297e1 -2.09987926483154297e1 3.17891448275986477e-7 3.17891448275986477e-7 4 4
2.18750000000000000e-1 -2.09987841746639425e1 -2.09987926483154297e1 -2.09987926483154297e1 3.25838726666916045e-7 3.17891448275986477e-7 4 4
2.08333253860473633e-1 -2.09987841747825001e1 -2.09987926483154297e1 -2.09987926483154297e1 4.25179791818663944e-7 3.17891448275986477e-7 3 3
1.97916746139526367e-1 -2.09987841749010649e1 -2.09987926483154297e1 -2.09987926483154297e1 5.00678993375913706e-7 3.17891448275986477e-7 3 3
1.87500000000000000e-1 -2.09987841750196225e1 -2.09987926483154297e1 -2.09987926483154297e1 3.17891448275986477e-7 3.17891448275986477e-7 3 3
1.77083253860473633e-1 -2.09987841751381765e1 -2.09987926483154297e1 -2.09987926483154297e1 4.25179791818663944e-7 3.17891448275986477e-7 4 3
1.66666746139526367e-1 -2.09987841752567306e1 -2.09987926483154297e1 -2.09987926483154297e1 3.17891448275986477e-7 3.17891448275986477e-7 3 3
1.56250000000000000e-1 -2.09987841753752811e1 -2.09987926483154297e1 -2.09987926483154297e1 3.17891448275986477e-7 3.17891448275986477e-7 2 2
1.45833253860473633e-1 -2.09987841754938351e1 -2.09987926483154297e1 -2.09987926483154297e1 4.37100737826767727e-7 4.37100737826767727e-7 2 2
1.35416746139526367e-1 -2.09987841756123750e1 -2.09987926483154297e1 -2.09987926483154297e1 3.17891448275986477e-7 3.17891448275986477e-7 2 2
1.25000000000000000e-1 -2.09987841757309184e1 -2.09987926483154297e1 -2.09987926483154297e1 3.17891448275986477e-7 5.40415442173980409e-7 2 2
1.14583253860473633e-1 -2.09987841758494582e1 -2.09987926483154297e1 -2.09987926483154297e1 3.17891448275986477e-7 3.17891448275986477e-7 2 2
1.04166746139526367e-1 -2.09987841759679981e1 -2.09987926483154297e1 -2.09987926483154297e1 4.84784436594054569e-7 3.17891448275986477e-7 2 2
9.37500000000000000e-2 -2.09987841760865308e1 -2.09987926483154297e1 -2.09987926483154297e1 5.72204612581117544e-7 4.60942572999556432e-7 2 2
8.33332538604736328e-2 -2.09987841762050635e1 -2.09987926483154297e1 -2.09987926483154297e1 3.17891448275986477e-7 3.97364289028701023e-7 2 2
7.29167461395263672e-2 -2.09987841763235963e1 -2.09987926483154297e1 -2.09987926483154297e1 3.49680590261414181e-7 3.49680590261414181e-7 2 2
6.25000000000000000e-2 -2.09987841764421290e1 -2.09987926483154297e1 -2.09987926483154297e1 3.17891448275986477e-7 3.17891448275986477e-7 2 2
5.20832538604736328e-2 -2.09987841765606511e1 -2.09987926483154297e1 -2.09987926483154297e1 4.61935997009277344e-7 3.89417010637771455e-7 2 2
4.16667461395263672e-2 -2.09987841766791732e1 -2.09987926483154297e1 -2.09987926483154297e1 7.39097572477476206e-7 5.64257277346769115e-7 2 2
3.12500000000000000e-2 -2.09987841767976953e1 -2.09987926483154297e1 -2.09987926483154297e1 4.22696274426925811e-7 3.17891448275986477e-7 2 2
2.08332538604736328e-2 -2.09987841769162138e1 -2.09987926483154297e1 -2.09987926483154297e1 5.08626328610262135e-7 9.21885145999112865e-7 2 2
1.04167461395263672e-2 -2.09987841770347288e1 -2.09987926483154297e1 -2.09987926483154297e1 1.39872236104565673e-6 7.31150294086546637e-7 2 2
0.00000000000000000e0 -2.09987841771532437e1 -2.09987926483154297e1 -2.09987926483154297e1 1.27156579310394591e-6 9.53674316406250000e-7 2 2
-1.04167461395263672e-2 -2.09987841772717587e1 -2.09987926483154297e1 -2.09987926483154297e1 3.17891448275986477e-7 8.10623191682680044e-7 2 2
-2.08332538604736328e-2 -2.09987841773902630e1 -2.09987926483154297e1 -2.09987926483154297e1 3.17891448275986477e-7 8.90096032435394591e-7 2 2
-3.12500000000000000e-2 -2.09987841775087674e1 -2.09987926483154297e1 -2.09987926483154297e1 6.99361180522828363e-7 3.17891448275986477e-7 2 2
-4.16667461395263672e-2 -2.09987841776272752e1 -2.09987926483154297e1 -2.09987926483154297e1 3.65575147043273319e-7 7.47044907711824635e-7 2 2
-5.20832538604736328e-2 -2.09987841777457724e1 -2.09987926483154297e1 -2.09987926483154297e1 6.51677453333832091e-7 4.60942572999556432e-7 2 2
-6.25000000000000000e-2 -2.09987841778642697e1 -2.09987926483154297e1 -2.09987926483154297e1 9.69568873188109137e-7 8.90096032435394591e-7 2 2
-7.29167461395263672e-2 -2.09987841779827669e1 -2.09987926483154297e1 -2.09987926483154297e1 1.30335490666766418e-6 6.83466566897550365e-7 2 2
-8.33332538604736328e-2 -2.09987841781012570e1 -2.09987926483154297e1 -2.09987926483154297e1 1.93913774637621827e-6 5.56309998955839546e-7 2 2
-9.37500000000000000e-2 -2.09987841782197506e1 -2.09987926483154297e1 -2.09987926483154297e1 8.74201475653535454e-7 6.99361180522828363e-7 2 2
-1.04166746139526367e-1 -2.09987841783382372e1 -2.09987926483154297e1 -2.09987926483154297e1 4.00177668780088425e-7 9.05990589217253728e-7 2 2
-1.14583253860473633e-1 -2.09987841784567237e1 -2.09987926483154297e1 -2.09987926483154297e1 2.81333927887317259e-6 5.40415442173980409e-7 2 2
-1.25000000000000000e-1 -2.09987841785752067e1 -2.09987926483154297e1 -2.09987926483154297e1 5.03496266901493073e-7 9.85463429969968274e-7 2 2
-1.35416746139526367e-1 -2.09987841786936862e1 -2.09987926483154297e1 -2.09987926483154297e1 2.49544768848863896e-6 9.69568873188109137e-7 2 2
-1.45833253860473633e-1 -2.09987841788121656e1 -2.09987926483154297e1 -2.09987926483154297e1 6.25732354819774628e-7 6.34463503956794739e-7 2 2
-1.56250000000000000e-1 -2.09987841789306415e1 -2.09987926483154297e1 -2.09987926483154297e1 7.04312697052955627e-7 7.78834021275542909e-7 2 2
-1.66666746139526367e-1 -2.09987841790491139e1 -2.09987926483154297e1 -2.09987926483154297e1 2.16166176869592164e-6 7.85803422331809998e-7 2 2
-1.77083253860473633e-1 -2.09987841791675862e1 -2.09987926483154297e1 -2.09987926483154297e1 1.33514402023138246e-6 9.05129127204418182e-7 2 2
-1.87500000000000000e-1 -2.09987841792860515e1 -2.09987926483154297e1 -2.09987926483154297e1 9.69157554209232330e-7 9.74978320300579071e-7 2 2
-1.97916746139526367e-1 -2.09987841794045167e1 -2.09987926483154297e1 -2.09987926483154297e1 1.09430402517318726e-6 1.07102096080780029e-6 2 2
-2.08333253860473633e-1 -2.09987841795229819e1 -2.09987926483154297e1 -2.09987926483154297e1 1.17579475045204163e-6 1.21362973004579544e-6 2 2
-2.18750000000000000e-1 -2.09987841796414436e1 -2.09987926483154297e1 -2.09987926483154297e1 1.31258275359869003e-6 1.35332811623811722e-6 2 2
-2.29166746139526367e-1 -2.09987841797598982e1 -2.09987926483154297e1 -2.09987926483154297e1 3.97364289028701023e-7 3.17891448275986477e-7 3 3
-2.39583253860473633e-1 -2.09987841798783563e1 -2.09987926483154297e1 -2.09987926483154297e1 9.53674316406250000e-7 4.76837158203125000e-7 3 3
-2.50000000000000000e-1 -2.09987841799968109e1 -2.09987926483154297e1 -2.09987926483154297e1 4.45048016217697295e-7 5.72204612581117544e-7 3 3
-2.60416746139526367e-1 -2.09987841801152619e1 -2.09987926483154297e1 -2.09987926483154297e1 8.26517748464539181e-7 7.31150294086546637e-7 3 3
-2.70833253860473633e-1 -2.09987841802337059e1 -2.09987926483154297e1 -2.09987926483154297e1 1.27156579310394591e-6 1.17619833872595336e-6 3 3
-2.81250000000000000e-1 -2.09987841803521569e1 -2.09987926483154297e1 -2.09987926483154297e1 1.97092685993993655e-6 1.65303549692907836e-6 3 3
-2.91666746139526367e-1 -2.09987841804705937e1 -2.09987926483154297e1 -2.09987926483154297e1 2.63849892689904664e-6 2.60670981333532836e-6 3 3
-3.02083253860473633e-1 -2.09987841805890412e1 -2.09987926483154297e1 -2.09987926483154297e1 3.36964922098559327e-6 3.59217324330529664e-6 3 3
-3.12500000000000000e-1 -2.09987841807062026e1 -2.09987926483154297e1 -2.09987926483154297e1 5.14984139954322018e-6 4.99089537697727792e-6 3 3
-3.22916746139526367e-1 -2.09984141051489139e1 -2.09984073638916016e1 -2.09984149932861328e1 6.07967365340300603e-7 1.55766804255108582e-6 6 6
-3.33333253860473633e-1 1.30198235961570372e1 1.30251283645629883e1 1.30211181640625000e1 6.23861933490843512e-6 5.96046447753906250e-6 8 8
-3.43750000000000000e-1 1.69970741710555089e1 1.69959621429443359e1 1.69968090057373047e1 8.58306862028257456e-7 1.01725265722052427e-6 7 7
-3.54166746139526367e-1 1.63682712411339999e1 1.63679504394531250e1 1.63682174682617188e1 1.23977656585338991e-6 4.45048016217697295e-7 6 6
-3.64583253860473633e-1 1.65669479791160406e1 1.65669536590576172e1 1.65669822692871094e1 4.29153442382812500e-6 4.29153442382812500e-6 6 6
-3.75000000000000000e-1 1.70277479142239017e1 1.70277385711669922e1 1.70277614593505859e1 2.41597490457934327e-6 1.39872236104565673e-6 7 7
-3.85416746139526367e-1 1.74947827932393913e1 1.74947757720947266e1 1.74948024749755859e1 1.90734863281250000e-6 7.31150294086546637e-7 7 7
-3.95833253860473633e-1 1.79528793578199100e1 1.79528656005859375e1 1.79528999328613281e1 1.11261999791167909e-6 1.46230058817309327e-6 7 7
-4.06250000000000000e-1 1.84082241762092593e1 1.84082126617431641e1 1.84082489013671875e1 1.55766804255108582e-6 2.86102306290558772e-7 7 7
-4.16666746139526367e-1 1.88617517010636710e1 1.88617458343505859e1 1.88617801666259766e1 1.43051147460937500e-6 3.97364289028701023e-7 7 7
-4.27083253860473633e-1 1.93126246958911914e1 1.93126201629638672e1 1.93126583099365234e1 1.62124638336536009e-6 1.74840295130707091e-6 7 7
-4.37500000000000000e-1 1.97590968527713429e1 1.97590885162353516e1 1.97591247558593750e1 1.46230058817309327e-6 1.39872236104565673e-6 7 7
-4.47916746139526367e-1 2.01967712671965316e1 2.01967716217041016e1 2.01967964172363281e1 3.46501678905042354e-6 5.84986992180347443e-7 7 7
-4.58333253860473633e-1 2.06102483998834636e1 2.06102447509765625e1 2.06102733612060547e1 1.04904177078424254e-6 1.33514402023138246e-6 8 8
-4.68750000000000000e-1 2.09233041763559733e1 2.09233016967773438e1 2.09233169555664062e1 8.87666828930377960e-7 1.36693313379510073e-6 7 7
-4.79166746139526367e-1 2.09968524649485566e1 2.09968528747558594e1 2.09968528747558594e1 1.49408981542364927e-6 1.09430402517318726e-6 6 6
-4.89583253860473633e-1 2.09987744573722885e1 2.09987773895263672e1 2.09987773895263672e1 1.33295543491840363e-6 1.36693313379510073e-6 5 5
-5.00000000000000000e-1 2.09987842187517941e1 2.09987773895263672e1 2.09987773895263672e1 5.91278057981980965e-6 1.55123416334390640e-6 4 4
-5.10416746139526367e-1 2.09987841800676485e1 2.09987773895263672e1 2.09987773895263672e1 1.92958395928144455e-6 1.89465936273336411e-6 4 4
-5.20833253860473633e-1 2.09987841877915642e1 2.09987773895263672e1 2.09987773895263672e1 9.53674316406250000e-7 1.01725265722052427e-6 4 4
-5.31250000000000000e-1 2.09987841884733122e1 2.09987773895263672e1 2.09987773895263672e1 3.56038412974157836e-6 1.71661372405651491e-6 4 4
-5.41666746139526367e-1 2.09987841885673703e1 2.09987773895263672e1 2.09987773895263672e1 2.79744472209131345e-6 2.79744472209131345e-6 4 4
-5.52083253860473633e-1 2.09987841886825066e1 2.09987773895263672e1 2.09987773895263672e1 4.95910626341355965e-6 4.76837158203125000e-6 4 4
-5.62500000000000000e-1 2.09987841888008262e1 2.09987773895263672e1 2.09987773895263672e1 1.81198117843450746e-6 1.01725265722052427e-6 5 5
-5.72916746139526367e-1 2.09987841889191067e1 2.09987773895263672e1 2.09987773895263672e1 1.71661372405651491e-6 1.01725265722052427e-6 5 5
-5.83333253860473633e-1 2.09987841890373694e1 2.09987773895263672e1 2.09987773895263672e1 1.01725265722052427e-6 1.27156579310394591e-6 5 5
-5.93750000000000000e-1 2.09987841891556322e1 2.09987773895263672e1 2.09987773895263672e1 7.23203015695617069e-7 1.23977656585338991e-6 5 5
-6.04166746139526367e-1 2.09987841892738842e1 2.09987773895263672e1 2.09987773895263672e1 5.21341962667065673e-6 1.55766804255108582e-6 5 5
-6.14583253860473633e-1 2.09987841893921399e1 2.09987773895263672e1 2.09987773895263672e1 3.27428188029443845e-6 1.74840295130707091e-6 5 5
-6.25000000000000000e-1 2.09987841895103919e1 2.09987773895263672e1 2.09987773895263672e1 2.25702910938707646e-6 1.49408981542364927e-6 5 5
-6.35416746139526367e-1 2.09987841896286405e1 2.09987773895263672e1 2.09987773895263672e1 6.91413902131898794e-7 3.17891448275986477e-7 5 5
-6.45833253860473633e-1 2.09987841897468890e1 2.09987773895263672e1 2.09987773895263672e1 3.36964922098559327e-6 5.40415442173980409e-7 5 5
-6.56250000000000000e-1 2.09987841898651340e1 2.09987773895263672e1 2.09987773895263672e1 1.42256419621844543e-6 4.45048016217697295e-7 5 5
