# input reference p6 p7 residual6 residual7 iterations6 iterations7
0.00000000000000000e0 0.00000000000000000e0 0.00000000000000000e0 0.00000000000000000e0 0.00000000000000000e0 0.00000000000000000e0 0 0
1.04166276287287474e-3 -8.38042978378205211e-2 -8.38042944669723511e-2 -8.38042944669723511e-2 1.45907206317019700e-8 8.87860895915082438e-9 1 1
2.08333740010857582e-3 -3.55203558109315976e-1 -3.55203568935394287e-1 -3.55203568935394287e-1 8.94069707157996163e-9 4.22199564198422195e-9 2 2
3.12500004656612873e-3 -8.51034422888218067e-1 -8.51034402847290039e-1 -8.51034522056579590e-1 4.07298408333645057e-8 2.18550368913383863e-8 2 2
4.16666269302368164e-3 -1.52949482919673430e0 -1.52949535846710205e0 -1.52949512004852295e0 7.84794522701304231e-8 3.87430176829184347e-8 2 2
5.20833721384406090e-3 -2.30661039845380422e0 -2.30661058425903320e0 -2.30661082267761230e0 2.18550368913383863e-8 9.53674330617104715e-8 2 2
6.25000009313225746e-3 -3.09056706263513270e0 -3.09057354927062988e0 -3.09057402610778809e0 2.18550368913383863e-7 3.97364310344983096e-8 2 2
7.29166297242045403e-3 -3.79377902483685103e0 -3.79378843307495117e0 -3.79378962516784668e0 1.88748046525688551e-7 3.37759651358737756e-8 3 3
8.33333749324083328e-3 -4.33802090023672005e0 -4.33802843093872070e0 -4.33803033828735352e0 5.96046447753906250e-8 7.94728620689966192e-8 3 3
9.37500037252902985e-3 -4.67714217128099907e0 -4.67714595794677734e0 -4.67714643478393555e0 1.98682144514350512e-7 5.56310020272121619e-8 3 3
1.04166632518172264e-2 -4.81814975888572405e0 -4.81814861297607422e0 -4.81815671920776367e0 1.58945724137993238e-7 2.58286796395168494e-8 3 5
1.14583373069763184e-2 -4.81084537595421224e0 -4.81084299087524414e0 -4.81086111068725586e0 1.56958904540260846e-7 5.96046447753906250e-8 3 4
1.25000001862645149e-2 -4.71759580511339394e0 -4.71759891510009766e0 -4.71761560440063477e0 1.54972070731673739e-7 9.93410722571752558e-8 2 2
1.35416630655527115e-2 -4.58942438096701188e0 -4.58943128585815430e0 -4.58944082260131836e0 2.62260442696060636e-7 1.54972070731673739e-7 2 2
1.45833371207118034e-2 -4.45810303990254475e0 -4.45811128616333008e0 -4.45811223983764648e0 9.93410722571752558e-8 1.31130221348030318e-7 2 2
1.56250000000000000e-2 -4.33917609852217190e0 -4.33918285369873047e0 -4.33917808532714844e0 1.98682144514350512e-7 7.94728620689966192e-8 2 2
1.66666638106107712e-2 -4.23819082985463691e0 -4.23819255828857422e0 -4.23818778991699219e0 6.75519302717475512e-8 2.94049584681488341e-7 2 2
1.77083369344472885e-2 -4.15579474698709994e0 -4.15579462051391602e0 -4.15578937530517578e0 1.31130221348030318e-7 1.11262004054424324e-7 2 2
1.87500007450580597e-2 -4.09071117690647590e0 -4.09070968627929688e0 -4.09070491790771484e0 2.50339496687956853e-7 2.18550368913383863e-7 2 2
1.97916626930236816e-2 -4.04112157573200381e0 -4.04111909866333008e0 -4.04111480712890625e0 2.82128638673384557e-7 1.50998431536208955e-7 2 2
2.08333376795053482e-2 -4.00518964295842661e0 -4.00518703460693359e0 -4.00518321990966797e0 2.78154999477919773e-7 4.47034835815429688e-8 2 2
2.18749996274709702e-2 -3.98121857403110768e0 -3.98121666908264160e0 -3.98121309280395508e0 2.78154999477919773e-7 1.50998431536208955e-7 2 2
2.29166634380817413e-2 -3.96768198333795397e0 -3.96768164634704590e0 -3.96767735481262207e0 1.50998431536208955e-7 2.78155010136060810e-8 2 2
2.39583384245634079e-2 -3.96322055480770707e0 -3.96322083473205566e0 -3.96321702003479004e0 1.29143401750297926e-7 1.50998431536208955e-7 2 2
2.50000003725290298e-2 -3.96662975976894128e0 -3.96663141250610352e0 -3.96662735939025879e0 8.94069671630859375e-8 1.31130221348030318e-7 2 2
2.60416623204946518e-2 -3.97684812832253476e0 -3.97685003280639648e0 -3.97684597969055176e0 2.14576715507064364e-7 1.82787573521636659e-7 2 2
2.70833373069763184e-2 -3.99294631208147699e0 -3.99294853210449219e0 -3.99294447898864746e0 1.62919363333458023e-7 4.96705361285876279e-8 2 2
2.81250011175870895e-2 -4.01411362669351668e0 -4.01411676406860352e0 -4.01411199569702148e0 2.26497647304313432e-7 5.96046447753906250e-8 2 2
2.91666630655527115e-2 -4.03964550424461688e0 -4.03964757919311523e0 -4.03964376449584961e0 4.52995294608626864e-7 5.96046447753906250e-8 2 2
3.02083380520343781e-2 -4.06893254128323267e0 -4.06893491744995117e0 -4.06893157958984375e0 7.90754938861937262e-7 1.90734866123420943e-7 2 2
3.12500000000000000e-2 -4.10144802526762131e0 -4.10144996643066406e0 -4.10144710540771484e0 2.90075945486023556e-7 2.78154999477919773e-7 2 2
3.22916619479656219e-2 -4.13673746993193436e0 -4.13673973083496094e0 -4.13673686981201172e0 2.78154999477919773e-7 7.15255765726396930e-8 2 2
3.33333387970924377e-2 -4.17441021176237825e0 -4.17441082000732422e0 -4.17440938949584961e0 3.57627882863198465e-8 1.54972070731673739e-7 2 2
3.43750007450580597e-2 -4.21412958130369297e0 -4.21413135528564453e0 -4.21412897109985352e0 6.03993726144835819e-7 1.35103860543495102e-7 2 2
3.54166626930236816e-2 -4.25560551039274237e0 -4.25560855865478516e0 -4.25560426712036133e0 2.98023223876953125e-7 6.55651106740151590e-8 2 2
3.64583395421504974e-2 -4.29858923246652935e0 -4.29859256744384766e0 -4.29858875274658203e0 2.32458120308365324e-7 9.53674330617104715e-8 2 2
3.75000014901161194e-2 -4.34286630964624631e0 -4.34286928176879883e0 -4.34286642074584961e0 4.68889879812195431e-7 3.29812365862380830e-7 2 2
3.85416634380817413e-2 -4.38825177841340697e0 -4.38825654983520508e0 -4.38825321197509766e0 1.54972070731673739e-7 1.23182928746246034e-7 2 2
3.95833365619182587e-2 -4.43458695742592468e0 -4.43459177017211914e0 -4.43458890914916992e0 1.98682144514350512e-7 7.94728620689966192e-8 2 2
4.06250022351741791e-2 -4.48173499767418093e0 -4.48173904418945312e0 -4.48173570632934570e0 2.50339496687956853e-7 2.34444939906097716e-7 2 2
4.16666641831398010e-2 -4.52957740515737139e0 -4.52958011627197266e0 -4.52957773208618164e0 4.88758075789519353e-7 8.94069671630859375e-8 2 2
4.27083373069763184e-2 -4.57801228589166787e0 -4.57801532745361328e0 -4.57801294326782227e0 5.64257277346769115e-7 1.07288357753532182e-7 2 2
4.37499992549419403e-2 -4.62695127503597892e0 -4.62695312500000000e0 -4.62695217132568359e0 2.70207721086990205e-7 2.10603076311599580e-7 2 2
4.47916649281978607e-2 -4.67631780632072580e0 -4.67632102966308594e0 -4.67631912231445312e0 3.37759644253310398e-7 3.29812365862380830e-7 2 2
4.58333380520343781e-2 -4.72604592570298365e0 -4.72604799270629883e0 -4.72604751586914062e0 9.93410722571752558e-8 7.94728620689966192e-8 2 2
4.68750000000000000e-2 -4.77607793719661711e0 -4.77608013153076172e0 -4.77607917785644531e0 7.94728620689966192e-8 1.78813934326171875e-7 2 2
4.79166619479656219e-2 -4.82636341492970722e0 -4.82636499404907227e0 -4.82636594772338867e0 4.76837158203125000e-7 1.07288357753532182e-7 2 2
4.89583387970924377e-2 -4.87685921101340814e0 -4.87686014175415039e0 -4.87686061859130859e0 2.58286803500595852e-7 1.86761226927956159e-7 2 2
5.00000007450580597e-2 -4.92752722386290465e0 -4.92752695083618164e0 -4.92752790451049805e0 1.72853475532974699e-7 2.50339496687956853e-7 2 2
5.10416626930236816e-2 -4.97833372795199125e0 -4.97833395004272461e0 -4.97833347320556641e0 1.58945724137993238e-7 5.96046447753906250e-8 2 2
5.20833395421504974e-2 -5.02924991703075186e0 -5.02924919128417969e0 -5.02925014495849609e0 1.19209289550781250e-7 8.34465012644614035e-8 2 2
5.31250014901161194e-2 -5.08025010171394253e0 -5.08024883270263672e0 -5.08024930953979492e0 5.56310020272121619e-8 2.30471286499778216e-7 2 2
5.41666634380817413e-2 -5.13131131299079435e0 -5.13131141662597656e0 -5.13131046295166016e0 5.88099169362976681e-7 8.54333208621937956e-8 2 2
5.52083365619182587e-2 -5.18241390526816037e0 -5.18241310119628906e0 -5.18241405487060547e0 3.45706951065949397e-7 1.39077499738959887e-7 2 2
5.62500022351741791e-2 -5.23354042282954612e0 -5.23354005813598633e0 -5.23354196548461914e0 1.68879822126655199e-7 1.78813934326171875e-7 3 2
5.72916641831398010e-2 -5.28467497637734507e0 -5.28467607498168945e0 -5.28467607498168945e0 1.90734866123420943e-7 7.94728620689966192e-8 2 2
5.83333373069763184e-2 -5.33580388914401471e0 -5.33580541610717773e0 -5.33580398559570312e0 2.02655797920670011e-7 9.93410722571752558e-8 2 2
5.93749992549419403e-2 -5.38691471917519671e0 -5.38692474365234375e0 -5.38691568374633789e0 3.01996863072417909e-7 1.07288357753532182e-7 4 2
6.04166649281978607e-2 -5.43799630390741484e0 -5.43800544738769531e0 -5.43799638748168945e0 1.19209289550781250e-7 1.31130221348030318e-7 2 2
6.14583380520343781e-2 -5.48903907439775818e0 -5.48904323577880859e0 -5.48904037475585938e0 3.49680590261414181e-7 7.94728620689966192e-8 2 2
6.25000000000000000e-2 -5.54003401874592960e0 -5.54003334045410156e0 -5.54003524780273438e0 2.54313164305131068e-7 5.96046447753906250e-8 2 2
6.35416656732559204e-2 -5.59097294122458521e0 -5.59097051620483398e0 -5.59097385406494141e0 3.17891448275986477e-7 9.93410722571752558e-8 2 2
6.45833387970924377e-2 -5.64184891657033383e0 -5.64184474945068359e0 -5.64185094833374023e0 7.94728620689966192e-8 1.11262004054424324e-7 2 2
6.56250044703483582e-2 -5.69265543266459328e0 -5.69265174865722656e0 -5.69265699386596680e0 3.37759644253310398e-7 8.74201475653535454e-8 2 2
6.66666626930236816e-2 -5.74338605437853555e0 -5.74338293075561523e0 -5.74338722229003906e0 5.28494524587586056e-7 1.07288357753532182e-7 2 2
6.77083358168601990e-2 -5.79403562234645175e0 -5.79403400421142578e0 -5.79403543472290039e0 1.78813934326171875e-7 1.66893002528922807e-7 2 2
6.87500014901161194e-2 -5.84459945517067858e0 -5.84459733963012695e0 -5.84459781646728516e0 3.67561966641005711e-7 1.23182928746246034e-7 2 2
6.97916671633720398e-2 -5.89507298427386939e0 -5.89507150650024414e0 -5.89507102966308594e0 2.34444939906097716e-7 2.74181360282454989e-7 3 2
7.08333402872085571e-2 -5.94545222758800307e0 -5.94545030593872070e0 -5.94545078277587891e0 1.35103860543495102e-7 3.05970502267882694e-7 3 2
7.18749985098838806e-2 -5.99573297447694475e0 -5.99573278427124023e0 -5.99573135375976562e0 2.98023223876953125e-7 9.53674330617104715e-8 2 2
7.29166641831398010e-2 -6.04591152445372959e0 -6.04591321945190430e0 -6.04591083526611328e0 3.29812365862380830e-7 1.07288357753532182e-7 2 2
7.39583373069763184e-2 -6.09598508147068507e0 -6.09599828720092773e0 -6.09598445892333984e0 2.26497647304313432e-7 1.43051153145279386e-7 2 2
7.50000029802322388e-2 -6.14595073948458293e0 -6.14596176147460938e0 -6.14594984054565430e0 2.46365857492492069e-7 9.93410722571752558e-8 2 2
7.60416612029075623e-2 -6.19580517353566407e0 -6.19581031799316406e0 -6.19580411911010742e0 2.38418579101562500e-7 5.96046447753906250e-8 2 2
7.70833417773246765e-2 -6.24554621887805528e0 -6.24554824829101562e0 -6.24554443359375000e0 2.10603076311599580e-7 7.94728620689966192e-8 2 2
7.81250000000000000e-2 -6.29517125238451403e0 -6.29517221450805664e0 -6.29517126083374023e0 2.78154999477919773e-7 4.52995294608626864e-7 2 2
7.91666656732559204e-2 -6.34467767773058711e0 -6.34467744827270508e0 -6.34468698501586914e0 2.40405398699294892e-7 2.46365857492492069e-7 2 2
8.02083387970924377e-2 -6.39406362231207215e0 -6.39406394958496094e0 -6.39407348632812500e0 7.94728620689966192e-8 1.66893002528922807e-7 2 2
8.12500044703483582e-2 -6.44332710491341487e0 -6.44332838058471680e0 -6.44333934783935547e0 2.18550368913383863e-7 2.62260442696060636e-7 2 2
8.22916626930236816e-2 -6.49246571174905807e0 -6.49246978759765625e0 -6.49247503280639648e0 4.45048016217697295e-7 3.17891448275986477e-7 2 2
8.33333358168601990e-2 -6.54147783653897186e0 -6.54148149490356445e0 -6.54148101806640625e0 3.57627868652343750e-7 1.90734866123420943e-7 2 2
8.43750014901161194e-2 -6.59036196207184588e0 -6.59036588668823242e0 -6.59036207199096680e0 2.78154999477919773e-7 8.14596816667290113e-8 2 2
8.54166671633720398e-2 -6.63911636058054899e0 -6.63912773132324219e0 -6.63911533355712891e0 2.98023223876953125e-7 3.81469732246841886e-7 2 2
8.64583402872085571e-2 -6.68773960252409072e0 -6.68775129318237305e0 -6.68774652481079102e0 1.98682144514350512e-7 1.59707269631326199e-7 2 2
8.74999985098838806e-2 -6.73622978310792941e0 -6.73624420166015625e0 -6.73623657226562500e0 2.60273623098328244e-7 3.09944141463347478e-7 2 2
8.85416641831398010e-2 -6.78458528038989250e0 -6.78460168838500977e0 -6.78458881378173828e0 2.14576715507064364e-7 7.94728620689966192e-8 2 2
8.95833373069763184e-2 -6.83280516559181983e0 -6.83281469345092773e0 -6.83280563354492188e0 3.37759644253310398e-7 2.14576715507064364e-7 2 2
9.06250029802322388e-2 -6.88088822353262053e0 -6.88088989257812500e0 -6.88088607788085938e0 2.70207721086990205e-7 2.62260442696060636e-7 2 2
9.16666612029075623e-2 -6.92883267196806329e0 -6.92883729934692383e0 -6.92882919311523438e0 2.06629437116134795e-7 1.74840295130707091e-7 2 2
9.27083417773246765e-2 -6.97663773808999110e0 -6.97664690017700195e0 -6.97664499282836914e0 3.49680590261414181e-7 2.17551132664084435e-7 2 2
9.37500000000000000e-2 -7.02430207026003828e0 -7.02431726455688477e0 -7.02431011199951172e0 3.73522453855912318e-7 2.06629437116134795e-7 2 2
9.47916656732559204e-2 -7.07182423588790599e0 -7.07184219360351562e0 -7.07182884216308594e0 2.30471286499778216e-7 9.93410722571752558e-8 2 2
9.58333387970924377e-2 -7.11920342012687346e0 -7.11921405792236328e0 -7.11920356750488281e0 9.33806134639780794e-8 2.46365857492492069e-7 2 2
9.68750044703483582e-2 -7.16643861147306804e0 -7.16645431518554688e0 -7.16643667221069336e0 2.68846633844077587e-7 7.94728620689966192e-8 2 2
9.79166626930236816e-2 -7.21352829378661031e0 -7.21353816986083984e0 -7.21353197097778320e0 6.75519288506620796e-7 1.34605215862393379e-7 2 2
9.89583358168601990e-2 -7.26047168107374929e0 -7.26048421859741211e0 -7.26048564910888672e0 2.64117261394858360e-7 2.59024091064929962e-7 1 1
1.00000001490116119e-1 -7.30726801039136475e0 -7.30728912353515625e0 -7.30729103088378906e0 2.65572452917695045e-7 2.62662069872021675e-7 1 1
9.89583283662796021e-2 -7.27771388605713998e0 -7.27772474288940430e0 -7.27772808074951172e0 3.89417010637771455e-7 4.05311595841340022e-7 2 2
9.79166775941848755e-2 -7.11909366200123284e0 -7.11909389495849609e0 -7.11909627914428711e0 5.16573607001191704e-7 1.74840295130707091e-7 2 2
9.68750044703483582e-2 -6.85845585871740671e0 -6.85844850540161133e0 -6.85845232009887695e0 4.13258874232269591e-7 5.64257277346769115e-7 2 2
9.58333238959312439e-2 -6.56155773649799379e0 -6.56154727935791016e0 -6.56155014038085938e0 2.46365857492492069e-7 5.56310020272121619e-8 2 2
9.47916731238365173e-2 -6.28210812101753024e0 -6.28209877014160156e0 -6.28210115432739258e0 4.45048016217697295e-7 3.81469732246841886e-7 2 2
9.37500000000000000e-2 -6.04530393602082583e0 -6.04529714584350586e0 -6.04529762268066406e0 1.27156582152565534e-7 5.88099169362976681e-7 2 2
9.27083268761634827e-2 -5.85499271033954738e0 -5.85498762130737305e0 -5.85498762130737305e0 2.46365857492492069e-7 1.03314718558067398e-7 2 2
9.16666761040687561e-2 -5.70524063417570382e0 -5.70523643493652344e0 -5.70523595809936523e0 3.57627868652343750e-7 2.06629437116134795e-7 2 2
9.06250029802322388e-2 -5.58783125669804814e0 -5.58782958984375000e0 -5.58782625198364258e0 4.64916240616730647e-7 7.15255765726396930e-8 2 2
8.95833298563957214e-2 -5.49537718322480018e0 -5.49537706375122070e0 -5.49537324905395508e0 6.91413902131898794e-7 1.39077499738959887e-7 2 2
8.85416790843009949e-2 -5.42201924609756958e0 -5.42202138900756836e0 -5.42201566696166992e0 4.76837158203125000e-7 6.75519302717475512e-8 2 2
8.74999985098838806e-2 -5.36324940129073724e0 -5.36325359344482422e0 -5.36324691772460938e0 2.10603076311599580e-7 1.86761226927956159e-7 2 2
8.64583253860473633e-2 -5.31558051253639707e0 -5.31558513641357422e0 -5.31557989120483398e0 2.18550368913383863e-7 5.96046447753906250e-8 2 2
8.54166746139526367e-2 -5.27627864513977141e0 -5.27628469467163086e0 -5.27627849578857422e0 1.78813934326171875e-7 1.90734866123420943e-7 2 2
8.43750014901161194e-2 -5.24317561890215167e0 -5.24318122863769531e0 -5.24317502975463867e0 2.58286803500595852e-7 2.98023223876953125e-7 2 2
8.33333283662796021e-2 -5.21454313127356173e0 -5.21454811096191406e0 -5.21454286575317383e0 3.17891448275986477e-7 3.97364310344983096e-8 2 2
8.22916775941848755e-2 -5.18900442556562425e0 -5.18901062011718750e0 -5.18900394439697266e0 2.26497647304313432e-7 6.35782910762827669e-8 2 2
8.12500044703483582e-2 -5.16546387588053335e0 -5.16546916961669922e0 -5.16546249389648438e0 2.86102306290558772e-7 7.94728620689966192e-8 2 2
8.02083238959312439e-2 -5.14305237111812463e0 -5.14305543899536133e0 -5.14305114746093750e0 2.46365857492492069e-7 1.27156582152565534e-7 2 2
7.91666731238365173e-2 -5.12108558628141619e0 -5.12108898162841797e0 -5.12108469009399414e0 1.49011611938476562e-7 2.34444939906097716e-7 2 2
7.81250000000000000e-2 -5.09902584291569472e0 -5.09902763366699219e0 -5.09902524948120117e0 1.94708505318885727e-7 9.93410722571752558e-8 2 2
7.70833268761634827e-2 -5.07645230295249217e0 -5.07645273208618164e0 -5.07645130157470703e0 9.77516151579038706e-7 2.06629437116134795e-7 2 2
7.60416761040687561e-2 -5.05303855676338021e0 -5.05303812026977539e0 -5.05303907394409180e0 1.82787573521636659e-7 1.31130221348030318e-7 2 2
7.50000029802322388e-2 -5.02853109734171699e0 -5.02853250503540039e0 -5.02853155136108398e0 1.70866641724387591e-7 9.53674330617104715e-8 2 2
7.39583298563957214e-2 -5.00273338607460882e0 -5.00273561477661133e0 -5.00273418426513672e0 2.30471286499778216e-7 3.05970502267882694e-7 2 2
7.29166790843009949e-2 -4.97549450470167276e0 -4.97549533843994141e0 -4.97549676895141602e0 6.55651092529296875e-7 7.94728620689966192e-8 2 2
7.18749985098838806e-2 -4.94669607754047647e0 -4.94669914245605469e0 -4.94669771194458008e0 5.96046447753906250e-8 2.70207721086990205e-7 2 2
7.08333253860473633e-2 -4.91624411414954210e0 -4.91624736785888672e0 -4.91624498367309570e0 2.16563549315651471e-7 1.15235643249889108e-7 2 2
6.97916746139526367e-2 -4.88406330618110207e0 -4.88406610488891602e0 -4.88406324386596680e0 3.09944141463347478e-7 3.01996863072417909e-7 2 2
6.87500014901161194e-2 -4.85008844127852878e0 -4.85009050369262695e0 -4.85008907318115234e0 3.29812365862380830e-7 2.34444939906097716e-7 2 2
6.77083283662796021e-2 -4.81425908183518025e0 -4.81426286697387695e0 -4.81425952911376953e0 2.10603076311599580e-7 1.39077499738959887e-7 2 2
6.66666775941848755e-2 -4.77651691185315652e0 -4.77652168273925781e0 -4.77651739120483398e0 1.41064319336692279e-7 4.96705361285876279e-8 2 2
6.56250044703483582e-2 -4.73679960374995801e0 -4.73680353164672852e0 -4.73679971694946289e0 9.93410722571752558e-8 8.34465012644614035e-8 2 2
6.45833238959312439e-2 -4.69503655791235541e0 -4.69504022598266602e0 -4.69503641128540039e0 2.84115486692826380e-7 1.27156582152565534e-7 2 2
6.35416731238365173e-2 -4.65114757526634559e0 -4.65115118026733398e0 -4.65114688873291016e0 2.66234081891525420e-7 7.94728620689966192e-8 2 2
6.25000000000000000e-2 -4.60503653936443857e0 -4.60504055023193359e0 -4.60503816604614258e0 2.38418579101562500e-7 2.38418579101562500e-7 2 2
6.14583268761634827e-2 -4.55658648722035498e0 -4.55659008026123047e0 -4.55658817291259766e0 2.98023223876953125e-7 1.82787573521636659e-7 2 2
6.04166761040687561e-2 -4.50565635398491882e0 -4.50566005706787109e0 -4.50565767288208008e0 1.49011611938476562e-7 2.74181360282454989e-7 2 2
5.93749992549419403e-2 -4.45207232773420092e0 -4.45207595825195312e0 -4.45207405090332031e0 1.70866641724387591e-7 3.21865087471451261e-7 2 2
5.83333261311054230e-2 -4.39562201830609656e0 -4.39562702178955078e0 -4.39562511444091797e0 1.76827114728439483e-7 9.53674330617104715e-8 2 2
5.72916753590106964e-2 -4.33604661707551298e0 -4.33605194091796875e0 -4.33605194091796875e0 2.30471286499778216e-7 7.74860353658368695e-8 2 2
5.62500022351741791e-2 -4.27302680643212707e0 -4.27303314208984375e0 -4.27303361892700195e0 1.66893002528922807e-7 8.94069671630859375e-8 2 2
5.52083253860473633e-2 -4.20616789040290318e0 -4.20617437362670898e0 -4.20617437362670898e0 4.37100737826767727e-8 5.96046447753906250e-8 2 2
5.41666746139526367e-2 -4.13498380084269268e0 -4.13499021530151367e0 -4.13499021530151367e0 1.80800753923904267e-7 3.37759651358737756e-8 2 2
5.31250014901161194e-2 -4.05887110329081047e0 -4.05887603759765625e0 -4.05887746810913086e0 1.47024792340744170e-7 5.56310020272121619e-8 2 2
5.20833246409893036e-2 -3.97707822042077508e0 -3.97708320617675781e0 -3.97708487510681152e0 1.09275184456691932e-7 8.54333208621937956e-8 2 2
5.10416738688945770e-2 -3.88867037469843568e0 -3.88867402076721191e0 -3.88867831230163574e0 1.78813934326171875e-7 8.54333208621937956e-8 2 2
5.00000007450580597e-2 -3.79248195270411292e0 -3.79248690605163574e0 -3.79249095916748047e0 1.11262004054424324e-7 7.54992157681044773e-8 2 2
4.89583276212215424e-2 -3.68706486328907257e0 -3.68707156181335449e0 -3.68707585334777832e0 1.21196109148513642e-7 1.41064319336692279e-7 2 2
4.79166768491268158e-2 -3.57064060156139007e0 -3.57064938545227051e0 -3.57065439224243164e0 1.25169748343978426e-7 5.56310020272121619e-8 2 2
4.68750000000000000e-2 -3.44106438333688924e0 -3.44107699394226074e0 -3.44108033180236816e0 2.78154999477919773e-7 4.17232506322307017e-8 2 2
4.58333268761634827e-2 -3.29584018117339905e0 -3.29585504531860352e0 -3.29585909843444824e0 2.60273623098328244e-7 4.96705361285876279e-8 2 2
4.47916761040687561e-2 -3.13223663083093751e0 -3.13225293159484863e0 -3.13225674629211426e0 5.76178216249445541e-8 1.31130221348030318e-7 2 2
4.37499992549419403e-2 -2.94755624484753120e0 -2.94757294654846191e0 -2.94757747650146484e0 3.81469732246841886e-7 4.96705361285876279e-8 2 2
4.27083261311054230e-2 -2.73960314434639596e0 -2.73961734771728516e0 -2.73962187767028809e0 1.04308128356933594e-7 1.76827114728439483e-7 2 2
4.16666753590106964e-2 -2.50730415831933051e0 -2.50731277465820312e0 -2.50731682777404785e0 8.74201475653535454e-8 7.94728620689966192e-8 2 2
4.06250022351741791e-2 -2.25129642102875893e0 -2.25129842758178711e0 -2.25130224227905273e0 1.24176338545112230e-7 8.44399110633275995e-8 2 2
3.95833253860473633e-2 -1.97424307378265906e0 -1.97423875331878662e0 -1.97424328327178955e0 1.10268594255558128e-7 5.46375922283459659e-8 2 2
3.85416746139526367e-2 -1.68067922203558950e0 -1.68067049980163574e0 -1.68067538738250732e0 8.84135573642197414e-8 1.39077505068030405e-8 2 2
3.75000014901161194e-2 -1.37638324940721457e0 -1.37637281417846680e0 -1.37637674808502197e0 4.96705361285876279e-8 2.98023223876953125e-8 2 2
3.64583246409893036e-2 -1.06749183737631692e0 -1.06747889518737793e0 -1.06748306751251221e0 3.97364310344983096e-8 4.07298408333645057e-8 2 2
3.54166738688945770e-2 -7.59652424004243487e-1 -7.59637951850891113e-1 -7.59642362594604492e-1 8.24530914655952074e-8 4.27166604310968978e-8 2 2
3.43750007450580597e-2 -4.57425641379493153e-1 -4.57410186529159546e-1 -4.57415938377380371e-1 2.88089108124722770e-8 1.88748039420261193e-8 2 2
3.33333276212215424e-2 -1.64029703676048300e-1 -1.64015278220176697e-1 -1.64022177457809448e-1 2.33451533659945198e-8 4.47034853578998082e-9 2 2
3.22916768491268158e-2 1.18605810511708654e-1 1.18617489933967590e-1 1.18610784411430359e-1 3.10440846362780576e-8 1.63912776685037898e-8 2 2
3.12500000000000000e-2 3.89577073925370942e-1 3.89586389064788818e-1 3.89580309391021729e-1 2.23517417907714844e-8 2.23517417907714844e-8 2 2
3.02083250135183334e-2 6.48611801086322548e-1 6.48618817329406738e-1 6.48614287376403809e-1 4.91738312291545299e-8 1.39077505068030405e-8 2 2
2.91666742414236069e-2 8.95586052773331587e-1 8.95591020584106445e-1 8.95588278770446777e-1 1.88748039420261193e-8 8.34465012644614035e-8 2 2
2.81250011175870895e-2 1.12995299212971556e0 1.12995576858520508e0 1.12995517253875732e0 3.84946652332018857e-8 2.08616253161153509e-8 2 2
2.70833261311054230e-2 1.35004249213680350e0 1.35004258155822754e0 1.35004472732543945e0 5.96046447753906250e-8 8.64267377664873493e-8 2 2
2.60416753590106964e-2 1.55227117294081696e0 1.55226886272430420e0 1.55227267742156982e0 1.32123631146896514e-7 5.56310020272121619e-8 2 2
2.50000003725290298e-2 1.73060133942653982e0 1.73059916496276855e0 1.73060464859008789e0 9.33806134639780794e-8 1.39077499738959887e-7 2 2
2.39583253860473633e-2 1.87703536065011711e0 1.87703859806060791e0 1.87704598903656006e0 2.14576715507064364e-7 2.00668964112082904e-7 2 2
2.29166746139526367e-2 1.98390890850039803e0 1.98392355442047119e0 1.98393297195434570e0 2.48352680642938139e-8 1.91334947885479778e-8 2 2
2.18749996274709702e-2 2.04744897407974902e0 2.04747533798217773e0 2.04748558998107910e0 1.88748046525688551e-7 1.39077499738959887e-7 2 2
2.08333265036344528e-2 2.07035032352365844e0 2.07038116455078125e0 2.07039117813110352e0 2.68220901489257812e-7 1.86673787538893521e-8 2 2
1.97916757315397263e-2 2.06142916001778298e0 2.06145596504211426e0 2.06146407127380371e0 1.47024792340744170e-7 1.35103860543495102e-7 2 2
1.87500007450580597e-2 2.03269899322292025e0 2.03271460533142090e0 2.03272151947021484e0 1.70866641724387591e-7 8.54333208621937956e-8 2 2
1.77083257585763931e-2 1.99587458805515916e0 1.99587810039520264e0 1.99588489532470703e0 2.28484466902045824e-7 1.50998431536208955e-7 2 2
1.66666749864816666e-2 1.96004608647481771e0 1.96004021167755127e0 1.96004700660705566e0 1.43051153145279386e-7 2.48352680642938139e-8 2 2
1.56250000000000000e-2 1.93099782263420927e0 1.93098556995391846e0 1.93099260330200195e0 5.16573592790336988e-8 2.78155010136060810e-8 2 2
1.45833259448409081e-2 1.91166976789390586e0 1.91165482997894287e0 1.91166150569915771e0 8.94069671630859375e-8 1.29143401750297926e-7 2 2
1.35416751727461815e-2 1.90304185960450001e0 1.90302610397338867e0 1.90303242206573486e0 2.00668964112082904e-7 9.53674330617104715e-8 2 2
1.25000001862645149e-2 1.90495950555029792e0 1.90494370460510254e0 1.90495014190673828e0 2.92062765083755949e-7 3.57627882863198465e-8 2 2
1.14583251997828484e-2 1.91671016705288744e0 1.91669559478759766e0 1.91670119762420654e0 6.69000073116876592e-8 2.58286796395168494e-8 2 2
1.04166744276881218e-2 1.93735712170905772e0 1.93734252452850342e0 1.93734896183013916e0 3.07957321865615086e-7 3.17891455381413834e-8 2 2
9.37500037252902985e-3 1.96591675066087834e0 1.96590197086334229e0 1.96590936183929443e0 1.49011611938476562e-8 1.27156582152565534e-7 2 2
8.33332538604736328e-3 2.00144002703937485e0 2.00142598152160645e0 2.00143337249755859e0 9.93410722571752558e-8 3.97364310344983096e-8 2 2
7.29167461395263672e-3 2.04304466867207690e0 2.04303145408630371e0 2.04303908348083496e0 8.74201475653535454e-8 2.10603076311599580e-7 2 2
6.25000009313225746e-3 2.08993005285170108e0 2.08991837501525879e0 2.08992481231689453e0 4.19716030819472508e-8 3.01996863072417909e-7 2 2
5.20832557231187820e-3 2.14137983465099602e0 2.14136886596679688e0 2.14137625694274902e0 2.66234081891525420e-7 6.35782910762827669e-8 2 2
4.16667480021715164e-3 2.19675745579839310e0 2.19674658775329590e0 2.19675469398498535e0 7.47541619716685091e-8 1.07288357753532182e-7 2 2
3.12500004656612873e-3 2.25550343712323498e0 2.25549316406250000e0 2.25550127029418945e0 2.86102306290558772e-7 5.16573592790336988e-8 2 2
2.08332552574574947e-3 2.31712906180207279e0 2.31711840629577637e0 2.31712746620178223e0 1.27156582152565534e-7 2.46365857492492069e-7 2 2
1.04167463723570108e-3 2.38120747849660086e0 2.38119673728942871e0 2.38120603561401367e0 3.25838726666916045e-7 2.10603076311599580e-7 2 2
0.00000000000000000e0 2.44736903715251852e0 2.44735980033874512e0 2.44736742973327637e0 7.74860353658368695e-8 2.38418582654276179e-8 2 2
-1.04167463723570108e-3 2.51529464313302409e0 2.51528668403625488e0 2.51529359817504883e0 2.78154999477919773e-7 1.31130221348030318e-7 2 2
-2.08332552574574947e-3 2.58470755068098912e0 2.58469986915588379e0 2.58470797538757324e0 1.43051153145279386e-7 4.76837165308552358e-8 2 2
-3.12500004656612873e-3 2.65536989690867298e0 2.65536260604858398e0 2.65537095069885254e0 2.06629437116134795e-7 1.86761226927956159e-7 2 2
-4.16667480021715164e-3 2.72707760552997636e0 2.72706961631774902e0 2.72707867622375488e0 1.35103860543495102e-7 2.18550368913383863e-7 2 2
-5.20832557231187820e-3 2.79965386706319963e0 2.79964637756347656e0 2.79965496063232422e0 3.41733283448775182e-7 2.90075945486023556e-7 2 2
-6.25000009313225746e-3 2.87294731888379395e0 2.87293887138366699e0 2.87294769287109375e0 9.13937867608183296e-8 8.74201475653535454e-8 2 2
-7.29167461395263672e-3 2.94682852026839814e0 2.94682025909423828e0 2.94682884216308594e0 1.09275184456691932e-7 1.35103860543495102e-7 2 2
-8.33332538604736328e-3 3.02118495913886065e0 3.02117586135864258e0 3.02118515968322754e0 1.11262004054424324e-7 4.76837165308552358e-8 2 2
-9.37500037252902985e-3 3.09592056571923502e0 3.09591174125671387e0 3.09592080116271973e0 8.49366159627606976e-8 4.96705361285876279e-8 2 2
-1.04166744276881218e-2 3.17095330636822625e0 3.17094349861145020e0 3.17095398902893066e0 1.39077499738959887e-7 1.27156582152565534e-7 2 2
-1.14583251997828484e-2 3.24621133573586729e0 3.24619984626770020e0 3.24621176719665527e0 7.94728620689966192e-8 2.10603076311599580e-7 2 2
-1.25000001862645149e-2 3.32163344866365895e0 3.32162189483642578e0 3.32163357734680176e0 2.82128638673384557e-7 9.93410722571752558e-8 2 2
-1.35416751727461815e-2 3.39716750517019417e0 3.39715695381164551e0 3.39716815948486328e0 7.50025108686713793e-8 1.58945724137993238e-7 2 2
-1.45833259448409081e-2 3.47276721940255850e0 3.47275638580322266e0 3.47276854515075684e0 5.24520885392121272e-7 3.97364310344983096e-8 2 2
-1.56250000000000000e-2 3.54839319322203561e0 3.54838228225708008e0 3.54839491844177246e0 2.58286803500595852e-7 1.27156582152565534e-7 2 2
-1.66666749864816666e-2 3.62401200464391682e0 3.62400102615356445e0 3.62401366233825684e0 4.49021655413162080e-7 4.37100737826767727e-8 2 2
-1.77083257585763931e-2 3.69959346379273546e0 3.69958376884460449e0 3.69959473609924316e0 2.38418579101562500e-7 2.26497647304313432e-7 2 2
-1.87500007450580597e-2 3.77511199578415413e0 3.77510261535644531e0 3.77511239051818848e0 1.39077499738959887e-7 1.15235643249889108e-7 2 2
-1.97916757315397263e-2 3.85054595447714787e0 3.85053682327270508e0 3.85054683685302734e0 2.46365857492492069e-7 2.33451533659945198e-8 2 2
-2.08333265036344528e-2 3.92587521658442107e0 3.92586493492126465e0 3.92587590217590332e0 5.76178251776582329e-7 7.94728620689966192e-8 2 2
-2.18749996274709702e-2 4.00108278593583488e0 4.00107240676879883e0 4.00108289718627930e0 2.41398822709015803e-7 2.42392218297027284e-7 3 2
-2.29166746139526367e-2 4.07615449132111074e0 4.07614326477050781e0 4.07615470886230469e0 1.19209289550781250e-7 2.34444939906097716e-7 3 2
-2.39583253860473633e-2 4.15107671942519474e0 4.15106678009033203e0 4.15107774734497070e0 2.26497647304313432e-7 1.94708505318885727e-7 2 2
-2.50000003725290298e-2 4.22583812431178174e0 4.22582769393920898e0 4.22583913803100586e0 1.58945724137993238e-7 7.94728620689966192e-8 2 2
-2.60416753590106964e-2 4.30042926736634090e0 4.30041837692260742e0 4.30043125152587891e0 4.17232513427734375e-7 2.14576715507064364e-7 2 2
-2.70833261311054230e-2 4.37484054808861966e0 4.37483024597167969e0 4.37484264373779297e0 3.13917809080521693e-7 1.50998431536208955e-7 2 2
-2.81250011175870895e-2 4.44906411816417346e0 4.44905424118041992e0 4.44906711578369141e0 2.90075945486023556e-7 7.94728620689966192e-8 2 2
-2.91666742414236069e-2 4.52309354361587346e0 4.52308416366577148e0 4.52309608459472656e0 9.93410722571752558e-8 6.75519302717475512e-8 2 2
-3.02083250135183334e-2 4.59692194604430071e0 4.59691286087036133e0 4.59692287445068359e0 1.19209289550781250e-7 1.50998431536208955e-7 2 2
-3.12500000000000000e-2 4.67054389878527587e0 4.67053318023681641e0 4.67054557800292969e0 4.17232513427734375e-7 2.30471286499778216e-7 2 2
-3.22916768491268158e-2 4.74395517911052522e0 4.74394416809082031e0 4.74395656585693359e0 3.57627868652343750e-7 1.27156582152565534e-7 2 2
-3.33333276212215424e-2 4.81715062492856383e0 4.81713962554931641e0 4.81715202331542969e0 1.86761226927956159e-7 3.21865087471451261e-7 2 2
-3.43750007450580597e-2 4.89012610130334657e0 4.89011526107788086e0 4.89012813568115234e0 2.38418579101562500e-7 3.57627882863198465e-8 2 2
-3.54166738688945770e-2 4.96287851328126628e0 4.96286678314208984e0 4.96287965774536133e0 1.21196109148513642e-7 2.22524008108848648e-7 2 2
-3.64583246409893036e-2 5.03540401640886159e0 5.03539276123046875e0 5.03540420532226562e0 1.74840295130707091e-7 1.07288357753532182e-7 2 2
-3.75000014901161194e-2 5.10769990234337179e0 5.10768890380859375e0 5.10770034790039062e0 2.14576715507064364e-7 5.96046447753906250e-8 2 2
-3.85416746139526367e-2 5.17976405585172284e0 5.17976188659667969e0 5.17976427078247070e0 1.22236087918281555e-7 3.17891455381413834e-8 3 2
-3.95833253860473633e-2 5.25159326811848448e0 5.25159072875976562e0 5.25159358978271484e0 1.98682144514350512e-7 6.75519302717475512e-8 3 2
-4.06250022351741791e-2 5.32318540706441823e0 5.32317924499511719e0 5.32318592071533203e0 1.57952314339127042e-7 1.94708505318885727e-7 3 2
-4.16666753590106964e-2 5.39453896491881224e0 5.39452695846557617e0 5.39453983306884766e0 1.65899592730056611e-7 3.97364310344983096e-8 2 2
-4.27083261311054230e-2 5.46565133559549210e0 5.46563816070556641e0 5.46565294265747070e0 1.96695324916618119e-7 2.90075945486023556e-7 2 2
-4.37499992549419403e-2 5.53652079011871745e0 5.53650760650634766e0 5.53652191162109375e0 2.34444939906097716e-7 1.03314718558067398e-7 2 2
-4.47916761040687561e-2 5.60714647680671963e0 5.60713243484497070e0 5.60714864730834961e0 2.66234081891525420e-7 2.18550368913383863e-7 2 2
-4.58333268761634827e-2 5.67752631321942314e0 5.67751407623291016e0 5.67752838134765625e0 3.21865087471451261e-7 2.26497647304313432e-7 2 2
-4.68750000000000000e-2 5.74765886416248684e0 5.74764776229858398e0 5.74766111373901367e0 2.62260442696060636e-7 9.93410722571752558e-8 2 2
-4.79166768491268158e-2 5.81754351025121252e0 5.81753349304199219e0 5.81754589080810547e0 1.90734866123420943e-7 2.98023223876953125e-7 2 2
-4.89583276212215424e-2 5.88717843735811552e0 5.88717079162597656e0 5.88718080520629883e0 2.78154999477919773e-7 1.98682144514350512e-7 2 2
-5.00000007450580597e-2 5.95656249490669865e0 5.95655584335327148e0 5.95656490325927734e0 1.54972070731673739e-7 1.82787573521636659e-7 2 2
-5.10416738688945770e-2 6.02569518941119586e0 6.02568817138671875e0 6.02569770812988281e0 2.50339496687956853e-7 1.66893002528922807e-7 2 2
-5.20833246409893036e-2 6.09457498931005492e0 6.09456777572631836e0 6.09457635879516602e0 2.02655797920670011e-7 1.90734866123420943e-7 4 2
-5.31250014901161194e-2 6.16320124185470952e0 6.16319417953491211e0 6.16320228576660156e0 2.10603076311599580e-7 1.11262004054424324e-7 2 2
-5.41666746139526367e-2 6.23157366995932449e0 6.23156690597534180e0 6.23157453536987305e0 3.77496093051377102e-7 3.01996863072417909e-7 2 2
-5.52083253860473633e-2 6.29969074647215432e0 6.29968166351318359e0 6.29969072341918945e0 3.17891448275986477e-7 1.74840295130707091e-7 2 2
-5.62500022351741791e-2 6.36755185185929129e0 6.36754179000854492e0 6.36755132675170898e0 3.97364289028701023e-7 1.15235643249889108e-7 2 2
-5.72916753590106964e-2 6.43515683541034011e0 6.43514728546142578e0 6.43515634536743164e0 9.33806134639780794e-8 4.17232506322307017e-8 2 2
-5.83333261311054230e-2 6.50250434128182953e0 6.50249624252319336e0 6.50250387191772461e0 3.05970502267882694e-7 1.70866641724387591e-7 2 2
-5.93749992549419403e-2 6.56959377231895569e0 6.56958484649658203e0 6.56959295272827148e0 3.17891448275986477e-7 2.26497647304313432e-7 2 2
-6.04166761040687561e-2 6.63642529289013705e0 6.63641786575317383e0 6.63642406463623047e0 2.78154999477919773e-7 1.74840295130707091e-7 2 2
-6.14583268761634827e-2 6.70299776690358495e0 6.70299100875854492e0 6.70299673080444336e0 1.58945724137993238e-7 1.66893002528922807e-7 2 2
-6.25000000000000000e-2 6.76931062488979851e0 6.76931381225585938e0 6.76931047439575195e0 2.70207721086990205e-7 2.22524008108848648e-7 3 3
-6.35416731238365173e-2 6.83536389182136261e0 6.83537530899047852e0 6.83536338806152344e0 3.37759644253310398e-7 8.74201475653535454e-8 3 2
-6.45833238959312439e-2 6.90115653227650760e0 6.90116930007934570e0 6.90115594863891602e0 2.54313164305131068e-7 2.54313164305131068e-7 2 2
-6.56250044703483582e-2 6.96668849292469083e0 6.96669340133666992e0 6.96668767929077148e0 2.46365857492492069e-7 7.94728620689966192e-8 2 2
-6.66666775941848755e-2 7.03195988128574534e0 7.03195524215698242e0 7.03195858001708984e0 5.96046447753906250e-8 7.94728620689966192e-8 2 2
-6.77083283662796021e-2 7.09696943804830571e0 7.09696435928344727e0 7.09696722030639648e0 6.83466566897550365e-7 2.46365857492492069e-7 2 3
-6.87500014901161194e-2 7.16171671718110314e0 7.16170740127563477e0 7.16172027587890625e0 5.64257277346769115e-7 1.50612322613596916e-7 2 2
-6.97916746139526367e-2 7.22620198213391429e0 7.22618770599365234e0 7.22620582580566406e0 1.19209289550781250e-7 2.78154999477919773e-7 2 2
-7.08333253860473633e-2 7.29042441202397384e0 7.29040908813476562e0 7.29043388366699219e0 1.39077499738959887e-7 2.70207721086990205e-7 3 2
-7.18749985098838806e-2 7.35438383296672527e0 7.35437870025634766e0 7.35439157485961914e0 2.49929144047200680e-7 5.96046447753906250e-8 2 2
-7.29166790843009949e-2 7.41808082854632200e0 7.41807794570922852e0 7.41808176040649414e0 1.78813934326171875e-7 7.94728620689966192e-8 2 2
-7.39583298563957214e-2 7.48151445331907006e0 7.48151016235351562e0 7.48151063919067383e0 4.96705354180448921e-7 3.49680590261414181e-7 2 2
-7.50000029802322388e-2 7.54468421810373702e0 7.54468107223510742e0 7.54468870162963867e0 2.70207721086990205e-7 2.39379005506634712e-7 2 3
-7.60416761040687561e-2 7.60759030185622365e0 7.60758686065673828e0 7.60759687423706055e0 2.54313164305131068e-7 2.54313164305131068e-7 2 2
-7.70833268761634827e-2 7.67023192423985023e0 7.67022943496704102e0 7.67023372650146484e0 3.05970502267882694e-7 3.17891448275986477e-7 2 2
-7.81250000000000000e-2 7.73260903216762241e0 7.73261499404907227e0 7.73261880874633789e0 4.29153431014128728e-7 2.70207721086990205e-7 1 1
-7.91666731238365173e-2 7.79472206539511880e0 7.79473495483398438e0 7.79474210739135742e0 5.16573607001191704e-7 2.60479282587766647e-7 1 1
-8.02083238959312439e-2 7.85657027909254424e0 7.85658502578735352e0 7.85659503936767578e0 6.43730174942902522e-7 2.54294718615710735e-7 1 1
-8.12500044703483582e-2 7.91815383889317381e0 7.91816663742065430e0 7.91818141937255859e0 3.77496093051377102e-7 2.55022314377129078e-7 1 1
-8.22916775941848755e-2 7.97947305783513183e0 7.97948408126831055e0 7.97949934005737305e0 6.19888282926694956e-7 4.21206152623199159e-7 1 1
-8.33333283662796021e-2 8.04052690293910821e0 8.04053878784179688e0 8.04054927825927734e0 5.56309998955839546e-7 4.52995294608626864e-7 1 1
-8.43750014901161194e-2 8.10131515338832564e0 8.10132312774658203e0 8.10133552551269531e0 3.73522453855912318e-7 2.48110154643654823e-7 1 1
-8.54166746139526367e-2 8.16183828489892349e0 8.16184520721435547e0 8.16185665130615234e0 6.91413902131898794e-7 2.39379005506634712e-7 1 1
-8.64583253860473633e-2 8.22209569024148124e0 8.22210025787353516e0 8.22211170196533203e0 2.35741026699542999e-7 5.08626328610262135e-7 1 1
-8.74999985098838806e-2 8.28208739774524005e0 8.28209209442138672e0 8.28210163116455078e0 3.09944141463347478e-7 2.40834197029471397e-7 1 1
-8.85416790843009949e-2 8.34181417644510148e0 8.34181690216064453e0 8.34182739257812500e0 2.31375452131032944e-7 4.29153431014128728e-7 1 1
-8.95833298563957214e-2 8.40127527136400687e0 8.40127754211425781e0 8.40128803253173828e0 2.32103047892451286e-7 2.27737473323941231e-7 1 1
-9.06250029802322388e-2 8.46047037686578562e0 8.46047401428222656e0 8.46048450469970703e0 4.05311595841340022e-7 2.29920260608196259e-7 1 1
-9.16666761040687561e-2 8.51939984206039647e0 8.51940059661865234e0 8.51941204071044922e0 3.57627868652343750e-7 2.27737473323941231e-7 1 1
-9.27083268761634827e-2 8.57806305738823482e0 8.57806205749511719e0 8.57807445526123047e0 4.37100737826767727e-7 2.23371898755431175e-7 1 1
-9.37500000000000000e-2 8.63646013083468489e0 8.63645839691162109e0 8.63646888732910156e0 2.30471286499778216e-7 2.23371898755431175e-7 1 1
-9.47916731238365173e-2 8.69459165216924923e0 8.69458770751953125e0 8.69460010528564453e0 2.18278728425502777e-7 3.65575147043273319e-7 1 1
-9.58333238959312439e-2 8.75245703054154056e0 8.75245475769042969e0 8.75246429443359375e0 3.01996863072417909e-7 2.22524008108848648e-7 1 1
-9.68750044703483582e-2 8.81005657631854788e0 8.81005287170410156e0 8.81006431579589844e0 2.10275175049901009e-7 4.84784436594054569e-7 1 1
-9.79166775941848755e-2 8.86739073993812177e0 8.86738967895507812e0 8.86739730834960938e0 2.12457962334156036e-7 4.68889879812195431e-7 1 1
-9.89583283662796021e-2 8.92445863219156088e0 8.92445850372314453e0 8.92446327209472656e0 2.36431759503830108e-7 2.86102306290558772e-7 1 1
-1.00000001490116119e-1 8.98126016884228306e0 8.98126125335693359e0 8.98126506805419922e0 2.07364792004227638e-7 4.21206152623199159e-7 1 1
-9.89583358168601990e-2 8.96242001746331240e0 8.96242141723632812e0 8.96241760253906250e0 2.78154999477919773e-7 1.58945724137993238e-7 2 2
-9.79166626930236816e-2 8.81609514206375877e0 8.81608867645263672e0 8.81608390808105469e0 1.98682144514350512e-7 5.72204612581117544e-7 2 2
-9.68750044703483582e-2 8.56936272562730927e0 8.56935119628906250e0 8.56934928894042969e0 3.09944141463347478e-7 1.35103860543495102e-7 2 2
-9.58333387970924377e-2 8.28728819540367745e0 8.28727245330810547e0 8.28727531433105469e0 2.78154999477919773e-7 3.81469732246841886e-7 2 2
-9.47916656732559204e-2 8.02277769146492581e0 8.02276039123535156e0 8.02276706695556641e0 6.27835618161043385e-7 3.33786005057845614e-7 2 2
-9.37500000000000000e-2 7.80051544746846393e0 7.80049943923950195e0 7.80050802230834961e0 2.62260442696060636e-7 3.01996863072417909e-7 2 2
-9.27083417773246765e-2 7.62416754822824139e0 7.62415409088134766e0 7.62416315078735352e0 8.14596816667290113e-8 3.89417010637771455e-7 2 2
-9.16666612029075623e-2 7.48781639028324975e0 7.48780536651611328e0 7.48781394958496094e0 2.58286803500595852e-7 2.54313164305131068e-7 2 2
-9.06250029802322388e-2 7.38333518093431262e0 7.38332557678222656e0 7.38333368301391602e0 2.46365857492492069e-7 1.27156582152565534e-7 2 2
-8.95833373069763184e-2 7.30343109417002623e0 7.30342483520507812e0 7.30343055725097656e0 5.00678993375913706e-7 4.76837165308552358e-8 2 2
-8.85416641831398010e-2 7.24232097116132767e0 7.24231338500976562e0 7.24231958389282227e0 3.89417010637771455e-7 9.33806134639780794e-8 2 2
-8.74999985098838806e-2 7.19555712117436563e0 7.19555091857910156e0 7.19555664062500000e0 8.82148754044465022e-7 6.35782910762827669e-8 2 2
-8.64583402872085571e-2 7.15970160455156890e0 7.15969514846801758e0 7.15970230102539062e0 2.78154999477919773e-7 7.94728620689966192e-8 2 2
-8.54166671633720398e-2 7.13205985172800183e0 7.13205242156982422e0 7.13206148147583008e0 6.63598370920226444e-7 5.56310020272121619e-8 2 2
-8.43750014901161194e-2 7.11049868076423763e0 7.11049175262451172e0 7.11050081253051758e0 2.78154999477919773e-7 1.19209289550781250e-7 2 2
-8.33333358168601990e-2 7.09332210234422345e0 7.09331607818603516e0 7.09332418441772461e0 3.17891448275986477e-7 1.70866641724387591e-7 2 2
-8.22916626930236816e-2 7.07918154295598789e0 7.07917642593383789e0 7.07918405532836914e0 9.33806134639780794e-8 5.96046447753906250e-8 2 2
-8.12500044703483582e-2 7.06700872147845693e0 7.06700468063354492e0 7.06701040267944336e0 1.39077499738959887e-7 7.94728620689966192e-8 2 2
-8.02083387970924377e-2 7.05596103252833995e0 7.05595684051513672e0 7.05596256256103516e0 4.09285235036804806e-7 1.35103860543495102e-7 2 2
-7.91666656732559204e-2 7.04537751178594984e0 7.04537200927734375e0 7.04537820816040039e0 5.84125530167511897e-7 7.94728620689966192e-8 2 2
-7.81250000000000000e-2 7.03474425692908856e0 7.03473854064941406e0 7.03474473953247070e0 3.49680590261414181e-7 1.15235643249889108e-7 2 2
-7.70833417773246765e-2 7.02366567489179161e0 7.02365827560424805e0 7.02366638183593750e0 1.78813934326171875e-7 5.96046447753906250e-8 2 2
-7.60416612029075623e-2 7.01183915833329063e0 7.01183271408081055e0 7.01183986663818359e0 3.61601507847808534e-7 1.11262004054424324e-7 2 2
-7.50000029802322388e-2 6.99903743878661988e0 6.99903154373168945e0 6.99903821945190430e0 6.35782896551972954e-7 3.41733283448775182e-7 2 2
-7.39583373069763184e-2 6.98509243617476283e0 6.98508787155151367e0 6.98509407043457031e0 1.11262004054424324e-7 1.03314718558067398e-7 2 2
-7.29166641831398010e-2 6.96988183264967631e0 6.96987867355346680e0 6.96988439559936523e0 1.11262004054424324e-7 5.96046447753906250e-8 2 2
-7.18749985098838806e-2 6.95331964438547789e0 6.95331716537475586e0 6.95332384109497070e0 7.94728620689966192e-8 9.93410722571752558e-8 2 2
-7.08333402872085571e-2 6.93534826389610348e0 6.93534708023071289e0 6.93535327911376953e0 1.58945724137993238e-7 2.66234081891525420e-7 2 2
-6.97916671633720398e-2 6.91593045280171737e0 6.91592931747436523e0 6.91593503952026367e0 2.86102306290558772e-7 1.23182928746246034e-7 2 2
-6.87500014901161194e-2 6.89504465242215847e0 6.89504384994506836e0 6.89504766464233398e0 5.56309998955839546e-7 2.46365857492492069e-7 2 2
-6.77083358168601990e-2 6.87268093537378721e0 6.87267827987670898e0 6.87268543243408203e0 3.25838726666916045e-7 3.17891448275986477e-7 2 2
-6.66666626930236816e-2 6.84883693764255241e0 6.84883546829223633e0 6.84884119033813477e0 4.60942572999556432e-7 2.34444939906097716e-7 2 2
-6.56250044703483582e-2 6.82351581718536604e0 6.82351446151733398e0 6.82351875305175781e0 5.52336359760374762e-7 1.94708505318885727e-7 2 2
-6.45833387970924377e-2 6.79672313058487365e0 6.79672193527221680e0 6.79672574996948242e0 1.98682144514350512e-7 1.94708505318885727e-7 2 2
-6.35416656732559204e-2 6.76846445160543642e0 6.76846408843994141e0 6.76846742630004883e0 4.21206152623199159e-7 1.54972070731673739e-7 2 2
-6.25000000000000000e-2 6.73874482440550526e0 6.73874568939208984e0 6.73874807357788086e0 2.18550368913383863e-7 1.07288357753532182e-7 2 2
-6.14583380520343781e-2 6.70756761106327470e0 6.70756769180297852e0 6.70757007598876953e0 1.19209289550781250e-7 1.03314718558067398e-7 2 2
-6.04166649281978607e-2 6.67493224602882673e0 6.67493343353271484e0 6.67493438720703125e0 1.43051153145279386e-7 2.86102306290558772e-7 2 2
-5.93749992549419403e-2 6.64083380433438553e0 6.64083480834960938e0 6.64083528518676758e0 1.74840295130707091e-7 9.93410722571752558e-8 2 2
-5.83333373069763184e-2 6.60526230320802199e0 6.60526466369628906e0 6.60526275634765625e0 2.38418579101562500e-7 1.39077499738959887e-7 2 2
-5.72916641831398010e-2 6.56820078481308212e0 6.56820535659790039e0 6.56820106506347656e0 4.96705354180448921e-7 1.47024792340744170e-7 2 2
-5.62500022351741791e-2 6.52962512073247314e0 6.52962493896484375e0 6.52962541580200195e0 4.60942572999556432e-7 7.54992157681044773e-8 2 2
-5.52083365619182587e-2 6.48950267218008303e0 6.48950433731079102e0 6.48950386047363281e0 2.50339496687956853e-7 3.05970502267882694e-7 2 2
-5.41666634380817413e-2 6.44779048141461697e0 6.44779109954833984e0 6.44779348373413086e0 1.43051153145279386e-7 2.50339496687956853e-7 2 2
-5.31250014901161194e-2 6.40443476889479157e0 6.40443563461303711e0 6.40443801879882812e0 2.38418579101562500e-7 1.27156582152565534e-7 2 2
-5.20833395421504974e-2 6.35936896097770177e0 6.35936927795410156e0 6.35937166213989258e0 2.86102306290558772e-7 1.07288357753532182e-7 2 2
-5.10416626930236816e-2 6.31251039087406163e0 6.31251096725463867e0 6.31251239776611328e0 3.37759644253310398e-7 6.75519302717475512e-8 2 2
-5.00000007450580597e-2 6.26375914498230113e0 6.26375961303710938e0 6.26376152038574219e0 4.01337928224165807e-7 2.46365857492492069e-7 2 2
-4.89583276212215424e-2 6.21299432898461657e0 6.21299457550048828e0 6.21299695968627930e0 5.96046447753906250e-8 7.15255765726396930e-8 2 2
-4.79166768491268158e-2 6.16007102952398178e0 6.16007232666015625e0 6.16007375717163086e0 4.33127098631302943e-7 3.17891448275986477e-7 2 2
-4.68750000000000000e-2 6.10481318326268863e0 6.10481452941894531e0 6.10481548309326172e0 1.43051153145279386e-7 1.11262004054424324e-7 2 2
-4.58333268761634827e-2 6.04700759404520483e0 6.04701089859008789e0 6.04700994491577148e0 3.61601507847808534e-7 1.50998431536208955e-7 2 2
-4.47916761040687561e-2 5.98639923768837789e0 5.98640346527099609e0 5.98640251159667969e0 1.19209289550781250e-7 2.94049584681488341e-7 2 2
-4.37499992549419403e-2 5.92267785579066874e0 5.92268419265747070e0 5.92268180847167969e0 2.02655797920670011e-7 8.94069671630859375e-8 2 2
-4.27083261311054230e-2 5.85546499310546587e0 5.85547208786010742e0 5.85546875000000000e0 2.12589895909331972e-7 9.93410722571752558e-8 2 2
-4.16666753590106964e-2 5.78429961868358600e0 5.78430652618408203e0 5.78430366516113281e0 1.37090680141227494e-7 1.86761226927956159e-7 2 2
-4.06250022351741791e-2 5.70861461686490212e0 5.70862150192260742e0 5.70862007141113281e0 2.04642617518402403e-7 6.55651106740151590e-8 2 2
-3.95833253860473633e-2 5.62770944907458226e0 5.62771558761596680e0 5.62771511077880859e0 2.58286803500595852e-7 1.31130221348030318e-7 2 2
-3.85416746139526367e-2 5.54071908361797316e0 5.54072523117065430e0 5.54072475433349609e0 1.54972070731673739e-7 5.56310020272121619e-8 2 2
-3.75000014901161194e-2 5.44657059897862528e0 5.44657802581787109e0 5.44657802581787109e0 9.53674330617104715e-8 7.94728620689966192e-8 2 2
-3.64583246409893036e-2 5.34393502712181157e0 5.34394454956054688e0 5.34394359588623047e0 1.86761226927956159e-7 7.74860353658368695e-8 2 2
-3.54166738688945770e-2 5.23118096546525280e0 5.23119163513183594e0 5.23119020462036133e0 1.78813934326171875e-7 7.94728620689966192e-8 2 2
-3.43750007450580597e-2 5.10633332640983717e0 5.10634517669677734e0 5.10634469985961914e0 4.13258874232269591e-7 2.02655797920670011e-7 2 2
-3.33333276212215424e-2 4.96706831075935007e0 4.96708297729492188e0 4.96708106994628906e0 2.20537188511116256e-7 8.14596816667290113e-8 2 2
-3.22916768491268158e-2 4.81078726219696939e0 4.81080150604248047e0 4.81080102920532227e0 1.58945724137993238e-7 1.29143401750297926e-7 2 2
-3.12500000000000000e-2 4.63481679569560612e0 4.63482952117919922e0 4.63483095169067383e0 2.18550368913383863e-7 6.35782910762827669e-8 2 2
-3.02083250135183334e-2 4.43679040765708965e0 4.43680000305175781e0 4.43680286407470703e0 1.58945724137993238e-7 9.13937867608183296e-8 2 2
-2.91666742414236069e-2 4.21520258992364916e0 4.21520900726318359e0 4.21521282196044922e0 1.76827114728439483e-7 7.35123961703720852e-8 2 2
-2.81250011175870895e-2 3.97000757734295284e0 3.97000718116760254e0 3.97001242637634277e0 1.59939133936859434e-7 3.97364310344983096e-8 2 2
-2.70833261311054230e-2 3.70304337028929531e0 3.70303821563720703e0 3.70304393768310547e0 2.08616256713867188e-7 3.07957321865615086e-8 2 2
-2.60416753590106964e-2 3.41806613529169478e0 3.41805624961853027e0 3.41806244850158691e0 1.31130221348030318e-7 8.34465012644614035e-8 2 2
-2.50000003725290298e-2 3.12030547550976056e0 3.12029457092285156e0 3.12029957771301270e0 1.31130221348030318e-7 4.47034835815429688e-8 2 2
-2.39583253860473633e-2 2.81568110633682345e0 2.81566905975341797e0 2.81567311286926270e0 8.94069671630859375e-8 1.63912776685037898e-8 2 2
-2.29166746139526367e-2 2.50994646006199540e0 2.50993418693542480e0 2.50993776321411133e0 5.86112349765244289e-8 4.96705361285876279e-8 2 2
-2.18749996274709702e-2 2.20799930394106259e0 2.20798778533935547e0 2.20799040794372559e0 3.77496078840522387e-8 2.98023223876953125e-8 2 2
-2.08333265036344528e-2 1.91350260410256756e0 1.91349256038665771e0 1.91349411010742188e0 4.47034835815429688e-8 1.98682155172491548e-8 2 2
-1.97916757315397263e-2 1.62882431595984922e0 1.62881207466125488e0 1.62881290912628174e0 4.96705361285876279e-8 2.28484466902045824e-8 1 1
-1.87500007450580597e-2 1.35521446251269428e0 1.35520136356353760e0 1.35520088672637939e0 2.68220894383830455e-8 3.12924370859946066e-8 2 2
-1.77083257585763931e-2 1.09313732561030919e0 1.09312641620635986e0 1.09312438964843750e0 2.58286796395168494e-8 1.98682155172491548e-8 2 2
-1.66666749864816666e-2 8.42698648802318706e-1 8.42691123485565186e-1 8.42687785625457764e-1 2.73187961141729829e-8 2.78155010136060810e-8 2 2
-1.56250000000000000e-2 6.04144748916938035e-1 6.04140579700469971e-1 6.04136228561401367e-1 8.84135573642197414e-8 5.56310020272121619e-8 2 2
-1.45833259448409081e-2 3.78469441095964698e-1 3.78468155860900879e-1 3.78463119268417358e-1 2.88089108124722770e-8 4.27166604310968978e-8 2 2
-1.35416751727461815e-2 1.68144988464247580e-1 1.68146371841430664e-1 1.68140321969985962e-1 7.15255765726396930e-8 4.47034835815429688e-8 2 2
-1.25000001862645149e-2 -2.21781282256496431e-2 -2.21738908439874649e-2 -2.21813451498746872e-2 2.46365857492492069e-7 1.07288357753532182e-7 2 2
-1.14583251997828484e-2 -1.85518504401890910e-1 -1.85516074299812317e-1 -1.85524642467498779e-1 8.94069671630859375e-8 9.53674330617104715e-8 2 2
-1.04166744276881218e-2 -3.13828574493162427e-1 -3.13834726810455322e-1 -3.13844203948974609e-1 7.94728620689966192e-8 6.55651106740151590e-8 2 2
-9.37500037252902985e-3 -4.00971009935791101e-1 -4.00989383459091187e-1 -4.00999605655670166e-1 7.31088221073150635e-8 6.55651106740151590e-8 2 2
-8.33332538604736328e-3 -4.46023105229923944e-1 -4.46050375699996948e-1 -4.46060597896575928e-1 2.90075945486023556e-7 8.34465012644614035e-8 2 2
-7.29167461395263672e-3 -4.54577564863454464e-1 -4.54605489969253540e-1 -4.54614490270614624e-1 8.34465012644614035e-8 9.53674330617104715e-8 2 2
-6.25000009313225746e-3 -4.37091159185397538e-1 -4.37111109495162964e-1 -4.37118440866470337e-1 8.54333208621937956e-8 3.57627882863198465e-8 2 2
-5.20832557231187820e-3 -4.05538412878676924e-1 -4.05546784400939941e-1 -4.05552715063095093e-1 1.39077499738959887e-7 8.66293703438714147e-9 2 2
-4.16667480021715164e-3 -3.70394853563074777e-1 -3.70391607284545898e-1 -3.70397388935089111e-1 4.42067786821098707e-8 3.97364310344983096e-8 2 2
-3.12500004656612873e-3 -3.39112078813672557e-1 -3.39100837707519531e-1 -3.39106410741806030e-1 9.53674330617104715e-8 5.16573592790336988e-8 2 2
-2.08332552574574947e-3 -3.16031569659912692e-1 -3.16015988588333130e-1 -3.16021353006362915e-1 9.04003769619521336e-8 1.84774393119369051e-7 2 2
-1.04167463723570108e-3 -3.03086765144564618e-1 -3.03069770336151123e-1 -3.03074955940246582e-1 1.90734866123420943e-7 3.37759651358737756e-8 2 2
0.00000000000000000e0 -3.00676451260634525e-1 -3.00659060478210449e-1 -3.00664752721786499e-1 1.27156582152565534e-7 2.58286796395168494e-8 2 2
1.04166276287287474e-3 -3.08365955265637370e-1 -3.08348774909973145e-1 -3.08355331420898438e-1 2.22524008108848648e-7 4.56968933804091648e-8 2 2
2.08333740010857582e-3 -3.25340086517251770e-1 -3.25323283672332764e-1 -3.25331062078475952e-1 5.56309998955839546e-7 2.78155010136060810e-8 2 2
3.12500004656612873e-3 -3.50651396835514773e-1 -3.50635647773742676e-1 -3.50643545389175415e-1 1.30757683791671298e-7 1.15235643249889108e-7 2 2
4.16666269302368164e-3 -3.83345570481281983e-1 -3.83330315351486206e-1 -3.83338421583175659e-1 1.11262004054424324e-7 1.27156582152565534e-7 2 2
5.20833721384406090e-3 -4.22519098986281871e-1 -4.22504127025604248e-1 -4.22512799501419067e-1 5.16573592790336988e-8 2.02655797920670011e-7 2 2
6.25000009313225746e-3 -4.67341143324075559e-1 -4.67326879501342773e-1 -4.67336088418960571e-1 2.10603076311599580e-7 2.38418582654276179e-8 2 2
7.29166297242045403e-3 -5.17061092500583186e-1 -5.17046928405761719e-1 -5.17056882381439209e-1 1.90734866123420943e-7 7.54992157681044773e-8 2 2
8.33333749324083328e-3 -5.71009937902440812e-1 -5.70996522903442383e-1 -5.71006417274475098e-1 4.17232513427734375e-7 3.45706951065949397e-7 2 2
9.37500037252902985e-3 -6.28595802321556651e-1 -6.28583431243896484e-1 -6.28593266010284424e-1 7.27983788806341181e-8 4.76837165308552358e-8 2 2
1.04166632518172264e-2 -6.89298609532682627e-1 -6.89287602901458740e-1 -6.89296722412109375e-1 1.78813934326171875e-7 2.50339496687956853e-7 2 2
1.14583373069763184e-2 -7.52664784657122055e-1 -7.52654552459716797e-1 -7.52663254737854004e-1 9.13937867608183296e-8 1.31130221348030318e-7 2 2
1.25000001862645149e-2 -8.18299577090036423e-1 -8.18289756774902344e-1 -8.18298459053039551e-1 2.42392218297027284e-7 3.49680590261414181e-7 2 2
1.35416630655527115e-2 -8.85860502377370351e-1 -8.85851919651031494e-1 -8.85860204696655273e-1 4.96705354180448921e-7 2.54313164305131068e-7 2 2
1.45833371207118034e-2 -9.55052065839145370e-1 -9.55044269561767578e-1 -9.55052316188812256e-1 1.19209289550781250e-7 2.38418582654276179e-8 2 2
1.56250000000000000e-2 -1.02561897379855327e0 -1.02561163902282715e0 -1.02561974525451660e0 6.75519302717475512e-8 5.96046447753906250e-8 2 2
1.66666638106107712e-2 -1.09734096953207194e0 -1.09733295440673828e0 -1.09734141826629639e0 9.53674330617104715e-8 8.74201475653535454e-8 2 2
1.77083369344472885e-2 -1.17002897707143516e0 -1.17002058029174805e0 -1.17002880573272705e0 1.30136811549164122e-7 9.53674330617104715e-8 2 2
1.87500007450580597e-2 -1.24352010026620641e0 -1.24351096153259277e0 -1.24351906776428223e0 1.35103860543495102e-7 7.94728620689966192e-8 2 2
1.97916626930236816e-2 -1.31767392403013339e0 -1.31766462326049805e0 -1.31767296791076660e0 4.33127098631302943e-7 2.54313164305131068e-7 2 2
2.08333376795053482e-2 -1.39237037882885506e0 -1.39236080646514893e0 -1.39236998558044434e0 2.98023223876953125e-7 1.27156582152565534e-7 2 2
2.18749996274709702e-2 -1.46750586899964208e0 -1.46749639511108398e0 -1.46750581264495850e0 5.64257277346769115e-7 1.23182928746246034e-7 2 2
2.29166634380817413e-2 -1.54299103246899794e0 -1.54298210144042969e0 -1.54299080371856689e0 4.64916240616730647e-7 1.58945727690706917e-8 2 2
2.39583384245634079e-2 -1.61874957585917234e0 -1.61874210834503174e0 -1.61874926090240479e0 5.31474739773329929e-8 2.30471286499778216e-7 2 2
2.50000003725290298e-2 -1.69471538046412684e0 -1.69470787048339844e0 -1.69471514225006104e0 5.44389081369445194e-7 1.23182928746246034e-7 2 2
2.60416623204946518e-2 -1.77083113095608113e0 -1.77082407474517822e0 -1.77083086967468262e0 2.78154999477919773e-7 4.76837165308552358e-8 2 2
2.70833373069763184e-2 -1.84704809689923022e0 -1.84704196453094482e0 -1.84704792499542236e0 1.94708505318885727e-7 1.19209289550781250e-7 2 2
2.81250011175870895e-2 -1.92332392494885318e0 -1.92331814765930176e0 -1.92332386970520020e0 4.45048016217697295e-7 9.93410722571752558e-8 2 2
2.91666630655527115e-2 -1.99962154806370385e0 -1.99961495399475098e0 -1.99962115287780762e0 2.46365857492492069e-7 1.23182928746246034e-7 2 2
3.02083380520343781e-2 -2.07590946164938206e0 -2.07590198516845703e0 -2.07590961456298828e0 3.21865087471451261e-7 2.50339496687956853e-7 2 2
3.12500000000000000e-2 -2.15216000126362106e0 -2.15215158462524414e0 -2.15216016769409180e0 5.92072808558441466e-7 5.96046447753906250e-8 2 2
3.22916619479656219e-2 -2.22834882774749987e0 -2.22834038734436035e0 -2.22834920883178711e0 3.85443371442306670e-7 8.34465012644614035e-8 2 2
3.33333387970924377e-2 -2.30445551144585226e0 -2.30444765090942383e0 -2.30445694923400879e0 2.82128638673384557e-7 2.06629437116134795e-7 2 2
3.43750007450580597e-2 -2.38046178702584310e0 -2.38045501708984375e0 -2.38046312332153320e0 1.73350173326980439e-7 7.94728620689966192e-8 2 2
3.54166626930236816e-2 -2.45635128280343285e0 -2.45634531974792480e0 -2.45635342597961426e0 2.26497647304313432e-7 1.11262004054424324e-7 2 2
3.64583395421504974e-2 -2.53211041821971206e0 -2.53210401535034180e0 -2.53211283683776855e0 2.58286803500595852e-7 6.75519302717475512e-8 2 2
3.75000014901161194e-2 -2.60772687048353413e0 -2.60772013664245605e0 -2.60772919654846191e0 4.60942572999556432e-7 2.02655797920670011e-7 2 2
3.85416634380817413e-2 -2.68318942055554821e0 -2.68318152427673340e0 -2.68319249153137207e0 2.46365857492492069e-7 3.97364310344983096e-8 2 2
3.95833365619182587e-2 -2.75848878820097454e0 -2.75847911834716797e0 -2.75849175453186035e0 1.96695324916618119e-7 1.31130221348030318e-7 2 2
4.06250022351741791e-2 -2.83361667593603928e0 -2.83360743522644043e0 -2.83361959457397461e0 2.54313164305131068e-7 1.19209289550781250e-7 2 2
4.16666641831398010e-2 -2.90856529524920315e0 -2.90855503082275391e0 -2.90856838226318359e0 1.39077499738959887e-7 2.14576715507064364e-7 2 2
4.27083373069763184e-2 -2.98332816143327628e0 -2.98331642150878906e0 -2.98333048820495605e0 1.11262004054424324e-7 2.98023223876953125e-8 2 2
4.37499992549419403e-2 -3.05789922650555512e0 -3.05788707733154297e0 -3.05790138244628906e0 1.82787573521636659e-7 1.23182928746246034e-7 2 2
4.47916649281978607e-2 -3.13227302588026069e0 -3.13226127624511719e0 -3.13227510452270508e0 9.93410722571752558e-8 8.74201475653535454e-8 3 2
4.58333380520343781e-2 -3.20644508805419770e0 -3.20643329620361328e0 -3.20644640922546387e0 4.29153431014128728e-7 5.56310020272121619e-8 2 2
4.68750000000000000e-2 -3.28041096363917362e0 -3.28039979934692383e0 -3.28041195869445801e0 3.25838726666916045e-7 2.66234081891525420e-7 2 2
4.79166619479656219e-2 -3.35416640902615271e0 -3.35415649414062500e0 -3.35416698455810547e0 1.09275184456691932e-7 2.34444939906097716e-7 2 2
4.89583387970924377e-2 -3.42770837806607931e0 -3.42769908905029297e0 -3.42770910263061523e0 3.77496093051377102e-7 4.96705361285876279e-8 2 2
5.00000007450580597e-2 -3.50103365901566477e0 -3.50102424621582031e0 -3.50103378295898438e0 1.36097270342361298e-7 1.70866641724387591e-7 2 2
5.10416626930236816e-2 -3.57413893856396037e0 -3.57412886619567871e0 -3.57413887977600098e0 4.29153431014128728e-7 1.15235643249889108e-7 2 2
5.20833395421504974e-2 -3.64702195332456380e0 -3.64701128005981445e0 -3.64702248573303223e0 2.51332920697677764e-7 2.58286803500595852e-7 2 2
5.31250014901161194e-2 -3.71968023187210539e0 -3.71966862678527832e0 -3.71967983245849609e0 9.93410722571752558e-8 2.14576715507064364e-7 2 2
5.41666634380817413e-2 -3.79211115823733058e0 -3.79210042953491211e0 -3.79211115837097168e0 3.17891448275986477e-7 2.26497647304313432e-7 2 2
5.52083365619182587e-2 -3.86431295405079656e0 -3.86430478096008301e0 -3.86431288719177246e0 2.38418579101562500e-7 2.58286803500595852e-7 2 2
5.62500022351741791e-2 -3.93628388534875251e0 -3.93627595901489258e0 -3.93628454208374023e0 2.50339496687956853e-7 9.13937867608183296e-8 2 2
5.72916641831398010e-2 -4.00802193264100293e0 -4.00801229476928711e0 -4.00802230834960938e0 2.13583305708198168e-7 2.42392218297027284e-7 2 2
5.83333373069763184e-2 -4.07952567545476796e0 -4.07951641082763672e0 -4.07952547073364258e0 1.27156582152565534e-7 1.19209289550781250e-7 2 2
5.93749992549419403e-2 -4.15079353154773845e0 -4.15078496932983398e0 -4.15079355239868164e0 1.32123631146896514e-7 1.35103860543495102e-7 2 2
6.04166649281978607e-2 -4.22182398352694044e0 -4.22181367874145508e0 -4.22182369232177734e0 2.30471286499778216e-7 7.94728620689966192e-8 2 2
6.14583380520343781e-2 -4.29261604511561234e0 -4.29260587692260742e0 -4.29261636734008789e0 3.53654229456878966e-7 7.15255765726396930e-8 2 2
6.25000000000000000e-2 -4.36316836711104372e0 -4.36315870285034180e0 -4.36316919326782227e0 1.78813934326171875e-7 7.15255765726396930e-8 2 2
6.35416656732559204e-2 -4.43347961234631338e0 -4.43347120285034180e0 -4.43348073959350586e0 1.90734866123420943e-7 7.94728620689966192e-8 2 2
6.45833387970924377e-2 -4.50354900520915002e0 -4.50354099273681641e0 -4.50354957580566406e0 7.94728620689966192e-8 5.96046447753906250e-8 2 2
6.56250044703483582e-2 -4.57337556686678948e0 -4.57336664199829102e0 -4.57337665557861328e0 2.50339496687956853e-7 2.06629437116134795e-7 2 2
6.66666626930236816e-2 -4.64295785896617996e0 -4.64294767379760742e0 -4.64295721054077148e0 2.58286803500595852e-7 1.07288357753532182e-7 2 2
6.77083358168601990e-2 -4.71229523856006338e0 -4.71228408813476562e0 -4.71229505538940430e0 2.18550368913383863e-7 1.43051153145279386e-7 2 2
6.87500014901161194e-2 -4.78138712032528712e0 -4.78137731552124023e0 -4.78138589859008789e0 1.78813934326171875e-7 7.35123961703720852e-8 2 2
6.97916671633720398e-2 -4.85023266524031094e0 -4.85022258758544922e0 -4.85023164749145508e0 1.90734866123420943e-7 5.96046447753906250e-8 2 2
7.08333402872085571e-2 -4.91883129478031833e0 -4.91882228851318359e0 -4.91882896423339844e0 1.47024792340744170e-7 7.94728620689966192e-8 2 2
7.18749985098838806e-2 -4.98718191811320466e0 -4.98717212677001953e0 -4.98718833923339844e0 2.86102306290558772e-7 1.70621206052601337e-7 2 2
7.29166641831398010e-2 -5.05528369967042934e0 -5.05527353286743164e0 -5.05528974533081055e0 1.98682144514350512e-7 2.38418579101562500e-7 2 2
7.39583373069763184e-2 -5.12313647791444993e0 -5.12312555313110352e0 -5.12313890457153320e0 3.33786005057845614e-7 1.50998431536208955e-7 2 2
7.50000029802322388e-2 -5.19073978210026343e0 -5.19073820114135742e0 -5.19074630737304688e0 2.94049584681488341e-7 1.51703716255724430e-7 2 3
7.60416612029075623e-2 -5.25809254949279126e0 -5.25809097290039062e0 -5.25810432434082031e0 2.30471286499778216e-7 1.22599885798990726e-7 2 3
7.70833417773246765e-2 -5.32519471439818659e0 -5.32519769668579102e0 -5.32520341873168945e0 1.98682144514350512e-7 2.86102306290558772e-7 2 2
7.81250000000000000e-2 -5.39204561371136748e0 -5.39204645156860352e0 -5.39205598831176758e0 2.54313164305131068e-7 2.46365857492492069e-7 2 2
7.91666656732559204e-2 -5.45864448679379599e0 -5.45864534378051758e0 -5.45865154266357422e0 1.52067514136433601e-7 1.27156582152565534e-7 2 2
8.02083387970924377e-2 -5.52499118091092889e0 -5.52498865127563477e0 -5.52499246597290039e0 3.63588327445540926e-7 2.78154999477919773e-7 2 2
8.12500044703483582e-2 -5.59108533411043940e0 -5.59107780456542969e0 -5.59108304977416992e0 7.94728620689966192e-8 2.78154999477919773e-7 2 2
8.22916626930236816e-2 -5.65692606477219151e0 -5.65691614151000977e0 -5.65692186355590820e0 1.11262004054424324e-7 7.94728620689966192e-8 2 2
8.33333358168601990e-2 -5.72251321457920969e0 -5.72250223159790039e0 -5.72250747680664062e0 2.92062765083755949e-7 1.11262004054424324e-7 2 2
8.43750014901161194e-2 -5.78784664010753680e0 -5.78783464431762695e0 -5.78784179687500000e0 1.23182928746246034e-7 8.74201475653535454e-8 2 2
8.54166671633720398e-2 -5.85292592299357750e0 -5.85292148590087891e0 -5.85292148590087891e0 1.82787573521636659e-7 6.35782910762827669e-8 2 2
8.64583402872085571e-2 -5.91775088313956132e0 -5.91775417327880859e0 -5.91774797439575195e0 2.30471286499778216e-7 2.30471286499778216e-7 2 2
8.74999985098838806e-2 -5.98232081400805704e0 -5.98232221603393555e0 -5.98231792449951172e0 3.77496093051377102e-7 1.35103860543495102e-7 2 2
8.85416641831398010e-2 -6.04663524296335186e0 -6.04662752151489258e0 -6.04663372039794922e0 2.18550368913383863e-7 9.53674330617104715e-8 2 2
8.95833373069763184e-2 -6.11069434312675597e0 -6.11068820953369141e0 -6.11069917678833008e0 2.22524008108848648e-7 1.43051153145279386e-7 2 2
9.06250029802322388e-2 -6.17449796188467914e0 -6.17449092864990234e0 -6.17450428009033203e0 2.78154999477919773e-7 3.81469732246841886e-7 2 2
9.16666612029075623e-2 -6.23804534648353037e0 -6.23804616928100586e0 -6.23805952072143555e0 2.61206878349184990e-7 5.08626328610262135e-7 1 1
9.27083417773246765e-2 -6.30133671706880172e0 -6.30134582519531250e0 -6.30135869979858398e0 2.56113708019256592e-7 2.57205101661384106e-7 1 1
9.37500000000000000e-2 -6.36437168621889171e0 -6.36438512802124023e0 -6.36439800262451172e0 6.35782896551972954e-7 2.53567122854292393e-7 1 1
9.47916656732559204e-2 -6.42714975905252839e0 -6.42716312408447266e0 -6.42717647552490234e0 9.29832481233461294e-7 2.46291165240108967e-7 1 1
9.58333387970924377e-2 -6.48967103087150665e0 -6.48968315124511719e0 -6.48969602584838867e0 3.41733283448775182e-7 3.01996863072417909e-7 1 1
9.68750044703483582e-2 -6.55193537727379915e0 -6.55194664001464844e0 -6.55195808410644531e0 3.77496093051377102e-7 4.92731714984984137e-7 1 1
9.79166626930236816e-2 -6.61394215019388909e0 -6.61395025253295898e0 -6.61396121978759766e0 8.34465026855468750e-7 5.40415442173980409e-7 1 1
9.89583358168601990e-2 -6.67569140987010812e0 -6.67569780349731445e0 -6.67570638656616211e0 8.82148754044465022e-7 5.08626328610262135e-7 1 1
1.00000001490116119e-1 -6.73718322061063191e0 -6.73718547821044922e0 -6.73719644546508789e0 5.96046447753906250e-7 2.78154999477919773e-7 1 1
9.89583283662796021e-2 -6.72250603375757816e0 -6.72250795364379883e0 -6.72250795364379883e0 4.37100737826767727e-7 3.49680590261414181e-7 2 2
9.79166775941848755e-2 -6.57925260829767211e0 -6.57924461364746094e0 -6.57924365997314453e0 2.78154999477919773e-7 4.17232506322307017e-8 2 2
9.68750044703483582e-2 -6.33448286779113623e0 -6.33446741104125977e0 -6.33447027206420898e0 1.19209289550781250e-7 2.78154999477919773e-7 2 2
9.58333238959312439e-2 -6.05371113223275170e0 -6.05369091033935547e0 -6.05369853973388672e0 9.29832481233461294e-7 4.52995294608626864e-7 2 2
9.47916731238365173e-2 -5.79036398027727639e0 -5.79034137725830078e0 -5.79035377502441406e0 3.57627868652343750e-7 5.96046447753906250e-8 2 2
9.37500000000000000e-2 -5.56945720403250988e0 -5.56943511962890625e0 -5.56944990158081055e0 5.96046447753906250e-7 4.45048016217697295e-7 2 2
9.27083268761634827e-2 -5.39477393911606207e0 -5.39475345611572266e0 -5.39476871490478516e0 2.94049584681488341e-7 1.27156582152565534e-7 2 2
9.16666761040687561e-2 -5.26038690543943854e0 -5.26037025451660156e0 -5.26038312911987305e0 1.41064319336692279e-7 3.01996863072417909e-7 2 2
9.06250029802322388e-2 -5.15811194088927039e0 -5.15809869766235352e0 -5.15810966491699219e0 2.78154999477919773e-7 7.94728620689966192e-8 2 2
8.95833298563957214e-2 -5.08059555398483464e0 -5.08058357238769531e0 -5.08059263229370117e0 9.93410722571752558e-8 1.03314718558067398e-7 2 2
8.85416790843009949e-2 -5.02200654962450610e0 -5.02199602127075195e0 -5.02200412750244141e0 9.93410722571752558e-8 9.13937867608183296e-8 2 2
8.74999985098838806e-2 -4.97785890383608187e0 -4.97784805297851562e0 -4.97785758972167969e0 1.39077499738959887e-7 9.33806134639780794e-8 2 2
8.64583253860473633e-2 -4.94468331925298266e0 -4.94467306137084961e0 -4.94468355178833008e0 1.62919363333458023e-7 1.47024792340744170e-7 2 2
8.54166746139526367e-2 -4.91976099573581482e0 -4.91974878311157227e0 -4.91976213455200195e0 4.13258874232269591e-7 1.78813934326171875e-7 2 2
8.43750014901161194e-2 -4.90093710920368686e0 -4.90092468261718750e0 -4.90093755722045898e0 4.76837158203125000e-7 1.66893002528922807e-7 2 2
8.33333283662796021e-2 -4.88649547344073643e0 -4.88648128509521484e0 -4.88649606704711914e0 3.65575147043273319e-7 7.54992157681044773e-8 2 2
8.22916775941848755e-2 -4.87507053995587558e0 -4.87505722045898438e0 -4.87507152557373047e0 2.14576715507064364e-7 1.58945724137993238e-7 2 2
8.12500044703483582e-2 -4.86557726448621874e0 -4.86556386947631836e0 -4.86557912826538086e0 2.10603076311599580e-7 2.02655797920670011e-7 2 2
8.02083238959312439e-2 -4.85715673410250304e0 -4.85714101791381836e0 -4.85715818405151367e0 5.84125530167511897e-7 1.19209289550781250e-7 2 2
7.91666731238365173e-2 -4.84913462674882290e0 -4.84911966323852539e0 -4.84913778305053711e0 3.69548786238738103e-7 2.18550368913383863e-7 2 2
7.81250000000000000e-2 -4.84098328844947012e0 -4.84096956253051758e0 -4.84098672866821289e0 3.61601507847808534e-7 4.37100737826767727e-8 2 2
7.70833268761634827e-2 -4.83229213668982727e0 -4.83227968215942383e0 -4.83229494094848633e0 1.50998431536208955e-7 1.31130221348030318e-7 2 2
7.60416761040687561e-2 -4.82274542559613995e0 -4.82273387908935547e0 -4.82274770736694336e0 4.56968933804091648e-7 2.22524008108848648e-7 2 2
7.50000029802322388e-2 -4.81210094238269015e0 -4.81208848953247070e0 -4.81210279464721680e0 4.05311595841340022e-7 9.13937867608183296e-8 2 2
7.39583298563957214e-2 -4.80017429934674933e0 -4.80016469955444336e0 -4.80017614364624023e0 1.62919363333458023e-7 3.01996863072417909e-7 2 2
7.29166790843009949e-2 -4.78682779595305252e0 -4.78681755065917969e0 -4.78682994842529297e0 3.61601507847808534e-7 9.93410722571752558e-8 2 2
7.18749985098838806e-2 -4.77195763827307395e0 -4.77194738388061523e0 -4.77196168899536133e0 2.08616256713867188e-7 2.10603076311599580e-7 2 2
7.08333253860473633e-2 -4.75548609310645265e0 -4.75547695159912109e0 -4.75548982620239258e0 4.96705354180448921e-7 5.36441788767660910e-8 2 2
6.97916746139526367e-2 -4.73735610893168335e0 -4.73734855651855469e0 -4.73736095428466797e0 3.85443371442306670e-7 3.09944141463347478e-7 2 2
6.87500014901161194e-2 -4.71752319193392289e0 -4.71751546859741211e0 -4.71752738952636719e0 1.98682144514350512e-7 5.36441788767660910e-8 2 2
6.77083283662796021e-2 -4.69595062112111261e0 -4.69594287872314453e0 -4.69595527648925781e0 7.94728620689966192e-8 1.19209289550781250e-7 2 2
6.66666775941848755e-2 -4.67260737752030053e0 -4.67259931564331055e0 -4.67261171340942383e0 7.66913103689148556e-7 1.27156582152565534e-7 2 2
6.56250044703483582e-2 -4.64746280486089969e0 -4.64745283126831055e0 -4.64746618270874023e0 9.93410722571752558e-8 7.94728620689966192e-8 2 2
6.45833238959312439e-2 -4.62048332439295262e0 -4.62047386169433594e0 -4.62048721313476562e0 3.25838726666916045e-7 9.53674330617104715e-8 2 2
6.35416731238365173e-2 -4.59163221545494782e0 -4.59162330627441406e0 -4.59163570404052734e0 3.37759644253310398e-7 5.96046447753906250e-8 2 2
6.25000000000000000e-2 -4.56086480440243758e0 -4.56085681915283203e0 -4.56086778640747070e0 1.19209289550781250e-7 2.46365857492492069e-7 2 2
6.14583268761634827e-2 -4.52812543804182166e0 -4.52811813354492188e0 -4.52812767028808594e0 2.38418579101562500e-7 2.38418579101562500e-7 2 2
6.04166761040687561e-2 -4.49334654008434153e0 -4.49333953857421875e0 -4.49334859848022461e0 1.90734866123420943e-7 6.75519302717475512e-8 2 2
5.93749992549419403e-2 -4.45644347057987300e0 -4.45643615722656250e0 -4.45644521713256836e0 9.93410722571752558e-8 2.34444939906097716e-7 2 2
5.83333261311054230e-2 -4.41731149939294720e0 -4.41730451583862305e0 -4.41731262207031250e0 1.86761226927956159e-7 3.05970502267882694e-7 2 2
5.72916753590106964e-2 -4.37582359065236393e0 -4.37581586837768555e0 -4.37582492828369141e0 4.09285235036804806e-7 1.07288357753532182e-7 2 2
5.62500022351741791e-2 -4.33182307119887433e0 -4.33181428909301758e0 -4.33182477951049805e0 2.10603076311599580e-7 2.30471286499778216e-7 2 2
5.52083253860473633e-2 -4.28511671743514189e0 -4.28510856628417969e0 -4.28511857986450195e0 2.30471286499778216e-7 9.93410722571752558e-8 2 2
5.41666746139526367e-2 -4.23547059636309253e0 -4.23546314239501953e0 -4.23547220230102539e0 2.50339496687956853e-7 8.74201475653535454e-8 2 2
5.31250014901161194e-2 -4.18259737018323818e0 -4.18259143829345703e0 -4.18260002136230469e0 2.62260442696060636e-7 1.35103860543495102e-7 2 2
5.20833246409893036e-2 -4.12614308430362087e0 -4.12613630294799805e0 -4.12614679336547852e0 1.19209289550781250e-7 8.34465012644614035e-8 2 2
5.10416738688945770e-2 -4.06567366484815818e0 -4.06566810607910156e0 -4.06567764282226562e0 1.41064319336692279e-7 7.94728620689966192e-8 2 2
5.00000007450580597e-2 -4.00065224675665565e0 -4.00064706802368164e0 -4.00065708160400391e0 1.15235643249889108e-7 7.94728620689966192e-8 2 2
4.89583276212215424e-2 -3.93041261338895831e0 -3.93040752410888672e0 -3.93041849136352539e0 6.95387498694799433e-8 9.33806134639780794e-8 2 2
4.79166768491268158e-2 -3.85412820277972745e0 -3.85412573814392090e0 -3.85413503646850586e0 2.28484466902045824e-7 5.36441788767660910e-8 2 2
4.68750000000000000e-2 -3.77076874625256808e0 -3.77076649665832520e0 -3.77077674865722656e0 2.07622846915000991e-7 5.76178216249445541e-8 2 2
4.58333268761634827e-2 -3.67905220441375302e0 -3.67905211448669434e0 -3.67906236648559570e0 5.96046447753906250e-8 1.60932543735725631e-7 2 2
4.47916761040687561e-2 -3.57739495193541446e0 -3.57739663124084473e0 -3.57740736007690430e0 1.66893002528922807e-7 8.74201475653535454e-8 2 2
4.37499992549419403e-2 -3.46386280588826656e0 -3.46386766433715820e0 -3.46387767791748047e0 1.63912773132324219e-7 4.96705361285876279e-8 2 2
4.27083261311054230e-2 -3.33615254263775807e0 -3.33616065979003906e0 -3.33616924285888672e0 7.25189863715058891e-8 2.58286796395168494e-8 2 2
4.16666753590106964e-2 -3.19164278458225503e0 -3.19165205955505371e0 -3.19166183471679688e0 4.37100737826767727e-7 3.77496078840522387e-8 2 2
4.06250022351741791e-2 -3.02756315032474133e0 -3.02757310867309570e0 -3.02758502960205078e0 8.44399110633275995e-8 4.56968933804091648e-8 2 2
3.95833253860473633e-2 -2.84134551430792870e0 -2.84135270118713379e0 -2.84136724472045898e0 1.28149991951431730e-7 4.37100737826767727e-8 2 2
3.85416746139526367e-2 -2.63117018075044173e0 -2.63117241859436035e0 -2.63118886947631836e0 1.54972070731673739e-7 3.97364310344983096e-8 2 2
3.75000014901161194e-2 -2.39660085684356838e0 -2.39659786224365234e0 -2.39661407470703125e0 7.94728620689966192e-8 3.17891455381413834e-8 2 2
3.64583246409893036e-2 -2.13909209724421556e0 -2.13908362388610840e0 -2.13909840583801270e0 5.96046447753906250e-8 4.96705361285876279e-8 2 2
3.54166738688945770e-2 -1.86212845388710191e0 -1.86211538314819336e0 -1.86212944984436035e0 4.47034835815429688e-8 4.96705361285876279e-8 2 2
3.43750007450580597e-2 -1.57085701469852412e0 -1.57084000110626221e0 -1.57085478305816650e0 9.04003769619521336e-8 5.66244118260783580e-8 2 2
3.33333276212215424e-2 -1.27131931747734117e0 -1.27129995822906494e0 -1.27131545543670654e0 5.46375922283459659e-8 1.63912776685037898e-8 2 2
3.22916768491268158e-2 -9.69548747761530327e-1 -9.69528138637542725e-1 -9.69544708728790283e-1 6.45717008751489630e-8 4.12265457327976037e-8 2 2
3.12500000000000000e-2 -6.70801948593615860e-1 -6.70781016349792480e-1 -6.70798540115356445e-1 2.78155010136060810e-8 2.23517417907714844e-8 2 2
3.02083250135183334e-2 -3.79101246833893402e-1 -3.79080414772033691e-1 -3.79098713397979736e-1 2.63253845389499475e-8 5.96046456635690447e-9 2 2
2.91666742414236069e-2 -9.71185205345364011e-2 -9.71009358763694763e-2 -9.71197336912155151e-2 3.81221383349839016e-8 1.76330399170865348e-8 1 1
2.81250011175870895e-2 1.73675436121609739e-1 1.73690825700759888e-1 1.73671513795852661e-1 1.88748039420261193e-8 5.46375922283459659e-9 2 2
2.70833261311054230e-2 4.32683502613546711e-1 4.32698786258697510e-1 4.32679444551467896e-1 5.56310020272121619e-8 3.52660798341730697e-8 2 2
2.60416753590106964e-2 6.79744966820688967e-1 6.79761111736297607e-1 6.79742574691772461e-1 3.07957321865615086e-8 7.15255765726396930e-8 2 2
2.50000003725290298e-2 9.14618834798758051e-1 9.14635539054870605e-1 9.14618492126464844e-1 7.45058059692382812e-8 3.27825553370075795e-8 2 2
2.39583253860473633e-2 1.13635411259422359e0 1.13637006282806396e0 1.13635528087615967e0 6.35782910762827669e-8 1.19209291327138089e-8 2 2
2.29166746139526367e-2 1.34252541769315759e0 1.34254014492034912e0 1.34252727031707764e0 9.23871965596845257e-8 2.08616253161153509e-8 2 2
2.18749996274709702e-2 1.52848058108736962e0 1.52849447727203369e0 1.52848243713378906e0 4.96705361285876279e-8 4.96705361285876279e-8 2 2
2.08333265036344528e-2 1.68712261976631406e0 1.68713891506195068e0 1.68712830543518066e0 4.76837165308552358e-8 1.03314718558067398e-7 2 2
1.97916757315397263e-2 1.81014902247728293e0 1.81017386913299561e0 1.81016516685485840e0 4.47034835815429688e-8 1.98682144514350512e-7 2 2
1.87500007450580597e-2 1.89111373022191320e0 1.89115083217620850e0 1.89114439487457275e0 7.94728620689966192e-8 2.09979589271824807e-8 2 2
1.77083257585763931e-2 1.92890673379377575e0 1.92895150184631348e0 1.92894744873046875e0 2.70207721086990205e-7 2.06568984140176326e-8 2 2
1.66666749864816666e-2 1.92918030737983615e0 1.92922353744506836e0 1.92922019958496094e0 1.25169748343978426e-7 5.36441788767660910e-8 2 2
1.56250000000000000e-2 1.90267205482201063e0 1.90270555019378662e0 1.90270185470581055e0 1.49011611938476562e-7 1.78813934326171875e-7 2 2
1.45833259448409081e-2 1.86172458298979171e0 1.86174535751342773e0 1.86174154281616211e0 8.74201475653535454e-8 1.49011611938476562e-8 2 2
1.35416751727461815e-2 1.81713655487722670e0 1.81714439392089844e0 1.81714165210723877e0 9.93410722571752558e-8 1.11262004054424324e-7 2 2
1.25000001862645149e-2 1.77657328511057311e0 1.77657222747802734e0 1.77657008171081543e0 9.93410722571752558e-8 1.98682155172491548e-8 2 2
1.14583251997828484e-2 1.74448151942519702e0 1.74447500705718994e0 1.74447345733642578e0 1.98682144514350512e-7 1.21196109148513642e-7 2 2
1.04166744276881218e-2 1.72282409566191874e0 1.72281563282012939e0 1.72281420230865479e0 2.93056174882622145e-8 6.95387498694799433e-8 2 2
9.37500037252902985e-3 1.71198830608680619e0 1.71198022365570068e0 1.71197843551635742e0 1.17222469953048858e-7 3.37759651358737756e-8 2 2
8.33332538604736328e-3 1.71151217364601926e0 1.71150481700897217e0 1.71150290966033936e0 1.04308128356933594e-7 7.94728638453534586e-9 2 2
7.29167461395263672e-3 1.72054787579306723e0 1.72054171562194824e0 1.72053992748260498e0 1.94708505318885727e-7 2.58286796395168494e-8 2 2
6.25000009313225746e-3 1.73811873359579638e0 1.73811340332031250e0 1.73811185359954834e0 1.70866641724387591e-7 1.19209289550781250e-7 2 2
5.20832557231187820e-3 1.76324588176492303e0 1.76324176788330078e0 1.76323997974395752e0 1.66893002528922807e-7 1.58945724137993238e-7 2 2
4.16667480021715164e-3 1.79500253672597831e0 1.79499924182891846e0 1.79499757289886475e0 1.90734866123420943e-7 1.62919363333458023e-7 2 2
3.12500004656612873e-3 1.83253892379740546e0 1.83253753185272217e0 1.83253455162048340e0 2.10603076311599580e-7 2.50339496687956853e-7 2 2
2.08332552574574947e-3 1.87508942281034008e0 1.87509059906005859e0 1.87508654594421387e0 3.37759644253310398e-7 6.75519302717475512e-8 2 2
1.04167463723570108e-3 1.92197031529871598e0 1.92197322845458984e0 1.92196786403656006e0 2.42392218297027284e-7 3.49680590261414181e-7 2 2
0.00000000000000000e0 1.97257825133830900e0 1.97258245944976807e0 1.97257566452026367e0 1.72356763528114243e-7 9.13937867608183296e-8 2 2
-1.04167463723570108e-3 2.02638452987263218e0 2.02639055252075195e0 2.02638196945190430e0 1.39077499738959887e-7 1.03314718558067398e-7 2 2
-2.08332552574574947e-3 2.08292637168981276e0 2.08293318748474121e0 2.08292436599731445e0 1.07288357753532182e-7 1.58945724137993238e-7 2 2
-3.12500004656612873e-3 2.14180219219634038e0 2.14180970191955566e0 2.14180040359497070e0 1.54972070731673739e-7 3.97364310344983096e-8 2 2
-4.16667480021715164e-3 2.20266476956543844e0 2.20267271995544434e0 2.20266366004943848e0 2.06629437116134795e-7 1.19209289550781250e-7 2 2
-5.20832557231187820e-3 2.26521272296669185e0 2.26522278785705566e0 2.26521253585815430e0 3.25838726666916045e-7 4.37100737826767727e-8 2 2
-6.25000009313225746e-3 2.32918672839445051e0 2.32919716835021973e0 2.32918691635131836e0 4.37100737826767727e-7 4.37100737826767727e-8 2 2
-7.29167461395263672e-3 2.39436407926365113e0 2.39437437057495117e0 2.39436459541320801e0 3.97364289028701023e-7 1.47024792340744170e-7 2 2
-8.33332538604736328e-3 2.46055185160764767e0 2.46056127548217773e0 2.46055197715759277e0 2.53319747400837514e-8 9.53674330617104715e-8 2 2
-9.37500037252902985e-3 2.52758479405211256e0 2.52759361267089844e0 2.52758431434631348e0 4.76837165308552358e-8 1.78813934326171875e-7 2 2
-1.04166744276881218e-2 2.59532144751632510e0 2.59532999992370605e0 2.59532165527343750e0 2.86102306290558772e-7 3.45706951065949397e-7 2 2
-1.14583251997828484e-2 2.66363894624938169e0 2.66364741325378418e0 2.66363930702209473e0 1.15235643249889108e-7 3.97364310344983096e-8 2 2
-1.25000001862645149e-2 2.73243232997769780e0 2.73244166374206543e0 2.73243284225463867e0 6.39756535747437738e-7 1.07288357753532182e-7 2 2
-1.35416751727461815e-2 2.80161196017108916e0 2.80162167549133301e0 2.80161213874816895e0 1.19209289550781250e-7 3.01996863072417909e-7 2 2
-1.45833259448409081e-2 2.87109939523699209e0 2.87110829353332520e0 2.87109947204589844e0 2.38418579101562500e-7 5.56310020272121619e-8 2 2
-1.56250000000000000e-2 2.94082767646547127e0 2.94083714485168457e0 2.94082736968994141e0 1.74840295130707091e-7 1.90734866123420943e-7 2 2
-1.66666749864816666e-2 3.01073976343946192e0 3.01074934005737305e0 3.01074004173278809e0 2.38418582654276179e-8 1.07288357753532182e-7 2 2
-1.77083257585763931e-2 3.08078519598650313e0 3.08079504966735840e0 3.08078479766845703e0 2.62260442696060636e-7 2.14576715507064364e-7 2 2
-1.87500007450580597e-2 3.15092100426660116e0 3.15093064308166504e0 3.15092158317565918e0 4.21206152623199159e-7 9.53674330617104715e-8 2 2
-1.97916757315397263e-2 3.22111060928369231e0 3.22112011909484863e0 3.22111105918884277e0 8.74201475653535454e-8 8.74201475653535454e-8 2 2
-2.08333265036344528e-2 3.29132103696393230e0 3.29133033752441406e0 3.29132103919982910e0 9.93410722571752558e-8 1.27156582152565534e-7 2 2
-2.18749996274709702e-2 3.36152423050898319e0 3.36153340339660645e0 3.36152458190917969e0 1.11262004054424324e-7 1.15235643249889108e-7 3 2
-2.29166746139526367e-2 3.43169649364710505e0 3.43170619010925293e0 3.43169617652893066e0 7.05321596683461394e-8 9.53674330617104715e-8 2 2
-2.39583253860473633e-2 3.50181598155420515e0 3.50182604789733887e0 3.50181555747985840e0 1.47024792340744170e-7 9.93410722571752558e-8 2 2
-2.50000003725290298e-2 3.57186423244517925e0 3.57187533378601074e0 3.57186341285705566e0 1.29143401750297926e-7 1.35103860543495102e-7 2 2
-2.60416753590106964e-2 3.64182564954049059e0 3.64183592796325684e0 3.64182472229003906e0 6.15914643731230171e-8 2.10603076311599580e-7 2 2
-2.70833261311054230e-2 3.71168527720406827e0 3.71169590950012207e0 3.71168541908264160e0 6.51677453333832091e-7 1.66893002528922807e-7 2 2
-2.81250011175870895e-2 3.78143060986478963e0 3.78144168853759766e0 3.78143095970153809e0 1.54972070731673739e-7 6.35782910762827669e-8 4 2
-2.91666742414236069e-2 3.85105115762531280e0 3.85106110572814941e0 3.85105204582214355e0 2.94049584681488341e-7 7.94728620689966192e-8 2 2
-3.02083250135183334e-2 3.92053648829077206e0 3.92054557800292969e0 3.92053794860839844e0 1.19209289550781250e-7 1.35103860543495102e-7 2 2
-3.12500000000000000e-2 3.98987806172859072e0 3.98988652229309082e0 3.98988032341003418e0 3.29812365862380830e-7 8.34465012644614035e-8 2 2
-3.22916768491268158e-2 4.05906892333221503e0 4.05907678604125977e0 4.05907058715820312e0 5.48362720564909978e-7 2.08616253161153509e-8 2 2
-3.33333276212215424e-2 4.12810149296605111e0 4.12810897827148438e0 4.12810325622558594e0 3.01996863072417909e-7 1.82787573521636659e-7 2 2
-3.43750007450580597e-2 4.19696949593708712e0 4.19697761535644531e0 4.19696998596191406e0 9.93410722571752558e-8 5.96046447753906250e-8 2 2
-3.54166738688945770e-2 4.26566794203630639e0 4.26567506790161133e0 4.26566791534423828e0 1.35103860543495102e-7 7.94728620689966192e-8 3 2
-3.64583246409893036e-2 4.33419129246230828e0 4.33419895172119141e0 4.33419084548950195e0 3.57627868652343750e-7 1.43051153145279386e-7 2 2
-3.75000014901161194e-2 4.40253532593513341e0 4.40254020690917969e0 4.40253448486328125e0 2.26497647304313432e-7 2.42392218297027284e-7 2 2
-3.85416746139526367e-2 4.47069657189545477e0 4.47070121765136719e0 4.47069501876831055e0 2.18550368913383863e-7 2.06629437116134795e-7 2 2
-3.95833253860473633e-2 4.53867059275324447e0 4.53867483139038086e0 4.53866910934448242e0 2.30471286499778216e-7 3.97364310344983096e-8 2 2
-4.06250022351741791e-2 4.60645414626144323e0 4.60645914077758789e0 4.60645294189453125e0 1.49011611938476562e-7 2.22524008108848648e-7 2 2
-4.16666753590106964e-2 4.67404471930468812e0 4.67405033111572266e0 4.67404365539550781e0 3.81469732246841886e-7 3.97364310344983096e-8 2 2
-4.27083261311054230e-2 4.74143878263127672e0 4.74144411087036133e0 4.74143791198730469e0 1.35103860543495102e-7 2.74181360282454989e-7 3 2
-4.37499992549419403e-2 4.80863376275866550e0 4.80863904953002930e0 4.80863332748413086e0 5.96046447753906250e-8 1.70866641724387591e-7 2 2
-4.47916761040687561e-2 4.87562803563180047e0 4.87563323974609375e0 4.87562847137451172e0 4.80810797398589784e-7 4.37100737826767727e-8 2 2
-4.58333268761634827e-2 4.94241880004491296e0 4.94242477416992188e0 4.94241952896118164e0 2.42392218297027284e-7 9.53674330617104715e-8 2 2
-4.68750000000000000e-2 5.00900395447465208e0 5.00901079177856445e0 5.00900459289550781e0 1.39077499738959887e-7 9.93410722571752558e-8 2 2
-4.79166768491268158e-2 5.07538226286941718e0 5.07539033889770508e0 5.07538318634033203e0 3.97364310344983096e-8 2.06629437116134795e-7 2 2
-4.89583276212215424e-2 5.14155133005339415e0 5.14155960083007812e0 5.14155244827270508e0 1.33117040945762710e-7 4.37100737826767727e-8 2 2
-5.00000007450580597e-2 5.20750946100103729e0 5.20751762390136719e0 5.20751094818115234e0 3.81469732246841886e-7 9.93410722571752558e-8 2 2
-5.10416738688945770e-2 5.27325565264426110e0 5.27326345443725586e0 5.27325725555419922e0 1.78813934326171875e-7 2.50339496687956853e-7 2 2
-5.20833246409893036e-2 5.33878788824174499e0 5.33879613876342773e0 5.33878898620605469e0 1.96695324916618119e-7 9.13937867608183296e-8 4 2
-5.31250014901161194e-2 5.40410505700468669e0 5.40411090850830078e0 5.40410709381103516e0 9.93410722571752558e-8 1.86761226927956159e-7 2 2
-5.41666746139526367e-2 5.46920644840893022e0 5.46922254562377930e0 5.46920871734619141e0 2.34444939906097716e-7 5.16573592790336988e-8 4 2
-5.52083253860473633e-2 5.53409011733118206e0 5.53411674499511719e0 5.53409194946289062e0 1.89174897968769073e-7 1.58945724137993238e-7 2 2
-5.62500022351741791e-2 5.59875504609970864e0 5.59877777099609375e0 5.59875631332397461e0 3.63588327445540926e-7 1.27156582152565534e-7 2 2
-5.72916753590106964e-2 5.66320070463473169e0 5.66321039199829102e0 5.66320133209228516e0 3.37759644253310398e-7 2.10603076311599580e-7 2 2
-5.83333261311054230e-2 5.72742536849882899e0 5.72742700576782227e0 5.72742605209350586e0 2.54313164305131068e-7 2.34444939906097716e-7 2 2
-5.93749992549419403e-2 5.79142808650662122e0 5.79142570495605469e0 5.79142904281616211e0 1.07288357753532182e-7 6.75519302717475512e-8 2 2
-6.04166761040687561e-2 5.85520868430174435e0 5.85520601272583008e0 5.85520935058593750e0 3.37759644253310398e-7 3.05970502267882694e-7 2 2
-6.14583268761634827e-2 5.91876569438651412e0 5.91877079010009766e0 5.91876697540283203e0 2.06629437116134795e-7 7.94728620689966192e-8 2 2
-6.25000000000000000e-2 5.98209822639012501e0 5.98210620880126953e0 5.98209953308105469e0 2.58286803500595852e-7 2.18550368913383863e-7 2 2
-6.35416731238365173e-2 6.04520599582782303e0 6.04522132873535156e0 6.04520559310913086e0 2.30471286499778216e-7 1.98682144514350512e-7 2 3
-6.45833238959312439e-2 6.10808766344528475e0 6.10810089111328125e0 6.10808753967285156e0 2.14576715507064364e-7 1.82787573521636659e-7 2 2
-6.56250044703483582e-2 6.17074288184298059e0 6.17075824737548828e0 6.17074346542358398e0 3.09944141463347478e-7 8.34465012644614035e-8 2 2
-6.66666775941848755e-2 6.23317147281947470e0 6.23319149017333984e0 6.23317241668701172e0 3.09944141463347478e-7 1.90734866123420943e-7 2 2
-6.77083283662796021e-2 6.29537189399863273e0 6.29538583755493164e0 6.29537248611450195e0 2.78154999477919773e-7 2.46365857492492069e-7 2 2
-6.87500014901161194e-2 6.35734342350863013e0 6.35735034942626953e0 6.35735130310058594e0 2.22524008108848648e-7 1.55341695062816143e-7 2 2
-6.97916746139526367e-2 6.41908605728360726e0 6.41908740997314453e0 6.41909360885620117e0 2.28484466902045824e-7 7.94728620689966192e-8 2 2
-7.08333253860473633e-2 6.48059870986366260e0 6.48059892654418945e0 6.48060321807861328e0 2.18550368913383863e-7 2.62260442696060636e-7 2 2
-7.18749985098838806e-2 6.54188094859890956e0 6.54188871383666992e0 6.54188251495361328e0 2.46365857492492069e-7 3.89417010637771455e-7 2 2
-7.29166790843009949e-2 6.60293310532095479e0 6.60294055938720703e0 6.60293245315551758e0 3.97364289028701023e-7 3.49680590261414181e-7 2 2
-7.39583298563957214e-2 6.66375398372414018e0 6.66375875473022461e0 6.66375207901000977e0 2.78154999477919773e-7 1.74840295130707091e-7 2 3
-7.50000029802322388e-2 6.72434284780837466e0 6.72434282302856445e0 6.72434759140014648e0 3.81469732246841886e-7 1.44791556522250175e-7 2 2
-7.60416761040687561e-2 6.78469963546877786e0 6.78469848632812500e0 6.78471326828002930e0 2.22524008108848648e-7 2.30471286499778216e-7 2 2
-7.70833268761634827e-2 6.84482332713419872e0 6.84482240676879883e0 6.84483480453491211e0 4.56968933804091648e-7 1.03314718558067398e-7 2 2
-7.81250000000000000e-2 6.90471363503814750e0 6.90471887588500977e0 6.90472745895385742e0 2.78154999477919773e-7 2.11366568692028522e-7 2 2
-7.91666731238365173e-2 6.96437076910949671e0 6.96438789367675781e0 6.96438550949096680e0 2.30471286499778216e-7 1.35103860543495102e-7 2 2
-8.02083238959312439e-2 7.02379375536232864e0 7.02380990982055664e0 7.02380228042602539e0 2.22524008108848648e-7 2.30471286499778216e-7 2 2
-8.12500044703483582e-2 7.08298253447205539e0 7.08300447463989258e0 7.08298444747924805e0 5.48362720564909978e-7 3.25838726666916045e-7 1 2
-8.22916775941848755e-2 7.14193719814713024e0 7.14196205139160156e0 7.14194536209106445e0 6.59624731724761659e-7 3.65575147043273319e-7 1 1
-8.33333283662796021e-2 7.20065649190890333e0 7.20068740844726562e0 7.20067453384399414e0 2.98023223876953125e-7 2.60843080468475819e-7 1 1
-8.43750014901161194e-2 7.25913997690280866e0 7.25916814804077148e0 7.25916433334350586e0 3.77496093051377102e-7 2.50292941927909851e-7 1 1
-8.54166746139526367e-2 7.31738791522922316e0 7.31741142272949219e0 7.31741189956665039e0 3.17891448275986477e-7 2.54658516496419907e-7 1 1
-8.64583253860473633e-2 7.37539948664416389e0 7.37542009353637695e0 7.37542057037353516e0 1.04109449239331298e-6 3.01996863072417909e-7 1 1
-8.74999985098838806e-2 7.43317450939001212e0 7.43319082260131836e0 7.43319320678710938e0 4.21206152623199159e-7 5.32468163783050841e-7 1 1
-8.85416790843009949e-2 7.49071354638541642e0 7.49072790145874023e0 7.49073028564453125e0 5.80151890972047113e-7 6.03993726144835819e-7 1 1
-8.95833298563957214e-2 7.54801563605162329e0 7.54802846908569336e0 7.54803085327148438e0 3.77496093051377102e-7 2.42289388552308083e-7 1 1
-9.06250029802322388e-2 7.60508026818801319e0 7.60509014129638672e0 7.60509347915649414e0 5.64257277346769115e-7 2.70207721086990205e-7 1 1
-9.16666761040687561e-2 7.66190759074273231e0 7.66192102432250977e0 7.66191864013671875e0 2.98023223876953125e-7 2.36468622460961342e-7 1 1
-9.27083268761634827e-2 7.71849679353085083e0 7.71851062774658203e0 7.71850776672363281e0 2.54313164305131068e-7 2.30647856369614601e-7 1 1
-9.37500000000000000e-2 7.77484778661829523e0 7.77486133575439453e0 7.77485799789428711e0 7.62939464493683772e-7 2.28465069085359573e-7 1 1
-9.47916731238365173e-2 7.83096096485500759e0 7.83097362518310547e0 7.83097076416015625e0 2.46365857492492069e-7 3.97364289028701023e-7 1 1
-9.58333238959312439e-2 7.88683554237389295e0 7.88684797286987305e0 7.88684320449829102e0 2.46365857492492069e-7 2.17551132664084435e-7 1 1
-9.68750044703483582e-2 7.94247163719153981e0 7.94248342514038086e0 7.94247961044311523e0 7.39097572477476206e-7 3.97364289028701023e-7 1 1
-9.79166775941848755e-2 7.99786950967364607e0 7.99788045883178711e0 7.99787569046020508e0 2.46365857492492069e-7 3.25838726666916045e-7 1 1
-9.89583283662796021e-2 8.05302807997120773e0 8.05303764343261719e0 8.05303478240966797e0 2.23371898755431175e-7 5.40415442173980409e-7 1 1
-1.00000001490116119e-1 8.10794707548105364e0 8.10795497894287109e0 8.10795497894287109e0 3.25838726666916045e-7 2.13185558095574379e-7 1 1
-9.89583358168601990e-2 8.08712480966616454e0 8.08712482452392578e0 8.08712291717529297e0 1.09275184456691932e-7 3.01996863072417909e-7 2 2
-9.79166626930236816e-2 7.93858586720831472e0 7.93857860565185547e0 7.93857622146606445e0 3.89417010637771455e-7 3.81469732246841886e-7 2 2
-9.68750044703483582e-2 7.68940495223132636e0 7.68939399719238281e0 7.68939065933227539e0 1.58945724137993238e-7 3.01996863072417909e-7 2 2
-9.58333387970924377e-2 7.40475448339207709e0 7.40474414825439453e0 7.40473985671997070e0 9.13937867608183296e-7 1.50998431536208955e-7 2 2
-9.47916656732559204e-2 7.13766290643812962e0 7.13765382766723633e0 7.13764953613281250e0 2.58286803500595852e-7 2.22524008108848648e-7 2 2
-9.37500000000000000e-2 6.91289188822281364e0 6.91288423538208008e0 6.91288089752197266e0 4.37100737826767727e-7 2.86102306290558772e-7 2 2
-9.27083417773246765e-2 6.73413466833661900e0 6.73412990570068359e0 6.73412609100341797e0 4.17232513427734375e-7 1.50998431536208955e-7 2 2
-9.16666612029075623e-2 6.59547068263975333e0 6.59546518325805664e0 6.59546470642089844e0 7.15255765726396930e-8 1.03314718558067398e-7 2 2
-9.06250029802322388e-2 6.48875944307801067e0 6.48875665664672852e0 6.48875522613525391e0 2.30471286499778216e-7 5.16573607001191704e-7 2 2
-8.95833373069763184e-2 6.40669389265968903e0 6.40669202804565430e0 6.40669155120849609e0 3.65575147043273319e-7 3.97364289028701023e-7 2 2
-8.85416641831398010e-2 6.34347922983904766e0 6.34347867965698242e0 6.34347534179687500e0 3.37759644253310398e-7 3.13917809080521693e-7 2 2
-8.74999985098838806e-2 6.29465870331676935e0 6.29466104507446289e0 6.29465627670288086e0 2.66234081891525420e-7 1.35103860543495102e-7 2 2
-8.64583402872085571e-2 6.25678715410394926e0 6.25678777694702148e0 6.25678443908691406e0 7.27176654891081853e-7 6.55651106740151590e-8 2 2
-8.54166671633720398e-2 6.22716401195117442e0 6.22716474533081055e0 6.22716140747070312e0 4.49021655413162080e-7 5.96046447753906250e-8 2 2
-8.43750014901161194e-2 6.20365093657011180e0 6.20365095138549805e0 6.20364809036254883e0 3.17891448275986477e-7 1.07288357753532182e-7 2 2
-8.33333358168601990e-2 6.18454740567913497e0 6.18454885482788086e0 6.18454456329345703e0 2.30471286499778216e-7 5.96046447753906250e-8 2 2
-8.22916626930236816e-2 6.16850079635149129e0 6.16850519180297852e0 6.16849946975708008e0 1.98682144514350512e-7 1.66893002528922807e-7 2 2
-8.12500044703483582e-2 6.15443915976892608e0 6.15444421768188477e0 6.15443897247314453e0 3.09944141463347478e-7 1.78813934326171875e-7 2 2
-8.02083387970924377e-2 6.14151651603549720e0 6.14152050018310547e0 6.14151716232299805e0 2.78154999477919773e-7 1.19209289550781250e-7 2 2
-7.91666656732559204e-2 6.12906874150594039e0 6.12907075881958008e0 6.12906932830810547e0 9.93410722571752558e-8 9.93410722571752558e-8 2 2
-7.81250000000000000e-2 6.11657892730377295e0 6.11658048629760742e0 6.11658048629760742e0 1.98682144514350512e-7 1.62919363333458023e-7 2 2
-7.70833417773246765e-2 6.10364857083902823e0 6.10364675521850586e0 6.10365152359008789e0 2.54313164305131068e-7 9.93410722571752558e-8 2 2
-7.60416612029075623e-2 6.08997219031533987e0 6.08997106552124023e0 6.08997535705566406e0 3.77496093051377102e-7 3.13917809080521693e-7 2 2
-7.50000029802322388e-2 6.07531963343213377e0 6.07531976699829102e0 6.07532262802124023e0 6.39756535747437738e-7 8.54333208621937956e-8 2 2
-7.39583373069763184e-2 6.05951987880417597e0 6.05952215194702148e0 6.05952310562133789e0 2.38418579101562500e-7 9.93410722571752558e-8 2 2
-7.29166641831398010e-2 6.04244755727797500e0 6.04244756698608398e0 6.04245042800903320e0 7.66913103689148556e-7 2.14576715507064364e-7 2 2
-7.18749985098838806e-2 6.02401347925145902e0 6.02401447296142578e0 6.02401685714721680e0 5.88099169362976681e-7 1.78813934326171875e-7 2 2
-7.08333402872085571e-2 6.00415663190749171e0 6.00415849685668945e0 6.00416040420532227e0 4.60942572999556432e-7 6.55651106740151590e-8 2 2
-6.97916671633720398e-2 5.98283611112820868e0 5.98283863067626953e0 5.98284006118774414e0 6.39756535747437738e-7 7.94728620689966192e-8 2 2
-6.87500014901161194e-2 5.96002637637010491e0 5.96002912521362305e0 5.96003055572509766e0 1.98682144514350512e-7 6.35782910762827669e-8 2 2
-6.77083358168601990e-2 5.93571314256120086e0 5.93571615219116211e0 5.93571662902832031e0 4.84784436594054569e-7 1.70866641724387591e-7 2 2
-6.66666626930236816e-2 5.90988923726607940e0 5.90989255905151367e0 5.90989303588867188e0 1.58945724137993238e-7 1.74840295130707091e-7 2 2
-6.56250044703483582e-2 5.88255248349751891e0 5.88255453109741211e0 5.88255500793457031e0 3.69548786238738103e-7 1.43051153145279386e-7 2 2
-6.45833387970924377e-2 5.85370247689048284e0 5.85370492935180664e0 5.85370397567749023e0 2.42392218297027284e-7 8.14596816667290113e-8 2 2
-6.35416656732559204e-2 5.82333808525499030e0 5.82333946228027344e0 5.82333993911743164e0 1.27156582152565534e-7 1.50998431536208955e-7 2 2
-6.25000000000000000e-2 5.79145677842875806e0 5.79145765304565430e0 5.79145812988281250e0 1.39077499738959887e-7 1.82787573521636659e-7 2 2
-6.14583380520343781e-2 5.75805332683079385e0 5.75805330276489258e0 5.75805377960205078e0 2.66234081891525420e-7 1.47024792340744170e-7 2 2
-6.04166649281978607e-2 5.72311735846475855e0 5.72311687469482422e0 5.72311735153198242e0 4.17232513427734375e-7 2.22524008108848648e-7 2 2
-5.93749992549419403e-2 5.68663270426670309e0 5.68663167953491211e0 5.68663263320922852e0 1.94708505318885727e-7 1.50998431536208955e-7 2 2
-5.83333373069763184e-2 5.64857643301846490e0 5.64857530593872070e0 5.64857578277587891e0 3.37759644253310398e-7 1.66893002528922807e-7 2 2
-5.72916641831398010e-2 5.60891658915058944e0 5.60891532897949219e0 5.60891532897949219e0 1.90734866123420943e-7 1.82787573521636659e-7 2 2
-5.62500022351741791e-2 5.56761159408998019e0 5.56761169433593750e0 5.56761169433593750e0 1.07288357753532182e-7 2.70207721086990205e-7 2 2
-5.52083365619182587e-2 5.52460840038854251e0 5.52460908889770508e0 5.52460861206054688e0 7.74860353658368695e-8 4.17232506322307017e-8 2 2
-5.41666634380817413e-2 5.47984004162889082e0 5.47983980178833008e0 5.47984123229980469e0 3.73522453855912318e-7 1.62919363333458023e-7 2 2
-5.31250014901161194e-2 5.43322435369398971e0 5.43322467803955078e0 5.43322563171386719e0 1.25169748343978426e-7 9.93410722571752558e-8 2 2
-5.20833395421504974e-2 5.38466101389895080e0 5.38466024398803711e0 5.38466167449951172e0 3.69548786238738103e-7 6.35782910762827669e-8 2 2
-5.10416626930236816e-2 5.33402695707018282e0 5.33402442932128906e0 5.33402824401855469e0 5.80151890972047113e-7 2.18550368913383863e-7 2 2
-5.00000007450580597e-2 5.28117363861509315e0 5.28117179870605469e0 5.28117513656616211e0 9.73542526594428637e-8 2.02655797920670011e-7 2 2
-4.89583276212215424e-2 5.22592124827767623e0 5.22592067718505859e0 5.22592306137084961e0 6.35782910762827669e-8 1.82787573521636659e-7 2 2
-4.79166768491268158e-2 5.16805260154883239e0 5.16805410385131836e0 5.16805505752563477e0 2.70207721086990205e-7 1.58945724137993238e-7 2 2
-4.68750000000000000e-2 5.10730372983197167e0 5.10730648040771484e0 5.10730648040771484e0 1.96695324916618119e-7 5.16573592790336988e-8 2 2
-4.58333268761634827e-2 5.04335317483783552e0 5.04335594177246094e0 5.04335594177246094e0 2.78154999477919773e-7 9.13937867608183296e-8 2 2
-4.47916761040687561e-2 4.97581031024756637e0 4.97581386566162109e0 4.97581386566162109e0 1.49011611938476562e-7 8.54333208621937956e-8 2 2
-4.37499992549419403e-2 4.90419531333093417e0 4.90419912338256836e0 4.90419912338256836e0 1.31130221348030318e-7 9.13937867608183296e-8 2 2
-4.27083261311054230e-2 4.82791704512948261e0 4.82791996002197266e0 4.82792043685913086e0 2.80141819075652165e-7 1.58945724137993238e-7 2 2
-4.16666753590106964e-2 4.74624689315230697e0 4.74624872207641602e0 4.74625158309936523e0 8.34465012644614035e-8 9.93410722571752558e-8 2 2
-4.06250022351741791e-2 4.65828089262940637e0 4.65828323364257812e0 4.65828561782836914e0 5.56310020272121619e-8 5.36441788767660910e-8 2 2
-3.95833253860473633e-2 4.56289637159452965e0 4.56289911270141602e0 4.56290245056152344e0 2.22524008108848648e-7 1.80800753923904267e-7 2 2
-3.85416746139526367e-2 4.45870600712422771e0 4.45871019363403320e0 4.45871210098266602e0 8.74201475653535454e-8 1.86761226927956159e-7 2 2
-3.75000014901161194e-2 4.34400656676813934e0 4.34401226043701172e0 4.34401464462280273e0 1.62919363333458023e-7 5.16573592790336988e-8 2 2
-3.64583246409893036e-2 4.21674287118219571e0 4.21675109863281250e0 4.21675300598144531e0 1.72853475532974699e-7 1.50998431536208955e-7 2 2
-3.54166738688945770e-2 4.07451674893189697e0 4.07452678680419922e0 4.07452917098999023e0 1.58945724137993238e-7 3.97364310344983096e-8 2 2
-3.43750007450580597e-2 3.91467729995133773e0 3.91469025611877441e0 3.91469264030456543e0 1.49011611938476562e-7 4.96705361285876279e-8 2 2
-3.33333276212215424e-2 3.73455678936928370e0 3.73456859588623047e0 3.73457241058349609e0 3.87430191040039062e-7 9.53674330617104715e-8 2 2
-3.22916768491268158e-2 3.53189540514537903e0 3.53190517425537109e0 3.53190827369689941e0 1.31130221348030318e-7 8.94069671630859375e-8 2 2
-3.12500000000000000e-2 3.30541937159449439e0 3.30542325973510742e0 3.30542659759521484e0 1.88748046525688551e-7 4.96705361285876279e-8 2 2
-3.02083250135183334e-2 3.05542936160115319e0 3.05542707443237305e0 3.05542969703674316e0 1.53978660932807543e-7 4.17232506322307017e-8 2 2
-2.91666742414236069e-2 2.78417271670506050e0 2.78416442871093750e0 2.78416800498962402e0 9.93410722571752558e-8 3.97364310344983096e-8 2 2
-2.81250011175870895e-2 2.49577601476957112e0 2.49576449394226074e0 2.49576783180236816e0 5.96046447753906250e-8 4.56968933804091648e-8 2 2
-2.70833261311054230e-2 2.19571122803884355e0 2.19569945335388184e0 2.19570255279541016e0 1.59939133936859434e-7 6.45717008751489630e-8 2 2
-2.60416753590106964e-2 1.88997021111760088e0 1.88995790481567383e0 1.88996160030364990e0 1.13745528551589814e-7 2.48352680642938139e-8 2 2
-2.50000003725290298e-2 1.58421303648830669e0 1.58420205116271973e0 1.58420503139495850e0 4.66903067319890397e-8 2.93056174882622145e-8 2 2
-2.39583253860473633e-2 1.28313200323239229e0 1.28312230110168457e0 1.28312432765960693e0 2.38418582654276179e-8 2.18550368913383863e-8 2 2
-2.29166746139526367e-2 9.90141643360316737e-1 9.90132927894592285e-1 9.90134358406066895e-1 5.96046447753906250e-8 2.28484466902045824e-8 2 2
-2.18749996274709702e-2 7.07370618738990209e-1 7.07362592220306396e-1 7.07364082336425781e-1 4.37100737826767727e-8 9.93410775862457740e-9 2 2
-2.08333265036344528e-2 4.35881849254394826e-1 4.35874551534652710e-1 4.35876101255416870e-1 2.98023223876953125e-8 1.39077505068030405e-8 2 2
-1.97916757315397263e-2 1.76034500174919062e-1 1.76028057932853699e-1 1.76029473543167114e-1 2.73187961141729829e-8 1.49011611938476562e-8 2 2
-1.87500007450580597e-2 -7.20740317215720211e-2 -7.20790103077888489e-2 -7.20781981945037842e-2 3.37759651358737756e-8 7.45058059692382812e-8 2 2
-1.77083257585763931e-2 -3.08080816819160219e-1 -3.08084189891815186e-1 -3.08083951473236084e-1 3.37759651358737756e-8 5.66244118260783580e-8 2 2
-1.66666749864816666e-2 -5.30710701668007712e-1 -5.30712842941284180e-1 -5.30712842941284180e-1 7.64926255669706734e-8 6.15914643731230171e-8 2 2
-1.56250000000000000e-2 -7.37025049152588263e-1 -7.37025976181030273e-1 -7.37026333808898926e-1 1.20202699349647446e-7 5.26507690778998949e-8 2 2
-1.45833259448409081e-2 -9.21773829874301787e-1 -9.21775519847869873e-1 -9.21777069568634033e-1 1.41064319336692279e-7 1.39077505068030405e-8 2 2
-1.35416751727461815e-2 -1.07749532523268865e0 -1.07750225067138672e0 -1.07750487327575684e0 1.72853475532974699e-7 9.53674330617104715e-8 2 2
-1.25000001862645149e-2 -1.19622337308573634e0 -1.19624114036560059e0 -1.19624412059783936e0 2.08616256713867188e-7 4.96705361285876279e-8 2 2
-1.14583251997828484e-2 -1.27276311443020584e0 -1.27279210090637207e0 -1.27279579639434814e0 6.55651106740151590e-8 8.74201475653535454e-8 2 2
-1.04166744276881218e-2 -1.30774408485749660e0 -1.30777966976165771e0 -1.30778324604034424e0 4.33841087499331479e-8 3.37759651358737756e-8 2 2
-9.37500037252902985e-3 -1.30822139413868332e0 -1.30825364589691162e0 -1.30825769901275635e0 1.49011611938476562e-7 9.53674330617104715e-8 2 2
-8.33332538604736328e-3 -1.28541644791305898e0 -1.28543817996978760e0 -1.28544235229492188e0 1.60932543735725631e-7 2.48352680642938139e-8 2 2
-7.29167461395263672e-3 -1.25124563610421835e0 -1.25125432014465332e0 -1.25125908851623535e0 7.54992157681044773e-8 2.48352680642938139e-8 2 2
-6.25000009313225746e-3 -1.21558981706242553e0 -1.21558773517608643e0 -1.21559190750122070e0 9.40635800361633301e-8 9.93410722571752558e-8 2 2
-5.20832557231187820e-3 -1.18514848296933417e0 -1.18513917922973633e0 -1.18514323234558105e0 2.18550368913383863e-7 5.00222085975110531e-9 2 2
-4.16667480021715164e-3 -1.16361329279167536e0 -1.16360056400299072e0 -1.16360414028167725e0 3.77496093051377102e-7 3.37759651358737756e-8 2 2
-3.12500004656612873e-3 -1.15247104591826122e0 -1.15245640277862549e0 -1.15246033668518066e0 9.89685489116709505e-8 1.98682155172491548e-8 2 2
-2.08332552574574947e-3 -1.15185975190930656e0 -1.15184557437896729e0 -1.15184903144836426e0 3.09944141463347478e-7 1.41064319336692279e-7 2 2
-1.04167463723570108e-3 -1.16121208902466355e0 -1.16119897365570068e0 -1.16120243072509766e0 1.28770864193938905e-7 5.96046447753906250e-8 2 2
0.00000000000000000e0 -1.17965698317216816e0 -1.17964506149291992e0 -1.17964839935302734e0 3.46762440983638953e-8 1.58945724137993238e-7 2 2
1.04166276287287474e-3 -1.20623182797491846e0 -1.20622003078460693e0 -1.20622456073760986e0 4.76837165308552358e-8 6.75519302717475512e-8 2 2
2.08333740010857582e-3 -1.23998682494302481e0 -1.23997581005096436e0 -1.23998022079467773e0 1.86761226927956159e-7 9.13937867608183296e-8 2 2
3.12500004656612873e-3 -1.28002992456692155e0 -1.28001999855041504e0 -1.28002405166625977e0 4.49021655413162080e-7 2.50339496687956853e-7 2 2
4.16666269302368164e-3 -1.32554525565002868e0 -1.32553708553314209e0 -1.32554042339324951e0 1.66893002528922807e-7 1.07288357753532182e-7 2 2
5.20833721384406090e-3 -1.37579956457710195e0 -1.37579166889190674e0 -1.37579560279846191e0 2.50339496687956853e-7 5.16573592790336988e-8 2 2
6.25000009313225746e-3 -1.43014014539950662e0 -1.43013226985931396e0 -1.43013691902160645e0 1.19209289550781250e-7 2.62260442696060636e-7 2 2
7.29166297242045403e-3 -1.48799070638810882e0 -1.48798334598541260e0 -1.48798823356628418e0 1.27156582152565534e-7 2.78154999477919773e-7 2 2
8.33333749324083328e-3 -1.54884666263726989e0 -1.54884004592895508e0 -1.54884564876556396e0 3.53654229456878966e-7 1.54972070731673739e-7 2 2
9.37500037252902985e-3 -1.61226756470968424e0 -1.61226058006286621e0 -1.61226749420166016e0 5.16573592790336988e-8 3.97364310344983096e-8 2 2
1.04166632518172264e-2 -1.67787042293040423e0 -1.67786359786987305e0 -1.67787063121795654e0 2.26497647304313432e-7 1.03314718558067398e-7 2 2
1.14583373069763184e-2 -1.74532416027150594e0 -1.74531853199005127e0 -1.74532449245452881e0 2.58286803500595852e-7 1.31130221348030318e-7 2 2
1.25000001862645149e-2 -1.81434242538968271e0 -1.81433820724487305e0 -1.81434321403503418e0 1.62919363333458023e-7 2.26497647304313432e-7 2 2
1.35416630655527115e-2 -1.88467793865541133e0 -1.88467395305633545e0 -1.88467919826507568e0 7.45058059692382812e-8 2.94049584681488341e-7 2 2
1.45833371207118034e-2 -1.95611831814872139e0 -1.95611429214477539e0 -1.95611882209777832e0 4.49021655413162080e-7 5.96046447753906250e-8 2 2
1.56250000000000000e-2 -2.02848050114020095e0 -2.02847671508789062e0 -2.02848076820373535e0 5.01672410280207259e-8 3.17891448275986477e-7 2 2
1.66666638106107712e-2 -2.10160678252619615e0 -2.10160303115844727e0 -2.10160660743713379e0 1.47024792340744170e-7 7.15255765726396930e-8 2 2
1.77083369344472885e-2 -2.17536209242949985e0 -2.17535877227783203e0 -2.17536163330078125e0 1.58945724137993238e-7 6.75519302717475512e-8 2 2
1.87500007450580597e-2 -2.24963006385894015e0 -2.24962687492370605e0 -2.24963068962097168e0 1.54972070731673739e-7 2.46365857492492069e-7 2 2
1.97916626930236816e-2 -2.32431030353012158e0 -2.32430791854858398e0 -2.32431125640869141e0 4.01337928224165807e-7 4.76837165308552358e-8 2 2
2.08333376795053482e-2 -2.39931711033438377e0 -2.39931488037109375e0 -2.39931821823120117e0 1.98682155172491548e-8 2.62260442696060636e-7 2 2
2.18749996274709702e-2 -2.47457637896746618e0 -2.47457385063171387e0 -2.47457671165466309e0 1.17719174852481956e-7 5.56310020272121619e-8 2 2
2.29166634380817413e-2 -2.55002403660866372e0 -2.55001997947692871e0 -2.55002403259277344e0 7.23203015695617069e-7 1.66893002528922807e-7 2 2
2.39583384245634079e-2 -2.62560545855012117e0 -2.62559986114501953e0 -2.62560582160949707e0 3.57627868652343750e-7 2.06629437116134795e-7 2 2
2.50000003725290298e-2 -2.70127309417668293e0 -2.70126652717590332e0 -2.70127320289611816e0 3.21865087471451261e-7 7.54992157681044773e-8 2 2
2.60416623204946518e-2 -2.77698554116348184e0 -2.77697896957397461e0 -2.77698612213134766e0 1.66396304734917067e-7 8.74201475653535454e-8 2 2
2.70833373069763184e-2 -2.85270770003825724e0 -2.85270237922668457e0 -2.85270833969116211e0 2.90075945486023556e-7 2.14576715507064364e-7 2 2
2.81250011175870895e-2 -2.92840890164608680e0 -2.92840361595153809e0 -2.92840957641601562e0 4.05311595841340022e-7 3.97364310344983096e-8 2 2
2.91666630655527115e-2 -3.00406210307412636e0 -3.00405716896057129e0 -3.00406241416931152e0 1.25169748343978426e-7 3.17891448275986477e-7 2 2
3.02083380520343781e-2 -3.07964439833737558e0 -3.07963919639587402e0 -3.07964515686035156e0 8.94069671630859375e-8 9.93410722571752558e-8 3 2
3.12500000000000000e-2 -3.15513550817747346e0 -3.15512967109680176e0 -3.15513682365417480e0 1.45534670537017519e-7 1.94708505318885727e-7 2 2
3.22916619479656219e-2 -3.23051744397521423e0 -3.23051190376281738e0 -3.23051905632019043e0 6.39756535747437738e-7 1.23182928746246034e-7 2 2
3.33333387970924377e-2 -3.30577523583985666e0 -3.30576825141906738e0 -3.30577659606933594e0 1.49011611938476562e-7 2.42392218297027284e-7 2 2
3.43750007450580597e-2 -3.38089532283524585e0 -3.38088750839233398e0 -3.38089704513549805e0 4.84784436594054569e-7 8.74201475653535454e-8 2 2
3.54166626930236816e-2 -3.45586539437334306e0 -3.45585846900939941e0 -3.45586705207824707e0 9.93410722571752558e-8 7.94728620689966192e-8 2 2
3.64583395421504974e-2 -3.53067537406871734e0 -3.53066945075988770e0 -3.53067684173583984e0 1.35103860543495102e-7 1.66893002528922807e-7 2 2
3.75000014901161194e-2 -3.60531597138464477e0 -3.60531044006347656e0 -3.60531735420227051e0 1.22189518947379838e-7 1.82787573521636659e-7 2 2
3.85416634380817413e-2 -3.67977859751600933e0 -3.67977213859558105e0 -3.67978024482727051e0 1.09275184456691932e-7 3.97364310344983096e-8 3 2
3.95833365619182587e-2 -3.75405625285866584e0 -3.75405025482177734e0 -3.75405716896057129e0 1.78813934326171875e-7 8.74201475653535454e-8 2 2
4.06250022351741791e-2 -3.82814262280803419e0 -3.82813596725463867e0 -3.82814288139343262e0 2.82128638673384557e-7 3.01996863072417909e-7 2 2
4.16666641831398010e-2 -3.90203164913859268e0 -3.90202641487121582e0 -3.90203142166137695e0 6.95387498694799433e-8 3.37759651358737756e-8 2 2
4.27083373069763184e-2 -3.97571835689754005e0 -3.97571468353271484e0 -3.97571825981140137e0 3.29812365862380830e-7 6.35782910762827669e-8 2 2
4.37499992549419403e-2 -4.04919802025961317e0 -4.04919481277465820e0 -4.04919815063476562e0 1.35103860543495102e-7 2.14576715507064364e-7 3 2
4.47916649281978607e-2 -4.12246633524137085e0 -4.12246322631835938e0 -4.12246656417846680e0 4.49021655413162080e-7 5.96046447753906250e-8 2 2
4.58333380520343781e-2 -4.19551984932287514e0 -4.19552373886108398e0 -4.19552040100097656e0 1.19209289550781250e-7 2.58286803500595852e-7 4 2
4.68750000000000000e-2 -4.26835501292980446e0 -4.26836061477661133e0 -4.26835584640502930e0 4.84784436594054569e-7 3.97364310344983096e-8 2 2
4.79166619479656219e-2 -4.34096837956906878e0 -4.34096908569335938e0 -4.34096860885620117e0 1.58945724137993238e-7 1.82787573521636659e-7 2 2
4.89583387970924377e-2 -4.41335760688761791e0 -4.41335439682006836e0 -4.41335773468017578e0 3.97364310344983096e-8 2.38418582654276179e-8 2 2
5.00000007450580597e-2 -4.48552010963850112e0 -4.48551654815673828e0 -4.48552036285400391e0 1.39077499738959887e-7 1.19209289550781250e-7 2 2
5.10416626930236816e-2 -4.55745313517232642e0 -4.55744934082031250e0 -4.55745458602905273e0 8.74201475653535454e-8 1.31130221348030318e-7 2 2
5.20833395421504974e-2 -4.62915491922799660e0 -4.62915086746215820e0 -4.62915563583374023e0 7.31150294086546637e-7 2.54313164305131068e-7 2 2
5.31250014901161194e-2 -4.70062343871418253e0 -4.70062017440795898e0 -4.70062494277954102e0 1.20202699349647446e-7 7.94728620689966192e-8 2 2
5.41666634380817413e-2 -4.77185648270799234e0 -4.77185297012329102e0 -4.77185821533203125e0 1.19209289550781250e-7 1.39077499738959887e-7 2 2
5.52083365619182587e-2 -4.84285263670171329e0 -4.84285020828247070e0 -4.84285497665405273e0 2.12589895909331972e-7 1.31130221348030318e-7 2 2
5.62500022351741791e-2 -4.91361049583258591e0 -4.91360807418823242e0 -4.91361379623413086e0 4.52995294608626864e-7 2.74181360282454989e-7 2 2
5.72916641831398010e-2 -4.98412834096675006e0 -4.98412704467773438e0 -4.98413133621215820e0 3.73522453855912318e-7 1.31130221348030318e-7 2 2
5.83333373069763184e-2 -5.05440502435085293e0 -5.05440235137939453e0 -5.05440711975097656e0 4.17232513427734375e-7 2.14576715507064364e-7 2 2
5.93749992549419403e-2 -5.12443921346491660e0 -5.12444210052490234e0 -5.12444019317626953e0 9.85892256721854210e-8 1.90734866123420943e-7 4 2
6.04166649281978607e-2 -5.19422962024346813e0 -5.19424343109130859e0 -5.19422864913940430e0 3.45706951065949397e-7 7.94728620689966192e-8 2 2
6.14583380520343781e-2 -5.26377546814559238e0 -5.26378774642944336e0 -5.26377487182617188e0 1.58945724137993238e-7 7.94728620689966192e-8 2 2
6.25000000000000000e-2 -5.33307560236488598e0 -5.33307981491088867e0 -5.33307647705078125e0 3.97364289028701023e-7 2.10603076311599580e-7 2 2
6.35416656732559204e-2 -5.40212886623463540e0 -5.40212678909301758e0 -5.40213060379028320e0 2.18550368913383863e-7 9.13937867608183296e-8 2 2
6.45833387970924377e-2 -5.47093465047347394e0 -5.47092771530151367e0 -5.47093772888183594e0 3.53654229456878966e-7 2.78154999477919773e-7 2 2
6.56250044703483582e-2 -5.53949213138079877e0 -5.53949594497680664e0 -5.53949546813964844e0 1.80807546712458134e-7 1.39077499738959887e-7 2 2
6.66666626930236816e-2 -5.60780001702303110e0 -5.60780477523803711e0 -5.60780286788940430e0 8.34465012644614035e-8 1.70866641724387591e-7 2 2
6.77083358168601990e-2 -5.67585780012324115e0 -5.67586851119995117e0 -5.67586135864257812e0 1.77169567905366421e-7 2.26497647304313432e-7 2 2
6.87500014901161194e-2 -5.74366502213056407e0 -5.74368333816528320e0 -5.74366712570190430e0 1.74259184859693050e-7 5.96046447753906250e-8 2 2
6.97916671633720398e-2 -5.81122096401536936e0 -5.81123304367065430e0 -5.81122303009033203e0 1.98682144514350512e-7 1.82787573521636659e-7 2 2
7.08333402872085571e-2 -5.87852516025375937e0 -5.87853622436523438e0 -5.87852668762207031e0 4.60942572999556432e-7 1.11262004054424324e-7 2 2
7.18749985098838806e-2 -5.94557662813276444e0 -5.94558811187744141e0 -5.94558620452880859e0 1.39334588311612606e-7 1.64800439961254597e-7 4 2
7.29166641831398010e-2 -6.01237463450866638e0 -6.01238918304443359e0 -6.01238441467285156e0 2.54313164305131068e-7 9.93410722571752558e-8 2 2
7.39583373069763184e-2 -6.07891911362195181e0 -6.07892704010009766e0 -6.07892608642578125e0 1.58945724137993238e-7 3.01996863072417909e-7 2 2
7.50000029802322388e-2 -6.14520968622922759e0 -6.14521741867065430e0 -6.14521169662475586e0 1.58979673869907856e-7 1.43051153145279386e-7 2 2
7.60416612029075623e-2 -6.21124537853447212e0 -6.21124839782714844e0 -6.21124601364135742e0 1.82787573521636659e-7 2.38418579101562500e-7 2 2
7.70833417773246765e-2 -6.27702620833886193e0 -6.27703523635864258e0 -6.27703332901000977e0 2.32466845773160458e-7 2.22524008108848648e-7 2 2
7.81250000000000000e-2 -6.34255159327247675e0 -6.34255599975585938e0 -6.34256029129028320e0 1.64906182931190415e-7 1.74840295130707091e-7 2 2
7.91666656732559204e-2 -6.40782085080240638e0 -6.40782499313354492e0 -6.40783309936523438e0 2.70207721086990205e-7 2.54313164305131068e-7 2 2
8.02083387970924377e-2 -6.47283390228792133e0 -6.47283363342285156e0 -6.47284269332885742e0 5.36441788767660910e-8 1.90734866123420943e-7 2 2
8.12500044703483582e-2 -6.53759045726439503e0 -6.53758525848388672e0 -6.53759384155273438e0 1.58945724137993238e-7 7.94728620689966192e-8 2 2
8.22916626930236816e-2 -6.60208970426030994e0 -6.60208702087402344e0 -6.60209035873413086e0 2.82128638673384557e-7 7.35123961703720852e-8 2 2
8.33333358168601990e-2 -6.66633155178052839e0 -6.66633605957031250e0 -6.66633081436157227e0 2.46365857492492069e-7 1.35103860543495102e-7 3 2
8.43750014901161194e-2 -6.73031592070212081e0 -6.73031902313232422e0 -6.73031616210937500e0 5.96046447753906250e-8 8.74201475653535454e-8 2 2
8.54166671633720398e-2 -6.79404245548021457e0 -6.79404830932617188e0 -6.79405593872070312e0 2.38418579101562500e-7 2.74667399935424328e-7 2 2
8.64583402872085571e-2 -6.85751103679120355e0 -6.85751295089721680e0 -6.85753107070922852e0 2.58286803500595852e-7 1.37151801027357578e-7 2 2
8.74999985098838806e-2 -6.92072101802497475e0 -6.92071437835693359e0 -6.92073583602905273e0 8.74201475653535454e-8 2.54313164305131068e-7 2 2
8.85416641831398010e-2 -6.98367198474316719e0 -6.98367166519165039e0 -6.98368597030639648e0 3.17891448275986477e-7 1.98682144514350512e-7 2 2
8.95833373069763184e-2 -7.04636416557488143e0 -7.04637384414672852e0 -7.04638338088989258e0 4.60942572999556432e-7 3.17891448275986477e-7 1 1
9.06250029802322388e-2 -7.10879746224234932e0 -7.10881567001342773e0 -7.10881948471069336e0 5.32468163783050841e-7 4.21206152623199159e-7 1 1
9.16666612029075623e-2 -7.17097117620004454e0 -7.17099046707153320e0 -7.17099428176879883e0 3.01996863072417909e-7 2.49929144047200680e-7 1 1
9.27083417773246765e-2 -7.23288557933758725e0 -7.23290491104125977e0 -7.23290634155273438e0 8.18570470073609613e-7 4.68889879812195431e-7 1 1
9.37500000000000000e-2 -7.29454033537015611e0 -7.29455900192260742e0 -7.29455947875976562e0 6.99361180522828363e-7 2.51748133450746536e-7 1 1
9.47916656732559204e-2 -7.35593499988724187e0 -7.35595035552978516e0 -7.35595130920410156e0 2.46654963120818138e-7 2.43744580075144768e-7 1 1
9.58333387970924377e-2 -7.41706971682281679e0 -7.41708278656005859e0 -7.41708469390869141e0 2.43744580075144768e-7 2.47382558882236481e-7 1 1
9.68750044703483582e-2 -7.47794440951914652e0 -7.47795915603637695e0 -7.47795867919921875e0 3.57627868652343750e-7 3.65575147043273319e-7 1 1
9.79166626930236816e-2 -7.53855847761086562e0 -7.53857040405273438e0 -7.53857231140136719e0 5.16573607001191704e-7 2.36468622460961342e-7 1 1
9.89583358168601990e-2 -7.59891202737901317e0 -7.59892272949218750e0 -7.59892463684082031e0 2.58286803500595852e-7 4.29153431014128728e-7 1 1
1.00000001490116119e-1 -7.65900516807048515e0 -7.65901422500610352e0 -7.65901517868041992e0 6.35782896551972954e-7 4.60942572999556432e-7 1 1
9.89583283662796021e-2 -7.64303513945799384e0 -7.64303588867187500e0 -7.64303636550903320e0 5.16573607001191704e-7 9.53674330617104715e-8 2 2
9.79166775941848755e-2 -7.49871017271980556e0 -7.49870014190673828e0 -7.49870300292968750e0 2.62260442696060636e-7 1.50998431536208955e-7 2 2
9.68750044703483582e-2 -7.25309502813098561e0 -7.25308465957641602e0 -7.25308227539062500e0 1.58945724137993238e-7 4.68889879812195431e-7 2 2
9.58333238959312439e-2 -6.97161348058595731e0 -6.97160339355468750e0 -6.97160005569458008e0 9.53674330617104715e-8 8.94069671630859375e-8 2 2
9.47916731238365173e-2 -6.70758681505553511e0 -6.70758008956909180e0 -6.70757246017456055e0 3.01996863072417909e-7 2.30471286499778216e-7 2 2
9.37500000000000000e-2 -6.48596319953081668e0 -6.48595666885375977e0 -6.48594999313354492e0 2.70207721086990205e-7 5.32468163783050841e-7 2 2
9.27083268761634827e-2 -6.31050140360580336e0 -6.31049966812133789e0 -6.31048965454101562e0 2.46365857492492069e-7 1.98682144514350512e-7 2 2
9.16666761040687561e-2 -6.17527610166604379e0 -6.17527532577514648e0 -6.17526674270629883e0 3.33786005057845614e-7 4.60942572999556432e-7 2 2
9.06250029802322388e-2 -6.07211467214317580e0 -6.07211351394653320e0 -6.07210636138916016e0 3.49680590261414181e-7 1.82787573521636659e-7 2 2
8.95833298563957214e-2 -5.99367579396059114e0 -5.99367237091064453e0 -5.99366855621337891e0 2.98023223876953125e-7 9.13937867608183296e-8 2 2
8.85416790843009949e-2 -5.93413827272277672e0 -5.93413305282592773e0 -5.93413305282592773e0 9.33806134639780794e-8 3.97364310344983096e-8 2 2
8.74999985098838806e-2 -5.88902390386998498e0 -5.88901948928833008e0 -5.88902044296264648e0 4.64916240616730647e-7 1.19209289550781250e-7 2 2
8.64583253860473633e-2 -5.85486967888923360e0 -5.85486412048339844e0 -5.85486793518066406e0 1.19209289550781250e-7 7.54992157681044773e-8 2 2
8.54166746139526367e-2 -5.82896209702852630e0 -5.82895851135253906e0 -5.82896232604980469e0 1.23182928746246034e-7 1.47024792340744170e-7 2 2
8.43750014901161194e-2 -5.80915098190588441e0 -5.80915021896362305e0 -5.80915260314941406e0 5.60283638151304331e-7 1.43051153145279386e-7 2 2
8.33333283662796021e-2 -5.79372433821785027e0 -5.79372358322143555e0 -5.79372549057006836e0 2.08616256713867188e-7 9.53674330617104715e-8 2 2
8.22916775941848755e-2 -5.78132047000763727e0 -5.78131961822509766e0 -5.78132247924804688e0 3.41733283448775182e-7 9.53674330617104715e-8 2 2
8.12500044703483582e-2 -5.77085794708445388e0 -5.77085781097412109e0 -5.77085971832275391e0 2.38418579101562500e-7 8.74201475653535454e-8 2 2
8.02083238959312439e-2 -5.76148131731423963e0 -5.76148128509521484e0 -5.76148414611816406e0 2.42392218297027284e-7 1.86761226927956159e-7 2 2
7.91666731238365173e-2 -5.75251963039636838e0 -5.75252008438110352e0 -5.75252389907836914e0 3.53654229456878966e-7 3.01996863072417909e-7 2 2
7.81250000000000000e-2 -5.74344858933476843e0 -5.74345159530639648e0 -5.74345302581787109e0 2.82128638673384557e-7 1.19209289550781250e-7 2 2
7.70833268761634827e-2 -5.73386102424002697e0 -5.73386335372924805e0 -5.73386383056640625e0 1.58945724137993238e-7 2.42392218297027284e-7 2 2
7.60416761040687561e-2 -5.72344471452279713e0 -5.72344779968261719e0 -5.72344684600830078e0 2.54313164305131068e-7 6.35782910762827669e-8 2 2
7.50000029802322388e-2 -5.71196115752012457e0 -5.71196556091308594e0 -5.71196365356445312e0 3.05970502267882694e-7 3.05970502267882694e-7 2 2
7.39583298563957214e-2 -5.69922993171799064e0 -5.69923448562622070e0 -5.69923067092895508e0 2.50339496687956853e-7 9.93410722571752558e-8 2 2
7.29166790843009949e-2 -5.68511762125968190e0 -5.68512153625488281e0 -5.68511819839477539e0 5.44389081369445194e-7 1.58945724137993238e-7 2 2
7.18749985098838806e-2 -5.66952512656954344e0 -5.66952896118164062e0 -5.66952562332153320e0 4.17232513427734375e-7 1.62919363333458023e-7 2 2
7.08333253860473633e-2 -5.65237990989483841e0 -5.65238237380981445e0 -5.65237855911254883e0 3.53654229456878966e-7 8.34465012644614035e-8 2 2
6.97916746139526367e-2 -5.63363070651832576e0 -5.63363313674926758e0 -5.63363027572631836e0 4.52995294608626864e-7 9.13937867608183296e-8 2 2
6.87500014901161194e-2 -5.61323953443749968e0 -5.61324357986450195e0 -5.61323881149291992e0 1.54972070731673739e-7 8.34465012644614035e-8 2 2
6.77083283662796021e-2 -5.59117705992667258e0 -5.59117937088012695e0 -5.59117746353149414e0 9.53674330617104715e-8 2.62260442696060636e-7 2 2
6.66666775941848755e-2 -5.56742068125764966e0 -5.56742286682128906e0 -5.56742191314697266e0 3.85443371442306670e-7 1.11262004054424324e-7 2 2
6.56250044703483582e-2 -5.54194940506163203e0 -5.54195022583007812e0 -5.54195070266723633e0 1.07288357753532182e-7 1.82787573521636659e-7 2 2
6.45833238959312439e-2 -5.51474082055060411e0 -5.51474237442016602e0 -5.51474189758300781e0 1.58945724137993238e-7 2.18550368913383863e-7 2 2
6.35416731238365173e-2 -5.48577115932136916e0 -5.48577404022216797e0 -5.48577260971069336e0 1.27156582152565534e-7 1.11262004054424324e-7 2 2
6.25000000000000000e-2 -5.45501087162444609e0 -5.45501518249511719e0 -5.45501375198364258e0 2.90075945486023556e-7 1.86761226927956159e-7 2 2
6.14583268761634827e-2 -5.42242207965941514e0 -5.42242622375488281e0 -5.42242574691772461e0 3.25838726666916045e-7 8.14596816667290113e-8 2 2
6.04166761040687561e-2 -5.38795819584275026e0 -5.38796138763427734e0 -5.38796329498291016e0 7.94728620689966192e-8 5.56310020272121619e-8 2 2
5.93749992549419403e-2 -5.35155953412649854e0 -5.35156297683715820e0 -5.35156440734863281e0 3.73522453855912318e-7 8.34465012644614035e-8 2 2
5.83333261311054230e-2 -5.31315121677160640e0 -5.31315374374389648e0 -5.31315612792968750e0 1.03314718558067398e-7 4.56968933804091648e-8 2 2
5.72916753590106964e-2 -5.27264210500509645e0 -5.27264308929443359e0 -5.27264547348022461e0 1.19209289550781250e-7 5.76178216249445541e-8 2 2
5.62500022351741791e-2 -5.22991900178339808e0 -5.22991847991943359e0 -5.22992134094238281e0 3.13917809080521693e-7 2.74181360282454989e-7 2 2
5.52083253860473633e-2 -5.18484215344659471e0 -5.18484210968017578e0 -5.18484449386596680e0 1.29143401750297926e-7 3.25838726666916045e-7 2 2
5.41666746139526367e-2 -5.13724241263966253e0 -5.13724279403686523e0 -5.13724565505981445e0 4.41074377022232511e-7 2.46365857492492069e-7 2 2
5.31250014901161194e-2 -5.08691208212367130e0 -5.08691310882568359e0 -5.08691596984863281e0 2.78154999477919773e-7 5.56310020272121619e-8 2 2
5.20833246409893036e-2 -5.03359738547719804e0 -5.03359985351562500e0 -5.03360176086425781e0 4.49021655413162080e-7 9.93410722571752558e-8 2 2
5.10416738688945770e-2 -4.97698955728746917e0 -4.97699213027954102e0 -4.97699403762817383e0 2.94049584681488341e-7 1.47024792340744170e-7 2 2
5.00000007450580597e-2 -4.91670895686788700e0 -4.91671180725097656e0 -4.91671419143676758e0 9.33806134639780794e-8 5.96046447753906250e-8 2 2
4.89583276212215424e-2 -4.85228758359330747e0 -4.85229110717773438e0 -4.85229158401489258e0 2.58286803500595852e-7 6.75519302717475512e-8 2 2
4.79166768491268158e-2 -4.78314912499783418e0 -4.78315019607543945e0 -4.78315305709838867e0 3.37759644253310398e-7 7.54992157681044773e-8 2 2
4.68750000000000000e-2 -4.70857839732574934e0 -4.70858001708984375e0 -4.70858287811279297e0 1.45037972743011778e-7 4.56968933804091648e-8 2 2
4.58333268761634827e-2 -4.62768623996281736e0 -4.62769126892089844e0 -4.62769126892089844e0 9.33806134639780794e-8 4.76837165308552358e-8 2 2
4.47916761040687561e-2 -4.53936869675774357e0 -4.53937482833862305e0 -4.53937482833862305e0 2.84115486692826380e-7 5.36441788767660910e-8 2 2
4.37499992549419403e-2 -4.44225463607729765e0 -4.44226169586181641e0 -4.44226217269897461e0 2.60273623098328244e-7 1.07288357753532182e-7 2 2
4.27083261311054230e-2 -4.33465483288479092e0 -4.33466243743896484e0 -4.33466434478759766e0 7.64926255669706734e-8 9.93410722571752558e-8 2 2
4.16666753590106964e-2 -4.21452523643586474e0 -4.21453571319580078e0 -4.21453762054443359e0 8.74201475653535454e-8 1.19209289550781250e-7 2 2
4.06250022351741791e-2 -4.07946353047307930e0 -4.07947587966918945e0 -4.07947921752929688e0 1.53978660932807543e-7 1.39077499738959887e-7 2 2
3.95833253860473633e-2 -3.92679069245243051e0 -3.92680382728576660e0 -3.92680811882019043e0 2.26497647304313432e-7 6.15914643731230171e-8 2 2
3.85416746139526367e-2 -3.75377875797063343e0 -3.75378990173339844e0 -3.75379586219787598e0 2.52326316285689245e-7 5.56310020272121619e-8 2 2
3.75000014901161194e-2 -3.55806241750960650e0 -3.55807113647460938e0 -3.55807662010192871e0 1.11262004054424324e-7 1.15235643249889108e-7 2 2
3.64583246409893036e-2 -3.33822338496994808e0 -3.33822584152221680e0 -3.33823204040527344e0 2.32458120308365324e-7 1.39077499738959887e-7 2 2
3.54166738688945770e-2 -3.09440588500135316e0 -3.09440374374389648e0 -3.09440922737121582e0 8.14596816667290113e-8 4.07298408333645057e-8 2 2
3.43750007450580597e-2 -2.82872333904271445e0 -2.82871603965759277e0 -2.82872295379638672e0 1.39077499738959887e-7 2.68220894383830455e-8 2 2
3.33333276212215424e-2 -2.54523260039832921e0 -2.54522156715393066e0 -2.54522991180419922e0 6.95387498694799433e-8 6.05980545742568211e-8 2 2
3.22916768491268158e-2 -2.24942471649731157e0 -2.24941158294677734e0 -2.24942111968994141e0 1.08281774657825736e-7 7.74860353658368695e-8 2 2
3.12500000000000000e-2 -1.94738673476742497e0 -1.94737398624420166e0 -1.94738316535949707e0 1.11262004054424324e-7 3.32792602364406775e-8 2 2
3.02083250135183334e-2 -1.64492415698504169e0 -1.64491212368011475e0 -1.64492106437683105e0 6.25848741719892132e-8 2.18550368913383863e-8 2 2
2.91666742414236069e-2 -1.34689347843490448e0 -1.34688317775726318e0 -1.34689021110534668e0 2.23517417907714844e-8 1.78813941431599233e-8 2 2
2.81250011175870895e-2 -1.05685651775600919e0 -1.05684864521026611e0 -1.05685257911682129e0 2.98023223876953125e-8 9.93410775862457740e-9 2 2
2.70833261311054230e-2 -7.77056195934563099e-1 -7.77044355869293213e-1 -7.77052581310272217e-1 2.23517417907714844e-8 1.14242233451022912e-8 2 2
2.60416753590106964e-2 -5.08634899551403397e-1 -5.08621394634246826e-1 -5.08632481098175049e-1 3.47693749347399716e-8 3.32792602364406775e-8 2 2
2.50000003725290298e-2 -2.51994615736567062e-1 -2.51983523368835449e-1 -2.51993715763092041e-1 1.53978660932807543e-8 1.98682155172491548e-8 2 2
2.39583253860473633e-2 -7.25027336627691657e-3 -7.24312616512179375e-3 -7.25063355639576912e-3 6.75519302717475512e-8 2.98023228317845224e-9 2 2
2.29166746139526367e-2 2.25226168771124030e-1 2.25229576230049133e-1 2.25224733352661133e-1 8.04662718678628153e-8 5.96046456635690447e-9 2 2
2.18749996274709702e-2 4.44147961679821179e-1 4.44148182868957520e-1 4.44145321846008301e-1 1.14242233451022912e-7 2.48352680642938139e-8 2 2
2.08333265036344528e-2 6.46538570831638015e-1 6.46535933017730713e-1 6.46534860134124756e-1 8.34465012644614035e-8 7.94728638453534586e-9 2 2
1.97916757315397263e-2 8.27060141072881949e-1 8.27056169509887695e-1 8.27057301998138428e-1 7.35123961703720852e-8 1.24176340321469070e-8 2 2
1.87500007450580597e-2 9.78122497621409237e-1 9.78122115135192871e-1 9.78125810623168945e-1 2.58286796395168494e-8 5.56310020272121619e-8 2 2
1.77083257585763931e-2 1.09164260774252364e0 1.09165155887603760e0 1.09165835380554199e0 2.66234081891525420e-7 9.13937867608183296e-8 2 2
1.66666749864816666e-2 1.16240623335893445e0 1.16242718696594238e0 1.16243624687194824e0 1.52985251133941347e-7 5.36441788767660910e-8 2 2
1.56250000000000000e-2 1.19117510688511108e0 1.19120311737060547e0 1.19121313095092773e0 1.17222469953048858e-7 5.16573592790336988e-8 2 2
1.45833259448409081e-2 1.18524092105212686e0 1.18526697158813477e0 1.18527638912200928e0 2.54313164305131068e-7 8.34465012644614035e-8 2 2
1.35416751727461815e-2 1.15606283480035343e0 1.15607941150665283e0 1.15608787536621094e0 3.75012554343356896e-8 7.35123961703720852e-8 2 2
1.25000001862645149e-2 1.11572292461490319e0 1.11572742462158203e0 1.11573600769042969e0 2.52326316285689245e-7 5.36441788767660910e-8 2 2
1.14583251997828484e-2 1.07417323807503617e0 1.07416701316833496e0 1.07417571544647217e0 6.35782910762827669e-8 5.56310020272121619e-8 2 2
1.04166744276881218e-2 1.03811085530588953e0 1.03809738159179688e0 1.03810644149780273e0 1.70866641724387591e-7 2.08616256713867188e-7 2 2
9.37500037252902985e-3 1.01119223237289035e0 1.01117515563964844e0 1.01118326187133789e0 3.89417010637771455e-7 9.18904952129651065e-9 2 2
8.33332538604736328e-3 9.94861127858127192e-1 9.94843661785125732e-1 9.94850456714630127e-1 2.78154999477919773e-7 2.06629437116134795e-7 2 2
7.29167461395263672e-3 9.89215525421797470e-1 9.89199459552764893e-1 9.89205539226531982e-1 2.98023223876953125e-8 6.95387498694799433e-8 2 2
6.25000009313225746e-3 9.93659279650884630e-1 9.93644773960113525e-1 9.93650257587432861e-1 2.38418579101562500e-7 1.27156582152565534e-7 2 2
5.20832557231187820e-3 1.00730038302668778e0 1.00728690624237061e0 1.00729191303253174e0 2.86102306290558772e-7 1.19209289550781250e-7 2 2
4.16667480021715164e-3 1.02915930440540260e0 1.02914571762084961e0 1.02915108203887939e0 3.53654229456878966e-7 7.54992157681044773e-8 2 2
3.12500004656612873e-3 1.05827371720651775e0 1.05826127529144287e0 1.05826616287231445e0 1.78813934326171875e-7 9.13937867608183296e-8 2 2
2.08332552574574947e-3 1.09374322278382152e0 1.09373080730438232e0 1.09373664855957031e0 3.97364289028701023e-7 1.90734866123420943e-7 2 2
1.04167463723570108e-3 1.13474443327110763e0 1.13473248481750488e0 1.13473868370056152e0 4.56968933804091648e-7 3.57627882863198465e-8 2 2
0.00000000000000000e0 1.18053795749043311e0 1.18052673339843750e0 1.18053269386291504e0 2.50339496687956853e-7 1.98682155172491548e-8 2 2
-1.04167463723570108e-3 1.23046712325719110e0 1.23045682907104492e0 1.23046243190765381e0 2.46365857492492069e-7 1.39077499738959887e-7 2 2
-2.08332552574574947e-3 1.28395149399333652e0 1.28394186496734619e0 1.28394699096679688e0 3.73522453855912318e-7 3.37759644253310398e-7 2 2
-3.12500004656612873e-3 1.34048312804790615e0 1.34047353267669678e0 1.34047865867614746e0 9.93410722571752558e-8 5.16573592790336988e-8 2 2
-4.16667480021715164e-3 1.39961987909155927e0 1.39960992336273193e0 1.39961624145507812e0 3.65575147043273319e-7 1.62919363333458023e-7 2 2
-5.20832557231187820e-3 1.46097643439274050e0 1.46096742153167725e0 1.46097326278686523e0 2.90075945486023556e-7 2.90075945486023556e-7 2 2
-6.25000009313225746e-3 1.52421982175084869e0 1.52421164512634277e0 1.52421700954437256e0 3.65575147043273319e-7 1.43051153145279386e-7 2 2
-7.29167461395263672e-3 1.58906309182343652e0 1.58905565738677979e0 1.58906173706054688e0 5.00678993375913706e-7 1.43051153145279386e-7 2 2
-8.33332538604736328e-3 1.65525751521690800e0 1.65525019168853760e0 1.65525734424591064e0 2.10603076311599580e-7 6.35782910762827669e-8 2 2
-9.37500037252902985e-3 1.72258954834147882e0 1.72258257865905762e0 1.72258985042572021e0 4.13258874232269591e-7 8.74201475653535454e-8 2 2
-1.04166744276881218e-2 1.79087606538054267e0 1.79086947441101074e0 1.79087615013122559e0 5.24520885392121272e-7 2.78155010136060810e-8 2 2
-1.14583251997828484e-2 1.85995831318870342e0 1.85995292663574219e0 1.85995852947235107e0 4.47034835815429688e-8 2.70207721086990205e-7 2 2
-1.25000001862645149e-2 1.92970048582419662e0 1.92969429492950439e0 1.92970013618469238e0 8.44399110633275995e-8 1.86761226927956159e-7 2 2
-1.35416751727461815e-2 1.99998647388821671e0 1.99997866153717041e0 1.99998617172241211e0 4.21206152623199159e-7 1.74840295130707091e-7 2 2
-1.45833259448409081e-2 2.07071512741679520e0 2.07070684432983398e0 2.07071423530578613e0 3.17891448275986477e-7 1.15235643249889108e-7 2 2
-1.56250000000000000e-2 2.14180002990147811e0 2.14179110527038574e0 2.14179921150207520e0 6.95387498694799433e-8 1.19209289550781250e-7 2 2
-1.66666749864816666e-2 2.21316748237634364e0 2.21315932273864746e0 2.21316695213317871e0 9.93410722571752558e-8 1.82787573521636659e-7 2 2
-1.77083257585763931e-2 2.28475275427944879e0 2.28474545478820801e0 2.28475189208984375e0 3.17891448275986477e-7 2.30471286499778216e-7 2 2
-1.87500007450580597e-2 2.35650065978083623e0 2.35649442672729492e0 2.35649919509887695e0 1.19209289550781250e-7 1.62919363333458023e-7 2 2
-1.97916757315397263e-2 2.42836416586232140e0 2.42835855484008789e0 2.42836236953735352e0 4.56968933804091648e-7 1.58945724137993238e-7 2 2
-2.08333265036344528e-2 2.50030133918363306e0 2.50029516220092773e0 2.50029993057250977e0 7.15255765726396930e-8 2.98023223876953125e-8 2 2
-2.18749996274709702e-2 2.57227644840128722e0 2.57227063179016113e0 2.57227540016174316e0 1.27156582152565534e-7 8.34465012644614035e-8 2 2
-2.29166746139526367e-2 2.64425922443997541e0 2.64425301551818848e0 2.64425873756408691e0 4.05311595841340022e-7 1.47024792340744170e-7 2 2
-2.39583253860473633e-2 2.71622218020237938e0 2.71621632575988770e0 2.71622133255004883e0 1.22189518947379838e-7 3.57627882863198465e-8 2 2
-2.50000003725290298e-2 2.78814201249642757e0 2.78813624382019043e0 2.78814101219177246e0 9.93410722571752558e-8 1.23182928746246034e-7 2 2
-2.60416753590106964e-2 2.85999896968135392e0 2.85999178886413574e0 2.85999751091003418e0 3.17891448275986477e-7 1.58945724137993238e-7 3 2
-2.70833261311054230e-2 2.93177451842267534e0 2.93176698684692383e0 2.93177294731140137e0 5.56309998955839546e-7 1.82787573521636659e-7 2 2
-2.81250011175870895e-2 3.00345307492007052e0 3.00344562530517578e0 3.00345087051391602e0 1.98682144514350512e-7 1.98682144514350512e-7 2 2
-2.91666742414236069e-2 3.07502150029863364e0 3.07501506805419922e0 3.07501935958862305e0 6.65585204728813551e-8 2.02655797920670011e-7 2 2
-3.02083250135183334e-2 3.14646707279130222e0 3.14646100997924805e0 3.14646458625793457e0 4.17232506322307017e-8 4.07298408333645057e-8 2 2
-3.12500000000000000e-2 3.21777927588562918e0 3.21777439117431641e0 3.21777701377868652e0 4.37100737826767727e-8 4.96705361285876279e-8 2 2
-3.22916768491268158e-2 3.28894944893519536e0 3.28894519805908203e0 3.28894829750061035e0 2.82128638673384557e-7 4.07298408333645057e-8 2 2
-3.33333276212215424e-2 3.35996852916603084e0 3.35996317863464355e0 3.35996818542480469e0 1.82787573521636659e-7 2.98023223876953125e-7 2 2
-3.43750007450580597e-2 3.43082895565823964e0 3.43082213401794434e0 3.43082928657531738e0 1.94708505318885727e-7 1.98682144514350512e-7 2 2
-3.54166738688945770e-2 3.50152462343150628e0 3.50151705741882324e0 3.50152516365051270e0 3.41733283448775182e-7 7.54992157681044773e-8 2 2
-3.64583246409893036e-2 3.57204902039892369e0 3.57203722000122070e0 3.57204961776733398e0 2.58286803500595852e-7 1.35103860543495102e-7 2 2
-3.75000014901161194e-2 3.64239707830355686e0 3.64239573478698730e0 3.64239811897277832e0 1.36788003146648407e-7 5.16573592790336988e-8 3 2
-3.85416746139526367e-2 3.71256458882302365e0 3.71256637573242188e0 3.71256518363952637e0 3.81469732246841886e-7 9.93410722571752558e-8 2 2
-3.95833253860473633e-2 3.78254646489806268e0 3.78254485130310059e0 3.78254628181457520e0 1.66893002528922807e-7 1.19209289550781250e-7 2 2
-4.06250022351741791e-2 3.85233889616555958e0 3.85233402252197266e0 3.85233831405639648e0 3.77496093051377102e-7 1.98682144514350512e-7 2 2
-4.16666753590106964e-2 3.92193887277759279e0 3.92193174362182617e0 3.92193818092346191e0 3.61601507847808534e-7 4.76837165308552358e-8 2 2
-4.27083261311054230e-2 3.99134242519969629e0 3.99133491516113281e0 3.99134206771850586e0 3.09944141463347478e-7 4.37100737826767727e-8 2 2
-4.37499992549419403e-2 4.06054659266793383e0 4.06053829193115234e0 4.06054639816284180e0 1.54972070731673739e-7 1.11262004054424324e-7 2 2
-4.47916761040687561e-2 4.12954941187947711e0 4.12954139709472656e0 4.12954950332641602e0 9.83476624583090597e-8 5.96046447753906250e-8 2 2
-4.58333268761634827e-2 4.19834777854119334e0 4.19833898544311523e0 4.19834709167480469e0 2.34444939906097716e-7 1.35103860543495102e-7 2 2
-4.68750000000000000e-2 4.26693932266281362e0 4.26693296432495117e0 4.26693868637084961e0 2.66234081891525420e-7 9.93410722571752558e-8 2 2
-4.79166768491268158e-2 4.33532257204272753e0 4.33531570434570312e0 4.33532190322875977e0 5.32468163783050841e-7 2.10603076311599580e-7 2 2
-4.89583276212215424e-2 4.40349491880603683e0 4.40348911285400391e0 4.40349531173706055e0 1.98682144514350512e-7 1.19209289550781250e-7 2 2
-5.00000007450580597e-2 4.47145447874874158e0 4.47145414352416992e0 4.47145462036132812e0 1.58945724137993238e-7 1.35103860543495102e-7 4 2
-5.10416738688945770e-2 4.53920008171879985e0 4.53920745849609375e0 4.53919982910156250e0 1.98682144514350512e-7 7.94728620689966192e-8 3 2
-5.20833246409893036e-2 4.60672955945795959e0 4.60673332214355469e0 4.60672903060913086e0 9.93410722571752558e-8 1.78813934326171875e-7 2 2
-5.31250014901161194e-2 4.67404166653208097e0 4.67404079437255859e0 4.67404174804687500e0 1.62919363333458023e-7 3.97364310344983096e-8 2 2
-5.41666746139526367e-2 4.74113557291400056e0 4.74113082885742188e0 4.74113559722900391e0 5.68230973385652760e-7 2.46365857492492069e-7 2 2
-5.52083253860473633e-2 4.80800922349049209e0 4.80800199508666992e0 4.80800914764404297e0 3.05970502267882694e-7 3.29812365862380830e-7 2 2
-5.62500022351741791e-2 4.87466150251821340e0 4.87465381622314453e0 4.87466192245483398e0 1.90734866123420943e-7 2.38418579101562500e-7 2 2
-5.72916753590106964e-2 4.94109179299089352e0 4.94108724594116211e0 4.94109153747558594e0 4.13258874232269591e-7 1.66893002528922807e-7 2 2
-5.83333261311054230e-2 5.00729828982865133e0 5.00729513168334961e0 5.00729799270629883e0 9.93410722571752558e-8 6.35782910762827669e-8 2 2
-5.93749992549419403e-2 5.07327996962000061e0 5.07328414916992188e0 5.07327938079833984e0 3.01996863072417909e-7 8.34465012644614035e-8 3 2
-6.04166761040687561e-2 5.13903659455985462e0 5.13905143737792969e0 5.13903665542602539e0 2.78154999477919773e-7 7.15255765726396930e-8 2 2
-6.14583268761634827e-2 5.20456663766695637e0 5.20457696914672852e0 5.20456647872924805e0 3.01996863072417909e-7 2.02655797920670011e-7 2 2
-6.25000000000000000e-2 5.26986915486427066e0 5.26987171173095703e0 5.26986885070800781e0 3.85443371442306670e-7 5.96046447753906250e-8 2 2
-6.35416731238365173e-2 5.33494381425775543e0 5.33493947982788086e0 5.33494281768798828e0 8.54333208621937956e-8 1.78813934326171875e-7 2 2
-6.45833238959312439e-2 5.39978923198083915e0 5.39978265762329102e0 5.39978742599487305e0 3.65575147043273319e-7 1.11262004054424324e-7 2 2
-6.56250044703483582e-2 5.46440502124102334e0 5.46439838409423828e0 5.46440219879150391e0 2.38418579101562500e-7 1.98682144514350512e-7 2 2
